MatchId,market_normalised,Player,Option,legs,first_price,last_price,fixture,kickoff,turnover_within,currencies,currency,distinct_uids,turnover_is_mixed_currency,implied_prob_move,direction,is_sharp_move
37183511,Team shots on target,Remates a puerta equipo,England 7 or more,9,4.29,1.64,England - Costa Rica,2026-06-10 21:03:46,82.49,1,EUR,9,False,1.6158536585365855,steamer,True
33890210,Saves (Star Substitute),Paradas Yazeed Abu Laila (Suplente Estrella),6 or more,5,7.0,3.03,Austria - Jordan,2026-06-17 04:02:52,141.5,1,EUR,5,False,1.3102310231023104,steamer,True
36966609,Team corners,Corners equipo,Austria 3 or more,7,3.22,1.4,Argentina - Austria,2026-06-22 17:00:58,375.05,1,EUR,3,False,1.3000000000000003,steamer,True
36024480,Match,Partido,Over 2.5 goals y Over 7.5 corners,15,6.6,2.92,South Korea - Czech Republic,2026-06-12 02:00:54,104.98,1,EUR,14,False,1.2602739726027394,steamer,True
33890238,Match,Partido,Over 2.5 goals y Over 7.5 corners,18,6.35,2.97,Mexico - South Africa,2026-06-11 19:05:51,,2,,17,True,1.1380471380471378,steamer,True
36966591,Team corners,Corners equipo,Saudi Arabia 3 or more,10,3.18,1.57,Spain - Saudi Arabia,2026-06-21 16:00:48,196.76,1,EUR,9,False,1.0254777070063694,steamer,True
37183511,Team shots on target,Remates a puerta equipo,England 5 or more,5,2.41,1.19,England - Costa Rica,2026-06-10 21:03:46,288.34,1,EUR,4,False,1.0252100840336136,steamer,True
33890211,Team goal kicks,Saques de puerta equipo,Algeria 9 or more,14,2.77,1.4,Argentina - Algeria,2026-06-17 01:02:37,,2,,8,True,0.9785714285714285,steamer,True
33890290,Team Shots,Remates equipo,Scotland 17 or more,6,3.42,1.77,Haiti - Scotland,2026-06-14 01:02:33,,2,,3,True,0.9322033898305087,steamer,True
36966638,Hat trick (three or more goals) (Star Substitute),Hat trick (tres o más goles) (Suplente Estrella),Harry Kane,85,12.0,6.55,England - Ghana,2026-06-23 20:00:08,,2,,56,True,0.8320610687022902,steamer,True
36024520,Shots on target outside the box (Star Substitute),Remates a puerta desde fuera del área Cristiano Ronaldo (Suplente Estrella),2 or more,17,13.0,7.2,Portugal - Democratic Republic of the Congo,2026-06-17 17:01:15,158.38,1,EUR,9,False,0.8055555555555556,steamer,True
33890416,Saves (Star Substitute),Paradas Edouard Mendy (Suplente Estrella),4 or more,9,2.34,1.31,France - Senegal,2026-06-16 19:02:47,,2,,9,True,0.7862595419847326,steamer,True
36966638,Home-side combo (bet builder),Inglaterra,"England win, Over 8.5 corners y Harry Kane to score a Hat trick (three or more goals)",6,21.0,12.0,England - Ghana,2026-06-23 20:00:08,51.7,1,EUR,6,False,0.75,steamer,True
33890299,Match,Partido,Both teams to score y Over 11.5 corners,5,6.65,3.85,Belgium - Egypt,2026-06-15 19:00:29,50.84,1,EUR,2,False,0.7272727272727272,steamer,True
33890416,Saves (Star Substitute),Paradas Edouard Mendy (Suplente Estrella),5 or more,18,3.03,1.8,France - Senegal,2026-06-16 19:02:47,272.04,1,EUR,11,False,0.6833333333333335,steamer,True
33890444,Team Shots,Remates equipo,Croatia 10 or more,5,2.81,1.67,England - Croatia,2026-06-17 20:00:04,,2,,3,True,0.6826347305389222,steamer,True
33890419,Fouls Won (Star Substitute),Faltas recibidas Antoine Semenyo(Suplente Estrella),2 or more,14,3.18,1.91,Ghana - Panama,2026-06-17 23:00:50,362.51,1,EUR,14,False,0.6649214659685865,steamer,True
36024480,Team Shots,Remates equipo,South Korea 12 or more,7,3.17,1.91,South Korea - Czech Republic,2026-06-12 02:00:54,,2,,5,True,0.6596858638743457,steamer,True
36966612,Shots on target outside the box (Star Substitute),Remates a puerta desde fuera del área Michael Olise (Suplente Estrella),2 or more,8,4.99,3.02,France - Iraq,2026-06-22 21:00:42,,2,,8,True,0.6523178807947023,steamer,True
36966590,Match shots on target,Remates a puerta durante el partido,10 or more,7,3.5,2.13,Uruguay - Cape Verde,2026-06-21 22:00:33,,2,,7,True,0.6431924882629109,steamer,True
36024520,Team Shots,Remates equipo,Portugal 17 or more,12,2.56,1.56,Portugal - Democratic Republic of the Congo,2026-06-17 17:01:15,,2,,7,True,0.6410256410256409,steamer,True
36024518,Team shots on target,Remates a puerta equipo,Norway 8 or more,19,3.38,2.08,Iraq - Norway,2026-06-16 22:00:57,,2,,7,True,0.6249999999999998,steamer,True
37237611,Match,Partido,Both teams to score y A goal in both halves,11,2.91,1.8,Almeria - Castellón,2026-06-09 19:02:30,9.42,1,EUR,2,False,0.6166666666666667,steamer,True
36971426,Shots on target (Star Substitute),Remates a puerta Arda Güler (Suplente Estrella),3 or more,8,11.05,6.85,Turkey - Paraguay,2026-06-20 03:00:03,208.32999999999998,1,EUR,7,False,0.6131386861313871,steamer,True
36966611,Team shots on target,Remates a puerta equipo,Norway 5 or more,7,2.62,1.63,Norway - Senegal,2026-06-23 00:00:05,557.58,1,EUR,6,False,0.6073619631901842,steamer,True
36966593,Team shots on target,Remates a puerta equipo,Belgium 7 or more,6,3.18,2.0,Belgium - Iran,2026-06-21 19:00:03,,2,,5,True,0.5900000000000001,steamer,True
36024520,Saves (Star Substitute),Paradas Lionel Nzau Mpasi (Suplente Estrella),5 or more,11,3.41,2.15,Portugal - Democratic Republic of the Congo,2026-06-17 17:01:15,181.07999999999998,1,EUR,11,False,0.5860465116279071,steamer,True
33890444,Team shots on target,Remates a puerta equipo,Croatia 4 or more,15,2.92,1.85,England - Croatia,2026-06-17 20:00:04,103.8,1,EUR,13,False,0.5783783783783782,steamer,True
36024480,Match,Partido,Both teams to score y A goal in both halves,6,3.89,2.48,South Korea - Czech Republic,2026-06-12 02:00:54,,2,,5,True,0.5685483870967744,steamer,True
33890444,Match fouls,Faltas durante el partido,24 or more,5,2.21,1.41,England - Croatia,2026-06-17 20:00:04,,2,,3,True,0.5673758865248227,steamer,True
33890259,Team corners,Corners equipo,Switzerland 10 or more,6,5.25,3.4,Qatar - Switzerland,2026-06-13 19:04:43,,2,,5,True,0.5441176470588237,steamer,True
36966472,Team completed passes,Pases completados equipo,500 or more,5,3.11,2.02,Canada - Qatar,2026-06-18 22:00:44,,2,,5,True,0.5396039603960395,steamer,True
33890304,Match fouls,Faltas durante el partido,25 or more,18,2.7,1.76,Netherlands - Japan,2026-06-14 20:00:08,528.73,1,EUR,5,False,0.5340909090909093,steamer,True
36966550,Team corners,Corners equipo,Curaçao 3 or more,36,3.53,2.31,Ecuador - Curaçao,2026-06-21 00:00:04,,2,,31,True,0.5281385281385281,steamer,True
36966612,Match shots on target,Remates a puerta durante el partido,12 or more,10,2.97,1.95,France - Iraq,2026-06-22 21:00:42,,2,,7,True,0.5230769230769234,steamer,True
36024518,Team corners,Corners equipo,Norway 11 or more,6,6.55,4.33,Iraq - Norway,2026-06-16 22:00:57,,2,,3,True,0.5127020785219398,steamer,True
33890299,Team corners,Corners equipo,Belgium 8 or more,11,3.03,2.01,Belgium - Egypt,2026-06-15 19:00:29,,2,,10,True,0.5074626865671644,steamer,True
36966593,Match shots on target,Remates a puerta durante el partido,10 or more,5,2.95,1.96,Belgium - Iran,2026-06-21 19:00:03,,2,,4,True,0.5051020408163266,steamer,True
33890416,Match,Partido,Draw y Both teams to score in both halves,6,61.0,41.0,France - Senegal,2026-06-16 19:02:47,,2,,4,True,0.4878048780487805,steamer,True
36966640,Match,Partido,Over 2.5 goals y Cristiano Ronaldo 2 or more shots on target,6,2.75,1.87,Portugal - Uzbekistan,2026-06-23 17:00:06,,2,,5,True,0.47058823529411736,steamer,True
33890299,Match corners,Corners durante el partido,11 or more,9,2.72,1.85,Belgium - Egypt,2026-06-15 19:00:29,,2,,9,True,0.4702702702702702,steamer,True
36966549,Match throw-ins,Saques de banda durante el partido,37 or more,11,2.66,1.81,Netherlands - Sweden,2026-06-20 17:00:05,,2,,7,True,0.4696132596685085,steamer,True
36024492,Match throw-ins,Saques de banda durante el partido,43 or more,21,2.66,1.81,Australia - Turkey,2026-06-14 04:00:30,,2,,8,True,0.4696132596685085,steamer,True
33890299,Match,Partido,Over 2.5 goals y Over 9.5 corners,8,3.83,2.61,Belgium - Egypt,2026-06-15 19:00:29,1.71,1,EUR,2,False,0.4674329501915711,steamer,True
33890291,Match throw-ins,Saques de banda durante el partido,36 or more,6,2.49,1.71,Brazil - Morocco,2026-06-13 22:04:18,,2,,4,True,0.4561403508771931,steamer,True
36024518,Team shots on target,Remates a puerta equipo,Norway 7 or more,10,2.37,1.63,Iraq - Norway,2026-06-16 22:00:57,390.08,1,EUR,9,False,0.4539877300613499,steamer,True
33890299,Home-side combo (bet builder),Bélgica,"Belgium win, Over 2.5 goals y Over 8.5 corners",15,4.27,2.94,Belgium - Egypt,2026-06-15 19:00:29,129.85999999999999,1,EUR,12,False,0.4523809523809523,steamer,True
33890220,Fouls Won (Star Substitute),Faltas recibidas Luis Diaz(Suplente Estrella),3 or more,5,3.03,2.09,Uzbekistan - Colombia,2026-06-18 02:00:00,100.5,1,EUR,4,False,0.4497607655502394,steamer,True
36966638,To score 2 or more goals (Star Substitute),Marcar 2 goles o más (Suplente Estrella),Harry Kane,303,3.98,2.75,England - Ghana,2026-06-23 20:00:08,,2,,210,True,0.44727272727272743,steamer,True
36966472,Team corners,Corners equipo,Qatar 3 or more,41,2.33,1.61,Canada - Qatar,2026-06-18 22:00:44,,2,,29,True,0.4472049689440992,steamer,True
36966590,Saves (Star Substitute),Paradas Vozinha (Suplente Estrella),5 or more,22,3.23,2.24,Uruguay - Cape Verde,2026-06-21 22:00:33,,2,,21,True,0.44196428571428553,steamer,True
36971426,Team corners,Corners equipo,Paraguay 5 or more,10,3.2,2.22,Turkey - Paraguay,2026-06-20 03:00:03,,2,,9,True,0.44144144144144126,steamer,True
33890299,Match,Partido,Both teams to score in first half y Over 10.5 corners,6,12.64,8.79,Belgium - Egypt,2026-06-15 19:00:29,2.96,1,EUR,2,False,0.43799772468714476,steamer,True
36966612,Team shots on target,Remates a puerta equipo,France 9 or more,13,2.24,1.56,France - Iraq,2026-06-22 21:00:42,,2,,11,True,0.43589743589743585,steamer,True
36966549,Team corners,Corners equipo,Sweden 4 or more,37,2.44,1.7,Netherlands - Sweden,2026-06-20 17:00:05,,2,,30,True,0.43529411764705883,steamer,True
33890211,Team shots on target,Remates a puerta equipo,Argentina 7 or more,5,2.35,1.64,Argentina - Algeria,2026-06-17 01:02:37,,2,,5,True,0.4329268292682926,steamer,True
33890299,Home-side combo (bet builder),Bélgica,"Belgium win, Over 8.5 corners y Doku 2 or more shots on target",6,7.72,5.41,Belgium - Egypt,2026-06-15 19:00:29,12.03,1,EUR,5,False,0.4269870609981515,steamer,True
36966592,Team corners,Corners equipo,Egypt 5 or more,7,1.71,1.2,New Zealand - Egypt,2026-06-22 01:00:05,,2,,7,True,0.42500000000000016,steamer,True
36966593,Team shots on target,Remates a puerta equipo,Belgium 6 or more,12,2.18,1.53,Belgium - Iran,2026-06-21 19:00:03,,2,,9,True,0.42483660130718964,steamer,True
33890309,Team Shots,Remates equipo,Usa 15 or more,5,3.02,2.12,Usa - Paraguay,2026-06-13 01:02:10,,2,,5,True,0.4245283018867922,steamer,True
36966473,Team shots on target,Remates a puerta equipo,Bosnia And Herzegovina 3 or more,6,2.04,1.44,Switzerland - Bosnia And Herzegovina,2026-06-18 19:00:01,216.17,1,EUR,4,False,0.4166666666666667,steamer,True
36966591,Home-side combo (bet builder),España,"Dani Olmo to score, Álex Baena to be booked y Musab Fahz Al Al Juwayr to be booked",6,61.0,43.24,Spain - Saudi Arabia,2026-06-21 16:00:48,8.44,1,EUR,6,False,0.4107308048103607,steamer,True
33890299,Team corners,Corners equipo,Belgium 7 or more,9,2.27,1.61,Belgium - Egypt,2026-06-15 19:00:29,,2,,9,True,0.4099378881987577,steamer,True
36966466,Team shots on target,Remates a puerta equipo,South Korea 5 or more,6,4.27,3.03,Mexico - South Korea,2026-06-19 01:00:38,,2,,5,True,0.40924092409240914,steamer,True
33890299,Team corners,Corners equipo,Egypt 6 or more,5,6.2,4.4,Belgium - Egypt,2026-06-15 19:00:29,23.85,1,EUR,4,False,0.40909090909090906,steamer,True
33890299,Home-side combo (bet builder),Bélgica,"Belgium win, Over 8.5 corners y Doku to score",7,7.5,5.35,Belgium - Egypt,2026-06-15 19:00:29,15.469999999999999,1,EUR,5,False,0.40186915887850483,steamer,True
33890210,Team corners,Corners equipo,Jordan 4 or more,17,2.67,1.91,Austria - Jordan,2026-06-17 04:02:52,,2,,16,True,0.3979057591623036,steamer,True
33890299,Match corners,Corners durante el partido,12 or more,7,3.1,2.22,Belgium - Egypt,2026-06-15 19:00:29,,2,,7,True,0.3963963963963963,steamer,True
36966593,Match shots on target,Remates a puerta durante el partido,9 or more,10,2.22,1.59,Belgium - Iran,2026-06-21 19:00:03,,2,,6,True,0.3962264150943397,steamer,True
36966609,Match tackles,Entradas ganadas (tackles) durante el partido,32 or more,5,2.38,1.71,Argentina - Austria,2026-06-22 17:00:58,1430.0,1,PEN,4,False,0.39181286549707595,steamer,True
33890306,Team shots on target,Remates a puerta equipo,Germany 8 or more,9,1.67,1.2,Germany - Curaçao,2026-06-14 17:01:45,,2,,9,True,0.3916666666666666,steamer,True
36966591,Team completed passes,Pases completados equipo,Spain 700 or more,9,1.67,1.2,Spain - Saudi Arabia,2026-06-21 16:00:48,768.47,1,EUR,9,False,0.3916666666666666,steamer,True
36966609,Match shots on target,Remates a puerta durante el partido,11 or more,9,3.57,2.57,Argentina - Austria,2026-06-22 17:00:58,36.7,1,EUR,7,False,0.38910505836575876,steamer,True
36966640,Team Shots,Remates equipo,Portugal 18 or more,13,2.33,1.68,Portugal - Uzbekistan,2026-06-23 17:00:06,,2,,8,True,0.38690476190476186,steamer,True
36024480,Match,Partido,Both teams to score y Patrik Schick to score,8,5.22,3.77,South Korea - Czech Republic,2026-06-12 02:00:54,14.19,1,EUR,3,False,0.3846153846153847,steamer,True
36966593,Shots on target (Star Substitute),Remates a puerta Lukaku (Suplente Estrella),2 or more,13,2.6,1.88,Belgium - Iran,2026-06-21 19:00:03,310.38,1,EUR,13,False,0.38297872340425543,steamer,True
36024518,Player most passes (voiding in case of tie),Jugador en dar más pases,Sander Berge,92,4.49,3.26,Iraq - Norway,2026-06-16 22:00:57,490.34000000000003,1,EUR,6,False,0.3773006134969326,steamer,True
33890304,Team goal kicks,Saques de puerta equipo,Japan 8 or more,7,2.76,2.01,Netherlands - Japan,2026-06-14 20:00:08,,2,,4,True,0.3731343283582089,steamer,True
36966638,Home-side combo (bet builder),Inglaterra,"England win, Over 10.5 corners y Harry Kane to score 2 or more goals",6,12.0,8.75,England - Ghana,2026-06-23 20:00:08,85.82,1,EUR,6,False,0.37142857142857144,steamer,True
33890299,1st half: Team corners,1º tiempo: Corners equipo,Belgium 4 or more,5,2.55,1.86,Belgium - Egypt,2026-06-15 19:00:29,197.31,1,EUR,4,False,0.3709677419354836,steamer,True
36024491,Team shots on target,Remates a puerta equipo,Bosnia And Herzegovina 3 or more,7,1.82,1.33,Canada - Bosnia And Herzegovina,2026-06-12 19:02:13,122.53999999999999,1,EUR,7,False,0.36842105263157904,steamer,True
36966640,Shots on target (Star Substitute),Remates a puerta Cristiano Ronaldo (Suplente Estrella),2 or more,11,1.97,1.44,Portugal - Uzbekistan,2026-06-23 17:00:06,295.0,1,EUR,11,False,0.3680555555555556,steamer,True
36966638,Home-side combo (bet builder),Inglaterra,"England win, Over 8.5 corners y Harry Kane to score 2 or more goals",22,7.25,5.3,England - Ghana,2026-06-23 20:00:08,86.65,1,EUR,16,False,0.36792452830188693,steamer,True
36024492,Match fouls,Faltas durante el partido,25 or more,12,2.2,1.61,Australia - Turkey,2026-06-14 04:00:30,23.0,1,EUR,2,False,0.36645962732919246,steamer,True
36966473,Player most passes (voiding in case of tie),Jugador en dar más pases,Akanji,35,4.59,3.36,Switzerland - Bosnia And Herzegovina,2026-06-18 19:00:01,333.27,1,EUR,4,False,0.3660714285714285,steamer,True
36966640,Team corners,Corners equipo,Portugal 7 or more,9,1.91,1.4,Portugal - Uzbekistan,2026-06-23 17:00:06,,2,,9,True,0.3642857142857143,steamer,True
33890210,Team corners,Corners equipo,Jordan 5 or more,6,4.4,3.23,Austria - Jordan,2026-06-17 04:02:52,,2,,6,True,0.3622291021671828,steamer,True
36966553,Fouls (Star Substitute),Faltas Franck Kessie (Suplente Estrella),2 or more,5,2.26,1.67,Germany - Ivory Coast,2026-06-20 20:00:00,76.95,1,EUR,4,False,0.35329341317365276,steamer,True
36024520,Player most passes (voiding in case of tie),Jugador en dar más pases,Vitinha,119,4.54,3.36,Portugal - Democratic Republic of the Congo,2026-06-17 17:01:15,559.37,1,EUR,7,False,0.3511904761904762,steamer,True
33890305,Match fouls,Faltas durante el partido,28 or more,9,2.31,1.71,Ivory Coast - Ecuador,2026-06-14 23:03:23,,2,,9,True,0.35087719298245607,steamer,True
36966638,Player to score in both halves (Star Substitute),Jugador en meter gol en el 1º y 2º tiempo (Suplente Estrella),Harry Kane,7,5.4,4.0,England - Ghana,2026-06-23 20:00:08,95.97,1,EUR,7,False,0.3500000000000001,steamer,True
36966609,Team corners,Corners equipo,Austria 5 or more,5,4.33,3.21,Argentina - Austria,2026-06-22 17:00:58,9.2,1,EUR,5,False,0.34890965732087226,steamer,True
36966469,Shots (Star Substitute),Remates Mbekezeli Mbokazi (Suplente Estrella),1 or more,6,2.21,1.64,Czech Republic - South Africa,2026-06-18 16:00:09,89.83,1,EUR,5,False,0.3475609756097561,steamer,True
36024518,Team corners,Corners equipo,Norway 8 or more,12,2.57,1.91,Iraq - Norway,2026-06-16 22:00:57,,2,,9,True,0.34554973821989526,steamer,True
36971426,Shots on target (Star Substitute),Remates a puerta Arda Güler (Suplente Estrella),2 or more,58,3.77,2.81,Turkey - Paraguay,2026-06-20 03:00:03,,2,,17,True,0.34163701067615654,steamer,True
36966466,Match shots on target,Remates a puerta durante el partido,10 or more,5,3.15,2.35,Mexico - South Korea,2026-06-19 01:00:38,42.44,1,EUR,5,False,0.3404255319148937,steamer,True
36966528,Team shots on target,Remates a puerta equipo,Tunisia 3 or more,5,2.05,1.53,Tunisia - Japan,2026-06-21 04:00:01,317.44,1,EUR,5,False,0.33986928104575154,steamer,True
36024518,Match fouls,Faltas durante el partido,23 or more,11,2.41,1.8,Iraq - Norway,2026-06-16 22:00:57,,2,,5,True,0.3388888888888891,steamer,True
33890220,Player most passes (voiding in case of tie),Jugador en dar más pases,Davinson Sánchez,37,5.15,3.86,Uzbekistan - Colombia,2026-06-18 02:00:00,178.72,1,EUR,5,False,0.33419689119171003,steamer,True
33890238,Saves (Star Substitute),Paradas Ronwen Hayden Williams (Suplente Estrella),5 or more,18,3.28,2.46,Mexico - South Africa,2026-06-11 19:05:51,251.0,1,EUR,17,False,0.3333333333333333,steamer,True
36966550,1-X-2 / 2 goals Up,1-X-2 / Ventaja 2 goles,2,12,20.0,15.0,Ecuador - Curaçao,2026-06-21 00:00:04,203.85,1,EUR,10,False,0.33333333333333326,steamer,True
33890290,1st half: Team corners,1º tiempo: Corners equipo,Scotland 6 or more,5,13.0,9.75,Haiti - Scotland,2026-06-14 01:02:33,,2,,5,True,0.3333333333333332,steamer,True
33890306,1st half: Team corners,1º tiempo: Corners equipo,Germany 7 or more,8,4.69,3.52,Germany - Curaçao,2026-06-14 17:01:45,85.14,1,EUR,8,False,0.3323863636363638,steamer,True
33890220,Player most passes (voiding in case of tie),Jugador en dar más pases,Jhon Lucumi,40,5.65,4.25,Uzbekistan - Colombia,2026-06-18 02:00:00,166.73000000000002,1,EUR,5,False,0.32941176470588235,steamer,True
36966469,Shots on target outside the box (Star Substitute),Remates a puerta desde fuera del área Mbekezeli Mbokazi (Suplente Estrella),1 or more,5,11.1,8.35,Czech Republic - South Africa,2026-06-18 16:00:09,67.0,1,EUR,5,False,0.32934131736526934,steamer,True
36971426,Team corners,Corners equipo,Paraguay 4 or more,14,2.14,1.61,Turkey - Paraguay,2026-06-20 03:00:03,,2,,13,True,0.32919254658385083,steamer,True
36966485,Team corners,Corners equipo,Haiti 3 or more,32,3.08,2.32,Brazil - Haiti,2026-06-20 00:32:31,,2,,28,True,0.3275862068965518,steamer,True
33890416,Shots on target outside the box (Star Substitute),Remates a puerta desde fuera del área Michael Olise (Suplente Estrella),2 or more,7,6.15,4.64,France - Senegal,2026-06-16 19:02:47,93.5,1,EUR,7,False,0.32543103448275873,steamer,True
36966591,Player to score in 1st half,Jugador en meter gol en el 1º tiempo,Lamine Yamal,8,4.2,3.18,Spain - Saudi Arabia,2026-06-21 16:00:48,,2,,8,True,0.3207547169811321,steamer,True
36966640,Home-side combo (bet builder),Portugal,Portugal to win both halves y Over 3.5 goals,6,3.92,2.97,Portugal - Uzbekistan,2026-06-23 17:00:06,23.43,1,EUR,6,False,0.3198653198653197,steamer,True
36966640,Team corners,Corners equipo,Portugal 6 or more,21,1.58,1.2,Portugal - Uzbekistan,2026-06-23 17:00:06,,2,,18,True,0.3166666666666669,steamer,True
36966609,Match shots,Remates durante el partido,24 or more,13,2.25,1.71,Argentina - Austria,2026-06-22 17:00:58,381.12,1,EUR,4,False,0.3157894736842105,steamer,True
36024492,Match throw-ins,Saques de banda durante el partido,42 or more,10,2.38,1.81,Australia - Turkey,2026-06-14 04:00:30,,2,,4,True,0.3149171270718233,steamer,True
33890290,Team corners,Corners equipo,Scotland 7 or more,9,2.62,2.0,Haiti - Scotland,2026-06-14 01:02:33,60.74,1,EUR,7,False,0.3100000000000001,steamer,True
36024518,Match corners,Corners durante el partido,14 or more,15,5.6,4.28,Iraq - Norway,2026-06-16 22:00:57,,2,,12,True,0.308411214953271,steamer,True
36966592,Team corners,Corners equipo,New Zealand 3 or more,6,1.57,1.2,New Zealand - Egypt,2026-06-22 01:00:05,,2,,6,True,0.30833333333333346,steamer,True
33890291,To score 2 or more goals (Star Substitute),Marcar 2 goles o más (Suplente Estrella),Raphinha,37,17.0,13.0,Brazil - Morocco,2026-06-13 22:04:18,,2,,30,True,0.30769230769230776,steamer,True
36024520,Saves (Star Substitute),Paradas Lionel Nzau Mpasi (Suplente Estrella),4 or more,7,2.0,1.53,Portugal - Democratic Republic of the Congo,2026-06-17 17:01:15,,2,,7,True,0.30718954248366015,steamer,True
37214947,To score or assist (Star Substitute),Marcar gol o asistir (Suplente Estrella),Oyarzabal,7,1.96,1.5,Spain - Peru,2026-06-09 02:00:00,,2,,2,True,0.3066666666666666,steamer,True
36966640,Team corners,Corners equipo,Portugal 9 or more,52,3.03,2.32,Portugal - Uzbekistan,2026-06-23 17:00:06,281.0,1,EUR,3,False,0.3060344827586208,steamer,True
36024520,Shots on target (Star Substitute),Remates a puerta Cristiano Ronaldo (Suplente Estrella),2 or more,82,2.14,1.64,Portugal - Democratic Republic of the Congo,2026-06-17 17:01:15,,3,,73,True,0.3048780487804878,steamer,True
33890298,Team goal kicks,Saques de puerta equipo,New Zealand 8 or more,5,1.97,1.51,Iran - New Zealand,2026-06-16 01:03:48,,2,,2,True,0.30463576158940414,steamer,True
36024518,Team shots on target,Remates a puerta equipo,Norway 6 or more,13,1.76,1.35,Iraq - Norway,2026-06-16 22:00:57,,3,,13,True,0.30370370370370353,steamer,True
33890313,Player to score in fisrt ten minutes (from 0:00 to 9:59),Jugador en meter gol en los 10 primeros minutos (del 0:00 al 9:59),Gavi,6,26.0,20.0,Spain - Cape Verde,2026-06-15 16:01:07,19.65,1,EUR,6,False,0.3,steamer,True
36966592,Team corners,Corners equipo,New Zealand 5 or more,11,3.43,2.64,New Zealand - Egypt,2026-06-22 01:00:05,,2,,7,True,0.2992424242424244,steamer,True
36966609,Team tackles,Entradas ganadas (tackles) equipo,Austria 17 or more,6,2.61,2.01,Argentina - Austria,2026-06-22 17:00:58,2161.0,1,PEN,3,False,0.2985074626865673,steamer,True
33890306,Team Shots,Remates equipo,Germany 28 or more,5,3.27,2.52,Germany - Curaçao,2026-06-14 17:01:45,,2,,4,True,0.2976190476190476,steamer,True
36966609,Team corners,Corners equipo,Austria 4 or more,26,2.62,2.02,Argentina - Austria,2026-06-22 17:00:58,,2,,20,True,0.2970297029702971,steamer,True
36966593,Team corners,Corners equipo,Iran 3 or more,7,1.76,1.36,Belgium - Iran,2026-06-21 19:00:03,102.74,1,EUR,7,False,0.2941176470588233,steamer,True
33890312,Shots (Star Substitute),Remates Valverde (Suplente Estrella),3 or more,11,2.51,1.94,Saudi Arabia - Uruguay,2026-06-15 22:03:57,626.0,1,EUR,4,False,0.29381443298969073,steamer,True
36024491,Team corners,Corners equipo,Canada 8 or more,6,3.88,3.0,Canada - Bosnia And Herzegovina,2026-06-12 19:02:13,330.1,1,EUR,6,False,0.2933333333333331,steamer,True
36966469,Shots outside the box,Mbekezeli Mbokazi,1 or more,7,3.18,2.46,Czech Republic - South Africa,2026-06-18 16:00:09,136.25,1,EUR,5,False,0.29268292682926833,steamer,True
36966612,Team corners,Corners equipo,Iraq 2 or more,21,1.95,1.51,France - Iraq,2026-06-22 21:00:42,,2,,18,True,0.2913907284768211,steamer,True
33890313,Shots (Star Substitute),Remates Gavi (Suplente Estrella),3 or more,12,2.62,2.03,Spain - Cape Verde,2026-06-15 16:01:07,1275.0,1,EUR,6,False,0.2906403940886702,steamer,True
36966591,Team shots on target,Remates a puerta equipo,Saudi Arabia 4 or more,5,5.05,3.92,Spain - Saudi Arabia,2026-06-21 16:00:48,,2,,5,True,0.28826530612244894,steamer,True
36966609,Home-side combo (bet builder),Argentina,Argentina to win 1st half y Argentina to win 2nd half,14,4.61,3.58,Argentina - Austria,2026-06-22 17:00:58,38.76,1,EUR,9,False,0.28770949720670397,steamer,True
36966553,Team corners,Corners equipo,Ivory Coast 4 or more,26,2.33,1.81,Germany - Ivory Coast,2026-06-20 20:00:00,328.7,1,EUR,16,False,0.28729281767955805,steamer,True
33890313,Team goal kicks,Saques de puerta equipo,Cape Verde 11 or more,9,2.33,1.81,Spain - Cape Verde,2026-06-15 16:01:07,,2,,7,True,0.28729281767955805,steamer,True
36966469,Team completed passes,Pases completados equipo,Czech Republic 400 or more,11,3.23,2.51,Czech Republic - South Africa,2026-06-18 16:00:09,,2,,8,True,0.2868525896414343,steamer,True
33890416,Match corners,Corners durante el partido,12 or more,17,3.5,2.72,France - Senegal,2026-06-16 19:02:47,,2,,13,True,0.2867647058823529,steamer,True
36971426,Team corners,Corners equipo,Paraguay 6 or more,5,4.14,3.22,Turkey - Paraguay,2026-06-20 03:00:03,,2,,5,True,0.28571428571428553,steamer,True
36024520,Fouls Won (Star Substitute),Faltas recibidas Cristiano Ronaldo(Suplente Estrella),2 or more,5,2.75,2.14,Portugal - Democratic Republic of the Congo,2026-06-17 17:01:15,,2,,5,True,0.2850467289719626,steamer,True
36966549,Team corners,Corners equipo,Sweden 5 or more,12,3.3,2.57,Netherlands - Sweden,2026-06-20 17:00:05,5.05,1,EUR,5,False,0.2840466926070039,steamer,True
36024492,Team corners,Corners equipo,Turkey 7 or more,11,2.72,2.12,Australia - Turkey,2026-06-14 04:00:30,,2,,9,True,0.2830188679245283,steamer,True
36966640,Match corners,Corners durante el partido,9 or more,23,1.68,1.31,Portugal - Uzbekistan,2026-06-23 17:00:06,,2,,20,True,0.28244274809160297,steamer,True
33890238,Home-side combo (bet builder),México,Mexico win y Both teams to score,7,4.62,3.61,Mexico - South Africa,2026-06-11 19:05:51,34.73,1,EUR,6,False,0.27977839335180066,steamer,True
36966485,Team corners,Corners equipo,Haiti 2 or more,16,1.79,1.4,Brazil - Haiti,2026-06-20 00:32:31,,2,,14,True,0.2785714285714287,steamer,True
33890259,Team corners,Corners equipo,Switzerland 8 or more,11,2.55,2.0,Qatar - Switzerland,2026-06-13 19:04:43,42.42,1,EUR,7,False,0.27499999999999986,steamer,True
36966590,Saves (Star Substitute),Paradas Vozinha (Suplente Estrella),4 or more,31,2.0,1.57,Uruguay - Cape Verde,2026-06-21 22:00:33,,2,,27,True,0.2738853503184713,steamer,True
36966640,Match corners,Corners durante el partido,11 or more,7,2.43,1.91,Portugal - Uzbekistan,2026-06-23 17:00:06,21.009999999999998,1,EUR,6,False,0.2722513089005237,steamer,True
33890299,Team corners,Corners equipo,Belgium 6 or more,21,1.66,1.31,Belgium - Egypt,2026-06-15 19:00:29,54.19,1,EUR,19,False,0.26717557251908375,steamer,True
36024492,Team corners,Corners equipo,Turkey 6 or more,23,2.04,1.61,Australia - Turkey,2026-06-14 04:00:30,110.45,1,EUR,18,False,0.26708074534161486,steamer,True
37275587,Team to miss a penalty,Equipo en fallar penalti durante el partido,Almeria,5,19.0,15.0,Malaga - Almeria,2026-06-14 19:02:16,23.0,1,EUR,2,False,0.2666666666666667,steamer,True
33890211,1-X-2 / 2 goals Up,1-X-2 / Ventaja 2 goles,2,15,7.85,6.2,Argentina - Algeria,2026-06-17 01:02:37,,2,,10,True,0.2661290322580645,steamer,True
36966469,Team corners,Corners equipo,Czech Republic 6 or more,5,2.29,1.81,Czech Republic - South Africa,2026-06-18 16:00:09,29.490000000000002,1,EUR,4,False,0.2651933701657459,steamer,True
33890299,Team goal kicks,Saques de puerta equipo,Egypt 9 or more,6,2.16,1.71,Belgium - Egypt,2026-06-15 19:00:29,,2,,5,True,0.2631578947368422,steamer,True
36966591,To be carded (only players and in play)(Star Substitute),Recibir tarjeta (sólo jugadores y en juego) (Suplente Estrella),Moteb Saad Salem Al-Harbi,10,4.38,3.47,Spain - Saudi Arabia,2026-06-21 16:00:48,210.74,1,EUR,10,False,0.26224783861671463,steamer,True
33890305,Tackles (Star Substitute),Entradas ganadas (tackles) Alan Minda (Suplente Estrella),2 or more,5,3.18,2.52,Ivory Coast - Ecuador,2026-06-14 23:03:23,185.0,1,EUR,1,False,0.2619047619047619,steamer,False
33890259,Team corners,Corners equipo,Switzerland 6 or more,28,1.64,1.3,Qatar - Switzerland,2026-06-13 19:04:43,,2,,27,True,0.26153846153846144,steamer,True
33890259,Team Shots,Remates equipo,Switzerland 16 or more,5,1.64,1.3,Qatar - Switzerland,2026-06-13 19:04:43,32.75,1,EUR,5,False,0.26153846153846144,steamer,True
36966549,Home-side combo (bet builder),Países Bajos,"Netherlands win, Both teams to score y Over 8.5 corners",19,5.6,4.44,Netherlands - Sweden,2026-06-20 17:00:05,38.75,1,EUR,9,False,0.2612612612612611,steamer,True
33890259,Team corners,Corners equipo,Switzerland 11 or more,8,5.8,4.6,Qatar - Switzerland,2026-06-13 19:04:43,,2,,7,True,0.26086956521739135,steamer,True
33890299,Team goal kicks,Saques de puerta equipo,Egypt 10 or more,5,2.92,2.32,Belgium - Egypt,2026-06-15 19:00:29,17.34,1,EUR,4,False,0.25862068965517254,steamer,True
36966593,Team shots on target,Remates a puerta equipo,Belgium 5 or more,7,1.61,1.28,Belgium - Iran,2026-06-21 19:00:03,,2,,7,True,0.2578125000000001,steamer,True
36966640,Home-side combo (bet builder),Portugal,Portugal to win 1st half y Portugal to win 2nd half,11,2.45,1.95,Portugal - Uzbekistan,2026-06-23 17:00:06,47.0,1,EUR,9,False,0.2564102564102567,steamer,True
36024520,Home-side combo (bet builder),Portugal,Portugal win y Cristiano Ronaldo 2 or more shots on target,53,2.44,1.95,Portugal - Democratic Republic of the Congo,2026-06-17 17:01:15,,2,,39,True,0.2512820512820514,steamer,True
36024491,Team corners,Corners equipo,Canada 7 or more,9,2.77,2.22,Canada - Bosnia And Herzegovina,2026-06-12 19:02:13,,2,,9,True,0.24774774774774752,steamer,False
36966609,Team shots on target,Remates a puerta equipo,Austria 4 or more,5,2.67,2.14,Argentina - Austria,2026-06-22 17:00:58,399.45,1,EUR,4,False,0.24766355140186905,steamer,False
33890416,Match,Partido,Senegal win y Both teams to score in both halves,5,101.0,81.0,France - Senegal,2026-06-16 19:02:47,,2,,2,True,0.24691358024691348,steamer,False
36024491,Team corners,Corners equipo,Canada 5 or more,17,1.62,1.3,Canada - Bosnia And Herzegovina,2026-06-12 19:02:13,,2,,14,True,0.2461538461538461,steamer,False
36966610,Team corners,Corners equipo,Jordan 4 or more,10,2.38,1.91,Jordan - Algeria,2026-06-23 03:00:21,,2,,9,True,0.24607329842931935,steamer,False
33890290,1st half: Team corners,1º tiempo: Corners equipo,Scotland 5 or more,8,6.6,5.3,Haiti - Scotland,2026-06-14 01:02:33,,2,,7,True,0.24528301886792458,steamer,False
33890299,Match,Partido,Both teams to score y Over 7.5 corners,18,2.55,2.05,Belgium - Egypt,2026-06-15 19:00:29,,2,,12,True,0.2439024390243902,steamer,False
36966640,Team shots on target,Remates a puerta equipo,Portugal 7 or more,6,1.85,1.49,Portugal - Uzbekistan,2026-06-23 17:00:06,12.65,1,EUR,5,False,0.2416107382550338,steamer,False
36024518,Away-side combo (bet builder),Noruega,"Norway win, Over 10.5 corners y Haaland to score 2 or more goals",6,8.19,6.6,Iraq - Norway,2026-06-16 22:00:57,6.21,1,EUR,6,False,0.24090909090909085,steamer,False
33890259,1st half: Team corners,1º tiempo: Corners equipo,Switzerland 6 or more,10,4.6,3.71,Qatar - Switzerland,2026-06-13 19:04:43,89.35,1,EUR,10,False,0.2398921832884095,steamer,False
36966553,Team shots on target,Remates a puerta equipo,Germany 7 or more,9,2.7,2.18,Germany - Ivory Coast,2026-06-20 20:00:00,,2,,9,True,0.2385321100917431,steamer,False
33890211,Saves (Star Substitute),Paradas Luca Zidane (Suplente Estrella),5 or more,15,3.61,2.92,Argentina - Algeria,2026-06-17 01:02:37,,2,,13,True,0.23630136986301353,steamer,False
33890238,Match throw-ins,Saques de banda durante el partido,38 or more,5,1.99,1.61,Mexico - South Africa,2026-06-11 19:05:51,91.8,1,EUR,5,False,0.2360248447204969,steamer,False
36966593,Saves (Star Substitute),Paradas Alireza Beiranvand (Suplente Estrella),6 or more,14,4.79,3.88,Belgium - Iran,2026-06-21 19:00:03,,2,,13,True,0.23453608247422697,steamer,False
33890259,1st half: Team corners,1º tiempo: Corners equipo,Switzerland 5 or more,12,3.01,2.44,Qatar - Switzerland,2026-06-13 19:04:43,113.17,1,EUR,8,False,0.23360655737704916,steamer,False
33890309,Match fouls,Faltas durante el partido,27 or more,13,2.6,2.11,Usa - Paraguay,2026-06-13 01:02:10,20.46,1,EUR,2,False,0.2322274881516589,steamer,False
36971426,Match corners,Corners durante el partido,12 or more,6,3.98,3.23,Turkey - Paraguay,2026-06-20 03:00:03,29.05,1,EUR,2,False,0.2321981424148609,steamer,False
36971426,Match corners,Corners durante el partido,11 or more,9,2.98,2.42,Turkey - Paraguay,2026-06-20 03:00:03,,2,,8,True,0.23140495867768593,steamer,False
36966549,Team corners,Corners equipo,Sweden 3 or more,15,1.49,1.21,Netherlands - Sweden,2026-06-20 17:00:05,87.59,1,EUR,9,False,0.23140495867768593,steamer,False
33890416,Shots on target (Star Substitute),Remates a puerta Michael Olise (Suplente Estrella),2 or more,42,2.77,2.25,France - Senegal,2026-06-16 19:02:47,297.04,1,EUR,36,False,0.23111111111111096,steamer,False
36966591,Match,Partido,Over 2.5 goals y Over 7.5 corners,19,1.76,1.43,Spain - Saudi Arabia,2026-06-21 16:00:48,78.78,1,EUR,14,False,0.2307692307692308,steamer,False
33890444,Team corners,Corners equipo,England 5 or more,28,1.6,1.3,England - Croatia,2026-06-17 20:00:04,,2,,26,True,0.23076923076923067,steamer,False
33890238,Match throw-ins,Saques de banda durante el partido,40 or more,11,2.47,2.01,Mexico - South Africa,2026-06-11 19:05:51,,2,,10,True,0.22885572139303503,steamer,False
36966592,Team corners,Corners equipo,New Zealand 4 or more,12,2.22,1.81,New Zealand - Egypt,2026-06-22 01:00:05,,2,,10,True,0.22651933701657478,steamer,False
36966549,Match,Partido,Over 1.5 half time goals y Over 1.5 second half goals,5,5.16,4.21,Netherlands - Sweden,2026-06-20 17:00:05,3.8,1,EUR,3,False,0.22565320665083152,steamer,False
36966550,Team exact bookings (only players and in play),Número de tarjetas equipo (solo jugadores y en juego),Ecuador 2 or more,9,2.5,2.04,Ecuador - Curaçao,2026-06-21 00:00:04,,2,,9,True,0.22549019607843127,steamer,False
36971426,Match corners,Corners durante el partido,10 or more,12,2.34,1.91,Turkey - Paraguay,2026-06-20 03:00:03,,2,,12,True,0.2251308900523559,steamer,False
36966528,Team corners,Corners equipo,Japan 7 or more,7,2.78,2.27,Tunisia - Japan,2026-06-21 04:00:01,,2,,7,True,0.22466960352422888,steamer,False
37238914,Match fouls,Faltas durante el partido,29 or more,10,2.51,2.05,Malaga - Las Palmas,2026-06-10 19:01:06,,2,,10,True,0.22439024390243903,steamer,False
36966549,Match,Partido,Both teams to score y Over 11.5 corners,6,6.24,5.1,Netherlands - Sweden,2026-06-20 17:00:05,210.8,1,EUR,3,False,0.22352941176470614,steamer,False
36966469,Team corners,Corners equipo,Czech Republic 7 or more,6,3.08,2.52,Czech Republic - South Africa,2026-06-18 16:00:09,31.84,1,EUR,6,False,0.22222222222222215,steamer,False
37233846,Team corners,Corners equipo,Portugal 9 or more,7,3.42,2.8,Portugal - Nigeria,2026-06-10 19:49:08,378.77,1,EUR,5,False,0.22142857142857153,steamer,False
33890313,Team goal kicks,Saques de puerta equipo,Cape Verde 12 or more,6,2.82,2.31,Spain - Cape Verde,2026-06-15 16:01:07,,2,,6,True,0.22077922077922071,steamer,False
36966466,Anytime goalscorer (Star Substitute),Goleador durante el partido (Suplente Estrella),Kang-In Lee,5,5.95,4.88,Mexico - South Korea,2026-06-19 01:00:38,19.259999999999998,1,EUR,4,False,0.21926229508196735,steamer,False
33890298,Match fouls,Faltas durante el partido,26 or more,5,2.57,2.11,Iran - New Zealand,2026-06-16 01:03:48,,2,,5,True,0.21800947867298578,steamer,False
33890290,Team corners,Corners equipo,Scotland 6 or more,22,1.96,1.61,Haiti - Scotland,2026-06-14 01:02:33,,2,,19,True,0.21739130434782597,steamer,False
33890416,Match corners,Corners durante el partido,13 or more,28,4.04,3.32,France - Senegal,2026-06-16 19:02:47,,2,,18,True,0.2168674698795182,steamer,False
36966640,Team goals,Goles equipo,Portugal 3 or more,6,2.08,1.71,Portugal - Uzbekistan,2026-06-23 17:00:06,385.58,1,EUR,5,False,0.216374269005848,steamer,False
33890313,Match corners,Corners durante el partido,15 or more,10,5.95,4.9,Spain - Cape Verde,2026-06-15 16:01:07,,2,,9,True,0.21428571428571425,steamer,False
36966473,Team corners,Corners equipo,Switzerland 6 or more,14,1.71,1.41,Switzerland - Bosnia And Herzegovina,2026-06-18 19:00:01,,2,,10,True,0.21276595744680862,steamer,False
37233846,Team corners,Corners equipo,Portugal 8 or more,6,2.57,2.12,Portugal - Nigeria,2026-06-10 19:49:08,,2,,4,True,0.2122641509433961,steamer,False
33890259,Team corners,Corners equipo,Switzerland 9 or more,9,3.03,2.5,Qatar - Switzerland,2026-06-13 19:04:43,372.54,1,EUR,8,False,0.21200000000000008,steamer,False
36971426,Match corners,Corners durante el partido,9 or more,23,1.95,1.61,Turkey - Paraguay,2026-06-20 03:00:03,,2,,23,True,0.21118012422360224,steamer,False
36024492,Match fouls,Faltas durante el partido,26 or more,6,2.31,1.91,Australia - Turkey,2026-06-14 04:00:30,,2,,5,True,0.2094240837696335,steamer,False
33890444,Team corners,Corners equipo,Croatia 4 or more,50,2.31,1.91,England - Croatia,2026-06-17 20:00:04,,2,,40,True,0.2094240837696335,steamer,False
33890309,Team Shots,Remates equipo,Usa 14 or more,7,2.44,2.02,Usa - Paraguay,2026-06-13 01:02:10,,2,,5,True,0.20792079207920788,steamer,False
33890290,Away-side combo (bet builder),Escocia,"Scotland win, Over 2.5 goals y Over 8.5 corners",7,3.67,3.04,Haiti - Scotland,2026-06-14 01:02:33,3.12,1,EUR,5,False,0.20723684210526314,steamer,False
36024492,Away-side combo (bet builder),Turquía,Turkey win y Kenan Yildiz to score,6,4.55,3.77,Australia - Turkey,2026-06-14 04:00:30,11.98,1,EUR,5,False,0.20689655172413807,steamer,False
33890416,Team corners,Corners equipo,France 5 or more,19,1.46,1.21,France - Senegal,2026-06-16 19:02:47,,2,,19,True,0.20661157024793397,steamer,False
37233846,Team corners,Corners equipo,Portugal 7 or more,8,1.93,1.6,Portugal - Nigeria,2026-06-10 19:49:08,49.92,1,EUR,8,False,0.20624999999999985,steamer,False
36971426,Match shots on target,Remates a puerta durante el partido,11 or more,6,3.4,2.82,Turkey - Paraguay,2026-06-20 03:00:03,11.58,1,EUR,4,False,0.20567375886524822,steamer,False
33890238,Team throw-ins,Saques de banda equipo,Mexico 19 or more,5,1.82,1.51,Mexico - South Africa,2026-06-11 19:05:51,,2,,4,True,0.20529801324503336,steamer,False
36024518,Team shots on target,Remates a puerta equipo,Norway 5 or more,7,1.41,1.17,Iraq - Norway,2026-06-16 22:00:57,,2,,7,True,0.20512820512820518,steamer,False
33890299,Match,Partido,Over 2.5 goals y Over 7.5 corners,31,2.47,2.05,Belgium - Egypt,2026-06-15 19:00:29,35.05,1,EUR,27,False,0.20487804878048793,steamer,False
36966638,To Score a Header (Star Substitute),Marcar gol con la cabeza (Suplente Estrella),Harry Kane,13,4.55,3.78,England - Ghana,2026-06-23 20:00:08,,2,,10,True,0.20370370370370391,steamer,False
36966638,goal scorer (Star Substitute),Jugador en meter el 1º gol (Suplente Estrella),Harry Kane,36,3.32,2.76,England - Ghana,2026-06-23 20:00:08,,2,,29,True,0.20289855072463775,steamer,False
33890304,Match shots on target,Remates a puerta durante el partido,11 or more,13,3.03,2.52,Netherlands - Japan,2026-06-14 20:00:08,,2,,13,True,0.20238095238095233,steamer,False
36024520,Shots on target (Star Substitute),Remates a puerta Bernardo Silva (Suplente Estrella),1 or more,6,2.08,1.73,Portugal - Democratic Republic of the Congo,2026-06-17 17:01:15,16.33,1,EUR,6,False,0.2023121387283239,steamer,False
36966638,Player to score in fisrt ten minutes (from 0:00 to 9:59),Jugador en meter gol en los 10 primeros minutos (del 0:00 al 9:59),Harry Kane,47,9.55,7.95,England - Ghana,2026-06-23 20:00:08,,2,,40,True,0.2012578616352203,steamer,False
36966611,Match penalty missed,Penalti fallado durante el partido,Yes,7,12.0,10.0,Norway - Senegal,2026-06-23 00:00:05,,2,,6,True,0.20000000000000012,steamer,False
36971426,Team corners,Corners equipo,Paraguay 3 or more,13,1.44,1.2,Turkey - Paraguay,2026-06-20 03:00:03,,2,,7,True,0.2000000000000001,steamer,False
36966486,Player to score in fisrt ten minutes (from 0:00 to 9:59),Jugador en meter gol en los 10 primeros minutos (del 0:00 al 9:59),Ismael Saibari,5,18.0,15.0,Scotland - Morocco,2026-06-19 22:00:07,23.45,1,EUR,5,False,0.20000000000000004,steamer,False
37233846,Team corners,Corners equipo,Portugal 6 or more,25,1.56,1.3,Portugal - Nigeria,2026-06-10 19:49:08,,2,,18,True,0.2,steamer,False
33890416,Match,Partido,Both teams to score y Over 7.5 corners,11,2.64,2.2,France - Senegal,2026-06-16 19:02:47,11.129999999999999,1,EUR,9,False,0.19999999999999998,steamer,False
37238914,Team corners,Corners equipo,Malaga 4 or more,7,1.32,1.1,Malaga - Las Palmas,2026-06-10 19:01:06,8.32,1,EUR,6,False,0.19999999999999998,steamer,False
36966591,Home-side combo (bet builder),España,"Spain win, Over 2.5 goals y Over 8.5 corners",15,1.92,1.6,Spain - Saudi Arabia,2026-06-21 16:00:48,,2,,15,True,0.19999999999999993,steamer,False
33890444,Team corners,Corners equipo,England 7 or more,6,2.65,2.21,England - Croatia,2026-06-17 20:00:04,,2,,6,True,0.19909502262443432,steamer,False
36966640,Match corners,Corners durante el partido,10 or more,11,1.93,1.61,Portugal - Uzbekistan,2026-06-23 17:00:06,53.01,1,EUR,11,False,0.19875776397515504,steamer,False
37238914,Match fouls,Faltas durante el partido,27 or more,9,1.81,1.51,Malaga - Las Palmas,2026-06-10 19:01:06,,2,,9,True,0.19867549668874174,steamer,False
36966469,Team corners,Corners equipo,Czech Republic 4 or more,22,1.33,1.11,Czech Republic - South Africa,2026-06-18 16:00:09,40.84,1,EUR,18,False,0.19819819819819814,steamer,False
33890444,Player most passes (voiding in case of tie),Jugador en dar más pases,Elliot Anderson,44,4.84,4.04,England - Croatia,2026-06-17 20:00:04,113.65,1,EUR,4,False,0.19801980198019797,steamer,False
37238914,Anytime goalscorer (Star Substitute),Goleador durante el partido (Suplente Estrella),Kirian,7,8.8,7.35,Malaga - Las Palmas,2026-06-10 19:01:06,13.47,1,EUR,5,False,0.19727891156462599,steamer,False
36966640,Home-side combo (bet builder),Portugal,"Portugal win, Over 3.5 goals y Cristiano Ronaldo to score",10,3.1,2.59,Portugal - Uzbekistan,2026-06-23 17:00:06,,2,,9,True,0.19691119691119696,steamer,False
36966640,Home-side combo (bet builder),Portugal,"Portugal win, Over 2.5 goals y Cristiano Ronaldo to score",7,2.13,1.78,Portugal - Uzbekistan,2026-06-23 17:00:06,,2,,7,True,0.19662921348314613,steamer,False
36966612,Match penalty missed,Penalti fallado durante el partido,Yes,12,10.05,8.4,France - Iraq,2026-06-22 21:00:42,,2,,9,True,0.19642857142857148,steamer,False
36024518,Match corners,Corners durante el partido,13 or more,6,4.22,3.53,Iraq - Norway,2026-06-16 22:00:57,,2,,6,True,0.1954674220963173,steamer,False
33890290,Match corners,Corners durante el partido,10 or more,6,2.03,1.7,Haiti - Scotland,2026-06-14 01:02:33,,2,,6,True,0.19411764705882342,steamer,False
36966591,Team to miss a penalty,Equipo en fallar penalti durante el partido,Spain,5,12.0,10.05,Spain - Saudi Arabia,2026-06-21 16:00:48,25.2,1,EUR,5,False,0.1940298507462686,steamer,False
36966472,Match,Partido,Canada win y Both teams to score in both halves,6,31.0,26.0,Canada - Qatar,2026-06-18 22:00:44,18.5,1,PEN,1,False,0.1923076923076924,steamer,False
33890290,Team corners,Corners equipo,Scotland 8 or more,7,3.1,2.6,Haiti - Scotland,2026-06-14 01:02:33,70.93,1,EUR,7,False,0.19230769230769224,steamer,False
36024518,Match corners,Corners durante el partido,9 or more,85,1.8,1.51,Iraq - Norway,2026-06-16 22:00:57,,2,,68,True,0.19205298013245037,steamer,False
36024492,Team corners,Corners equipo,Turkey 8 or more,8,3.48,2.92,Australia - Turkey,2026-06-14 04:00:30,,2,,7,True,0.19178082191780824,steamer,False
33890299,Match corners,Corners durante el partido,13 or more,5,3.12,2.62,Belgium - Egypt,2026-06-15 19:00:29,,2,,5,True,0.19083969465648856,steamer,False
36966640,Home-side combo (bet builder),Portugal,"Portugal win, Over 8.5 corners y Cristiano Ronaldo to score 2 or more goals",17,5.7,4.79,Portugal - Uzbekistan,2026-06-23 17:00:06,52.59,1,EUR,13,False,0.1899791231732777,steamer,False
33890290,Team tackles,Entradas ganadas (tackles) equipo,Haiti 17 or more,5,2.51,2.11,Haiti - Scotland,2026-06-14 01:02:33,2030.0,1,PEN,3,False,0.18957345971563974,steamer,False
36024491,Match corners,Corners durante el partido,13 or more,9,4.53,3.81,Canada - Bosnia And Herzegovina,2026-06-12 19:02:13,,2,,8,True,0.18897637795275596,steamer,False
37233846,Match corners,Corners durante el partido,9 or more,6,1.51,1.27,Portugal - Nigeria,2026-06-10 19:49:08,78.85,1,EUR,6,False,0.1889763779527557,steamer,False
33890299,Home-side combo (bet builder),Bélgica,"Belgium win, Over 8.5 corners y Doku to score 2 or more goals",12,24.95,21.0,Belgium - Egypt,2026-06-15 19:00:29,15.43,1,EUR,7,False,0.18809523809523807,steamer,False
36966480,Team corners,Corners equipo,Australia 5 or more,12,4.55,3.83,Usa - Australia,2026-06-19 19:00:27,109.78,1,EUR,9,False,0.18798955613577012,steamer,False
33890220,Team corners,Corners equipo,Colombia 6 or more,16,2.15,1.81,Uzbekistan - Colombia,2026-06-18 02:00:00,99.65,1,EUR,13,False,0.1878453038674034,steamer,False
36966485,Match shots on target,Remates a puerta durante el partido,10 or more,6,1.71,1.44,Brazil - Haiti,2026-06-20 00:32:31,,2,,6,True,0.18750000000000003,steamer,False
36024491,Team corners,Corners equipo,Canada 6 or more,19,2.03,1.71,Canada - Bosnia And Herzegovina,2026-06-12 19:02:13,168.15,1,EUR,16,False,0.18713450292397638,steamer,False
33890309,Team shots on target,Remates a puerta equipo,Usa 5 or more,5,1.91,1.61,Usa - Paraguay,2026-06-13 01:02:10,50.32,1,EUR,4,False,0.18633540372670798,steamer,False
33890305,Match fouls,Faltas durante el partido,27 or more,15,1.91,1.61,Ivory Coast - Ecuador,2026-06-14 23:03:23,,2,,9,True,0.18633540372670798,steamer,False
33890211,Team shots on target,Remates a puerta equipo,Algeria 2 or more,7,1.53,1.29,Argentina - Algeria,2026-06-17 01:02:37,,2,,7,True,0.18604651162790686,steamer,False
33890306,Team Shots,Remates equipo,Germany 25 or more,7,2.11,1.78,Germany - Curaçao,2026-06-14 17:01:45,,2,,7,True,0.18539325842696636,steamer,False
33890444,Match corners,Corners durante el partido,10 or more,26,2.31,1.95,England - Croatia,2026-06-17 20:00:04,,2,,23,True,0.18461538461538476,steamer,False
36024492,Team corners,Corners equipo,Turkey 5 or more,26,1.54,1.3,Australia - Turkey,2026-06-14 04:00:30,,2,,24,True,0.18461538461538451,steamer,False
33890419,Match corners,Corners durante el partido,8 or more,36,1.67,1.41,Ghana - Panama,2026-06-17 23:00:50,,2,,35,True,0.1843971631205673,steamer,False
33890416,Home-side combo (bet builder),Francia,"France win, Over 2.5 goals y Over 8.5 corners",29,3.74,3.16,France - Senegal,2026-06-16 19:02:47,65.07,1,EUR,19,False,0.18354430379746842,steamer,False
33890416,1st half: Team corners,1º tiempo: Corners equipo,Senegal 4 or more,9,9.05,7.65,France - Senegal,2026-06-16 19:02:47,42.24,1,EUR,7,False,0.18300653594771255,steamer,False
36966549,Match,Partido,Over 2.5 goals y Over 7.5 corners,76,2.46,2.08,Netherlands - Sweden,2026-06-20 17:00:05,80.67,1,EUR,26,False,0.18269230769230763,steamer,False
36966469,Match corners,Corners durante el partido,12 or more,7,3.82,3.23,Czech Republic - South Africa,2026-06-18 16:00:09,66.48,1,EUR,7,False,0.18266253869969049,steamer,False
37238914,Match fouls,Faltas durante el partido,28 or more,15,2.02,1.71,Malaga - Las Palmas,2026-06-10 19:01:06,,2,,9,True,0.18128654970760227,steamer,False
33890309,Team Shots,Remates equipo,Usa 13 or more,5,2.02,1.71,Usa - Paraguay,2026-06-13 01:02:10,,2,,5,True,0.18128654970760227,steamer,False
36966469,Match corners,Corners durante el partido,9 or more,7,1.89,1.6,Czech Republic - South Africa,2026-06-18 16:00:09,,2,,7,True,0.18124999999999983,steamer,False
36024520,Shots on target (Star Substitute),Remates a puerta Cristiano Ronaldo (Suplente Estrella),3 or more,45,3.33,2.82,Portugal - Democratic Republic of the Congo,2026-06-17 17:01:15,,2,,29,True,0.18085106382978725,steamer,False
36966591,Match shots on target,Remates a puerta durante el partido,14 or more,6,3.07,2.6,Spain - Saudi Arabia,2026-06-21 16:00:48,8.67,1,EUR,5,False,0.18076923076923054,steamer,False
36966591,Home-side combo (bet builder),España,Spain to win 1st half y Spain to win 2nd half,20,2.03,1.72,Spain - Saudi Arabia,2026-06-21 16:00:48,199.47,1,EUR,15,False,0.1802325581395348,steamer,False
36966591,Match corners,Corners durante el partido,14 or more,19,3.8,3.22,Spain - Saudi Arabia,2026-06-21 16:00:48,,2,,16,True,0.18012422360248445,steamer,False
36966528,Match shots on target,Remates a puerta durante el partido,7 or more,5,1.51,1.28,Tunisia - Japan,2026-06-21 04:00:01,7.72,1,EUR,4,False,0.17968749999999992,steamer,False
36966549,Match,Partido,Over 2.5 goals y Over 9.5 corners,8,3.68,3.12,Netherlands - Sweden,2026-06-20 17:00:05,51.08,1,EUR,7,False,0.17948717948717943,steamer,False
36966638,Home-side combo (bet builder),Inglaterra,"England win, Over 2.5 goals y Harry Kane to score",13,2.24,1.9,England - Ghana,2026-06-23 20:00:08,148.32999999999998,1,EUR,12,False,0.17894736842105266,steamer,False
36966612,Shots on target (Star Substitute),Remates a puerta Mbappe (Suplente Estrella),3 or more,50,2.11,1.79,France - Iraq,2026-06-22 21:00:42,,2,,47,True,0.17877094972067029,steamer,False
36966549,To score or assist (Star Substitute),Marcar gol o asistir (Suplente Estrella),Isak,41,2.71,2.3,Netherlands - Sweden,2026-06-20 17:00:05,186.85999999999999,1,EUR,31,False,0.17826086956521753,steamer,False
33890211,Saves (Star Substitute),Paradas Luca Zidane (Suplente Estrella),3 or more,6,1.59,1.35,Argentina - Algeria,2026-06-17 01:02:37,21.85,1,EUR,6,False,0.17777777777777776,steamer,False
33890290,Match,Partido,Over 2.5 goals y Over 7.5 corners,12,2.39,2.03,Haiti - Scotland,2026-06-14 01:02:33,48.06,1,EUR,11,False,0.1773399014778327,steamer,False
36024491,Match corners,Corners durante el partido,8 or more,34,1.53,1.3,Canada - Bosnia And Herzegovina,2026-06-12 19:02:13,,2,,33,True,0.1769230769230768,steamer,False
36966553,Team shots on target,Remates a puerta equipo,Germany 6 or more,10,1.93,1.64,Germany - Ivory Coast,2026-06-20 20:00:00,,2,,7,True,0.17682926829268275,steamer,False
36966609,To score or assist (Star Substitute),Marcar gol o asistir (Suplente Estrella),Alexis Mac Allister,6,3.86,3.28,Argentina - Austria,2026-06-22 17:00:58,7.24,1,EUR,5,False,0.17682926829268275,steamer,False
37275587,To score 2 or more goals (Star Substitute),Marcar 2 goles o más (Suplente Estrella),Miguel de la Fuente,7,20.0,17.0,Malaga - Almeria,2026-06-14 19:02:16,10.96,1,EUR,3,False,0.17647058823529405,steamer,False
33890416,Match,Partido,Over 2.5 goals y Over 7.5 corners,45,2.41,2.05,France - Senegal,2026-06-16 19:02:47,,2,,37,True,0.17560975609756116,steamer,False
33890416,1-X-2 / 2 goals Up,1-X-2 / Ventaja 2 goles,2,40,6.7,5.7,France - Senegal,2026-06-16 19:02:47,,2,,18,True,0.17543859649122812,steamer,False
33890419,Match corners,Corners durante el partido,9 or more,11,2.01,1.71,Ghana - Panama,2026-06-17 23:00:50,,2,,10,True,0.17543859649122784,steamer,False
33890298,Saves (Star Substitute),Paradas Max Crocombe (Suplente Estrella),3 or more,5,1.81,1.54,Iran - New Zealand,2026-06-16 01:03:48,128.5,1,EUR,5,False,0.17532467532467524,steamer,False
33890419,Match corners,Corners durante el partido,10 or more,11,2.49,2.12,Ghana - Panama,2026-06-17 23:00:50,,2,,11,True,0.1745283018867925,steamer,False
33890211,Saves (Star Substitute),Paradas Luca Zidane (Suplente Estrella),4 or more,38,2.16,1.84,Argentina - Algeria,2026-06-17 01:02:37,507.53999999999996,1,EUR,13,False,0.17391304347826095,steamer,False
36966473,Fouls Won (Star Substitute),Faltas recibidas Ruben Vargas (Suplente Estrella),2 or more,11,1.89,1.61,Switzerland - Bosnia And Herzegovina,2026-06-18 19:00:01,272.25,1,EUR,10,False,0.1739130434782606,steamer,False
33890416,Home-side combo (bet builder),Francia,"France win, Over 3.5 goals y Mbappe to score",5,5.2,4.43,France - Senegal,2026-06-16 19:02:47,16.51,1,EUR,5,False,0.1738148984198648,steamer,False
33890299,Home-side combo (bet builder),Bélgica,Belgium to win both halves y Over 3.5 goals,6,8.86,7.55,Belgium - Egypt,2026-06-15 19:00:29,20.369999999999997,1,EUR,4,False,0.1735099337748344,steamer,False
33890299,Team corners,Corners equipo,Egypt 5 or more,14,3.66,3.12,Belgium - Egypt,2026-06-15 19:00:29,,2,,10,True,0.1730769230769231,steamer,False
36966591,Team shots on target,Remates a puerta equipo,Spain 12 or more,6,3.66,3.12,Spain - Saudi Arabia,2026-06-21 16:00:48,157.0,1,EUR,6,False,0.1730769230769231,steamer,False
36966486,Team shots on target,Remates a puerta equipo,Morocco 5 or more,7,1.9,1.62,Scotland - Morocco,2026-06-19 22:00:07,,2,,6,True,0.1728395061728395,steamer,False
36966593,Saves (Star Substitute),Paradas Alireza Beiranvand (Suplente Estrella),5 or more,5,2.8,2.39,Belgium - Iran,2026-06-21 19:00:03,,2,,5,True,0.17154811715481164,steamer,False
36966591,To be carded (only players and in play)(Star Substitute),Recibir tarjeta (sólo jugadores y en juego) (Suplente Estrella),Álex Baena,5,6.15,5.25,Spain - Saudi Arabia,2026-06-21 16:00:48,53.17,1,EUR,5,False,0.1714285714285714,steamer,False
36966638,To score and Assist,Marcar gol y asistir,Harry Kane,5,6.85,5.85,England - Ghana,2026-06-23 20:00:08,4.29,1,EUR,4,False,0.17094017094017083,steamer,False
36966638,To score or assist (Star Substitute),Marcar gol o asistir (Suplente Estrella),Harry Kane,97,1.51,1.29,England - Ghana,2026-06-23 20:00:08,,2,,84,True,0.17054263565891453,steamer,False
33890299,1st half: Team corners,1º tiempo: Corners equipo,Belgium 3 or more,9,1.65,1.41,Belgium - Egypt,2026-06-15 19:00:29,234.75,1,EUR,6,False,0.1702127659574468,steamer,False
36024491,Match corners,Corners durante el partido,12 or more,6,3.53,3.02,Canada - Bosnia And Herzegovina,2026-06-12 19:02:13,,2,,6,True,0.16887417218543052,steamer,False
33890416,Shots on target (Star Substitute),Remates a puerta Michael Olise (Suplente Estrella),3 or more,5,5.9,5.05,France - Senegal,2026-06-16 19:02:47,42.2,1,EUR,5,False,0.1683168316831684,steamer,False
36966553,Match corners,Corners durante el partido,11 or more,29,2.57,2.2,Germany - Ivory Coast,2026-06-20 20:00:00,,2,,16,True,0.16818181818181813,steamer,False
33890299,Match corners,Corners durante el partido,10 or more,25,1.88,1.61,Belgium - Egypt,2026-06-15 19:00:29,,2,,23,True,0.1677018633540372,steamer,False
36966591,Match,Partido,Over 1.5 half time goals y Over 1.5 second half goals,6,3.42,2.93,Spain - Saudi Arabia,2026-06-21 16:00:48,,2,,5,True,0.16723549488054604,steamer,False
36966640,Hat trick (three or more goals) (Star Substitute),Hat trick (tres o más goles) (Suplente Estrella),Cristiano Ronaldo,117,9.1,7.8,Portugal - Uzbekistan,2026-06-23 17:00:06,,2,,86,True,0.16666666666666682,steamer,False
37183318,1-X-2 / 2 goals Up,1-X-2 / Ventaja 2 goles,2,8,2.1,1.8,Deportes Union La Calera - Universidad de Chile,2026-06-14 19:02:58,,2,,5,True,0.1666666666666668,steamer,False
36966612,Home-side combo (bet builder),Francia,"France win, Over 10.5 corners y Mbappe to score 2 or more goals",14,7.7,6.6,France - Iraq,2026-06-22 21:00:42,26.14,1,EUR,10,False,0.1666666666666668,steamer,False
36966638,Home-side combo (bet builder),Inglaterra,"England win, Over 3.5 goals y Harry Kane to score",6,3.36,2.88,England - Ghana,2026-06-23 20:00:08,53.49,1,EUR,5,False,0.16666666666666663,steamer,False
36971426,Team corners,Corners equipo,Turkey 7 or more,14,3.16,2.71,Turkey - Paraguay,2026-06-20 03:00:03,,2,,13,True,0.16605166051660528,steamer,False
33890313,Anytime goalscorer (Star Substitute),Goleador durante el partido (Suplente Estrella),Pedri,19,4.43,3.8,Spain - Cape Verde,2026-06-15 16:01:07,,2,,19,True,0.16578947368421032,steamer,False
36966472,Team corners,Corners equipo,Canada 8 or more,14,1.76,1.51,Canada - Qatar,2026-06-18 22:00:44,,2,,12,True,0.16556291390728475,steamer,False
33890306,Team Shots,Remates equipo,Germany 23 or more,5,1.76,1.51,Germany - Curaçao,2026-06-14 17:01:45,,2,,5,True,0.16556291390728475,steamer,False
36966638,Match,Partido,Over 2.5 goals y Harry Kane to score,23,2.13,1.83,England - Ghana,2026-06-23 20:00:08,134.26,1,EUR,19,False,0.16393442622950807,steamer,False
36966612,Home-side combo (bet builder),Francia,"France win, Over 8.5 corners y Mbappe to score a Hat trick (three or more goals)",19,13.0,11.17,France - Iraq,2026-06-22 21:00:42,,2,,18,True,0.16383169203222905,steamer,False
33890416,Home-side combo (bet builder),Francia,"France win, France to score in both halves y Over 8.5 corners",7,4.06,3.49,France - Senegal,2026-06-16 19:02:47,80.14,1,EUR,4,False,0.1633237822349568,steamer,False
36966591,Match shots on target,Remates a puerta durante el partido,12 or more,7,1.93,1.66,Spain - Saudi Arabia,2026-06-21 16:00:48,96.74000000000001,1,EUR,5,False,0.16265060240963852,steamer,False
36966640,Match,Partido,Over 2.5 goals y Cristiano Ronaldo to score,16,2.01,1.73,Portugal - Uzbekistan,2026-06-23 17:00:06,8.67,1,EUR,10,False,0.16184971098265888,steamer,False
36966485,Shots on target (Star Substitute),Remates a puerta Vinícius (Suplente Estrella),3 or more,41,3.52,3.03,Brazil - Haiti,2026-06-20 00:32:31,,2,,19,True,0.1617161716171616,steamer,False
37173237,Match corners,Corners durante el partido,9 or more,7,1.51,1.3,Derry City - Bohemians,2026-06-12 18:54:19,,2,,6,True,0.16153846153846135,steamer,False
36966590,Team shots on target,Remates a puerta equipo,Uruguay 7 or more,11,2.52,2.17,Uruguay - Cape Verde,2026-06-21 22:00:33,,2,,11,True,0.16129032258064524,steamer,False
36966549,Team shots on target,Remates a puerta equipo,Sweden 4 or more,8,2.02,1.74,Netherlands - Sweden,2026-06-20 17:00:05,84.55000000000001,1,EUR,8,False,0.160919540229885,steamer,False
36966638,Player to score in 1st half,Jugador en meter gol en el 1º tiempo,Harry Kane,12,2.6,2.24,England - Ghana,2026-06-23 20:00:08,,2,,11,True,0.16071428571428573,steamer,False
36966638,Home-side combo (bet builder),Inglaterra,England win y Harry Kane to score,38,1.74,1.5,England - Ghana,2026-06-23 20:00:08,,2,,32,True,0.16,steamer,False
33890259,Anytime goalscorer (Star Substitute),Goleador durante el partido (Suplente Estrella),Ruben Vargas,7,3.27,2.82,Qatar - Switzerland,2026-06-13 19:04:43,57.730000000000004,1,EUR,7,False,0.1595744680851065,steamer,False
33890416,Shots on target outside the box (Star Substitute),Remates a puerta desde fuera del área Michael Olise (Suplente Estrella),1 or more,6,2.04,1.76,France - Senegal,2026-06-16 19:02:47,32.31,1,EUR,6,False,0.15909090909090925,steamer,False
36971426,Team corners,Corners equipo,Turkey 5 or more,37,1.75,1.51,Turkey - Paraguay,2026-06-20 03:00:03,,2,,34,True,0.15894039735099352,steamer,False
36966469,Match corners,Corners durante el partido,10 or more,6,2.34,2.02,Czech Republic - South Africa,2026-06-18 16:00:09,,2,,6,True,0.1584158415841583,steamer,False
36966591,Match corners,Corners durante el partido,13 or more,11,3.15,2.72,Spain - Saudi Arabia,2026-06-21 16:00:48,196.59,1,EUR,11,False,0.1580882352941176,steamer,False
36024520,Shots on target outside the box (Star Substitute),Remates a puerta desde fuera del área Cristiano Ronaldo (Suplente Estrella),1 or more,18,2.57,2.22,Portugal - Democratic Republic of the Congo,2026-06-17 17:01:15,683.8199999999999,1,EUR,13,False,0.15765765765765752,steamer,False
36966591,Match corners,Corners durante el partido,12 or more,14,2.65,2.29,Spain - Saudi Arabia,2026-06-21 16:00:48,,2,,14,True,0.15720524017467247,steamer,False
36971426,Match corners,Corners durante el partido,8 or more,39,1.62,1.4,Turkey - Paraguay,2026-06-20 03:00:03,,2,,35,True,0.15714285714285722,steamer,False
36966609,1st half: Team corners,1º tiempo: Corners equipo,Austria 4 or more,7,11.05,9.55,Argentina - Austria,2026-06-22 17:00:58,45.5,1,EUR,5,False,0.157068062827225,steamer,False
36966610,Team corners,Corners equipo,Algeria 7 or more,5,3.03,2.62,Jordan - Algeria,2026-06-23 03:00:21,,2,,5,True,0.15648854961832054,steamer,False
36966466,Match shots on target,Remates a puerta durante el partido,7 or more,11,1.48,1.28,Mexico - South Korea,2026-06-19 01:00:38,,2,,11,True,0.15625000000000003,steamer,False
37183511,Team corners,Corners equipo,England 8 or more,6,2.37,2.05,England - Costa Rica,2026-06-10 21:03:46,4.1899999999999995,1,EUR,6,False,0.15609756097560998,steamer,False
37238914,Team corners,Corners equipo,Malaga 5 or more,12,1.63,1.41,Malaga - Las Palmas,2026-06-10 19:01:06,,2,,5,True,0.15602836879432627,steamer,False
37238914,To score or assist (Star Substitute),Marcar gol o asistir (Suplente Estrella),Kirian,8,5.2,4.5,Malaga - Las Palmas,2026-06-10 19:01:06,0.4,1,EUR,1,False,0.15555555555555559,steamer,False
33890291,Saves (Star Substitute),Paradas Yassine Bounou (Suplente Estrella),5 or more,18,4.54,3.93,Brazil - Morocco,2026-06-13 22:04:18,444.85,1,EUR,17,False,0.15521628498727738,steamer,False
36966549,Player to score in 1st half,Jugador en meter gol en el 1º tiempo,Viktor Gyokeres,6,6.7,5.8,Netherlands - Sweden,2026-06-20 17:00:05,3.49,1,EUR,4,False,0.15517241379310362,steamer,False
36966591,Team shots on target,Remates a puerta equipo,Spain 10 or more,29,2.16,1.87,Spain - Saudi Arabia,2026-06-21 16:00:48,,2,,12,True,0.15508021390374327,steamer,False
36966590,1st half: Team corners,1º tiempo: Corners equipo,Uruguay 5 or more,10,4.25,3.68,Uruguay - Cape Verde,2026-06-21 22:00:33,254.17000000000002,1,EUR,9,False,0.15489130434782605,steamer,False
33890416,Match,Partido,Over 2.5 goals y Mbappe 2 or more shots on target,5,2.62,2.27,France - Senegal,2026-06-16 19:02:47,85.27,1,EUR,4,False,0.15418502202643175,steamer,False
36966590,Team shots on target,Remates a puerta equipo,Uruguay 4 or more,15,1.35,1.17,Uruguay - Cape Verde,2026-06-21 22:00:33,,2,,11,True,0.15384615384615402,steamer,False
33890238,Player to score in fisrt ten minutes (from 0:00 to 9:59),Jugador en meter gol en los 10 primeros minutos (del 0:00 al 9:59),Raúl Jiménez,6,15.0,13.0,Mexico - South Africa,2026-06-11 19:05:51,13.68,1,EUR,6,False,0.15384615384615394,steamer,False
33890416,Home-side combo (bet builder),Francia,"France win, Over 8.5 corners y Mbappe to score a Hat trick (three or more goals)",10,30.0,26.0,France - Senegal,2026-06-16 19:02:47,50.17,1,EUR,7,False,0.15384615384615394,steamer,False
36966591,To score from outside the box (Star Substitute),Marcar gol desde fuera del área (Suplente Estrella),Pedri,5,15.0,13.0,Spain - Saudi Arabia,2026-06-21 16:00:48,83.0,1,EUR,5,False,0.15384615384615394,steamer,False
36024493,Home-side combo (bet builder),Suecia,"Sweden win, Over 8.5 corners y Viktor Gyokeres to score 2 or more goals",5,15.0,13.0,Sweden - Tunisia,2026-06-15 02:00:33,6.68,1,EUR,3,False,0.15384615384615394,steamer,False
36966485,Team shots on target,Remates a puerta equipo,Brazil 7 or more,13,1.5,1.3,Brazil - Haiti,2026-06-20 00:32:31,,2,,13,True,0.1538461538461538,steamer,False
36966590,Team corners,Corners equipo,Cape Verde 3 or more,14,1.73,1.5,Uruguay - Cape Verde,2026-06-21 22:00:33,234.98,1,EUR,13,False,0.15333333333333318,steamer,False
33890419,Team corners,Corners equipo,Ghana 4 or more,30,1.51,1.31,Ghana - Panama,2026-06-17 23:00:50,,2,,27,True,0.15267175572519065,steamer,False
33890290,Team corners,Corners equipo,Scotland 5 or more,14,1.51,1.31,Haiti - Scotland,2026-06-14 01:02:33,18.47,1,EUR,14,False,0.15267175572519065,steamer,False
36966638,Home-side combo (bet builder),Inglaterra,England to win both halves y Over 3.5 goals,6,4.08,3.54,England - Ghana,2026-06-23 20:00:08,9.85,1,EUR,6,False,0.152542372881356,steamer,False
33890299,Match,Partido,"Over 2.5 goals, Over 8.5 corners y Doku to score",5,6.8,5.9,Belgium - Egypt,2026-06-15 19:00:29,4.0,1,EUR,3,False,0.15254237288135583,steamer,False
33890313,Match shots on target,Remates a puerta durante el partido,15 or more,13,6.05,5.25,Spain - Cape Verde,2026-06-15 16:01:07,,2,,13,True,0.15238095238095228,steamer,False
36966590,Team corners,Corners equipo,Uruguay 7 or more,25,2.12,1.84,Uruguay - Cape Verde,2026-06-21 22:00:33,,2,,18,True,0.15217391304347833,steamer,False
36966640,To score 2 or more goals (Star Substitute),Marcar 2 goles o más (Suplente Estrella),Cristiano Ronaldo,298,3.36,2.92,Portugal - Uzbekistan,2026-06-23 17:00:06,,2,,194,True,0.15068493150684925,steamer,False
33890298,Match fouls,Faltas durante el partido,23 or more,11,1.61,1.4,Iran - New Zealand,2026-06-16 01:03:48,1000.5,1,EUR,2,False,0.1500000000000001,steamer,False
33890419,Team corners,Corners equipo,Panama 3 or more,7,1.38,1.2,Ghana - Panama,2026-06-17 23:00:50,,2,,6,True,0.14999999999999988,steamer,False
36971426,Team corners,Corners equipo,Turkey 4 or more,49,1.38,1.2,Turkey - Paraguay,2026-06-20 03:00:03,,2,,34,True,0.14999999999999988,steamer,False
33890419,Team corners,Corners equipo,Panama 4 or more,16,1.85,1.61,Ghana - Panama,2026-06-17 23:00:50,,2,,12,True,0.14906832298136655,steamer,False
33890304,Team goal kicks,Saques de puerta equipo,Japan 7 or more,7,1.62,1.41,Netherlands - Japan,2026-06-14 20:00:08,,2,,5,True,0.14893617021276606,steamer,False
36971426,Match shots on target,Remates a puerta durante el partido,8 or more,5,1.62,1.41,Turkey - Paraguay,2026-06-20 03:00:03,,2,,5,True,0.14893617021276606,steamer,False
36966549,Player to score in 1st half,Jugador en meter gol en el 1º tiempo,Malen,9,6.2,5.4,Netherlands - Sweden,2026-06-20 17:00:05,1.57,1,EUR,3,False,0.1481481481481481,steamer,False
33890306,Team Fouls,Faltas Equipo,Curaçao 11 or more,9,1.55,1.35,Germany - Curaçao,2026-06-14 17:01:45,312.03000000000003,1,EUR,5,False,0.1481481481481481,steamer,False
33890416,Match,Partido,Over 9.5 corners y Mbappe to score,6,3.96,3.45,France - Senegal,2026-06-16 19:02:47,104.03,1,EUR,5,False,0.14782608695652172,steamer,False
36966528,Team shots on target,Remates a puerta equipo,Japan 5 or more,7,1.71,1.49,Tunisia - Japan,2026-06-21 04:00:01,,2,,7,True,0.14765100671140952,steamer,False
33890416,Player to win a penalty,Jugador en provocar un penalti,Kalidou Koulibaly,5,70.0,61.0,France - Senegal,2026-06-16 19:02:47,26.5,1,EUR,5,False,0.14754098360655749,steamer,False
36966640,Match,Partido,Over 2.5 goals y Over 7.5 corners,9,2.18,1.9,Portugal - Uzbekistan,2026-06-23 17:00:06,74.46000000000001,1,EUR,9,False,0.1473684210526316,steamer,False
36966640,Player to score in 1st half,Jugador en meter gol en el 1º tiempo,Cristiano Ronaldo,11,2.65,2.31,Portugal - Uzbekistan,2026-06-23 17:00:06,,2,,10,True,0.1471861471861471,steamer,False
33890238,Saves (Star Substitute),Paradas Raul Rangel (Suplente Estrella),4 or more,16,5.85,5.1,Mexico - South Africa,2026-06-11 19:05:51,,2,,15,True,0.14705882352941188,steamer,False
33890416,Home-side combo (bet builder),Francia,France win y Sadio Mane to score,5,10.15,8.85,France - Senegal,2026-06-16 19:02:47,14.5,1,EUR,4,False,0.14689265536723176,steamer,False
36966590,Saves (Star Substitute),Paradas Vozinha (Suplente Estrella),3 or more,8,1.41,1.23,Uruguay - Cape Verde,2026-06-21 22:00:33,,2,,8,True,0.14634146341463408,steamer,False
36966553,Team corners,Corners equipo,Ivory Coast 3 or more,17,1.49,1.3,Germany - Ivory Coast,2026-06-20 20:00:00,125.36,1,EUR,11,False,0.146153846153846,steamer,False
33890211,Shots on target (Star Substitute),Remates a puerta Lionel Messi (Suplente Estrella),2 or more,46,1.89,1.65,Argentina - Algeria,2026-06-17 01:02:37,,2,,45,True,0.1454545454545453,steamer,False
33890416,1st half: Team corners,1º tiempo: Corners equipo,Senegal 3 or more,9,4.12,3.6,France - Senegal,2026-06-16 19:02:47,212.0,1,EUR,9,False,0.1444444444444445,steamer,False
36966590,Saves (Star Substitute),Paradas Carlos Joaquim Antunes Dos Santos (Suplente Estrella),6 or more,5,5.55,4.85,Uruguay - Cape Verde,2026-06-21 22:00:33,13.5,1,EUR,4,False,0.14432989690721645,steamer,False
36966485,Home-side combo (bet builder),Brasil,Brazil win y Hannes Delcroix to be booked,5,6.75,5.9,Brazil - Haiti,2026-06-20 00:32:31,6.08,1,EUR,3,False,0.1440677966101695,steamer,False
36966593,Fouls Won (Star Substitute),Faltas recibidas Nathan Ngoy (Suplente Estrella),1 or more,6,1.75,1.53,Belgium - Iran,2026-06-21 19:00:03,72.5,1,EUR,4,False,0.1437908496732027,steamer,False
37238914,To score 2 or more goals (Star Substitute),Marcar 2 goles o más (Suplente Estrella),Chupe,28,9.15,8.0,Malaga - Las Palmas,2026-06-10 19:01:06,146.52,1,EUR,21,False,0.14375000000000004,steamer,False
33890238,1st half: Team corners,1º tiempo: Corners equipo,South Africa 2 or more,5,2.07,1.81,Mexico - South Africa,2026-06-11 19:05:51,,2,,4,True,0.143646408839779,steamer,False
33890290,Saves (Star Substitute),Paradas Johny Placide (Suplente Estrella),3 or more,20,1.44,1.26,Haiti - Scotland,2026-06-14 01:02:33,48.870000000000005,1,EUR,12,False,0.14285714285714282,steamer,False
33890210,Team goal kicks,Saques de puerta equipo,Jordan 11 or more,5,2.41,2.11,Austria - Jordan,2026-06-17 04:02:52,360.6,1,EUR,2,False,0.14218009478672997,steamer,False
36966486,Match,Partido,A goal in both halves y More than 4 corners in each half,10,4.79,4.2,Scotland - Morocco,2026-06-19 22:00:07,,2,,6,True,0.14047619047619042,steamer,False
33890306,Team shots on target,Remates a puerta equipo,Germany 13 or more,7,3.33,2.92,Germany - Curaçao,2026-06-14 17:01:45,525.0,1,EUR,5,False,0.1404109589041095,steamer,False
33890419,Team corners,Corners equipo,Ghana 5 or more,17,1.95,1.71,Ghana - Panama,2026-06-17 23:00:50,,2,,14,True,0.14035087719298225,steamer,False
36966640,Player headed shots on target (Star Substitute),Remates a puerta con la cabeza Cristiano Ronaldo (Suplente Estrella),1 or more,13,3.26,2.86,Portugal - Uzbekistan,2026-06-23 17:00:06,,2,,12,True,0.13986013986013998,steamer,False
36966638,Anytime goalscorer (Star Substitute),Goleador durante el partido (Suplente Estrella),Harry Kane,119,1.63,1.43,England - Ghana,2026-06-23 20:00:08,,2,,95,True,0.13986013986013998,steamer,False
36966549,Match,Partido,Both teams to score y Over 7.5 corners,52,2.37,2.08,Netherlands - Sweden,2026-06-20 17:00:05,88.65,1,EUR,33,False,0.13942307692307696,steamer,False
33890312,Team shots on target,Remates a puerta equipo,Uruguay 4 or more,5,1.31,1.15,Saudi Arabia - Uruguay,2026-06-15 22:03:57,38.65,1,EUR,5,False,0.1391304347826089,steamer,False
33890416,Team corners,Corners equipo,France 8 or more,8,2.87,2.52,France - Senegal,2026-06-16 19:02:47,14.14,1,EUR,7,False,0.13888888888888892,steamer,False
33890444,Player to win a penalty,Jugador en provocar un penalti,Harry Kane,12,41.0,36.0,England - Croatia,2026-06-17 20:00:04,64.33,1,EUR,7,False,0.13888888888888878,steamer,False
36966612,To score 2 or more goals (Star Substitute),Marcar 2 goles o más (Suplente Estrella),Mbappe,757,3.2,2.81,France - Iraq,2026-06-22 21:00:42,,2,,468,True,0.13879003558718866,steamer,False
33890305,Team Fouls,Faltas Equipo,Ecuador 14 or more,7,1.97,1.73,Ivory Coast - Ecuador,2026-06-14 23:03:23,,2,,7,True,0.13872832369942212,steamer,False
36024492,Anytime goalscorer (Star Substitute),Goleador durante el partido (Suplente Estrella),Calhanoglu,5,4.6,4.04,Australia - Turkey,2026-06-14 04:00:30,13.370000000000001,1,EUR,4,False,0.1386138613861385,steamer,False
36966528,Team corners,Corners equipo,Japan 5 or more,21,1.65,1.45,Tunisia - Japan,2026-06-21 04:00:01,,2,,18,True,0.13793103448275867,steamer,False
36024491,Match corners,Corners durante el partido,9 or more,30,1.82,1.6,Canada - Bosnia And Herzegovina,2026-06-12 19:02:13,,2,,21,True,0.13750000000000012,steamer,False
33890306,Team corners,Corners equipo,Curaçao 4 or more,14,7.05,6.2,Germany - Curaçao,2026-06-14 17:01:45,,2,,13,True,0.13709677419354827,steamer,False
36024492,Match tackles,Entradas ganadas (tackles) durante el partido,31 or more,7,2.17,1.91,Australia - Turkey,2026-06-14 04:00:30,2921.0,1,PEN,3,False,0.13612565445026176,steamer,False
36966553,Team shots on target,Remates a puerta equipo,Ivory Coast 3 or more,5,1.67,1.47,Germany - Ivory Coast,2026-06-20 20:00:00,,2,,4,True,0.13605442176870733,steamer,False
33890309,Match shots on target,Remates a puerta durante el partido,10 or more,6,2.51,2.21,Usa - Paraguay,2026-06-13 01:02:10,,2,,6,True,0.13574660633484154,steamer,False
36966590,Shots on target (Star Substitute),Remates a puerta Valverde (Suplente Estrella),1 or more,16,1.59,1.4,Uruguay - Cape Verde,2026-06-21 22:00:33,,3,,16,True,0.1357142857142858,steamer,False
33890290,Match corners,Corners durante el partido,12 or more,5,2.77,2.44,Haiti - Scotland,2026-06-14 01:02:33,32.1,1,EUR,5,False,0.13524590163934422,steamer,False
36971426,Shots on target (Star Substitute),Remates a puerta Arda Güler (Suplente Estrella),1 or more,24,1.6,1.41,Turkey - Paraguay,2026-06-20 03:00:03,313.35,1,EUR,18,False,0.13475177304964542,steamer,False
36966469,Team shots on target,Remates a puerta equipo,Czech Republic 5 or more,5,1.86,1.64,Czech Republic - South Africa,2026-06-18 16:00:09,139.84,1,EUR,5,False,0.13414634146341467,steamer,False
36966591,Shots on target (Star Substitute),Remates a puerta Lamine Yamal (Suplente Estrella),4 or more,7,7.2,6.35,Spain - Saudi Arabia,2026-06-21 16:00:48,76.2,1,EUR,7,False,0.13385826771653536,steamer,False
33890290,Away-side combo (bet builder),Escocia,Scotland win y Over 2.5 goals,20,2.46,2.17,Haiti - Scotland,2026-06-14 01:02:33,30.0,1,EUR,17,False,0.13364055299539174,steamer,False
33890291,Team corners,Corners equipo,Brazil 4 or more,23,1.36,1.2,Brazil - Morocco,2026-06-13 22:04:18,,3,,19,True,0.13333333333333347,steamer,False
36966591,To Score a Header (Star Substitute),Marcar gol con la cabeza (Suplente Estrella),Laporte,7,17.0,15.0,Spain - Saudi Arabia,2026-06-21 16:00:48,48.65,1,EUR,5,False,0.13333333333333333,steamer,False
33890416,Fouls Won (Star Substitute),Faltas recibidas Mbappe(Suplente Estrella),2 or more,13,2.38,2.1,France - Senegal,2026-06-16 19:02:47,,2,,13,True,0.13333333333333325,steamer,False
36024492,To score or assist (Star Substitute),Marcar gol o asistir (Suplente Estrella),Calhanoglu,6,2.55,2.25,Australia - Turkey,2026-06-14 04:00:30,,2,,6,True,0.13333333333333314,steamer,False
36966472,Match corners,Corners durante el partido,10 or more,17,1.71,1.51,Canada - Qatar,2026-06-18 22:00:44,,2,,15,True,0.13245033112582796,steamer,False
33890211,Assists (Star Substitute),Asistencias Lionel Messi (Suplente Estrella),1 or more,18,3.25,2.87,Argentina - Algeria,2026-06-17 01:02:37,65.06,1,EUR,13,False,0.13240418118466882,steamer,False
36966591,Shots on target (Star Substitute),Remates a puerta Lamine Yamal (Suplente Estrella),3 or more,24,3.43,3.03,Spain - Saudi Arabia,2026-06-21 16:00:48,488.49,1,EUR,24,False,0.13201320132013217,steamer,False
33890291,To be carded (only players and in play)(Star Substitute),Recibir tarjeta (sólo jugadores y en juego)(Suplente Estrella),Casemiro,6,2.67,2.36,Brazil - Morocco,2026-06-13 22:04:18,,2,,6,True,0.13135593220338984,steamer,False
33890309,Match fouls,Faltas durante el partido,25 or more,6,1.81,1.6,Usa - Paraguay,2026-06-13 01:02:10,,2,,6,True,0.13124999999999992,steamer,False
33890259,Team corners,Corners equipo,Switzerland 7 or more,15,1.81,1.6,Qatar - Switzerland,2026-06-13 19:04:43,,2,,11,True,0.13124999999999992,steamer,False
36024491,Match corners,Corners durante el partido,10 or more,19,2.16,1.91,Canada - Bosnia And Herzegovina,2026-06-12 19:02:13,,2,,19,True,0.13089005235602108,steamer,False
33890290,To score or assist (Star Substitute),Marcar gol o asistir (Suplente Estrella),John McGinn,9,2.42,2.14,Haiti - Scotland,2026-06-14 01:02:33,,2,,9,True,0.13084112149532706,steamer,False
33890304,Match shots,Remates durante el partido,25 or more,8,1.73,1.53,Netherlands - Japan,2026-06-14 20:00:08,347.71999999999997,1,EUR,7,False,0.13071895424836594,steamer,False
33890444,Player to score in 1st half,Jugador en meter gol en el 1º tiempo,Harry Kane,8,4.33,3.83,England - Croatia,2026-06-17 20:00:04,41.7,1,EUR,6,False,0.1305483028720626,steamer,False
33890259,Away-side combo (bet builder),Suiza,"Switzerland win, Over 2.5 goals y Over 10.5 corners",5,4.16,3.68,Qatar - Switzerland,2026-06-13 19:04:43,9.45,1,EUR,4,False,0.1304347826086957,steamer,False
33890291,Team corners,Corners equipo,Morocco 6 or more,17,4.44,3.93,Brazil - Morocco,2026-06-13 22:04:18,,2,,15,True,0.12977099236641232,steamer,False
33890291,Fouls Won (Star Substitute),Faltas recibidas Vinícius(Suplente Estrella),2 or more,9,1.66,1.47,Brazil - Morocco,2026-06-13 22:04:18,355.63,1,EUR,8,False,0.12925170068027197,steamer,False
33890416,Match corners,Corners durante el partido,11 or more,25,2.37,2.1,France - Senegal,2026-06-16 19:02:47,,2,,22,True,0.12857142857142864,steamer,False
37238914,Anytime goalscorer (Star Substitute),Goleador durante el partido (Suplente Estrella),David Larrubia,8,3.8,3.37,Malaga - Las Palmas,2026-06-10 19:01:06,20.58,1,EUR,7,False,0.12759643916913943,steamer,False
33890291,1st half: Team corners,1º tiempo: Corners equipo,Morocco 4 or more,8,6.65,5.9,Brazil - Morocco,2026-06-13 22:04:18,10.2,1,EUR,5,False,0.12711864406779663,steamer,False
36966638,First to score for their team (Star Substitute),Jugador en meter el 1º gol del equipo (Suplente Estrella),Harry Kane,8,2.49,2.21,England - Ghana,2026-06-23 20:00:08,63.61,1,EUR,7,False,0.12669683257918568,steamer,False
33890313,Player to score in fisrt ten minutes (from 0:00 to 9:59),Jugador en meter gol en los 10 primeros minutos (del 0:00 al 9:59),Oyarzabal,42,9.35,8.3,Spain - Cape Verde,2026-06-15 16:01:07,,3,,40,True,0.12650602409638542,steamer,False
33890444,Home-side combo (bet builder),Inglaterra,England win y Over 2.5 goals,20,3.03,2.69,England - Croatia,2026-06-17 20:00:04,147.57999999999998,1,EUR,16,False,0.12639405204460977,steamer,False
36966553,Home-side combo (bet builder),Alemania,"Germany win, Over 8.5 corners y Havertz to score a Hat trick (three or more goals)",7,46.17,41.0,Germany - Ivory Coast,2026-06-20 20:00:00,6.5,1,EUR,4,False,0.12609756097560992,steamer,False
33890444,Home-side combo (bet builder),Inglaterra,"England win, Over 2.5 goals y Harry Kane to score",11,4.11,3.65,England - Croatia,2026-06-17 20:00:04,38.24,1,EUR,10,False,0.126027397260274,steamer,False
36024492,Team shots on target,Remates a puerta equipo,Turkey 5 or more,9,1.52,1.35,Australia - Turkey,2026-06-14 04:00:30,,2,,8,True,0.12592592592592577,steamer,False
33890259,1st half: Team corners,1º tiempo: Corners equipo,Switzerland 3 or more,9,1.53,1.36,Qatar - Switzerland,2026-06-13 19:04:43,50.989999999999995,1,EUR,7,False,0.12499999999999989,steamer,False
33890416,Match,Partido,Over 2.5 goals y Over 9.5 corners,5,3.52,3.13,France - Senegal,2026-06-16 19:02:47,7.28,1,EUR,5,False,0.12460063897763564,steamer,False
36966612,Home-side combo (bet builder),Francia,France to win both halves y Over 3.5 goals,17,2.53,2.25,France - Iraq,2026-06-22 21:00:42,,2,,12,True,0.12444444444444425,steamer,False
36966553,Team corners,Corners equipo,Germany 6 or more,33,1.81,1.61,Germany - Ivory Coast,2026-06-20 20:00:00,,2,,30,True,0.1242236024844719,steamer,False
36966549,Shots on target (Star Substitute),Remates a puerta Viktor Gyokeres (Suplente Estrella),2 or more,18,2.81,2.5,Netherlands - Sweden,2026-06-20 17:00:05,492.5,1,EUR,8,False,0.124,steamer,False
36966640,Home-side combo (bet builder),Portugal,Portugal wins at half time / Portugal wins full time y Cristiano Ronaldo to score,11,2.09,1.86,Portugal - Uzbekistan,2026-06-23 17:00:06,90.78,1,EUR,8,False,0.12365591397849443,steamer,False
33890304,1st half: Team corners,1º tiempo: Corners equipo,Japan 3 or more,7,3.0,2.67,Netherlands - Japan,2026-06-14 20:00:08,48.53,1,EUR,7,False,0.12359550561797766,steamer,False
33890210,Team corners,Corners equipo,Jordan 3 or more,10,1.46,1.3,Austria - Jordan,2026-06-17 04:02:52,,2,,10,True,0.12307692307692304,steamer,False
36966640,Match corners,Corners durante el partido,12 or more,5,2.92,2.6,Portugal - Uzbekistan,2026-06-23 17:00:06,70.0,1,EUR,5,False,0.12307692307692304,steamer,False
36966638,Home-side combo (bet builder),Inglaterra,"England win, Over 10.5 corners y Harry Kane to score",6,5.41,4.82,England - Ghana,2026-06-23 20:00:08,77.15,1,EUR,6,False,0.12240663900414925,steamer,False
33890313,Team Fouls,Faltas Equipo,Cape Verde 12 or more,7,1.56,1.39,Spain - Cape Verde,2026-06-15 16:01:07,57.019999999999996,1,EUR,7,False,0.12230215827338152,steamer,False
33890306,Home-side combo (bet builder),Alemania,A goal in both halves y Kimmich 2 or more shots on target,7,4.5,4.01,Germany - Curaçao,2026-06-14 17:01:45,4.02,1,EUR,2,False,0.12219451371571083,steamer,False
36966609,Home-side combo (bet builder),Argentina,Argentina win y Over 2.5 goals,35,2.58,2.3,Argentina - Austria,2026-06-22 17:00:58,186.02,1,EUR,26,False,0.12173913043478282,steamer,False
33890416,Home-side combo (bet builder),Francia,"France win, Over 8.5 corners y Mbappe to score",13,3.78,3.37,France - Senegal,2026-06-16 19:02:47,24.17,1,EUR,11,False,0.12166172106824899,steamer,False
36966469,Match corners,Corners durante el partido,8 or more,24,1.57,1.4,Czech Republic - South Africa,2026-06-18 16:00:09,,2,,23,True,0.12142857142857151,steamer,False
33890304,Team shots on target,Remates a puerta equipo,Netherlands 5 or more,5,1.85,1.65,Netherlands - Japan,2026-06-14 20:00:08,,2,,5,True,0.12121212121212141,steamer,False
36966609,Match penalty missed,Penalti fallado durante el partido,Yes,10,11.1,9.9,Argentina - Austria,2026-06-22 17:00:58,,2,,7,True,0.12121212121212108,steamer,False
36966590,1st half: Team corners,1º tiempo: Corners equipo,Uruguay 3 or more,15,1.76,1.57,Uruguay - Cape Verde,2026-06-21 22:00:33,14.64,1,EUR,12,False,0.12101910828025463,steamer,False
36966485,Team corners,Corners equipo,Haiti 4 or more,13,4.64,4.14,Brazil - Haiti,2026-06-20 00:32:31,,2,,13,True,0.12077294685990339,steamer,False
33890238,Team corners,Corners equipo,South Africa 3 or more,50,1.58,1.41,Mexico - South Africa,2026-06-11 19:05:51,,2,,30,True,0.12056737588652498,steamer,False
36966553,Home-side combo (bet builder),Alemania,Germany to win both halves y Over 3.5 goals,14,6.35,5.67,Germany - Ivory Coast,2026-06-20 20:00:00,,2,,8,True,0.11992945326278655,steamer,False
36966485,Home-side combo (bet builder),Brasil,Vinícius 2 or more shots on target y Bruno Guimarães 2 or more shots on target,5,10.75,9.6,Brazil - Haiti,2026-06-20 00:32:31,4.63,1,EUR,5,False,0.11979166666666673,steamer,False
33890306,1st half: Team corners,1º tiempo: Corners equipo,Germany 4 or more,19,1.59,1.42,Germany - Curaçao,2026-06-14 17:01:45,,2,,16,True,0.11971830985915508,steamer,False
33890444,Match corners,Corners durante el partido,11 or more,5,2.81,2.51,England - Croatia,2026-06-17 20:00:04,10.53,1,EUR,5,False,0.11952191235059764,steamer,False
36966612,Home-side combo (bet builder),Francia,France to win 1st half y France to win 2nd half,15,1.78,1.59,France - Iraq,2026-06-22 21:00:42,,2,,10,True,0.11949685534591183,steamer,False
33890304,Home-side combo (bet builder),Países Bajos,Netherlands win y Cody Gakpo to score,7,4.88,4.36,Netherlands - Japan,2026-06-14 20:00:08,108.62,1,EUR,5,False,0.11926605504587146,steamer,False
36966612,Hat trick (three or more goals) (Star Substitute),Hat trick (tres o más goles) (Suplente Estrella),Mbappe,248,8.45,7.55,France - Iraq,2026-06-22 21:00:42,,2,,186,True,0.11920529801324505,steamer,False
36966549,Home-side combo (bet builder),Países Bajos,Netherlands win y Both teams to score,26,3.41,3.05,Netherlands - Sweden,2026-06-20 17:00:05,65.3,1,EUR,8,False,0.11803278688524615,steamer,False
36024518,Team corners,Corners equipo,Norway 7 or more,31,1.8,1.61,Iraq - Norway,2026-06-16 22:00:57,,2,,26,True,0.11801242236024831,steamer,False
33890291,Match corners,Corners durante el partido,9 or more,27,1.8,1.61,Brazil - Morocco,2026-06-13 22:04:18,,2,,25,True,0.11801242236024831,steamer,False
33890306,Team corners,Corners equipo,Curaçao 5 or more,11,12.8,11.45,Germany - Curaçao,2026-06-14 17:01:45,,2,,10,True,0.11790393013100449,steamer,False
33890290,Team corners,Corners equipo,Haiti 4 or more,19,1.9,1.7,Haiti - Scotland,2026-06-14 01:02:33,,2,,15,True,0.11764705882352951,steamer,False
33890313,To score 2 or more goals (Star Substitute),Marcar 2 goles o más (Suplente Estrella),Gavi,11,19.0,17.0,Spain - Cape Verde,2026-06-15 16:01:07,,2,,10,True,0.11764705882352945,steamer,False
33890313,Player to win a penalty,Jugador en provocar un penalti,Oyarzabal,11,19.0,17.0,Spain - Cape Verde,2026-06-15 16:01:07,44.0,1,EUR,8,False,0.11764705882352945,steamer,False
36966612,Home-side combo (bet builder),Francia,"France win, Over 10.5 corners y Mbappe to score a Hat trick (three or more goals)",10,19.0,17.0,France - Iraq,2026-06-22 21:00:42,19.67,1,EUR,8,False,0.11764705882352945,steamer,False
37265891,1-X-2 / 2 goals Up,1-X-2 / Ventaja 2 goles,1,7,1.52,1.36,Juventude - Ponte Preta,2026-06-14 14:01:33,6.71,1,EUR,7,False,0.11764705882352924,steamer,False
36966486,Away-side combo (bet builder),Marruecos,Morocco to win both halves y Over 3.5 goals,8,10.75,9.62,Scotland - Morocco,2026-06-19 22:00:07,8.68,1,EUR,3,False,0.11746361746361754,steamer,False
36966550,Match penalty missed,Penalti fallado durante el partido,Yes,9,10.0,8.95,Ecuador - Curaçao,2026-06-21 00:00:04,,2,,7,True,0.11731843575418996,steamer,False
36966553,1-X-2 / 2 goals Up,1-X-2 / Ventaja 2 goles,1,575,1.53,1.37,Germany - Ivory Coast,2026-06-20 20:00:00,,2,,273,True,0.1167883211678832,steamer,False
33890444,Player to score in both halves (Star Substitute),Jugador en meter gol en el 1º y 2º tiempo (Suplente Estrella),Harry Kane,5,11.0,9.85,England - Croatia,2026-06-17 20:00:04,33.0,1,EUR,5,False,0.11675126903553296,steamer,False
36966553,Match penalty missed,Penalti fallado durante el partido,Yes,9,11.0,9.85,Germany - Ivory Coast,2026-06-20 20:00:00,,2,,9,True,0.11675126903553296,steamer,False
33890290,Anytime goalscorer (Star Substitute),Goleador durante el partido (Suplente Estrella),McTominay,29,2.87,2.57,Haiti - Scotland,2026-06-14 01:02:33,,2,,25,True,0.11673151750972774,steamer,False
33890309,Team corners,Corners equipo,Paraguay 3 or more,14,1.34,1.2,Usa - Paraguay,2026-06-13 01:02:10,,2,,10,True,0.11666666666666682,steamer,False
36966486,To be carded (only players and in play)(Star Substitute),Recibir tarjeta (sólo jugadores y en juego) (Suplente Estrella),John McGinn,6,3.83,3.43,Scotland - Morocco,2026-06-19 22:00:07,55.39,1,EUR,6,False,0.11661807580174924,steamer,False
36966472,Match corners,Corners durante el partido,11 or more,9,2.02,1.81,Canada - Qatar,2026-06-18 22:00:44,,2,,9,True,0.11602209944751389,steamer,False
33890304,Team Shots,Remates equipo,Japan 11 or more,7,1.74,1.56,Netherlands - Japan,2026-06-14 20:00:08,231.62,1,EUR,7,False,0.11538461538461535,steamer,False
33890291,Anytime goalscorer (Star Substitute),Goleador durante el partido (Suplente Estrella),Ismael Saibari,6,5.8,5.2,Brazil - Morocco,2026-06-13 22:04:18,29.28,1,EUR,6,False,0.11538461538461521,steamer,False
36966553,Team corners,Corners equipo,Germany 5 or more,34,1.45,1.3,Germany - Ivory Coast,2026-06-20 20:00:00,,2,,30,True,0.11538461538461521,steamer,False
36966469,Team shots on target,Remates a puerta equipo,Czech Republic 4 or more,5,1.45,1.3,Czech Republic - South Africa,2026-06-18 16:00:09,,2,,5,True,0.11538461538461521,steamer,False
33890290,1st half: Team corners,1º tiempo: Corners equipo,Scotland 3 or more,9,2.13,1.91,Haiti - Scotland,2026-06-14 01:02:33,54.25,1,EUR,8,False,0.11518324607329841,steamer,False
37238914,Match corners,Corners durante el partido,9 or more,11,1.46,1.31,Malaga - Las Palmas,2026-06-10 19:01:06,77.93,1,EUR,10,False,0.1145038167938931,steamer,False
33890313,To score or assist (Star Substitute),Marcar gol o asistir (Suplente Estrella),Marcos Llorente,5,2.92,2.62,Spain - Cape Verde,2026-06-15 16:01:07,29.92,1,EUR,5,False,0.1145038167938931,steamer,False
36966591,Match penalty missed,Penalti fallado durante el partido,Yes,12,9.25,8.3,Spain - Saudi Arabia,2026-06-21 16:00:48,,2,,10,True,0.114457831325301,steamer,False
36966549,Match,Partido,A goal in both halves y More than 4 corners in each half,6,3.61,3.24,Netherlands - Sweden,2026-06-20 17:00:05,,2,,6,True,0.11419753086419739,steamer,False
36966591,Assists (Star Substitute),Asistencias Marc Cucurella (Suplente Estrella),1 or more,7,4.2,3.77,Spain - Saudi Arabia,2026-06-21 16:00:48,8.33,1,EUR,4,False,0.11405835543766596,steamer,False
36024518,Match corners,Corners durante el partido,12 or more,12,3.03,2.72,Iraq - Norway,2026-06-16 22:00:57,546.3900000000001,1,EUR,10,False,0.11397058823529403,steamer,False
33890238,Shots on target (Star Substitute),Remates a puerta Raúl Jiménez (Suplente Estrella),3 or more,5,4.5,4.04,Mexico - South Africa,2026-06-11 19:05:51,150.5,1,EUR,5,False,0.11386138613861391,steamer,False
33890416,Player to score in 1st half,Jugador en meter gol en el 1º tiempo,Mbappe,10,3.62,3.25,France - Senegal,2026-06-16 19:02:47,33.94,1,EUR,10,False,0.11384615384615385,steamer,False
33890305,Team Fouls,Faltas Equipo,Ivory Coast 14 or more,5,2.35,2.11,Ivory Coast - Ecuador,2026-06-14 23:03:23,,2,,5,True,0.1137440758293839,steamer,False
36966549,Team corners,Corners equipo,Sweden 6 or more,13,4.7,4.22,Netherlands - Sweden,2026-06-20 17:00:05,52.03,1,EUR,10,False,0.1137440758293839,steamer,False
36966549,Match,Partido,Both teams to score y Viktor Gyokeres to score,8,3.33,2.99,Netherlands - Sweden,2026-06-20 17:00:05,17.7,1,EUR,6,False,0.11371237458193978,steamer,False
33890290,Away-side combo (bet builder),Escocia,Scotland win y McTominay to score,9,3.63,3.26,Haiti - Scotland,2026-06-14 01:02:33,2.83,1,EUR,6,False,0.1134969325153374,steamer,False
33890306,Team corners,Corners equipo,Germany 8 or more,32,1.57,1.41,Germany - Curaçao,2026-06-14 17:01:45,,2,,29,True,0.11347517730496463,steamer,False
33890259,Match corners,Corners durante el partido,9 or more,62,1.67,1.5,Qatar - Switzerland,2026-06-13 19:04:43,,2,,53,True,0.11333333333333316,steamer,False
36966640,To score or assist (Star Substitute),Marcar gol o asistir (Suplente Estrella),Bernardo Silva,5,2.27,2.04,Portugal - Uzbekistan,2026-06-23 17:00:06,16.4,1,EUR,5,False,0.11274509803921569,steamer,False
36966473,Team corners,Corners equipo,Bosnia And Herzegovina 3 or more,49,1.68,1.51,Switzerland - Bosnia And Herzegovina,2026-06-18 19:00:01,,2,,38,True,0.11258278145695375,steamer,False
36966553,Match corners,Corners durante el partido,9 or more,59,1.68,1.51,Germany - Ivory Coast,2026-06-20 20:00:00,,2,,43,True,0.11258278145695375,steamer,False
36966638,Home-side combo (bet builder),Inglaterra,England win y A goal in both halves,17,1.78,1.6,England - Ghana,2026-06-23 20:00:08,370.74,1,EUR,12,False,0.11249999999999992,steamer,False
36966591,Team Shots,Remates equipo,Spain 24 or more,11,1.98,1.78,Spain - Saudi Arabia,2026-06-21 16:00:48,,2,,10,True,0.11235955056179776,steamer,False
33890444,Team shots on target,Remates a puerta equipo,England 6 or more,7,2.08,1.87,England - Croatia,2026-06-17 20:00:04,52.269999999999996,1,EUR,6,False,0.11229946524064163,steamer,False
36966611,To score or assist (Star Substitute),Marcar gol o asistir (Suplente Estrella),Haaland,168,1.9,1.71,Norway - Senegal,2026-06-23 00:00:05,,2,,141,True,0.1111111111111111,steamer,False
33890444,Team shots on target,Remates a puerta equipo,Croatia 3 or more,6,1.5,1.35,England - Croatia,2026-06-17 20:00:04,,2,,6,True,0.1111111111111111,steamer,False
36966609,Home-side combo (bet builder),Argentina,Argentina win y A goal in both halves,18,2.4,2.16,Argentina - Austria,2026-06-22 17:00:58,13.35,1,EUR,12,False,0.11111111111111094,steamer,False
36966609,Home-side combo (bet builder),Argentina,Argentina win y Lionel Messi 2 or more shots on target,69,2.51,2.26,Argentina - Austria,2026-06-22 17:00:58,,2,,61,True,0.11061946902654864,steamer,False
36966640,Home-side combo (bet builder),Portugal,Portugal win y Over 2.5 goals,9,1.71,1.54,Portugal - Uzbekistan,2026-06-23 17:00:06,20.37,1,EUR,9,False,0.11038961038961044,steamer,False
33890312,Team Shots,Remates equipo,Saudi Arabia 8 or more,7,1.61,1.45,Saudi Arabia - Uruguay,2026-06-15 22:03:57,208.66,1,EUR,7,False,0.11034482758620706,steamer,False
36024491,Match corners,Corners durante el partido,11 or more,8,2.52,2.27,Canada - Bosnia And Herzegovina,2026-06-12 19:02:13,117.95,1,EUR,7,False,0.11013215859030838,steamer,False
33890305,Match fouls,Faltas durante el partido,29 or more,5,2.22,2.0,Ivory Coast - Ecuador,2026-06-14 23:03:23,142.5,1,EUR,5,False,0.11000000000000013,steamer,False
33890416,Team corners,Corners equipo,France 7 or more,22,2.12,1.91,France - Senegal,2026-06-16 19:02:47,,2,,20,True,0.10994764397905771,steamer,False
36966591,Home-side combo (bet builder),España,Spain to win both halves y Over 3.5 goals,9,3.13,2.82,Spain - Saudi Arabia,2026-06-21 16:00:48,123.83,1,EUR,8,False,0.10992907801418449,steamer,False
36966472,Match corners,Corners durante el partido,13 or more,5,3.13,2.82,Canada - Qatar,2026-06-18 22:00:44,,2,,5,True,0.10992907801418449,steamer,False
36966553,Match corners,Corners durante el partido,12 or more,19,3.03,2.73,Germany - Ivory Coast,2026-06-20 20:00:00,623.87,1,EUR,14,False,0.10989010989010982,steamer,False
33890313,To score 2 or more goals (Star Substitute),Marcar 2 goles o más (Suplente Estrella),Oyarzabal,119,3.85,3.47,Spain - Cape Verde,2026-06-15 16:01:07,,2,,109,True,0.10951008645533153,steamer,False
33890313,Match,Partido,Over 1.5 half time goals y Over 1.5 second half goals,6,2.94,2.65,Spain - Cape Verde,2026-06-15 16:01:07,19.17,1,EUR,4,False,0.10943396226415106,steamer,False
33890259,Team shots on target,Remates a puerta equipo,Switzerland 8 or more,6,2.44,2.2,Qatar - Switzerland,2026-06-13 19:04:43,,2,,5,True,0.10909090909090903,steamer,False
36966609,Team corners,Corners equipo,Austria 6 or more,5,6.1,5.5,Argentina - Austria,2026-06-22 17:00:58,38.03,1,EUR,5,False,0.10909090909090902,steamer,False
36971426,Team corners,Corners equipo,Turkey 6 or more,62,2.24,2.02,Turkey - Paraguay,2026-06-20 03:00:03,,2,,12,True,0.10891089108910898,steamer,False
33890299,1st half: Corners,1º tiempo: Corners,4 or more,11,1.53,1.38,Belgium - Egypt,2026-06-15 19:00:29,,2,,5,True,0.1086956521739132,steamer,False
33890304,Team corners,Corners equipo,Netherlands 4 or more,24,1.33,1.2,Netherlands - Japan,2026-06-14 20:00:08,,2,,22,True,0.10833333333333345,steamer,False
33890291,Match,Partido,Both teams to score y Over 11.5 corners,6,8.09,7.3,Brazil - Morocco,2026-06-13 22:04:18,51.09,1,EUR,3,False,0.10821917808219171,steamer,False
36966612,Team goals,Goles equipo,France 3 or more,10,1.64,1.48,France - Iraq,2026-06-22 21:00:42,720.47,1,EUR,7,False,0.1081081081081081,steamer,False
33890419,1st half: Team corners,1º tiempo: Corners equipo,Panama 4 or more,5,5.65,5.1,Ghana - Panama,2026-06-17 23:00:50,51.5,1,EUR,5,False,0.10784313725490212,steamer,False
36966591,Anytime goalscorer (Star Substitute),Goleador durante el partido (Suplente Estrella),Laporte,9,9.25,8.35,Spain - Saudi Arabia,2026-06-21 16:00:48,94.07,1,EUR,9,False,0.1077844311377245,steamer,False
36966611,Home-side combo (bet builder),Noruega,Norway to win 1st half y Norway to win 2nd half,6,8.75,7.9,Norway - Senegal,2026-06-23 00:00:05,13.940000000000001,1,EUR,4,False,0.10759493670886063,steamer,False
37238914,Team corners,Corners equipo,Las Palmas 4 or more,10,1.34,1.21,Malaga - Las Palmas,2026-06-10 19:01:06,738.84,1,EUR,10,False,0.10743801652892575,steamer,False
36024492,To score or assist (Star Substitute),Marcar gol o asistir (Suplente Estrella),Kenan Yildiz,12,2.27,2.05,Australia - Turkey,2026-06-14 04:00:30,36.46,1,EUR,11,False,0.10731707317073186,steamer,False
36966480,Team corners,Corners equipo,Australia 3 or more,23,1.55,1.4,Usa - Australia,2026-06-19 19:00:27,,2,,19,True,0.10714285714285719,steamer,False
36966638,Match corners,Corners durante el partido,12 or more,15,3.63,3.28,England - Ghana,2026-06-23 20:00:08,1588.17,1,EUR,12,False,0.10670731707317067,steamer,False
36966549,Anytime goalscorer (Star Substitute),Goleador durante el partido (Suplente Estrella),Viktor Gyokeres,20,3.12,2.82,Netherlands - Sweden,2026-06-20 17:00:05,96.17999999999999,1,EUR,18,False,0.1063829787234044,steamer,False
33890444,Match,Partido,Over 2.5 goals y Harry Kane to score,12,3.23,2.92,England - Croatia,2026-06-17 20:00:04,62.39,1,EUR,9,False,0.10616438356164369,steamer,False
36966473,Match corners,Corners durante el partido,9 or more,38,1.67,1.51,Switzerland - Bosnia And Herzegovina,2026-06-18 19:00:01,,2,,38,True,0.10596026490066224,steamer,False
36966591,1st half: Team corners,1º tiempo: Corners equipo,Saudi Arabia 2 or more,8,2.93,2.65,Spain - Saudi Arabia,2026-06-21 16:00:48,9.05,1,EUR,6,False,0.10566037735849074,steamer,False
33890309,Match corners,Corners durante el partido,9 or more,24,1.78,1.61,Usa - Paraguay,2026-06-13 01:02:10,,2,,18,True,0.10559006211180108,steamer,False
33890312,Team Shots,Remates equipo,Saudi Arabia 12 or more,5,4.4,3.98,Saudi Arabia - Uruguay,2026-06-15 22:03:57,169.56,1,EUR,4,False,0.10552763819095472,steamer,False
37238914,To score 2 or more goals (Star Substitute),Marcar 2 goles o más (Suplente Estrella),David Larrubia,6,21.0,19.0,Malaga - Las Palmas,2026-06-10 19:01:06,15.0,1,EUR,6,False,0.10526315789473684,steamer,False
36024492,Match corners,Corners durante el partido,10 or more,9,2.0,1.81,Australia - Turkey,2026-06-14 04:00:30,,2,,8,True,0.1049723756906078,steamer,False
37233846,Team Shots,Remates equipo,Portugal 19 or more,5,2.11,1.91,Portugal - Nigeria,2026-06-10 19:49:08,,2,,5,True,0.10471204188481673,steamer,False
36966591,1st half: Shots on target,Lamine Yamal,2 or more,15,4.12,3.73,Spain - Saudi Arabia,2026-06-21 16:00:48,,2,,14,True,0.10455764075067027,steamer,False
36966611,Home-side combo (bet builder),Noruega,"Norway win, Over 3.5 goals y Haaland to score",10,7.4,6.7,Norway - Senegal,2026-06-23 00:00:05,1.33,1,EUR,3,False,0.10447761194029857,steamer,False
33890313,Fouls Won (Star Substitute),Faltas recibidas Pedri(Suplente Estrella),2 or more,8,2.23,2.02,Spain - Cape Verde,2026-06-15 16:01:07,85.33,1,EUR,7,False,0.10396039603960391,steamer,False
36966549,Home-side combo (bet builder),Países Bajos,Netherlands win y Cody Gakpo to score,6,3.72,3.37,Netherlands - Sweden,2026-06-20 17:00:05,16.28,1,EUR,6,False,0.10385756676557861,steamer,False
33890220,1st half: Team corners,1º tiempo: Corners equipo,Colombia 5 or more,5,5.0,4.53,Uzbekistan - Colombia,2026-06-18 02:00:00,42.33,1,EUR,5,False,0.10375275938189835,steamer,False
36966593,Saves (Star Substitute),Paradas Alireza Beiranvand (Suplente Estrella),4 or more,6,1.81,1.64,Belgium - Iran,2026-06-21 19:00:03,7.99,1,EUR,6,False,0.10365853658536577,steamer,False
33890259,Away-side combo (bet builder),Suiza,Switzerland to win 1st half y Switzerland to win 2nd half,13,2.56,2.32,Qatar - Switzerland,2026-06-13 19:04:43,,2,,11,True,0.10344827586206903,steamer,False
36024492,Away-side combo (bet builder),Turquía,Turkey win y Arda Güler 2 or more shots on target,6,4.8,4.35,Australia - Turkey,2026-06-14 04:00:30,20.04,1,EUR,6,False,0.10344827586206903,steamer,False
36966593,Team corners,Corners equipo,Iran 4 or more,22,2.67,2.42,Belgium - Iran,2026-06-21 19:00:03,,2,,14,True,0.10330578512396689,steamer,False
36966466,Home-side combo (bet builder),México,Draw y A goal in both halves,33,8.55,7.75,Mexico - South Korea,2026-06-19 01:00:38,51.28,1,EUR,3,False,0.10322580645161293,steamer,False
36966466,Team shots on target,Remates a puerta equipo,South Korea 4 or more,9,2.14,1.94,Mexico - South Korea,2026-06-19 01:00:38,,2,,7,True,0.10309278350515477,steamer,False
36024491,Saves (Star Substitute),Paradas Maxime Crépeau (Suplente Estrella),4 or more,18,4.39,3.98,Canada - Bosnia And Herzegovina,2026-06-12 19:02:13,,2,,17,True,0.10301507537688422,steamer,False
36966590,Team shots on target,Remates a puerta equipo,Uruguay 6 or more,13,1.83,1.66,Uruguay - Cape Verde,2026-06-21 22:00:33,,2,,12,True,0.10240963855421709,steamer,False
33890444,Match,Partido,Over 2.5 goals y Harry Kane 2 or more shots on target,6,3.34,3.03,England - Croatia,2026-06-17 20:00:04,32.05,1,EUR,5,False,0.10231023102310219,steamer,False
33890313,To score or assist (Star Substitute),Marcar gol o asistir (Suplente Estrella),Fabián Ruiz,22,2.16,1.96,Spain - Cape Verde,2026-06-15 16:01:07,390.39,1,EUR,17,False,0.10204081632653077,steamer,False
33890416,Home-side combo (bet builder),Francia,"France win, Over 10.5 corners y Mbappe to score",11,5.95,5.4,France - Senegal,2026-06-16 19:02:47,109.19,1,EUR,10,False,0.10185185185185189,steamer,False
33890304,Match throw-ins,Saques de banda durante el partido,34 or more,11,1.84,1.67,Netherlands - Japan,2026-06-14 20:00:08,,2,,6,True,0.1017964071856289,steamer,False
36966466,To score or assist (Star Substitute),Marcar gol o asistir (Suplente Estrella),Heung-Min Son,32,2.61,2.37,Mexico - South Korea,2026-06-19 01:00:38,,2,,26,True,0.10126582278480997,steamer,False
33890306,2nd Half: Team Cards (only players and in play),2º tiempo: Tarjetas equipo (solo jugadores y en juego),Curaçao 2 or more,8,2.61,2.37,Germany - Curaçao,2026-06-14 17:01:45,4.42,1,EUR,4,False,0.10126582278480997,steamer,False
33890444,Home-side combo (bet builder),Inglaterra,A goal in both halves y Harry Kane 2 or more shots on target,5,3.05,2.77,England - Croatia,2026-06-17 20:00:04,7.3,1,EUR,4,False,0.1010830324909747,steamer,False
33890306,Home-side combo (bet builder),Alemania,"Germany win, Over 8.5 corners y Havertz to score 2 or more goals",10,4.61,4.19,Germany - Curaçao,2026-06-14 17:01:45,31.84,1,EUR,5,False,0.10023866348448693,steamer,False
36966590,Home-side combo (bet builder),Uruguay,"Uruguay win, Over 8.5 corners y Valverde 2 or more shots on target",9,5.83,5.3,Uruguay - Cape Verde,2026-06-21 22:00:33,99.7,1,EUR,9,False,0.10000000000000013,steamer,False
33890304,Shots on target (Star Substitute),Remates a puerta Cody Gakpo (Suplente Estrella),2 or more,19,3.08,2.8,Netherlands - Japan,2026-06-14 20:00:08,231.21,1,EUR,18,False,0.10000000000000003,steamer,False
33890416,Match corners,Corners durante el partido,10 or more,49,1.98,1.8,France - Senegal,2026-06-16 19:02:47,,2,,42,True,0.09999999999999998,steamer,False
36966612,Player to score in 1st half,Jugador en meter gol en el 1º tiempo,Mbappe,32,2.42,2.2,France - Iraq,2026-06-22 21:00:42,,2,,27,True,0.09999999999999994,steamer,False
36966553,Home-side combo (bet builder),Alemania,Havertz to score y Musiala to score,6,6.6,6.0,Germany - Ivory Coast,2026-06-20 20:00:00,0.21,1,EUR,2,False,0.09999999999999991,steamer,False
36024493,Team shots on target,Remates a puerta equipo,Sweden 6 or more,6,2.32,2.11,Sweden - Tunisia,2026-06-15 02:00:33,,2,,6,True,0.09952606635071085,steamer,False
36966553,Match corners,Corners durante el partido,10 or more,37,1.99,1.81,Germany - Ivory Coast,2026-06-20 20:00:00,,2,,21,True,0.09944751381215486,steamer,False
33890299,1-X-2 / 2 goals Up,1-X-2 / Ventaja 2 goles,1,445,1.66,1.51,Belgium - Egypt,2026-06-15 19:00:29,,2,,234,True,0.09933774834437085,steamer,False
33890290,Match corners,Corners durante el partido,9 or more,25,1.66,1.51,Haiti - Scotland,2026-06-14 01:02:33,,2,,22,True,0.09933774834437085,steamer,False
36966591,Home-side combo (bet builder),España,"Ferran to score, Dani Olmo to score y Mohammed Kanno to be booked",7,16.49,15.0,Spain - Saudi Arabia,2026-06-21 16:00:48,0.5700000000000001,1,EUR,2,False,0.0993333333333332,steamer,False
36966549,Team shots on target,Remates a puerta equipo,Sweden 3 or more,5,1.44,1.31,Netherlands - Sweden,2026-06-20 17:00:05,,2,,5,True,0.099236641221374,steamer,False
33890211,To score and Assist,Marcar gol y asistir,Lionel Messi,8,5.1,4.64,Argentina - Algeria,2026-06-17 01:02:37,,2,,7,True,0.09913793103448269,steamer,False
33890313,Home-side combo (bet builder),España,"Spain win, Over 3.5 goals y Oyarzabal to score",12,2.44,2.22,Spain - Cape Verde,2026-06-15 16:01:07,123.06,1,EUR,11,False,0.09909909909909895,steamer,False
33890306,Team corners,Corners equipo,Germany 10 or more,22,2.33,2.12,Germany - Curaçao,2026-06-14 17:01:45,,2,,22,True,0.09905660377358476,steamer,False
36024518,Saves (Star Substitute),Paradas Orjan Nyland (Suplente Estrella),2 or more,5,1.67,1.52,Iraq - Norway,2026-06-16 22:00:57,26.43,1,EUR,4,False,0.09868421052631576,steamer,False
36024492,Away-side combo (bet builder),Turquía,Turkey win y Arda Güler to score,10,4.12,3.75,Australia - Turkey,2026-06-14 04:00:30,33.17,1,EUR,8,False,0.09866666666666664,steamer,False
33890306,Match penalty missed,Penalti fallado durante el partido,Yes,10,7.8,7.1,Germany - Curaçao,2026-06-14 17:01:45,,2,,9,True,0.09859154929577456,steamer,False
36966553,Home-side combo (bet builder),Alemania,Germany win y Over 2.5 goals,38,2.23,2.03,Germany - Ivory Coast,2026-06-20 20:00:00,164.34,1,EUR,32,False,0.09852216748768483,steamer,False
33890306,2nd half: Team Corners,2º tiempo: Corners equipo,Germany 3 or more,13,1.45,1.32,Germany - Curaçao,2026-06-14 17:01:45,5.41,1,EUR,9,False,0.0984848484848484,steamer,False
37183511,Team corners,Corners equipo,England 7 or more,14,1.8,1.64,England - Costa Rica,2026-06-10 21:03:46,,2,,12,True,0.09756097560975602,steamer,False
36966549,Match,Partido,Both teams to score y A goal in both halves,22,2.14,1.95,Netherlands - Sweden,2026-06-20 17:00:05,40.89,1,EUR,16,False,0.09743589743589759,steamer,False
33890259,Away-side combo (bet builder),Suiza,"Switzerland win, Over 2.5 goals y Over 8.5 corners",17,2.71,2.47,Qatar - Switzerland,2026-06-13 19:04:43,,2,,14,True,0.09716599190283398,steamer,False
33890444,Player to score in fisrt ten minutes (from 0:00 to 9:59),Jugador en meter gol en los 10 primeros minutos (del 0:00 al 9:59),Harry Kane,33,13.0,11.85,England - Croatia,2026-06-17 20:00:04,106.88,1,EUR,24,False,0.0970464135021096,steamer,False
33890220,Match,Partido,Over 2.5 goals y Luis Diaz to score,6,3.17,2.89,Uzbekistan - Colombia,2026-06-18 02:00:00,15.79,1,EUR,3,False,0.0968858131487889,steamer,False
36966528,Away-side combo (bet builder),Japón,Japan win y Ayase Ueda to score,9,3.17,2.89,Tunisia - Japan,2026-06-21 04:00:01,4.65,1,EUR,6,False,0.0968858131487889,steamer,False
33890290,To Score a Header (Star Substitute),Marcar gol con la cabeza (Suplente Estrella),McTominay,5,8.5,7.75,Haiti - Scotland,2026-06-14 01:02:33,10.2,1,EUR,2,False,0.09677419354838708,steamer,False
36024480,Team corners,Corners equipo,South Korea 6 or more,9,2.61,2.38,South Korea - Czech Republic,2026-06-12 02:00:54,,2,,6,True,0.09663865546218485,steamer,False
36966611,Home-side combo (bet builder),Noruega,A goal in both halves y Haaland 2 or more shots on target,6,2.61,2.38,Norway - Senegal,2026-06-23 00:00:05,19.6,1,EUR,5,False,0.09663865546218485,steamer,False
36966609,Home-side combo (bet builder),Argentina,Argentina to win both halves y Over 3.5 goals,10,7.62,6.95,Argentina - Austria,2026-06-22 17:00:58,41.019999999999996,1,EUR,6,False,0.0964028776978417,steamer,False
36966485,Match penalty missed,Penalti fallado durante el partido,Yes,7,9.15,8.35,Brazil - Haiti,2026-06-20 00:32:31,,2,,5,True,0.09580838323353297,steamer,False
36024520,Team corners,Corners equipo,Portugal 8 or more,21,2.52,2.3,Portugal - Democratic Republic of the Congo,2026-06-17 17:01:15,,2,,18,True,0.09565217391304365,steamer,False
33890444,Match shots on target,Remates a puerta durante el partido,8 or more,13,1.49,1.36,England - Croatia,2026-06-17 20:00:04,,2,,13,True,0.09558823529411752,steamer,False
36966640,Match penalty missed,Penalti fallado durante el partido,Yes,6,9.75,8.9,Portugal - Uzbekistan,2026-06-23 17:00:06,,2,,4,True,0.0955056179775281,steamer,False
36966640,Home-side combo (bet builder),Portugal,Portugal win y A goal in both halves,22,1.61,1.47,Portugal - Uzbekistan,2026-06-23 17:00:06,27.15,1,EUR,12,False,0.09523809523809529,steamer,False
37316389,Match,Partido,Over 2.5 goals y Over 7.5 corners,6,2.53,2.31,Universidad de Chile - O'higgins FC,2026-06-19 00:00:57,3.52,1,EUR,4,False,0.0952380952380951,steamer,False
33890304,Team corners,Corners equipo,Japan 5 or more,20,2.3,2.1,Netherlands - Japan,2026-06-14 20:00:08,,2,,17,True,0.09523809523809507,steamer,False
37183511,Match corners,Corners durante el partido,10 or more,6,2.08,1.9,England - Costa Rica,2026-06-10 21:03:46,51.03,1,EUR,6,False,0.09473684210526319,steamer,False
37238914,Team corners,Corners equipo,Malaga 7 or more,5,2.78,2.54,Malaga - Las Palmas,2026-06-10 19:01:06,3.52,1,EUR,5,False,0.09448818897637774,steamer,False
33890291,1st half: Corners,1º tiempo: Corners,6 or more,8,3.48,3.18,Brazil - Morocco,2026-06-13 22:04:18,45.76,1,EUR,5,False,0.09433962264150945,steamer,False
36966591,Home-side combo (bet builder),España,Oyarzabal 2 or more shots on target y Lamine Yamal 2 or more shots on target,5,2.9,2.65,Spain - Saudi Arabia,2026-06-21 16:00:48,9.28,1,EUR,4,False,0.09433962264150944,steamer,False
36966472,Team shots on target,Remates a puerta equipo,Canada 6 or more,5,1.51,1.38,Canada - Qatar,2026-06-18 22:00:44,,2,,5,True,0.09420289855072472,steamer,False
36966591,Home-side combo (bet builder),España,Spain win y Over 2.5 goals,18,1.51,1.38,Spain - Saudi Arabia,2026-06-21 16:00:48,84.88,1,EUR,15,False,0.09420289855072472,steamer,False
36966593,Home-side combo (bet builder),Bélgica,Belgium win y Doku to score,9,3.95,3.61,Belgium - Iran,2026-06-21 19:00:03,6.63,1,EUR,5,False,0.09418282548476478,steamer,False
33890290,1st half: Team corners,1º tiempo: Corners equipo,Scotland 4 or more,11,3.37,3.08,Haiti - Scotland,2026-06-14 01:02:33,,2,,10,True,0.09415584415584423,steamer,False
33890220,Player to score in both halves (Star Substitute),Jugador en meter gol en el 1º y 2º tiempo (Suplente Estrella),Luis Suárez,13,11.05,10.1,Uzbekistan - Colombia,2026-06-18 02:00:00,17.86,1,EUR,3,False,0.09405940594059414,steamer,False
33890444,Anytime goalscorer (Star Substitute),Goleador durante el partido (Suplente Estrella),Harry Kane,242,2.21,2.02,England - Croatia,2026-06-17 20:00:04,,2,,176,True,0.09405940594059405,steamer,False
36966591,Home-side combo (bet builder),España,Spain win y Laporte to be booked,7,9.19,8.4,Spain - Saudi Arabia,2026-06-21 16:00:48,38.22,1,EUR,7,False,0.09404761904761899,steamer,False
33890313,Shots on target (Star Substitute),Remates a puerta Gavi (Suplente Estrella),2 or more,11,4.19,3.83,Spain - Cape Verde,2026-06-15 16:01:07,363.13,1,EUR,11,False,0.09399477806788506,steamer,False
36966590,Shots on target (Star Substitute),Remates a puerta Valverde (Suplente Estrella),2 or more,32,2.92,2.67,Uruguay - Cape Verde,2026-06-21 22:00:33,313.33,1,EUR,25,False,0.09363295880149826,steamer,False
33890291,Team corners,Corners equipo,Morocco 4 or more,41,1.87,1.71,Brazil - Morocco,2026-06-13 22:04:18,,2,,36,True,0.09356725146198841,steamer,False
36966591,Team Shots,Remates equipo,Spain 22 or more,8,1.64,1.5,Spain - Saudi Arabia,2026-06-21 16:00:48,,2,,8,True,0.0933333333333333,steamer,False
36966591,Team shots on target,Remates a puerta equipo,Spain 7 or more,13,1.29,1.18,Spain - Saudi Arabia,2026-06-21 16:00:48,,2,,13,True,0.09322033898305103,steamer,False
33890416,Home-side combo (bet builder),Francia,France win y Michael Olise 2 or more shots on target,33,3.29,3.01,France - Senegal,2026-06-16 19:02:47,37.67,1,EUR,9,False,0.09302325581395357,steamer,False
36966549,1st half: Team corners,1º tiempo: Corners equipo,Sweden 3 or more,7,4.0,3.66,Netherlands - Sweden,2026-06-20 17:00:05,70.24000000000001,1,EUR,6,False,0.09289617486338786,steamer,False
36966466,Team shots on target,Remates a puerta equipo,South Korea 3 or more,6,1.53,1.4,Mexico - South Korea,2026-06-19 01:00:38,,2,,6,True,0.09285714285714286,steamer,False
37183511,Team corners,Corners equipo,England 6 or more,39,1.53,1.4,England - Costa Rica,2026-06-10 21:03:46,,2,,30,True,0.09285714285714286,steamer,False
36024492,Away-side combo (bet builder),Turquía,Turkey win y Arda Güler 1 or more assists,12,4.12,3.77,Australia - Turkey,2026-06-14 04:00:30,26.21,1,EUR,9,False,0.09283819628647225,steamer,False
33890220,Team corners,Corners equipo,Colombia 5 or more,32,1.65,1.51,Uzbekistan - Colombia,2026-06-18 02:00:00,,2,,30,True,0.09271523178807953,steamer,False
33890220,Match corners,Corners durante el partido,8 or more,36,1.65,1.51,Uzbekistan - Colombia,2026-06-18 02:00:00,,2,,34,True,0.09271523178807953,steamer,False
33890304,Team corners,Corners equipo,Japan 4 or more,44,1.65,1.51,Netherlands - Japan,2026-06-14 20:00:08,,2,,42,True,0.09271523178807953,steamer,False
33890313,Team goals,Goles equipo,Spain 4 or more,11,2.48,2.27,Spain - Cape Verde,2026-06-15 16:01:07,,2,,11,True,0.0925110132158589,steamer,False
33890238,1-X-2 / 2 goals Up,1-X-2 / Ventaja 2 goles,2,38,8.15,7.46,Mexico - South Africa,2026-06-11 19:05:51,276.65,1,EUR,24,False,0.09249329758713142,steamer,False
33890290,To score or assist (Star Substitute),Marcar gol o asistir (Suplente Estrella),McTominay,44,2.13,1.95,Haiti - Scotland,2026-06-14 01:02:33,,2,,30,True,0.09230769230769244,steamer,False
36966638,Home-side combo (bet builder),Inglaterra,"England win, Over 8.5 corners y Harry Kane to score",10,3.08,2.82,England - Ghana,2026-06-23 20:00:08,38.269999999999996,1,EUR,9,False,0.09219858156028374,steamer,False
33890313,Anytime goalscorer (Star Substitute),Goleador durante el partido (Suplente Estrella),Fabián Ruiz,14,3.68,3.37,Spain - Cape Verde,2026-06-15 16:01:07,329.64,1,EUR,14,False,0.09198813056379819,steamer,False
33890416,Home-side combo (bet builder),Francia,A goal in both halves y Michael Olise 2 or more shots on target,5,3.69,3.38,France - Senegal,2026-06-16 19:02:47,,2,,5,True,0.09171597633136086,steamer,False
36966473,Team corners,Corners equipo,Switzerland 5 or more,11,1.31,1.2,Switzerland - Bosnia And Herzegovina,2026-06-18 19:00:01,,2,,7,True,0.0916666666666668,steamer,False
36966528,1st half: Team corners,1º tiempo: Corners equipo,Japan 3 or more,6,1.91,1.75,Tunisia - Japan,2026-06-21 04:00:01,59.629999999999995,1,EUR,6,False,0.09142857142857137,steamer,False
36966611,Fouls Won (Star Substitute),Faltas recibidas Haaland (Suplente Estrella),2 or more,8,3.35,3.07,Norway - Senegal,2026-06-23 00:00:05,,2,,6,True,0.09120521172638457,steamer,False
33890290,To score 2 or more goals (Star Substitute),Marcar 2 goles o más (Suplente Estrella),McTominay,12,12.0,11.0,Haiti - Scotland,2026-06-14 01:02:33,12.629999999999999,1,EUR,7,False,0.090909090909091,steamer,False
33890220,Anytime goalscorer (Star Substitute),Goleador durante el partido (Suplente Estrella),Luis Diaz,103,2.28,2.09,Uzbekistan - Colombia,2026-06-18 02:00:00,,2,,62,True,0.09090909090909095,steamer,False
36024491,Team corners,Corners equipo,Canada 4 or more,9,1.32,1.21,Canada - Bosnia And Herzegovina,2026-06-12 19:02:13,,2,,9,True,0.09090909090909095,steamer,False
33890444,Home-side combo (bet builder),Inglaterra,England win y Harry Kane to score,105,2.88,2.64,England - Croatia,2026-06-17 20:00:04,,2,,86,True,0.09090909090909094,steamer,False
36966591,Team shots on target,Remates a puerta equipo,Spain 8 or more,10,1.44,1.32,Spain - Saudi Arabia,2026-06-21 16:00:48,186.34,1,EUR,8,False,0.09090909090909094,steamer,False
33890238,1st half: Team corners,1º tiempo: Corners equipo,South Africa 4 or more,8,9.05,8.3,Mexico - South Africa,2026-06-11 19:05:51,33.55,1,EUR,6,False,0.09036144578313245,steamer,False
36966593,Saves (Star Substitute),Paradas Alireza Beiranvand (Suplente Estrella),3 or more,5,1.33,1.22,Belgium - Iran,2026-06-21 19:00:03,21.349999999999998,1,EUR,5,False,0.0901639344262296,steamer,False
33890259,Match fouls,Faltas durante el partido,25 or more,20,2.3,2.11,Qatar - Switzerland,2026-06-13 19:04:43,,2,,8,True,0.09004739336492883,steamer,False
33890419,To score or assist (Star Substitute),Marcar gol o asistir (Suplente Estrella),Antoine Semenyo,52,2.3,2.11,Ghana - Panama,2026-06-17 23:00:50,,2,,43,True,0.09004739336492883,steamer,False
33890290,Match fouls,Faltas durante el partido,28 or more,13,2.3,2.11,Haiti - Scotland,2026-06-14 01:02:33,,2,,3,True,0.09004739336492883,steamer,False
36966485,Match,Partido,Over 1.5 half time goals y Over 1.5 second half goals,5,2.91,2.67,Brazil - Haiti,2026-06-20 00:32:31,1.7,1,EUR,4,False,0.08988764044943828,steamer,False
36966485,Home-side combo (bet builder),Brasil,Brazil win y Vinícius 2 or more shots on target,24,1.94,1.78,Brazil - Haiti,2026-06-20 00:32:31,,2,,20,True,0.08988764044943816,steamer,False
33890291,Match corners,Corners durante el partido,12 or more,13,3.52,3.23,Brazil - Morocco,2026-06-13 22:04:18,,2,,12,True,0.08978328173374611,steamer,False
36966486,Match,Partido,Over 2.5 goals y Over 9.5 corners,8,4.74,4.35,Scotland - Morocco,2026-06-19 22:00:07,14.84,1,EUR,6,False,0.08965517241379334,steamer,False
33890444,Team shots on target,Remates a puerta equipo,England 5 or more,10,1.58,1.45,England - Croatia,2026-06-17 20:00:04,,2,,6,True,0.0896551724137933,steamer,False
33890416,Anytime goalscorer (Star Substitute),Goleador durante el partido (Suplente Estrella),Sadio Mane,5,4.99,4.58,France - Senegal,2026-06-16 19:02:47,26.58,1,EUR,5,False,0.089519650655022,steamer,False
36966485,Shots on target (Star Substitute),Remates a puerta Vinícius (Suplente Estrella),2 or more,55,1.83,1.68,Brazil - Haiti,2026-06-20 00:32:31,,2,,45,True,0.0892857142857144,steamer,False
36966610,Away-side combo (bet builder),Argelia,Algeria win y A goal in both halves,5,2.44,2.24,Jordan - Algeria,2026-06-23 03:00:21,,2,,4,True,0.08928571428571418,steamer,False
36966553,Home-side combo (bet builder),Alemania,Germany win y A goal in both halves,38,2.2,2.02,Germany - Ivory Coast,2026-06-20 20:00:00,,2,,26,True,0.08910891089108913,steamer,False
33890211,Shots on target (Star Substitute),Remates a puerta Lionel Messi (Suplente Estrella),3 or more,5,3.18,2.92,Argentina - Algeria,2026-06-17 01:02:37,32.34,1,EUR,5,False,0.08904109589041095,steamer,False
36966550,Team exact bookings (only players and in play),Número de tarjetas equipo (solo jugadores y en juego),Ecuador 1 or more,5,1.35,1.24,Ecuador - Curaçao,2026-06-21 00:00:04,10.97,1,EUR,4,False,0.08870967741935498,steamer,False
36966612,Match,Partido,Over 2.5 goals y Over 7.5 corners,16,1.72,1.58,France - Iraq,2026-06-22 21:00:42,147.97,1,EUR,15,False,0.08860759493670868,steamer,False
33890313,Player to score in fisrt ten minutes (from 0:00 to 9:59),Jugador en meter gol en los 10 primeros minutos (del 0:00 al 9:59),Ferran,35,11.7,10.75,Spain - Cape Verde,2026-06-15 16:01:07,,2,,31,True,0.08837209302325577,steamer,False
36966549,To score or assist (Star Substitute),Marcar gol o asistir (Suplente Estrella),Viktor Gyokeres,35,2.47,2.27,Netherlands - Sweden,2026-06-20 17:00:05,,2,,32,True,0.08810572687224667,steamer,False
33890444,Match shots on target,Remates a puerta durante el partido,9 or more,10,1.73,1.59,England - Croatia,2026-06-17 20:00:04,51.75,1,EUR,9,False,0.08805031446540867,steamer,False
36966593,Home-side combo (bet builder),Bélgica,"Belgium win, Over 2.5 goals y Doku to score",8,5.21,4.79,Belgium - Iran,2026-06-21 19:00:03,10.33,1,EUR,2,False,0.08768267223382045,steamer,False
36966553,Home-side combo (bet builder),Alemania,Germany to win 1st half y Germany to win 2nd half,12,3.97,3.65,Germany - Ivory Coast,2026-06-20 20:00:00,15.84,1,EUR,8,False,0.08767123287671225,steamer,False
33890220,Team corners,Corners equipo,Colombia 7 or more,9,2.61,2.4,Uzbekistan - Colombia,2026-06-18 02:00:00,,2,,8,True,0.08750000000000001,steamer,False
33890291,Team corners,Corners equipo,Morocco 7 or more,9,6.85,6.3,Brazil - Morocco,2026-06-13 22:04:18,,2,,9,True,0.08730158730158712,steamer,False
36966553,To score or assist (Star Substitute),Marcar gol o asistir (Suplente Estrella),Havertz,66,1.87,1.72,Germany - Ivory Coast,2026-06-20 20:00:00,,2,,55,True,0.08720930232558163,steamer,False
33890309,1-X-2 / 2 goals Up,1-X-2 / Ventaja 2 goles,X,14,3.37,3.1,Usa - Paraguay,2026-06-13 01:02:10,28.189999999999998,1,EUR,9,False,0.08709677419354844,steamer,False
36966591,Team Shots,Remates equipo,Spain 21 or more,7,1.5,1.38,Spain - Saudi Arabia,2026-06-21 16:00:48,,2,,7,True,0.08695652173913065,steamer,False
33890416,Match,Partido,Over 7.5 corners y Mbappe to score,10,2.5,2.3,France - Senegal,2026-06-16 19:02:47,4.890000000000001,1,EUR,5,False,0.08695652173913049,steamer,False
36966590,To score or assist (Star Substitute),Marcar gol o asistir (Suplente Estrella),Valverde,47,2.52,2.32,Uruguay - Cape Verde,2026-06-21 22:00:33,,2,,30,True,0.08620689655172427,steamer,False
36966593,Home-side combo (bet builder),Bélgica,Belgium to win both halves y Over 3.5 goals,7,6.3,5.8,Belgium - Iran,2026-06-21 19:00:03,21.62,1,EUR,3,False,0.08620689655172427,steamer,False
37224190,Home-side combo (bet builder),Colombia,Colombia win y A goal in both halves,5,1.64,1.51,Colombia - Jordan,2026-06-07 23:06:06,4.9799999999999995,1,EUR,4,False,0.08609271523178819,steamer,False
36966486,1-X-2 / 2 goals Up,1-X-2 / Ventaja 2 goles,2,525,1.77,1.63,Scotland - Morocco,2026-06-19 22:00:07,,3,,278,True,0.08588957055214723,steamer,False
36966550,1-X-2 / 2 goals Up,1-X-2 / Ventaja 2 goles,X,6,10.0,9.21,Ecuador - Curaçao,2026-06-21 00:00:04,0.73,1,EUR,2,False,0.08577633007600421,steamer,False
36966612,Home-side combo (bet builder),Francia,"France win, Over 3.5 goals y Mbappe to score",38,2.28,2.1,France - Iraq,2026-06-22 21:00:42,,2,,33,True,0.08571428571428558,steamer,False
36966466,Team Shots,Remates equipo,South Korea 10 or more,5,1.78,1.64,Mexico - South Korea,2026-06-19 01:00:38,,2,,4,True,0.08536585365853648,steamer,False
36966609,1-X-2 / 2 goals Up,1-X-2 / Ventaja 2 goles,1,338,1.53,1.41,Argentina - Austria,2026-06-22 17:00:58,,2,,199,True,0.08510638297872343,steamer,False
33890291,Match corners,Corners durante el partido,8 or more,59,1.53,1.41,Brazil - Morocco,2026-06-13 22:04:18,,2,,53,True,0.08510638297872343,steamer,False
36966612,Home-side combo (bet builder),Francia,"France win, Over 2.5 goals y Mbappe first goalscorer",9,4.21,3.88,France - Iraq,2026-06-22 21:00:42,,2,,8,True,0.08505154639175264,steamer,False
36966553,Team corners,Corners equipo,Germany 7 or more,20,2.17,2.0,Germany - Ivory Coast,2026-06-20 20:00:00,,2,,18,True,0.08499999999999999,steamer,False
36966480,To score or assist (Star Substitute),Marcar gol o asistir (Suplente Estrella),Balogun,55,1.92,1.77,Usa - Australia,2026-06-19 19:00:27,,2,,45,True,0.08474576271186435,steamer,False
33890290,Team corners,Corners equipo,Haiti 3 or more,16,1.41,1.3,Haiti - Scotland,2026-06-14 01:02:33,,2,,13,True,0.08461538461538448,steamer,False
33890313,Team corners,Corners equipo,Spain 7 or more,45,1.41,1.3,Spain - Cape Verde,2026-06-15 16:01:07,,2,,38,True,0.08461538461538448,steamer,False
33890444,Home-side combo (bet builder),Inglaterra,England win y A goal in both halves,15,2.82,2.6,England - Croatia,2026-06-17 20:00:04,,2,,13,True,0.08461538461538448,steamer,False
37183317,1-X-2 / 2 goals Up,1-X-2 / Ventaja 2 goles,1,12,1.54,1.42,Universidad Católica - Universidad de Concepción,2026-06-14 21:30:38,,2,,6,True,0.08450704225352124,steamer,False
37238914,To score or assist (Star Substitute),Marcar gol o asistir (Suplente Estrella),David Larrubia,17,2.44,2.25,Malaga - Las Palmas,2026-06-10 19:01:06,146.25,1,EUR,13,False,0.08444444444444435,steamer,False
36966485,Shots on target (Star Substitute),Remates a puerta Matheus Cunha (Suplente Estrella),2 or more,7,2.7,2.49,Brazil - Haiti,2026-06-20 00:32:31,118.0,1,EUR,7,False,0.08433734939759027,steamer,False
33890220,Anytime goalscorer (Star Substitute),Goleador durante el partido (Suplente Estrella),James Rodríguez,8,3.22,2.97,Uzbekistan - Colombia,2026-06-18 02:00:00,,2,,8,True,0.08417508417508415,steamer,False
36966480,Match shots on target,Remates a puerta durante el partido,11 or more,6,3.1,2.86,Usa - Australia,2026-06-19 19:00:27,,2,,6,True,0.08391608391608407,steamer,False
36966591,Team Shots,Remates equipo,Spain 27 or more,5,2.72,2.51,Spain - Saudi Arabia,2026-06-21 16:00:48,166.0,1,EUR,4,False,0.0836653386454185,steamer,False
33890259,Match,Partido,Over 2.5 goals y Over 9.5 corners,8,3.11,2.87,Qatar - Switzerland,2026-06-13 19:04:43,12.52,1,EUR,6,False,0.08362369337979082,steamer,False
36966472,Anytime goalscorer (Star Substitute),Goleador durante el partido (Suplente Estrella),Jonathan David,35,2.08,1.92,Canada - Qatar,2026-06-18 22:00:44,292.58,1,EUR,23,False,0.08333333333333351,steamer,False
33890309,Match shots on target,Remates a puerta durante el partido,7 or more,5,1.3,1.2,Usa - Paraguay,2026-06-13 01:02:10,,2,,4,True,0.08333333333333348,steamer,False
36966638,Match corners,Corners durante el partido,11 or more,10,2.73,2.52,England - Ghana,2026-06-23 20:00:08,1534.4,1,EUR,9,False,0.08333333333333334,steamer,False
36966480,To score 2 or more goals (Star Substitute),Marcar 2 goles o más (Suplente Estrella),Pulisic,5,13.0,12.0,Usa - Australia,2026-06-19 19:00:27,33.58,1,EUR,5,False,0.08333333333333322,steamer,False
33890306,1st half: Team corners,1º tiempo: Corners equipo,Curaçao 3 or more,5,13.0,12.0,Germany - Curaçao,2026-06-14 17:01:45,131.2,1,EUR,5,False,0.08333333333333322,steamer,False
36966591,Player to score in fisrt ten minutes (from 0:00 to 9:59),Jugador en meter gol en los 10 primeros minutos (del 0:00 al 9:59),Dani Olmo,7,13.0,12.0,Spain - Saudi Arabia,2026-06-21 16:00:48,60.83,1,EUR,6,False,0.08333333333333322,steamer,False
33890306,Team exact bookings (only players and in play),Número de tarjetas equipo (solo jugadores y en juego),Curaçao 5 or more,7,13.0,12.0,Germany - Curaçao,2026-06-14 17:01:45,,2,,6,True,0.08333333333333322,steamer,False
33890416,Home-side combo (bet builder),Francia,"France win, Over 10.5 corners y Mbappe to score 2 or more goals",9,13.0,12.0,France - Senegal,2026-06-16 19:02:47,66.33,1,EUR,8,False,0.08333333333333322,steamer,False
36966609,Player to score in fisrt ten minutes (from 0:00 to 9:59),Jugador en meter gol en los 10 primeros minutos (del 0:00 al 9:59),Lionel Messi,62,13.0,12.0,Argentina - Austria,2026-06-22 17:00:58,,2,,54,True,0.08333333333333322,steamer,False
36966640,Home-side combo (bet builder),Portugal,"Portugal win, Over 8.5 corners y Cristiano Ronaldo to score a Hat trick (three or more goals)",9,13.0,12.0,Portugal - Uzbekistan,2026-06-23 17:00:06,64.45,1,EUR,7,False,0.08333333333333322,steamer,False
36966640,Home-side combo (bet builder),Portugal,"Portugal win, Portugal to score in both halves y Over 8.5 corners",6,2.86,2.64,Portugal - Uzbekistan,2026-06-23 17:00:06,72.99,1,EUR,6,False,0.0833333333333332,steamer,False
36024493,Home-side combo (bet builder),Suecia,Sweden win y Viktor Gyokeres to score,22,3.38,3.12,Sweden - Tunisia,2026-06-15 02:00:33,49.18,1,EUR,15,False,0.08333333333333319,steamer,False
36966612,Match corners,Corners durante el partido,13 or more,10,3.77,3.48,France - Iraq,2026-06-22 21:00:42,,2,,9,True,0.08333333333333316,steamer,False
36966591,To score and Assist,Marcar gol y asistir,Lamine Yamal,8,3.52,3.25,Spain - Saudi Arabia,2026-06-21 16:00:48,,2,,8,True,0.08307692307692303,steamer,False
36966469,Match shots on target,Remates a puerta durante el partido,8 or more,5,1.7,1.57,Czech Republic - South Africa,2026-06-18 16:00:09,107.39,1,EUR,5,False,0.08280254777070055,steamer,False
33890291,Shots on target (Star Substitute),Remates a puerta Raphinha (Suplente Estrella),3 or more,5,6.55,6.05,Brazil - Morocco,2026-06-13 22:04:18,67.35,1,EUR,5,False,0.08264462809917356,steamer,False
36024491,Match fouls,Faltas durante el partido,32 or more,15,2.5,2.31,Canada - Bosnia And Herzegovina,2026-06-12 19:02:13,87.32,1,EUR,4,False,0.08225108225108219,steamer,False
33890313,First to score for their team (Star Substitute),Jugador en meter el 1º gol del equipo (Suplente Estrella),Oyarzabal,6,3.16,2.92,Spain - Cape Verde,2026-06-15 16:01:07,90.52,1,EUR,6,False,0.08219178082191786,steamer,False
36966480,Team shots on target,Remates a puerta equipo,Usa 4 or more,5,1.32,1.22,Usa - Australia,2026-06-19 19:00:27,,2,,5,True,0.08196721311475413,steamer,False
33890416,Player to Score Free-Kick,Marcar gol de falta directa,Mbappe,5,66.0,61.0,France - Senegal,2026-06-16 19:02:47,27.5,1,EUR,4,False,0.08196721311475412,steamer,False
33890306,Team corners,Corners equipo,Germany 9 or more,27,1.85,1.71,Germany - Curaçao,2026-06-14 17:01:45,,2,,18,True,0.08187134502923987,steamer,False
36966638,Match,Partido,Over 9.5 corners y Harry Kane to score,6,3.58,3.31,England - Ghana,2026-06-23 20:00:08,38.97,1,EUR,3,False,0.08157099697885196,steamer,False
36966549,Anytime goalscorer (Star Substitute),Goleador durante el partido (Suplente Estrella),Isak,8,3.05,2.82,Netherlands - Sweden,2026-06-20 17:00:05,52.67,1,EUR,8,False,0.0815602836879432,steamer,False
36966553,To score or assist (Star Substitute),Marcar gol o asistir (Suplente Estrella),Florian Wirtz,20,1.99,1.84,Germany - Ivory Coast,2026-06-20 20:00:00,88.56,1,EUR,17,False,0.08152173913043483,steamer,False
33890220,Away-side combo (bet builder),Colombia,"Colombia win, Over 2.5 goals y Over 8.5 corners",12,3.98,3.68,Uzbekistan - Colombia,2026-06-18 02:00:00,,2,,10,True,0.08152173913043483,steamer,False
33890444,Home-side combo (bet builder),Inglaterra,"England win, Over 2.5 goals y Over 8.5 corners",13,4.79,4.43,England - Croatia,2026-06-17 20:00:04,150.09,1,EUR,9,False,0.08126410835214462,steamer,False
36966591,Anytime goalscorer (Star Substitute),Goleador durante el partido (Suplente Estrella),Pedri,31,4.79,4.43,Spain - Saudi Arabia,2026-06-21 16:00:48,49.18,1,EUR,13,False,0.08126410835214462,steamer,False
33890313,Team exact bookings (only players and in play),Número de tarjetas equipo (solo jugadores y en juego),Cape Verde 5 or more,6,12.0,11.1,Spain - Cape Verde,2026-06-15 16:01:07,,2,,6,True,0.08108108108108125,steamer,False
33890416,Player to score in fisrt ten minutes (from 0:00 to 9:59),Jugador en meter gol en los 10 primeros minutos (del 0:00 al 9:59),Mbappe,30,12.0,11.1,France - Senegal,2026-06-16 19:02:47,,2,,29,True,0.08108108108108125,steamer,False
36966469,Shots on target (Star Substitute),Remates a puerta Patrik Schick (Suplente Estrella),2 or more,18,2.4,2.22,Czech Republic - South Africa,2026-06-18 16:00:09,487.38,1,EUR,16,False,0.08108108108108092,steamer,False
33890313,Team Shots,Remates equipo,Spain 24 or more,6,2.4,2.22,Spain - Cape Verde,2026-06-15 16:01:07,,2,,6,True,0.08108108108108092,steamer,False
33890313,Player to score in 1st half,Jugador en meter gol en el 1º tiempo,Lamine Yamal,7,3.47,3.21,Spain - Cape Verde,2026-06-15 16:01:07,29.35,1,EUR,4,False,0.0809968847352024,steamer,False
36966609,1st half: Team corners,1º tiempo: Corners equipo,Austria 3 or more,8,4.68,4.33,Argentina - Austria,2026-06-22 17:00:58,76.5,1,EUR,8,False,0.0808314087759814,steamer,False
36966486,Away-side combo (bet builder),Marruecos,"Morocco win, Over 2.5 goals y Over 10.5 corners",5,8.43,7.8,Scotland - Morocco,2026-06-19 22:00:07,32.07,1,EUR,5,False,0.08076923076923084,steamer,False
33890309,Team corners,Corners equipo,Paraguay 4 or more,11,1.74,1.61,Usa - Paraguay,2026-06-13 01:02:10,,2,,11,True,0.08074534161490682,steamer,False
36966591,Home-side combo (bet builder),España,"Spain win, Over 2.5 goals y Oyarzabal to score",11,2.01,1.86,Spain - Saudi Arabia,2026-06-21 16:00:48,75.77000000000001,1,EUR,9,False,0.08064516129032237,steamer,False
36966590,Home-side combo (bet builder),Uruguay,Uruguay win y Valverde 2 or more shots on target,8,3.76,3.48,Uruguay - Cape Verde,2026-06-21 22:00:33,40.67,1,EUR,7,False,0.08045977011494249,steamer,False
36966472,Player to score in 1st half,Jugador en meter gol en el 1º tiempo,Jonathan David,8,4.58,4.24,Canada - Qatar,2026-06-18 22:00:44,29.89,1,EUR,4,False,0.08018867924528286,steamer,False
36966638,Match,Partido,Over 2.5 goals y Over 7.5 corners,13,2.43,2.25,England - Ghana,2026-06-23 20:00:08,69.12,1,EUR,11,False,0.08000000000000004,steamer,False
33890238,To be carded (only players and in play)(Star Substitute),Recibir tarjeta (sólo jugadores y en juego)(Suplente Estrella),Khuliso Johnson Mudau,7,3.38,3.13,Mexico - South Africa,2026-06-11 19:05:51,133.5,1,EUR,6,False,0.07987220447284336,steamer,False
36024492,Match corners,Corners durante el partido,9 or more,28,1.63,1.51,Australia - Turkey,2026-06-14 04:00:30,,2,,26,True,0.07947019867549675,steamer,False
33890291,Team corners,Corners equipo,Brazil 5 or more,42,1.63,1.51,Brazil - Morocco,2026-06-13 22:04:18,,2,,38,True,0.07947019867549675,steamer,False
33890313,Saves (Star Substitute),Paradas Vozinha (Suplente Estrella),6 or more,7,3.27,3.03,Spain - Cape Verde,2026-06-15 16:01:07,200.32999999999998,1,EUR,7,False,0.07920792079207926,steamer,False
36966473,Match,Partido,Over 2.5 goals y Over 7.5 corners,27,2.59,2.4,Switzerland - Bosnia And Herzegovina,2026-06-18 19:00:01,59.47,1,EUR,24,False,0.0791666666666667,steamer,False
36966486,Away-side combo (bet builder),Marruecos,Morocco win y Over 2.5 goals,35,3.0,2.78,Scotland - Morocco,2026-06-19 22:00:07,184.65,1,EUR,24,False,0.07913669064748219,steamer,False
36966591,To score 2 or more goals (Star Substitute),Marcar 2 goles o más (Suplente Estrella),Dani Olmo,18,7.5,6.95,Spain - Saudi Arabia,2026-06-21 16:00:48,,2,,18,True,0.07913669064748198,steamer,False
36024518,Away-side combo (bet builder),Noruega,"Norway win, Over 8.5 corners y Haaland 2 or more shots on target",16,2.47,2.29,Iraq - Norway,2026-06-16 22:00:57,41.27,1,EUR,12,False,0.07860262008733632,steamer,False
36966591,Player to score in 1st half,Jugador en meter gol en el 1º tiempo,Oyarzabal,17,2.75,2.55,Spain - Saudi Arabia,2026-06-21 16:00:48,104.81,1,EUR,12,False,0.07843137254901972,steamer,False
36966591,Team corners,Corners equipo,Spain 10 or more,20,2.75,2.55,Spain - Saudi Arabia,2026-06-21 16:00:48,,2,,17,True,0.07843137254901972,steamer,False
36966549,Anytime goalscorer (Star Substitute),Goleador durante el partido (Suplente Estrella),Cody Gakpo,16,2.75,2.55,Netherlands - Sweden,2026-06-20 17:00:05,87.09,1,EUR,15,False,0.07843137254901972,steamer,False
36966612,Home-side combo (bet builder),Francia,"France win, Over 10.5 corners y Mbappe to score",9,3.58,3.32,France - Iraq,2026-06-22 21:00:42,23.119999999999997,1,EUR,8,False,0.07831325301204835,steamer,False
36024491,Shots on target (Star Substitute),Remates a puerta Jonathan David (Suplente Estrella),2 or more,11,2.48,2.3,Canada - Bosnia And Herzegovina,2026-06-12 19:02:13,,2,,11,True,0.07826086956521741,steamer,False
33890259,1st half: Team corners,1º tiempo: Corners equipo,Switzerland 4 or more,11,1.93,1.79,Qatar - Switzerland,2026-06-13 19:04:43,,2,,10,True,0.0782122905027931,steamer,False
36966553,Home-side combo (bet builder),Alemania,Germany win y Havertz to score,33,2.76,2.56,Germany - Ivory Coast,2026-06-20 20:00:00,162.44,1,EUR,29,False,0.07812499999999983,steamer,False
33890313,Team Shots,Remates equipo,Spain 20 or more,13,1.52,1.41,Spain - Cape Verde,2026-06-15 16:01:07,,2,,10,True,0.07801418439716308,steamer,False
36966486,To score or assist (Star Substitute),Marcar gol o asistir (Suplente Estrella),Ismael Saibari,31,2.35,2.18,Scotland - Morocco,2026-06-19 22:00:07,,2,,30,True,0.07798165137614671,steamer,False
33890305,To score or assist (Star Substitute),Marcar gol o asistir (Suplente Estrella),Nicolas Pepe,10,3.2,2.97,Ivory Coast - Ecuador,2026-06-14 23:03:23,146.6,1,EUR,9,False,0.07744107744107734,steamer,False
36966553,Team corners,Corners equipo,Ivory Coast 5 or more,12,3.2,2.97,Germany - Ivory Coast,2026-06-20 20:00:00,4.34,1,EUR,9,False,0.07744107744107734,steamer,False
36966609,Shots on target (Star Substitute),Remates a puerta Lionel Messi (Suplente Estrella),3 or more,31,3.48,3.23,Argentina - Austria,2026-06-22 17:00:58,,2,,31,True,0.0773993808049537,steamer,False
36024491,Team corners,Corners equipo,Bosnia And Herzegovina 7 or more,6,9.75,9.05,Canada - Bosnia And Herzegovina,2026-06-12 19:02:13,,2,,6,True,0.07734806629834254,steamer,False
36024518,Match corners,Corners durante el partido,10 or more,28,1.95,1.81,Iraq - Norway,2026-06-16 22:00:57,,2,,24,True,0.07734806629834247,steamer,False
33890259,Match corners,Corners durante el partido,10 or more,24,1.95,1.81,Qatar - Switzerland,2026-06-13 19:04:43,,2,,23,True,0.07734806629834247,steamer,False
33890306,Anytime goalscorer (Star Substitute),Goleador durante el partido (Suplente Estrella),Musiala,19,1.95,1.81,Germany - Curaçao,2026-06-14 17:01:45,205.96,1,EUR,15,False,0.07734806629834247,steamer,False
36966593,Home-side combo (bet builder),Bélgica,Belgium to win 1st half y Belgium to win 2nd half,21,3.77,3.5,Belgium - Iran,2026-06-21 19:00:03,36.77,1,EUR,10,False,0.07714285714285697,steamer,False
36024492,Shots on target (Star Substitute),Remates a puerta Arda Güler (Suplente Estrella),2 or more,9,3.08,2.86,Australia - Turkey,2026-06-14 04:00:30,,2,,8,True,0.07692307692307705,steamer,False
36966480,Player to score in fisrt ten minutes (from 0:00 to 9:59),Jugador en meter gol en los 10 primeros minutos (del 0:00 al 9:59),Balogun,7,14.0,13.0,Usa - Australia,2026-06-19 19:00:27,18.88,1,EUR,5,False,0.07692307692307704,steamer,False
36966528,To score 2 or more goals (Star Substitute),Marcar 2 goles o más (Suplente Estrella),Daizen Maeda,5,14.0,13.0,Tunisia - Japan,2026-06-21 04:00:01,7.33,1,EUR,5,False,0.07692307692307704,steamer,False
33890444,Hat trick (three or more goals) (Star Substitute),Hat trick (tres o más goles) (Suplente Estrella),Harry Kane,62,28.0,26.0,England - Croatia,2026-06-17 20:00:04,,2,,46,True,0.07692307692307704,steamer,False
36966553,Player to score in fisrt ten minutes (from 0:00 to 9:59),Jugador en meter gol en los 10 primeros minutos (del 0:00 al 9:59),Havertz,10,14.0,13.0,Germany - Ivory Coast,2026-06-20 20:00:00,40.2,1,EUR,10,False,0.07692307692307704,steamer,False
36966480,Saves (Star Substitute),Paradas Patrick Beach (Suplente Estrella),4 or more,7,1.68,1.56,Usa - Australia,2026-06-19 19:00:27,14.66,1,EUR,7,False,0.07692307692307683,steamer,False
36966472,Match corners,Corners durante el partido,9 or more,37,1.4,1.3,Canada - Qatar,2026-06-18 22:00:44,,2,,31,True,0.0769230769230768,steamer,False
33890444,Match,Partido,Over 7.5 corners y Harry Kane to score,13,3.09,2.87,England - Croatia,2026-06-17 20:00:04,39.23,1,EUR,10,False,0.07665505226480812,steamer,False
36966466,Shots (Star Substitute),Remates Kang-In Lee (Suplente Estrella),2 or more,6,1.97,1.83,Mexico - South Korea,2026-06-19 01:00:38,328.93,1,EUR,5,False,0.0765027322404371,steamer,False
33890312,Team Shots,Remates equipo,Saudi Arabia 9 or more,9,1.97,1.83,Saudi Arabia - Uruguay,2026-06-15 22:03:57,264.67,1,EUR,8,False,0.0765027322404371,steamer,False
37173238,Match,Partido,Both teams to score y Over 7.5 corners,7,1.83,1.7,Galway United FC - Dundalk,2026-06-12 18:45:11,1.12,1,EUR,4,False,0.07647058823529428,steamer,False
33890306,To score or assist (Star Substitute),Marcar gol o asistir (Suplente Estrella),Musiala,19,1.41,1.31,Germany - Curaçao,2026-06-14 17:01:45,18.919999999999998,1,EUR,17,False,0.0763358778625953,steamer,False
36966473,Match,Partido,Both teams to score y Over 7.5 corners,75,2.54,2.36,Switzerland - Bosnia And Herzegovina,2026-06-18 19:00:01,66.12,1,EUR,19,False,0.07627118644067815,steamer,False
33890238,Team corners,Corners equipo,South Africa 7 or more,5,12.0,11.15,Mexico - South Africa,2026-06-11 19:05:51,,2,,5,True,0.07623318385650224,steamer,False
33890304,Team corners,Corners equipo,Netherlands 6 or more,17,2.26,2.1,Netherlands - Japan,2026-06-14 20:00:08,,2,,17,True,0.07619047619047607,steamer,False
36966528,To score or assist (Star Substitute),Marcar gol o asistir (Suplente Estrella),Koki Ogawa,6,1.98,1.84,Tunisia - Japan,2026-06-21 04:00:01,6.54,1,EUR,4,False,0.07608695652173901,steamer,False
33890416,Match shots,Remates durante el partido,30 or more,6,2.41,2.24,France - Senegal,2026-06-16 19:02:47,,2,,5,True,0.07589285714285715,steamer,False
33890304,Team exact bookings (only players and in play),Número de tarjetas equipo (solo jugadores y en juego),Netherlands 2 or more,23,2.13,1.98,Netherlands - Japan,2026-06-14 20:00:08,,2,,20,True,0.07575757575757582,steamer,False
33890291,Team corners,Corners equipo,Morocco 5 or more,12,2.7,2.51,Brazil - Morocco,2026-06-13 22:04:18,110.23,1,EUR,12,False,0.07569721115537864,steamer,False
36966612,Home-side combo (bet builder),Francia,"France win, Over 3.5 goals y Michael Olise to score",10,2.99,2.78,France - Iraq,2026-06-22 21:00:42,,2,,10,True,0.07553956834532387,steamer,False
36966486,Match,Partido,Both teams to score y Over 7.5 corners,18,2.85,2.65,Scotland - Morocco,2026-06-19 22:00:07,12.58,1,EUR,12,False,0.07547169811320768,steamer,False
36966611,Anytime goalscorer (Star Substitute),Goleador durante el partido (Suplente Estrella),Sadio Mane,7,3.85,3.58,Norway - Senegal,2026-06-23 00:00:05,22.83,1,EUR,6,False,0.07541899441340785,steamer,False
36024492,To score or assist (Star Substitute),Marcar gol o asistir (Suplente Estrella),Baris Yilmaz,7,2.43,2.26,Australia - Turkey,2026-06-14 04:00:30,3.97,1,EUR,5,False,0.07522123893805326,steamer,False
33890299,Home-side combo (bet builder),Bélgica,Belgium win y Doku to score,18,4.58,4.26,Belgium - Egypt,2026-06-15 19:00:29,63.2,1,EUR,17,False,0.07511737089201874,steamer,False
36966593,Home-side combo (bet builder),Bélgica,Belgium win y De Ketelaere to score,12,3.3,3.07,Belgium - Iran,2026-06-21 19:00:03,1.76,1,EUR,2,False,0.07491856677524437,steamer,False
36966590,Team shots on target,Remates a puerta equipo,Uruguay 8 or more,14,3.3,3.07,Uruguay - Cape Verde,2026-06-21 22:00:33,,2,,10,True,0.07491856677524437,steamer,False
36966553,Home-side combo (bet builder),Alemania,Germany win y Musiala to score,5,3.61,3.36,Germany - Ivory Coast,2026-06-20 20:00:00,61.25,1,EUR,5,False,0.07440476190476182,steamer,False
36966549,Home-side combo (bet builder),Países Bajos,Netherlands win y Over 2.5 goals,17,2.6,2.42,Netherlands - Sweden,2026-06-20 17:00:05,11.76,1,EUR,14,False,0.07438016528925633,steamer,False
37265705,1-X-2 / 2 goals Up,1-X-2 / Ventaja 2 goles,1,6,2.17,2.02,Atletico Goianiense - CRB Al,2026-06-12 21:59:46,,2,,4,True,0.07425742574257424,steamer,False
36024520,1st half: Team corners,1º tiempo: Corners equipo,Portugal 5 or more,7,2.9,2.7,Portugal - Democratic Republic of the Congo,2026-06-17 17:01:15,88.3,1,EUR,6,False,0.07407407407407395,steamer,False
33890299,Home-side combo (bet builder),Bélgica,Belgium win y Over 2.5 goals,19,2.61,2.43,Belgium - Egypt,2026-06-15 19:00:29,67.93,1,EUR,15,False,0.07407407407407393,steamer,False
33890313,Home-side combo (bet builder),España,Spain to win both halves y Over 3.5 goals,21,2.47,2.3,Spain - Cape Verde,2026-06-15 16:01:07,103.86,1,EUR,16,False,0.073913043478261,steamer,False
36966640,Home-side combo (bet builder),Portugal,Portugal win y Cristiano Ronaldo to score,27,1.6,1.49,Portugal - Uzbekistan,2026-06-23 17:00:06,,2,,20,True,0.07382550335570474,steamer,False
33890416,Home-side combo (bet builder),Francia,France win y Over 2.5 goals,26,2.33,2.17,France - Senegal,2026-06-16 19:02:47,61.21,1,EUR,18,False,0.07373271889400919,steamer,False
33890299,Anytime goalscorer (Star Substitute),Goleador durante el partido (Suplente Estrella),Trossard,12,3.35,3.12,Belgium - Egypt,2026-06-15 19:00:29,122.46,1,EUR,12,False,0.07371794871794872,steamer,False
36966590,Team corners,Corners equipo,Uruguay 9 or more,13,3.35,3.12,Uruguay - Cape Verde,2026-06-21 22:00:33,,2,,12,True,0.07371794871794872,steamer,False
36966611,Shots on target (Star Substitute),Remates a puerta Haaland (Suplente Estrella),2 or more,40,1.75,1.63,Norway - Senegal,2026-06-23 00:00:05,,2,,36,True,0.07361963190184057,steamer,False
36024520,Team corners,Corners equipo,Democratic Republic of the Congo 4 or more,41,2.92,2.72,Portugal - Democratic Republic of the Congo,2026-06-17 17:01:15,,2,,27,True,0.07352941176470586,steamer,False
36966611,1-X-2 / 2 goals Up,1-X-2 / Ventaja 2 goles,2,77,3.07,2.86,Norway - Senegal,2026-06-23 00:00:05,3215.54,1,EUR,22,False,0.07342657342657344,steamer,False
36966472,Team corners,Corners equipo,Canada 9 or more,7,2.05,1.91,Canada - Qatar,2026-06-18 22:00:44,,2,,5,True,0.07329842931937162,steamer,False
33890304,Team shots on target,Remates a puerta equipo,Japan 3 or more,6,1.32,1.23,Netherlands - Japan,2026-06-14 20:00:08,,2,,6,True,0.07317073170731705,steamer,False
33890419,Shots on target (Star Substitute),Remates a puerta Jordan Ayew (Suplente Estrella),2 or more,6,3.08,2.87,Ghana - Panama,2026-06-17 23:00:50,304.79,1,EUR,6,False,0.07317073170731699,steamer,False
36966612,Home-side combo (bet builder),Francia,"France win, Over 8.5 corners y Mbappe to score 2 or more goals",30,4.55,4.24,France - Iraq,2026-06-22 21:00:42,70.37,1,EUR,25,False,0.07311320754716971,steamer,False
36966638,Team Shots,Remates equipo,England 19 or more,5,2.06,1.92,England - Ghana,2026-06-23 20:00:08,,2,,5,True,0.07291666666666673,steamer,False
36024493,To score 2 or more goals (Star Substitute),Marcar 2 goles o más (Suplente Estrella),Isak,6,8.85,8.25,Sweden - Tunisia,2026-06-15 02:00:33,4.85,1,EUR,4,False,0.07272727272727277,steamer,False
36966590,1-X-2 / 2 goals Up,1-X-2 / Ventaja 2 goles,1,316,1.48,1.38,Uruguay - Cape Verde,2026-06-21 22:00:33,,2,,204,True,0.07246376811594223,steamer,False
33890416,Home-side combo (bet builder),Francia,"France win, Over 8.5 corners y Mbappe 2 or more shots on target",5,3.27,3.05,France - Senegal,2026-06-16 19:02:47,12.23,1,EUR,5,False,0.07213114754098378,steamer,False
37310675,Away-side combo (bet builder),Flora Tallinn,FC Flora Tallinn win y Over 2.5 goals,8,1.94,1.81,Parnu JK Vaprus - FC Flora Tallinn,2026-06-16 16:01:19,3.53,1,EUR,4,False,0.07182320441988944,steamer,False
33890313,Team goals,Goles equipo,Spain 5 or more,6,4.05,3.78,Spain - Cape Verde,2026-06-15 16:01:07,32.58,1,EUR,6,False,0.07142857142857154,steamer,False
36966638,Match corners,Corners durante el partido,10 or more,12,2.25,2.1,England - Ghana,2026-06-23 20:00:08,88.4,1,EUR,12,False,0.07142857142857142,steamer,False
33890444,Team corners,Corners equipo,England 6 or more,30,1.8,1.68,England - Croatia,2026-06-17 20:00:04,,2,,25,True,0.07142857142857137,steamer,False
36966549,Home-side combo (bet builder),Países Bajos,Netherlands win y A goal in both halves,7,2.55,2.38,Netherlands - Sweden,2026-06-20 17:00:05,3.9400000000000004,1,EUR,6,False,0.07142857142857131,steamer,False
37237611,Anytime goalscorer (Star Substitute),Goleador durante el partido (Suplente Estrella),Alex Calatrava,6,3.45,3.22,Almeria - Castellón,2026-06-09 19:02:30,10.73,1,EUR,4,False,0.0714285714285713,steamer,False
33890299,Shots on target (Star Substitute),Remates a puerta Doku (Suplente Estrella),2 or more,37,3.45,3.22,Belgium - Egypt,2026-06-15 19:00:29,,2,,31,True,0.0714285714285713,steamer,False
37238914,Anytime goalscorer (Star Substitute),Goleador durante el partido (Suplente Estrella),Chupe,13,2.26,2.11,Malaga - Las Palmas,2026-06-10 19:01:06,132.35,1,EUR,13,False,0.0710900473933649,steamer,False
36966590,To score 2 or more goals (Star Substitute),Marcar 2 goles o más (Suplente Estrella),Federico Viñas,22,8.3,7.75,Uruguay - Cape Verde,2026-06-21 22:00:33,29.86,1,EUR,16,False,0.07096774193548397,steamer,False
33890304,Saves (Star Substitute),Paradas Zion Suzuki (Suplente Estrella),3 or more,13,1.66,1.55,Netherlands - Japan,2026-06-14 20:00:08,,2,,11,True,0.07096774193548375,steamer,False
33890299,Match corners,Corners durante el partido,9 or more,44,1.51,1.41,Belgium - Egypt,2026-06-15 19:00:29,,2,,41,True,0.07092198581560279,steamer,False
33890238,Shots on target (Star Substitute),Remates a puerta Raúl Jiménez (Suplente Estrella),2 or more,18,2.12,1.98,Mexico - South Africa,2026-06-11 19:05:51,675.67,1,EUR,17,False,0.07070707070707088,steamer,False
33890259,Away-side combo (bet builder),Suiza,Switzerland win y Breel Embolo 2 or more shots on target,12,2.12,1.98,Qatar - Switzerland,2026-06-13 19:04:43,57.0,1,EUR,11,False,0.07070707070707088,steamer,False
36966638,Home-side combo (bet builder),Inglaterra,"England win, Both teams to score y Harry Kane to score",5,3.81,3.56,England - Ghana,2026-06-23 20:00:08,25.770000000000003,1,EUR,3,False,0.07022471910112368,steamer,False
36966553,Home-side combo (bet builder),Alemania,Germany wins at half time / Germany wins full time y Havertz to score,10,3.66,3.42,Germany - Ivory Coast,2026-06-20 20:00:00,5.15,1,EUR,5,False,0.07017543859649128,steamer,False
36966473,Home-side combo (bet builder),Suiza,"Switzerland win, Over 2.5 goals y Over 8.5 corners",14,3.98,3.72,Switzerland - Bosnia And Herzegovina,2026-06-18 19:00:01,37.33,1,EUR,13,False,0.0698924731182796,steamer,False
33890306,1-X-2 / 2 goals Up,1-X-2 / Ventaja 2 goles,2,5,25.46,23.8,Germany - Curaçao,2026-06-14 17:01:45,,2,,5,True,0.06974789915966383,steamer,False
33890299,Anytime goalscorer (Star Substitute),Goleador durante el partido (Suplente Estrella),De Ketelaere,15,3.07,2.87,Belgium - Egypt,2026-06-15 19:00:29,341.83000000000004,1,EUR,12,False,0.06968641114982557,steamer,False
36966553,Team shots on target,Remates a puerta equipo,Germany 4 or more,5,1.23,1.15,Germany - Ivory Coast,2026-06-20 20:00:00,,2,,5,True,0.06956521739130447,steamer,False
37275587,Match penalty missed,Penalti fallado durante el partido,Yes,13,10.0,9.35,Malaga - Almeria,2026-06-14 19:02:16,32.86,1,EUR,8,False,0.06951871657754002,steamer,False
36966612,Team corners,Corners equipo,France 9 or more,7,2.31,2.16,France - Iraq,2026-06-22 21:00:42,6.79,1,EUR,7,False,0.06944444444444434,steamer,False
33890259,Match throw-ins,Saques de banda durante el partido,38 or more,7,1.85,1.73,Qatar - Switzerland,2026-06-13 19:04:43,1010.85,1,EUR,5,False,0.06936416184971123,steamer,False
33890291,Match corners,Corners durante el partido,10 or more,29,2.16,2.02,Brazil - Morocco,2026-06-13 22:04:18,,2,,29,True,0.06930693069306942,steamer,False
36024518,Team corners,Corners equipo,Iraq 2 or more,46,1.39,1.3,Iraq - Norway,2026-06-16 22:00:57,,3,,40,True,0.06923076923076901,steamer,False
37284905,Home-side combo (bet builder),Vikingur Reykjavik,Vikingur Reykjavik to win both halves y Over 3.5 goals,12,4.02,3.76,Vikingur Reykjavik - Kr Reykjavik,2026-06-16 19:18:02,5.47,1,EUR,2,False,0.0691489361702126,steamer,False
33890290,Away-side combo (bet builder),Escocia,Scotland win y A goal in both halves,18,2.33,2.18,Haiti - Scotland,2026-06-14 01:02:33,36.08,1,EUR,11,False,0.06880733944954118,steamer,False
36966472,Team corners,Corners equipo,Canada 7 or more,8,1.4,1.31,Canada - Qatar,2026-06-18 22:00:44,,2,,6,True,0.06870229007633577,steamer,False
36024518,Team corners,Corners equipo,Norway 6 or more,42,1.4,1.31,Iraq - Norway,2026-06-16 22:00:57,,2,,36,True,0.06870229007633577,steamer,False
33890259,Shots on target (Star Substitute),Remates a puerta Breel Embolo (Suplente Estrella),3 or more,6,3.58,3.35,Qatar - Switzerland,2026-06-13 19:04:43,136.35,1,EUR,5,False,0.06865671641791042,steamer,False
36966485,Player to score in 1st half,Jugador en meter gol en el 1º tiempo,Vinícius,9,3.12,2.92,Brazil - Haiti,2026-06-20 00:32:31,,2,,8,True,0.06849315068493154,steamer,False
33890309,Team corners,Corners equipo,Usa 5 or more,32,1.72,1.61,Usa - Paraguay,2026-06-13 01:02:10,,2,,28,True,0.06832298136645948,steamer,False
36966638,Assists (Star Substitute),Asistencias Harry Kane (Suplente Estrella),1 or more,5,4.85,4.54,England - Ghana,2026-06-23 20:00:08,36.89,1,EUR,5,False,0.06828193832599105,steamer,False
36024480,Team corners,Corners equipo,South Korea 5 or more,23,1.88,1.76,South Korea - Czech Republic,2026-06-12 02:00:54,,3,,20,True,0.0681818181818183,steamer,False
33890306,Home-side combo (bet builder),Alemania,Germany win y A goal in both halves,13,1.26,1.18,Germany - Curaçao,2026-06-14 17:01:45,19.53,1,EUR,9,False,0.06779661016949168,steamer,False
33890259,Match corners,Corners durante el partido,15 or more,5,6.3,5.9,Qatar - Switzerland,2026-06-13 19:04:43,18.18,1,EUR,5,False,0.06779661016949154,steamer,False
36024518,Player anytime not to score,No marcará ningún gol,Thelo Gerard Aasgaard,5,1.42,1.33,Iraq - Norway,2026-06-16 22:00:57,38.629999999999995,1,EUR,5,False,0.06766917293233067,steamer,False
36966591,To score or assist (Star Substitute),Marcar gol o asistir (Suplente Estrella),Oyarzabal,45,1.42,1.33,Spain - Saudi Arabia,2026-06-21 16:00:48,,2,,36,True,0.06766917293233067,steamer,False
36024493,To score 2 or more goals (Star Substitute),Marcar 2 goles o más (Suplente Estrella),Viktor Gyokeres,12,8.7,8.15,Sweden - Tunisia,2026-06-15 02:00:33,10.34,1,EUR,9,False,0.06748466257668699,steamer,False
36966472,Home-side combo (bet builder),Canadá,Canada win y A goal in both halves,15,1.9,1.78,Canada - Qatar,2026-06-18 22:00:44,,2,,12,True,0.06741573033707879,steamer,False
33890290,Team exact bookings (only players and in play),Número de tarjetas equipo (solo jugadores y en juego),Haiti 3 or more,11,2.22,2.08,Haiti - Scotland,2026-06-14 01:02:33,29.1,1,EUR,8,False,0.06730769230769233,steamer,False
33890416,Team shots on target,Remates a puerta equipo,Senegal 4 or more,8,2.38,2.23,France - Senegal,2026-06-16 19:02:47,,2,,8,True,0.06726457399103142,steamer,False
36024520,Team corners,Corners equipo,Portugal 6 or more,40,1.59,1.49,Portugal - Democratic Republic of the Congo,2026-06-17 17:01:15,,2,,32,True,0.06711409395973164,steamer,False
36966590,Anytime goalscorer (Star Substitute),Goleador durante el partido (Suplente Estrella),Valverde,42,3.82,3.58,Uruguay - Cape Verde,2026-06-21 22:00:33,,2,,36,True,0.06703910614525134,steamer,False
36966549,To score or assist (Star Substitute),Marcar gol o asistir (Suplente Estrella),Gravenberch,5,3.98,3.73,Netherlands - Sweden,2026-06-20 17:00:05,5.68,1,EUR,4,False,0.06702412868632722,steamer,False
36966591,Team goals,Goles equipo,Spain 2 or more,10,1.28,1.2,Spain - Saudi Arabia,2026-06-21 16:00:48,158.41,1,EUR,8,False,0.06666666666666671,steamer,False
33890238,To score 2 or more goals (Star Substitute),Marcar 2 goles o más (Suplente Estrella),Julián Quiñones,9,16.0,15.0,Mexico - South Africa,2026-06-11 19:05:51,,2,,9,True,0.06666666666666665,steamer,False
36966549,Team to miss a penalty,Equipo en fallar penalti durante el partido,Netherlands,5,16.0,15.0,Netherlands - Sweden,2026-06-20 17:00:05,,2,,5,True,0.06666666666666665,steamer,False
36966485,Player to win a penalty,Jugador en provocar un penalti,Vinícius,18,16.0,15.0,Brazil - Haiti,2026-06-20 00:32:31,88.75,1,EUR,16,False,0.06666666666666665,steamer,False
36966593,To score or assist (Star Substitute),Marcar gol o asistir (Suplente Estrella),Lukaku,33,1.76,1.65,Belgium - Iran,2026-06-21 19:00:03,,2,,28,True,0.0666666666666666,steamer,False
33890313,Anytime goalscorer (Star Substitute),Goleador durante el partido (Suplente Estrella),Gavi,21,3.53,3.31,Spain - Cape Verde,2026-06-15 16:01:07,173.36,1,EUR,21,False,0.066465256797583,steamer,False
36024491,Match fouls,Faltas durante el partido,29 or more,20,1.61,1.51,Canada - Bosnia And Herzegovina,2026-06-12 19:02:13,121.36,1,EUR,5,False,0.06622516556291408,steamer,False
33890291,Match shots,Remates durante el partido,23 or more,7,1.45,1.36,Brazil - Morocco,2026-06-13 22:04:18,,2,,6,True,0.06617647058823514,steamer,False
33890444,Team shots on target,Remates a puerta equipo,England 4 or more,14,1.29,1.21,England - Croatia,2026-06-17 20:00:04,,2,,13,True,0.06611570247933897,steamer,False
36966593,1st half: Team corners,1º tiempo: Corners equipo,Belgium 5 or more,7,3.55,3.33,Belgium - Iran,2026-06-21 19:00:03,111.11,1,EUR,7,False,0.06606606606606603,steamer,False
33890416,1st half: Team corners,1º tiempo: Corners equipo,France 4 or more,8,2.26,2.12,France - Senegal,2026-06-16 19:02:47,,2,,8,True,0.06603773584905644,steamer,False
36024492,Assists (Star Substitute),Asistencias Arda Güler (Suplente Estrella),1 or more,5,3.23,3.03,Australia - Turkey,2026-06-14 04:00:30,32.5,1,EUR,4,False,0.06600660066006592,steamer,False
36966610,Match corners,Corners durante el partido,10 or more,8,2.43,2.28,Jordan - Algeria,2026-06-23 03:00:21,,2,,8,True,0.0657894736842107,steamer,False
33890291,Match corners,Corners durante el partido,11 or more,9,2.77,2.6,Brazil - Morocco,2026-06-13 22:04:18,,2,,9,True,0.06538461538461522,steamer,False
36024491,Shots (Star Substitute),Remates Derek Cornelius (Suplente Estrella),1 or more,6,1.63,1.53,Canada - Bosnia And Herzegovina,2026-06-12 19:02:13,281.0,1,EUR,5,False,0.065359477124183,steamer,False
36966472,Away-side combo (bet builder),Catar,Qatar win y Over 2.5 goals,5,20.24,19.0,Canada - Qatar,2026-06-18 22:00:44,1.63,1,EUR,2,False,0.06526315789473665,steamer,False
36966553,Shots on target (Star Substitute),Remates a puerta Havertz (Suplente Estrella),1 or more,7,1.31,1.23,Germany - Ivory Coast,2026-06-20 20:00:00,9.46,1,EUR,7,False,0.06504065040650413,steamer,False
33890416,Shots on target (Star Substitute),Remates a puerta Ousmane Dembele (Suplente Estrella),2 or more,8,2.62,2.46,France - Senegal,2026-06-16 19:02:47,36.89,1,EUR,7,False,0.06504065040650413,steamer,False
36966553,Anytime goalscorer (Star Substitute),Goleador durante el partido (Suplente Estrella),Havertz,84,2.3,2.16,Germany - Ivory Coast,2026-06-20 20:00:00,361.22,1,EUR,64,False,0.06481481481481459,steamer,False
33890291,Team corners,Corners equipo,Brazil 6 or more,42,2.14,2.01,Brazil - Morocco,2026-06-13 22:04:18,,2,,36,True,0.06467661691542304,steamer,False
36966611,Match,Partido,Over 2.5 goals y Haaland 2 or more shots on target,5,2.8,2.63,Norway - Senegal,2026-06-23 00:00:05,4.95,1,EUR,5,False,0.06463878326996204,steamer,False
36966638,Match penalty missed,Penalti fallado durante el partido,Yes,9,10.75,10.1,England - Ghana,2026-06-23 20:00:08,57.25,1,EUR,7,False,0.06435643564356443,steamer,False
36966593,Match penalty missed,Penalti fallado durante el partido,Yes,6,10.75,10.1,Belgium - Iran,2026-06-21 19:00:03,20.0,1,EUR,5,False,0.06435643564356443,steamer,False
33890309,Match corners,Corners durante el partido,8 or more,28,1.49,1.4,Usa - Paraguay,2026-06-13 01:02:10,,2,,25,True,0.06428571428571427,steamer,False
37233846,Team corners,Corners equipo,Nigeria 3 or more,5,1.49,1.4,Portugal - Nigeria,2026-06-10 19:49:08,6.430000000000001,1,EUR,5,False,0.06428571428571427,steamer,False
36966609,Match,Partido,Over 9.5 corners y Lionel Messi to score,19,5.8,5.45,Argentina - Austria,2026-06-22 17:00:58,8.77,1,EUR,3,False,0.06422018348623836,steamer,False
37173238,Match,Partido,Over 2.5 goals y Over 7.5 corners,6,1.99,1.87,Galway United FC - Dundalk,2026-06-12 18:45:11,1.56,1,EUR,3,False,0.06417112299465233,steamer,False
36966591,Shots on target each half (Star Substitute),Remates a puerta en cada tiempo Lamine Yamal (Suplente Estrella),1 or more,8,2.49,2.34,Spain - Saudi Arabia,2026-06-21 16:00:48,66.48,1,EUR,7,False,0.06410256410256435,steamer,False
33890259,Team shots on target,Remates a puerta equipo,Switzerland 7 or more,6,1.83,1.72,Qatar - Switzerland,2026-06-13 19:04:43,50.15,1,EUR,6,False,0.0639534883720932,steamer,False
36966550,Team corners,Corners equipo,Curaçao 2 or more,17,1.5,1.41,Ecuador - Curaçao,2026-06-21 00:00:04,32.4,1,EUR,16,False,0.06382978723404265,steamer,False
36966612,Team corners,Corners equipo,France 10 or more,9,3.0,2.82,France - Iraq,2026-06-22 21:00:42,49.82,1,EUR,9,False,0.06382978723404265,steamer,False
33890291,Team exact bookings (only players and in play),Número de tarjetas equipo (solo jugadores y en juego),Brazil 3 or more,9,3.0,2.82,Brazil - Morocco,2026-06-13 22:04:18,20.59,1,EUR,9,False,0.06382978723404265,steamer,False
33890416,Anytime goalscorer (Star Substitute),Goleador durante el partido (Suplente Estrella),Michael Olise,57,3.17,2.98,France - Senegal,2026-06-16 19:02:47,,2,,52,True,0.06375838926174508,steamer,False
33890306,Team exact bookings (only players and in play),Número de tarjetas equipo (solo jugadores y en juego),Curaçao 4 or more,12,5.85,5.5,Germany - Curaçao,2026-06-14 17:01:45,,2,,12,True,0.06363636363636364,steamer,False
36966591,Home-side combo (bet builder),España,Spain wins at half time / Spain wins full time y Ferran to score,5,2.34,2.2,Spain - Saudi Arabia,2026-06-21 16:00:48,0.56,1,EUR,2,False,0.0636363636363635,steamer,False
33890416,Home-side combo (bet builder),Francia,A goal in both halves y Mbappe 2 or more shots on target,21,2.34,2.2,France - Senegal,2026-06-16 19:02:47,21.87,1,EUR,7,False,0.0636363636363635,steamer,False
36024491,Match,Partido,Both teams to score y Over 7.5 corners,21,2.69,2.53,Canada - Bosnia And Herzegovina,2026-06-12 19:02:13,97.86,1,EUR,16,False,0.06324110671936763,steamer,False
37183511,Match corners,Corners durante el partido,8 or more,17,1.52,1.43,England - Costa Rica,2026-06-10 21:03:46,37.36,1,EUR,12,False,0.06293706293706298,steamer,False
33890416,Home-side combo (bet builder),Francia,"France win, Both teams to score y Mbappe to score",8,4.06,3.82,France - Senegal,2026-06-16 19:02:47,,2,,8,True,0.06282722513088991,steamer,False
33890444,Team corners,Corners equipo,England 8 or more,7,3.22,3.03,England - Croatia,2026-06-17 20:00:04,87.58,1,EUR,7,False,0.06270627062706279,steamer,False
33890259,goal scorer (Star Substitute),Jugador en meter el 1º gol (Suplente Estrella),Breel Embolo,14,4.07,3.83,Qatar - Switzerland,2026-06-13 19:04:43,65.66,1,EUR,12,False,0.06266318537859006,steamer,False
36966528,Team goals,Goles equipo,Japan 2 or more,5,1.87,1.76,Tunisia - Japan,2026-06-21 04:00:01,,2,,3,True,0.06250000000000026,steamer,False
33890259,Away-side combo (bet builder),Suiza,Switzerland win y Breel Embolo to score,23,2.04,1.92,Qatar - Switzerland,2026-06-13 19:04:43,,2,,16,True,0.06250000000000012,steamer,False
37238914,Team corners,Corners equipo,Las Palmas 5 or more,20,1.7,1.6,Malaga - Las Palmas,2026-06-10 19:01:06,,2,,14,True,0.062499999999999965,steamer,False
36966591,Team corners,Corners equipo,Spain 7 or more,101,1.53,1.44,Spain - Saudi Arabia,2026-06-21 16:00:48,,2,,78,True,0.062499999999999944,steamer,False
36966590,Home-side combo (bet builder),Uruguay,Uruguay win y A goal in both halves,11,2.55,2.4,Uruguay - Cape Verde,2026-06-21 22:00:33,161.0,1,EUR,8,False,0.06249999999999991,steamer,False
33890419,1st half: Team corners,1º tiempo: Corners equipo,Ghana 3 or more,6,2.56,2.41,Ghana - Panama,2026-06-17 23:00:50,,2,,6,True,0.062240663900414855,steamer,False
36966638,Match,Partido,Over 7.5 corners y Harry Kane to score,15,2.22,2.09,England - Ghana,2026-06-23 20:00:08,,2,,9,True,0.06220095693779928,steamer,False
33890444,Match,Partido,Both teams to score y Harry Kane to score,6,3.42,3.22,England - Croatia,2026-06-17 20:00:04,8.76,1,EUR,5,False,0.062111801242236,steamer,False
36966592,Match corners,Corners durante el partido,11 or more,6,3.08,2.9,New Zealand - Egypt,2026-06-22 01:00:05,,2,,6,True,0.06206896551724146,steamer,False
36966592,Match corners,Corners durante el partido,10 or more,10,2.4,2.26,New Zealand - Egypt,2026-06-22 01:00:05,,2,,9,True,0.06194690265486726,steamer,False
36966612,Match corners,Corners durante el partido,11 or more,10,2.4,2.26,France - Iraq,2026-06-22 21:00:42,,2,,9,True,0.06194690265486726,steamer,False
36966591,Anytime goalscorer (Star Substitute),Goleador durante el partido (Suplente Estrella),Dani Olmo,38,2.23,2.1,Spain - Saudi Arabia,2026-06-21 16:00:48,256.48,1,EUR,32,False,0.0619047619047618,steamer,False
33890306,Home-side combo (bet builder),Alemania,"Germany win, Over 10.5 corners y Havertz to score",5,2.92,2.75,Germany - Curaçao,2026-06-14 17:01:45,23.05,1,EUR,5,False,0.061818181818181904,steamer,False
36966612,Team corners,Corners equipo,France 8 or more,21,1.89,1.78,France - Iraq,2026-06-22 21:00:42,,2,,18,True,0.06179775280898868,steamer,False
36966590,To score or assist (Star Substitute),Marcar gol o asistir (Suplente Estrella),Federico Viñas,13,1.89,1.78,Uruguay - Cape Verde,2026-06-21 22:00:33,,2,,11,True,0.06179775280898868,steamer,False
33890220,Away-side combo (bet builder),Colombia,"Colombia win, Over 8.5 corners y Luis Diaz to score",9,4.83,4.55,Uzbekistan - Colombia,2026-06-18 02:00:00,24.279999999999998,1,EUR,7,False,0.061538461538461604,steamer,False
33890306,Anytime goalscorer (Star Substitute),Goleador durante el partido (Suplente Estrella),Florian Wirtz,14,1.9,1.79,Germany - Curaçao,2026-06-14 17:01:45,184.57,1,EUR,14,False,0.06145251396648044,steamer,False
36024491,1st half: Team corners,1º tiempo: Corners equipo,Canada 3 or more,5,1.73,1.63,Canada - Bosnia And Herzegovina,2026-06-12 19:02:13,93.66,1,EUR,5,False,0.06134969325153368,steamer,False
36966553,1st half: Team corners,1º tiempo: Corners equipo,Ivory Coast 4 or more,6,7.8,7.35,Germany - Ivory Coast,2026-06-20 20:00:00,104.0,1,EUR,5,False,0.061224489795918324,steamer,False
36966466,Anytime goalscorer (Star Substitute),Goleador durante el partido (Suplente Estrella),Heung-Min Son,5,3.47,3.27,Mexico - South Korea,2026-06-19 01:00:38,10.07,1,EUR,5,False,0.06116207951070328,steamer,False
36966473,Match,Partido,Both teams to score y A goal in both halves,5,2.43,2.29,Switzerland - Bosnia And Herzegovina,2026-06-18 19:00:01,2.75,1,EUR,4,False,0.06113537117903945,steamer,False
36966591,Home-side combo (bet builder),España,Spain win y Ferran to score,6,1.92,1.81,Spain - Saudi Arabia,2026-06-21 16:00:48,17.74,1,EUR,6,False,0.06077348066298341,steamer,False
33890238,Saves (Star Substitute),Paradas Raul Rangel (Suplente Estrella),3 or more,25,2.62,2.47,Mexico - South Africa,2026-06-11 19:05:51,,2,,25,True,0.060728744939271315,steamer,False
36966609,Home-side combo (bet builder),Argentina,Argentina win y Lionel Messi to score,149,2.45,2.31,Argentina - Austria,2026-06-22 17:00:58,,2,,87,True,0.06060606060606072,steamer,False
33890313,Saves handicap - vs (both starters),Hándicap paradas - Unai Simón vs Vozinha (Ambos titulares o se anula),Vozinha(-1.5),7,1.4,1.32,Spain - Cape Verde,2026-06-15 16:01:07,169.63,1,EUR,6,False,0.06060606060606057,steamer,False
33890299,1st half: Team corners,1º tiempo: Corners equipo,Belgium 2 or more,9,1.23,1.16,Belgium - Egypt,2026-06-15 19:00:29,17.95,1,EUR,7,False,0.06034482758620699,steamer,False
36966466,Match,Partido,Both teams to score y A goal in both halves,11,2.46,2.32,Mexico - South Korea,2026-06-19 01:00:38,7.9,1,EUR,8,False,0.06034482758620699,steamer,False
36966591,2nd half: Team Corners,2º tiempo: Corners equipo,Spain 3 or more,5,1.41,1.33,Spain - Saudi Arabia,2026-06-21 16:00:48,38.53,1,EUR,5,False,0.06015037593984953,steamer,False
37320244,Match,Partido,Over 2.5 goals y Over 7.5 corners,5,2.47,2.33,Sport Recife - Atletico Goianiense,2026-06-19 00:00:25,1.9300000000000002,1,EUR,4,False,0.0600858369098713,steamer,False
37183312,Team corners,Corners equipo,Goias 5 or more,5,1.59,1.5,Goias - Gremio Novorizontino SP,2026-06-10 23:00:36,103.83,1,EUR,5,False,0.05999999999999999,steamer,False
36966593,Team corners,Corners equipo,Belgium 8 or more,9,2.83,2.67,Belgium - Iran,2026-06-21 19:00:03,,2,,8,True,0.05992509363295884,steamer,False
33890444,Match,Partido,Under 0.5 half time goals y Both teams to score in second half,9,9.75,9.2,England - Croatia,2026-06-17 20:00:04,8.370000000000001,1,EUR,5,False,0.059782608695652315,steamer,False
36966640,Anytime goalscorer (Star Substitute),Goleador durante el partido (Suplente Estrella),Bruno Fernandes,13,2.66,2.51,Portugal - Uzbekistan,2026-06-23 17:00:06,191.06,1,EUR,12,False,0.05976095617529895,steamer,False
33890444,Match,Partido,"Over 2.5 goals, Over 8.5 corners y Harry Kane to score",6,5.15,4.86,England - Croatia,2026-06-17 20:00:04,7.62,1,EUR,6,False,0.059670781893004024,steamer,False
33890313,Team goals,Goles equipo,Spain 3 or more,17,1.6,1.51,Spain - Cape Verde,2026-06-15 16:01:07,,2,,16,True,0.0596026490066226,steamer,False
33890306,Team Fouls,Faltas Equipo,Curaçao 12 or more,6,1.6,1.51,Germany - Curaçao,2026-06-14 17:01:45,129.22,1,EUR,6,False,0.0596026490066226,steamer,False
37265891,Match corners,Corners durante el partido,10 or more,5,1.6,1.51,Juventude - Ponte Preta,2026-06-14 14:01:33,3.27,1,EUR,2,False,0.0596026490066226,steamer,False
33890416,Team corners,Corners equipo,France 6 or more,41,1.6,1.51,France - Senegal,2026-06-16 19:02:47,,2,,31,True,0.0596026490066226,steamer,False
36971426,Home-side combo (bet builder),Turquía,"Turkey win, Over 2.5 goals y Over 8.5 corners",10,6.05,5.71,Turkey - Paraguay,2026-06-20 03:00:03,13.1,1,EUR,4,False,0.05954465849387038,steamer,False
33890298,Team corners,Corners equipo,Iran 6 or more,5,2.67,2.52,Iran - New Zealand,2026-06-16 01:03:48,34.71,1,EUR,4,False,0.05952380952380939,steamer,False
33890290,Team exact bookings (only players and in play),Número de tarjetas equipo (solo jugadores y en juego),Haiti 4 or more,5,4.1,3.87,Haiti - Scotland,2026-06-14 01:02:33,,2,,5,True,0.05943152454780343,steamer,False
33890290,1st half: Team corners,1º tiempo: Corners equipo,Scotland 2 or more,10,1.43,1.35,Haiti - Scotland,2026-06-14 01:02:33,41.339999999999996,1,EUR,8,False,0.05925925925925908,steamer,False
37275587,Team exact bookings (only players and in play),Número de tarjetas equipo (solo jugadores y en juego),Malaga 3 or more,5,1.79,1.69,Malaga - Almeria,2026-06-14 19:02:16,1.13,1,EUR,5,False,0.0591715976331362,steamer,False
36966553,Match,Partido,Over 2.5 goals y Over 7.5 corners,41,2.15,2.03,Germany - Ivory Coast,2026-06-20 20:00:00,67.01,1,EUR,30,False,0.059113300492610994,steamer,False
36966640,Home-side combo (bet builder),Portugal,"Portugal win, Over 2.5 goals y Over 8.5 corners",13,2.69,2.54,Portugal - Uzbekistan,2026-06-23 17:00:06,51.769999999999996,1,EUR,10,False,0.05905511811023604,steamer,False
36966591,To score or assist (Star Substitute),Marcar gol o asistir (Suplente Estrella),Dani Olmo,25,1.62,1.53,Spain - Saudi Arabia,2026-06-21 16:00:48,87.42,1,EUR,20,False,0.05882352941176478,steamer,False
36966590,Anytime goalscorer (Star Substitute),Goleador durante el partido (Suplente Estrella),Federico Viñas,17,2.34,2.21,Uruguay - Cape Verde,2026-06-21 22:00:33,83.39,1,EUR,15,False,0.05882352941176462,steamer,False
33890416,Team shots on target,Remates a puerta equipo,France 8 or more,8,2.71,2.56,France - Senegal,2026-06-16 19:02:47,,2,,8,True,0.05859375000000001,steamer,False
36966590,Home-side combo (bet builder),Uruguay,Uruguay win y Over 2.5 goals,20,2.53,2.39,Uruguay - Cape Verde,2026-06-21 22:00:33,,2,,16,True,0.058577405857740406,steamer,False
33890238,Match fouls,Faltas durante el partido,27 or more,11,1.81,1.71,Mexico - South Africa,2026-06-11 19:05:51,106.83,1,EUR,4,False,0.05847953216374257,steamer,False
36966528,To score or assist (Star Substitute),Marcar gol o asistir (Suplente Estrella),Keito Nakamura,10,2.72,2.57,Tunisia - Japan,2026-06-21 04:00:01,92.01,1,EUR,10,False,0.05836575875486391,steamer,False
33890299,Team corners,Corners equipo,Belgium 5 or more,22,1.27,1.2,Belgium - Egypt,2026-06-15 19:00:29,,2,,20,True,0.05833333333333347,steamer,False
33890313,1st half: Team corners,1º tiempo: Corners equipo,Spain 3 or more,17,1.27,1.2,Spain - Cape Verde,2026-06-15 16:01:07,56.1,1,EUR,7,False,0.05833333333333347,steamer,False
36966609,Home-side combo (bet builder),Argentina,"Argentina win, Over 8.5 corners y Lionel Messi 2 or more shots on target",17,4.9,4.63,Argentina - Austria,2026-06-22 17:00:58,,2,,17,True,0.058315334773218236,steamer,False
36966591,Team corners,Corners equipo,Spain 9 or more,24,2.18,2.06,Spain - Saudi Arabia,2026-06-21 16:00:48,310.13,1,EUR,23,False,0.058252427184466105,steamer,False
36966466,Home-side combo (bet builder),México,Mexico win y Over 2.5 goals,12,3.65,3.45,Mexico - South Korea,2026-06-19 01:00:38,6.68,1,EUR,9,False,0.05797101449275372,steamer,False
33890306,1st half: Team corners,1º tiempo: Corners equipo,Germany 3 or more,18,1.28,1.21,Germany - Curaçao,2026-06-14 17:01:45,1380.13,1,EUR,11,False,0.05785123966942152,steamer,False
36966612,1st half: Team corners,1º tiempo: Corners equipo,France 5 or more,6,2.2,2.08,France - Iraq,2026-06-22 21:00:42,23.04,1,EUR,6,False,0.05769230769230763,steamer,False
36966640,Player anytime not to score,No marcará ningún gol,Cristiano Ronaldo,8,2.4,2.27,Portugal - Uzbekistan,2026-06-23 17:00:06,,2,,8,True,0.05726872246696026,steamer,False
36971426,Home-side combo (bet builder),Turquía,"Turkey win, Over 8.5 corners y Arda Güler to score",5,9.43,8.92,Turkey - Paraguay,2026-06-20 03:00:03,6.94,1,EUR,4,False,0.0571748878923767,steamer,False
33890309,Team corners,Corners equipo,Usa 6 or more,14,2.22,2.1,Usa - Paraguay,2026-06-13 01:02:10,,2,,13,True,0.0571428571428572,steamer,False
36966473,Home-side combo (bet builder),Suiza,Switzerland win y Over 2.5 goals,13,2.59,2.45,Switzerland - Bosnia And Herzegovina,2026-06-18 19:00:01,56.38,1,EUR,13,False,0.05714285714285701,steamer,False
33890416,Team goals,Goles equipo,France 2 or more,10,1.67,1.58,France - Senegal,2026-06-16 19:02:47,228.15,1,EUR,10,False,0.05696202531645548,steamer,False
33890416,Match shots on target,Remates a puerta durante el partido,10 or more,8,1.86,1.76,France - Senegal,2026-06-16 19:02:47,,2,,7,True,0.056818181818181976,steamer,False
36966469,Shots (Star Substitute),Remates Oswin Appollis (Suplente Estrella),2 or more,5,1.86,1.76,Czech Republic - South Africa,2026-06-18 16:00:09,380.0,1,EUR,4,False,0.056818181818181976,steamer,False
36966553,Match,Partido,Over 1.5 half time goals y Over 1.5 second half goals,6,4.11,3.89,Germany - Ivory Coast,2026-06-20 20:00:00,24.47,1,EUR,4,False,0.05655526992287921,steamer,False
37312355,Anytime goalscorer (Star Substitute),Goleador durante el partido (Suplente Estrella),David Larrubia,5,4.3,4.07,Almeria - Malaga,2026-06-20 19:32:16,19.73,1,EUR,5,False,0.05651105651105643,steamer,False
33890259,Shots on target (Star Substitute),Remates a puerta Breel Embolo (Suplente Estrella),2 or more,24,1.88,1.78,Qatar - Switzerland,2026-06-13 19:04:43,,2,,21,True,0.05617977528089897,steamer,False
33890416,Shots on target (Star Substitute),Remates a puerta Mbappe (Suplente Estrella),4 or more,8,5.65,5.35,France - Senegal,2026-06-16 19:02:47,119.6,1,EUR,8,False,0.05607476635514032,steamer,False
37233846,Match corners,Corners durante el partido,10 or more,5,1.7,1.61,Portugal - Nigeria,2026-06-10 19:49:08,6.9799999999999995,1,EUR,5,False,0.055900621118012306,steamer,False
36024492,1st half: Team corners,1º tiempo: Corners equipo,Turkey 3 or more,6,1.7,1.61,Australia - Turkey,2026-06-14 04:00:30,,2,,6,True,0.055900621118012306,steamer,False
36966553,Home-side combo (bet builder),Alemania,"Germany win, Over 2.5 goals y Over 10.5 corners",5,4.93,4.67,Germany - Ivory Coast,2026-06-20 20:00:00,6.23,1,EUR,5,False,0.0556745182012847,steamer,False
36966590,Team corners,Corners equipo,Uruguay 8 or more,18,2.47,2.34,Uruguay - Cape Verde,2026-06-21 22:00:33,,2,,17,True,0.05555555555555567,steamer,False
33890259,Match fouls,Faltas durante el partido,24 or more,8,1.9,1.8,Qatar - Switzerland,2026-06-13 19:04:43,446.15,1,EUR,7,False,0.055555555555555663,steamer,False
33890259,Hat trick (three or more goals) (Star Substitute),Hat trick (tres o más goles) (Suplente Estrella),Breel Embolo,12,19.0,18.0,Qatar - Switzerland,2026-06-13 19:04:43,,2,,10,True,0.05555555555555555,steamer,False
36966612,1st half: Shots on target,Mbappe,3 or more,7,5.7,5.4,France - Iraq,2026-06-22 21:00:42,4.25,1,EUR,3,False,0.05555555555555555,steamer,False
36966466,Player to score in 1st half,Jugador en meter gol en el 1º tiempo,Raúl Jiménez,5,5.7,5.4,Mexico - South Korea,2026-06-19 01:00:38,0.25,1,EUR,2,False,0.05555555555555555,steamer,False
36966553,Team corners,Corners equipo,Germany 8 or more,61,2.85,2.7,Germany - Ivory Coast,2026-06-20 20:00:00,,2,,12,True,0.05555555555555555,steamer,False
37238914,1-X-2 / 2 goals Up,1-X-2 / Ventaja 2 goles,1,164,2.09,1.98,Malaga - Las Palmas,2026-06-10 19:01:06,,2,,127,True,0.055555555555555504,steamer,False
36966593,1st half: Team corners,1º tiempo: Corners equipo,Belgium 4 or more,7,2.28,2.16,Belgium - Iran,2026-06-21 19:00:03,121.53999999999999,1,EUR,6,False,0.05555555555555536,steamer,False
33890306,Match corners,Corners durante el partido,11 or more,19,1.91,1.81,Germany - Curaçao,2026-06-14 17:01:45,,2,,16,True,0.055248618784530454,steamer,False
33890306,Total passes,Kimmich,85 or more,5,1.91,1.81,Germany - Curaçao,2026-06-14 17:01:45,300.0,1,EUR,3,False,0.055248618784530454,steamer,False
36966609,goal scorer (Star Substitute),Jugador en meter el 1º gol (Suplente Estrella),Lionel Messi,57,4.02,3.81,Argentina - Austria,2026-06-22 17:00:58,,2,,41,True,0.05511811023622032,steamer,False
36966640,1st half: Team corners,1º tiempo: Corners equipo,Portugal 6 or more,9,4.22,4.0,Portugal - Uzbekistan,2026-06-23 17:00:06,101.7,1,EUR,9,False,0.05499999999999998,steamer,False
33890291,To score or assist (Star Substitute),Marcar gol o asistir (Suplente Estrella),Achraf,9,4.22,4.0,Brazil - Morocco,2026-06-13 22:04:18,71.81,1,EUR,8,False,0.05499999999999998,steamer,False
36966591,Home-side combo (bet builder),España,"Spain win, Oyarzabal 2 or more shots on target y Lamine Yamal 2 or more shots on target",6,2.88,2.73,Spain - Saudi Arabia,2026-06-21 16:00:48,59.019999999999996,1,EUR,6,False,0.05494505494505491,steamer,False
36024491,Match,Partido,Over 2.5 goals y Over 9.5 corners,5,4.42,4.19,Canada - Bosnia And Herzegovina,2026-06-12 19:02:13,90.0,1,EUR,4,False,0.054892601431980846,steamer,False
33890306,Home-side combo (bet builder),Alemania,"Germany win, Germany to score in both halves y Over 10.5 corners",5,2.5,2.37,Germany - Curaçao,2026-06-14 17:01:45,66.0,1,EUR,5,False,0.054852320675105315,steamer,False
36966466,Shots on target (Star Substitute),Remates a puerta Heung-Min Son (Suplente Estrella),2 or more,11,3.08,2.92,Mexico - South Korea,2026-06-19 01:00:38,141.13,1,EUR,10,False,0.054794520547945154,steamer,False
33890298,Team corners,Corners equipo,Iran 5 or more,18,1.93,1.83,Iran - New Zealand,2026-06-16 01:03:48,,2,,18,True,0.054644808743169154,steamer,False
36966593,Home-side combo (bet builder),Bélgica,Belgium win y Kevin De Bruyne 2 or more shots on target,5,3.67,3.48,Belgium - Iran,2026-06-21 19:00:03,8.120000000000001,1,EUR,5,False,0.05459770114942512,steamer,False
33890309,1st half: Team corners,1º tiempo: Corners equipo,Usa 4 or more,7,3.48,3.3,Usa - Paraguay,2026-06-13 01:02:10,,2,,7,True,0.05454545454545464,steamer,False
33890444,Match,Partido,"Over 2.5 goals, Over 10.5 corners y Harry Kane to score",5,8.7,8.25,England - Croatia,2026-06-17 20:00:04,48.6,1,EUR,5,False,0.05454545454545446,steamer,False
33890313,1st Half: Team Cards (only players and in play),1º tiempo: Tarjetas equipo (solo jugadores y en juego),Cape Verde 2 or more,9,4.84,4.59,Spain - Cape Verde,2026-06-15 16:01:07,53.78,1,EUR,7,False,0.0544662309368192,steamer,False
36966591,Shots on target (Star Substitute),Remates a puerta Dani Olmo (Suplente Estrella),2 or more,11,2.13,2.02,Spain - Saudi Arabia,2026-06-21 16:00:48,386.5,1,EUR,11,False,0.054455445544554434,steamer,False
36966472,Home-side combo (bet builder),Canadá,Canada win y Over 2.5 goals,11,1.94,1.84,Canada - Qatar,2026-06-18 22:00:44,193.62,1,EUR,8,False,0.054347826086956354,steamer,False
36966611,Shots on target (Star Substitute),Remates a puerta Nicolas Jackson (Suplente Estrella),2 or more,5,3.3,3.13,Norway - Senegal,2026-06-23 00:00:05,27.59,1,EUR,5,False,0.054313099041533475,steamer,False
33890419,Home-side combo (bet builder),Ghana,Ghana win y Antoine Semenyo to score,18,5.05,4.79,Ghana - Panama,2026-06-17 23:00:50,,2,,14,True,0.054279749478079266,steamer,False
33890444,Match,Partido,Over 2.5 goals y Over 7.5 corners,42,2.72,2.58,England - Croatia,2026-06-17 20:00:04,248.91,1,EUR,34,False,0.05426356589147286,steamer,False
33890220,1-X-2 / 2 goals Up,1-X-2 / Ventaja 2 goles,2,356,1.36,1.29,Uzbekistan - Colombia,2026-06-18 02:00:00,,3,,217,True,0.05426356589147286,steamer,False
36966469,Team corners,Corners equipo,Czech Republic 5 or more,19,1.75,1.66,Czech Republic - South Africa,2026-06-18 16:00:09,,2,,14,True,0.054216867469879665,steamer,False
36966593,Team corners,Corners equipo,Belgium 7 or more,19,2.14,2.03,Belgium - Iran,2026-06-21 19:00:03,,2,,19,True,0.05418719211822675,steamer,False
36966480,goal scorer (Star Substitute),Jugador en meter el 1º gol (Suplente Estrella),Balogun,16,4.48,4.25,Usa - Australia,2026-06-19 19:00:27,,2,,14,True,0.05411764705882359,steamer,False
36966550,Shots on target (Star Substitute),Remates a puerta Enner Valencia (Suplente Estrella),2 or more,9,1.76,1.67,Ecuador - Curaçao,2026-06-21 00:00:04,5.17,1,EUR,8,False,0.053892215568862284,steamer,False
33890309,Team corners,Corners equipo,Usa 4 or more,16,1.37,1.3,Usa - Paraguay,2026-06-13 01:02:10,,2,,13,True,0.05384615384615376,steamer,False
36966640,To score or assist (Star Substitute),Marcar gol o asistir (Suplente Estrella),Cristiano Ronaldo,55,1.37,1.3,Portugal - Uzbekistan,2026-06-23 17:00:06,,2,,55,True,0.05384615384615376,steamer,False
33890416,To score from outside the box (Star Substitute),Marcar gol desde fuera del área (Suplente Estrella),Michael Olise,7,9.8,9.3,France - Senegal,2026-06-16 19:02:47,140.84,1,EUR,6,False,0.053763440860215055,steamer,False
33890299,Home-side combo (bet builder),Bélgica,Belgium win y A goal in both halves,19,2.55,2.42,Belgium - Egypt,2026-06-15 19:00:29,,2,,14,True,0.05371900826446271,steamer,False
36966591,Match shots on target,Remates a puerta durante el partido,11 or more,7,1.57,1.49,Spain - Saudi Arabia,2026-06-21 16:00:48,,2,,6,True,0.05369127516778533,steamer,False
36966640,1-X-2 / 2 goals Up,1-X-2 / Ventaja 2 goles,1,114,1.18,1.12,Portugal - Uzbekistan,2026-06-23 17:00:06,,2,,40,True,0.0535714285714284,steamer,False
36966466,To score or assist (Star Substitute),Marcar gol o asistir (Suplente Estrella),Kang-In Lee,7,3.35,3.18,Mexico - South Korea,2026-06-19 01:00:38,36.49,1,EUR,7,False,0.05345911949685539,steamer,False
33890419,Anytime goalscorer (Star Substitute),Goleador durante el partido (Suplente Estrella),Antoine Semenyo,37,3.35,3.18,Ghana - Panama,2026-06-17 23:00:50,,2,,29,True,0.05345911949685539,steamer,False
36966612,Home-side combo (bet builder),Francia,France win y Over 2.5 goals,20,1.38,1.31,France - Iraq,2026-06-22 21:00:42,94.35,1,EUR,11,False,0.05343511450381655,steamer,False
33890416,To score or assist (Star Substitute),Marcar gol o asistir (Suplente Estrella),Mbappe,112,1.58,1.5,France - Senegal,2026-06-16 19:02:47,,2,,102,True,0.05333333333333339,steamer,False
33890238,Team corners,Corners equipo,Mexico 8 or more,33,3.16,3.0,Mexico - South Africa,2026-06-11 19:05:51,,2,,28,True,0.05333333333333339,steamer,False
36966473,To score or assist (Star Substitute),Marcar gol o asistir (Suplente Estrella),Breel Embolo,44,1.78,1.69,Switzerland - Bosnia And Herzegovina,2026-06-18 19:00:01,,2,,34,True,0.05325443786982245,steamer,False
33890444,Home-side combo (bet builder),Inglaterra,England win y Harry Kane 2 or more shots on target,49,2.77,2.63,England - Croatia,2026-06-17 20:00:04,205.76,1,EUR,37,False,0.05323193916349812,steamer,False
36966590,Home-side combo (bet builder),Uruguay,Uruguay win y Valverde to score,10,4.36,4.14,Uruguay - Cape Verde,2026-06-21 22:00:33,55.09,1,EUR,10,False,0.053140096618357634,steamer,False
36966590,Team corners,Corners equipo,Uruguay 6 or more,42,1.59,1.51,Uruguay - Cape Verde,2026-06-21 22:00:33,,2,,37,True,0.05298013245033126,steamer,False
33890313,Home-side combo (bet builder),España,Spain to win 1st half y Spain to win 2nd half,27,1.79,1.7,Spain - Cape Verde,2026-06-15 16:01:07,150.05,1,EUR,22,False,0.05294117647058833,steamer,False
33890299,Home-side combo (bet builder),Bélgica,Belgium win y De Ketelaere to score,5,3.59,3.41,Belgium - Egypt,2026-06-15 19:00:29,7.800000000000001,1,EUR,5,False,0.052785923753665503,steamer,False
36966553,Team corners,Corners equipo,Ivory Coast 6 or more,15,5.2,4.94,Germany - Ivory Coast,2026-06-20 20:00:00,53.59,1,EUR,9,False,0.05263157894736849,steamer,False
37214946,Team corners,Corners equipo,France 8 or more,7,1.8,1.71,France - Northern Ireland,2026-06-08 19:10:00,0.59,1,EUR,1,False,0.052631578947368314,steamer,False
36966609,Team goals,Goles equipo,Argentina 2 or more,9,1.8,1.71,Argentina - Austria,2026-06-22 17:00:58,,2,,9,True,0.052631578947368314,steamer,False
36966466,Anytime goalscorer (Star Substitute),Goleador durante el partido (Suplente Estrella),Min-Jae Kim,10,20.0,19.0,Mexico - South Korea,2026-06-19 01:00:38,18.34,1,EUR,1,False,0.05263157894736831,steamer,False
36966550,Anytime goalscorer (Star Substitute),Goleador durante el partido (Suplente Estrella),Kenji Gorré,6,10.0,9.5,Ecuador - Curaçao,2026-06-21 00:00:04,24.590000000000003,1,EUR,1,False,0.05263157894736831,steamer,False
36966609,Anytime goalscorer (Star Substitute),Goleador durante el partido (Suplente Estrella),Lionel Messi,290,2.01,1.91,Argentina - Austria,2026-06-22 17:00:58,,2,,219,True,0.05235602094240823,steamer,False
33890306,Home-side combo (bet builder),Alemania,Germany win y Over 2.5 goals,8,1.21,1.15,Germany - Curaçao,2026-06-14 17:01:45,11.08,1,EUR,7,False,0.052173913043478334,steamer,False
36966549,To score or assist (Star Substitute),Marcar gol o asistir (Suplente Estrella),Malen,15,2.02,1.92,Netherlands - Sweden,2026-06-20 17:00:05,,2,,8,True,0.05208333333333342,steamer,False
33890220,1st half: Team corners,1º tiempo: Corners equipo,Colombia 3 or more,9,1.82,1.73,Uzbekistan - Colombia,2026-06-18 02:00:00,,2,,8,True,0.05202312138728344,steamer,False
33890444,Right foot shots on target (Star Substitute),Remates a puerta con la pierna derecha Harry Kane (Suplente Estrella),2 or more,7,3.65,3.47,England - Croatia,2026-06-17 20:00:04,23.58,1,EUR,6,False,0.05187319884726232,steamer,False
33890259,To score or assist (Star Substitute),Marcar gol o asistir (Suplente Estrella),Ruben Vargas,13,1.83,1.74,Qatar - Switzerland,2026-06-13 19:04:43,70.16,1,EUR,10,False,0.05172413793103453,steamer,False
33890444,Anytime goalscorer (Star Substitute),Goleador durante el partido (Suplente Estrella),Anthony Gordon,27,3.87,3.68,England - Croatia,2026-06-17 20:00:04,222.67000000000002,1,EUR,18,False,0.05163043478260873,steamer,False
33890444,Anytime goalscorer (Star Substitute),Goleador durante el partido (Suplente Estrella),Luka Modric,16,8.15,7.75,England - Croatia,2026-06-17 20:00:04,83.47,1,EUR,11,False,0.05161290322580643,steamer,False
33890313,Team exact bookings (only players and in play),Número de tarjetas equipo (solo jugadores y en juego),Cape Verde 2 or more,25,1.63,1.55,Spain - Cape Verde,2026-06-15 16:01:07,,2,,20,True,0.0516129032258064,steamer,False
33890220,Away-side combo (bet builder),Colombia,Colombia to win 1st half y Colombia to win 2nd half,7,3.47,3.3,Uzbekistan - Colombia,2026-06-18 02:00:00,1.52,1,EUR,4,False,0.05151515151515153,steamer,False
36966590,Team shots on target,Remates a puerta equipo,Uruguay 5 or more,5,1.43,1.36,Uruguay - Cape Verde,2026-06-21 22:00:33,,2,,5,True,0.051470588235293914,steamer,False
36971426,Match,Partido,Over 7.5 corners y Arda Güler to score,7,5.11,4.86,Turkey - Paraguay,2026-06-20 03:00:03,25.33,1,EUR,2,False,0.05144032921810695,steamer,False
33890416,Home-side combo (bet builder),Francia,"France win, Over 8.5 corners y Mbappe to score 2 or more goals",19,9.2,8.75,France - Senegal,2026-06-16 19:02:47,73.30000000000001,1,EUR,15,False,0.05142857142857129,steamer,False
37312355,To score or assist (Star Substitute),Marcar gol o asistir (Suplente Estrella),David Larrubia,15,3.07,2.92,Almeria - Malaga,2026-06-20 19:32:16,51.18,1,EUR,9,False,0.05136986301369846,steamer,False
33890220,Away-side combo (bet builder),Colombia,Colombia win y Luis Suárez to score,32,2.46,2.34,Uzbekistan - Colombia,2026-06-18 02:00:00,55.67,1,EUR,23,False,0.05128205128205139,steamer,False
33890299,Match shots,Remates durante el partido,28 or more,5,2.05,1.95,Belgium - Egypt,2026-06-15 19:00:29,,2,,4,True,0.05128205128205132,steamer,False
36966611,Match shots on target,Remates a puerta durante el partido,9 or more,8,1.64,1.56,Norway - Senegal,2026-06-23 00:00:05,,2,,6,True,0.05128205128205121,steamer,False
33890312,To score or assist (Star Substitute),Marcar gol o asistir (Suplente Estrella),Salem Al-Dawsari,5,3.5,3.33,Saudi Arabia - Uruguay,2026-06-15 22:03:57,,2,,5,True,0.05105105105105112,steamer,False
37238914,Anytime goalscorer (Star Substitute),Goleador durante el partido (Suplente Estrella),Joaquin Munoz,5,3.92,3.73,Malaga - Las Palmas,2026-06-10 19:01:06,16.93,1,EUR,4,False,0.050938337801608606,steamer,False
36966612,Home-side combo (bet builder),Francia,France win y Mbappe first goalscorer,12,3.31,3.15,France - Iraq,2026-06-22 21:00:42,,2,,11,True,0.050793650793650794,steamer,False
36024493,Team corners,Corners equipo,Sweden 6 or more,6,2.08,1.98,Sweden - Tunisia,2026-06-15 02:00:33,31.72,1,EUR,6,False,0.050505050505050664,steamer,False
36966486,Team corners,Corners equipo,Morocco 6 or more,9,2.29,2.18,Scotland - Morocco,2026-06-19 22:00:07,,2,,9,True,0.05045871559633016,steamer,False
36966553,Home-side combo (bet builder),Alemania,"Germany win, Over 8.5 corners y Havertz to score",5,4.17,3.97,Germany - Ivory Coast,2026-06-20 20:00:00,12.71,1,EUR,5,False,0.050377833753148596,steamer,False
33890259,1st half: Corners,1º tiempo: Corners,7 or more,5,3.76,3.58,Qatar - Switzerland,2026-06-13 19:04:43,19.36,1,EUR,4,False,0.0502793296089385,steamer,False
37238914,Saves (Star Substitute),Paradas Horkas (Suplente Estrella),4 or more,7,2.09,1.99,Malaga - Las Palmas,2026-06-10 19:01:06,209.92000000000002,1,EUR,7,False,0.05025125628140682,steamer,False
33890313,1st half: Team corners,1º tiempo: Corners equipo,Spain 7 or more,5,4.2,4.0,Spain - Cape Verde,2026-06-15 16:01:07,51.0,1,EUR,5,False,0.05000000000000006,steamer,False
36966591,1st half: Shots on target,Lamine Yamal,1 or more,5,1.68,1.6,Spain - Saudi Arabia,2026-06-21 16:00:48,63.3,1,EUR,5,False,0.05000000000000001,steamer,False
37275587,Match penalty scored,Gol de penalti durante el partido,Yes,11,3.15,3.0,Malaga - Almeria,2026-06-14 19:02:16,22.89,1,EUR,11,False,0.05,steamer,False
36966609,Anytime goalscorer (Star Substitute),Goleador durante el partido (Suplente Estrella),Lautaro Martínez,32,2.31,2.2,Argentina - Austria,2026-06-22 17:00:58,,2,,32,True,0.049999999999999975,steamer,False
36966466,Match,Partido,Both teams to score y Over 7.5 corners,24,2.74,2.61,Mexico - South Korea,2026-06-19 01:00:38,,2,,21,True,0.049808429118773985,steamer,False
33890238,Match throw-ins,Saques de banda durante el partido,39 or more,6,1.9,1.81,Mexico - South Africa,2026-06-11 19:05:51,178.8,1,EUR,6,False,0.04972375690607747,steamer,False
36024520,Team corners,Corners equipo,Portugal 7 or more,29,1.9,1.81,Portugal - Democratic Republic of the Congo,2026-06-17 17:01:15,,2,,21,True,0.04972375690607747,steamer,False
33890259,Anytime goalscorer (Star Substitute),Goleador durante el partido (Suplente Estrella),Breel Embolo,46,1.9,1.81,Qatar - Switzerland,2026-06-13 19:04:43,,2,,31,True,0.04972375690607747,steamer,False
36966528,1-X-2 / 2 goals Up,1-X-2 / Ventaja 2 goles,2,385,1.48,1.41,Tunisia - Japan,2026-06-21 04:00:01,,3,,212,True,0.04964539007092205,steamer,False
33890306,Home-side combo (bet builder),Alemania,Germany win y Sane 1 or more assists,6,2.54,2.42,Germany - Curaçao,2026-06-14 17:01:45,7.01,1,EUR,5,False,0.04958677685950425,steamer,False
33890419,Home-side combo (bet builder),Ghana,Ghana win y Antoine Semenyo 2 or more shots on target,5,5.3,5.05,Ghana - Panama,2026-06-17 23:00:50,9.33,1,EUR,5,False,0.04950495049504948,steamer,False
36024491,Home-side combo (bet builder),Canadá,"Canada win, Over 2.5 goals y Over 8.5 corners",5,5.3,5.05,Canada - Bosnia And Herzegovina,2026-06-12 19:02:13,17.66,1,EUR,3,False,0.04950495049504948,steamer,False
36966591,Player to score in fisrt ten minutes (from 0:00 to 9:59),Jugador en meter gol en los 10 primeros minutos (del 0:00 al 9:59),Oyarzabal,37,9.55,9.1,Spain - Saudi Arabia,2026-06-21 16:00:48,,2,,29,True,0.04945054945054958,steamer,False
33890291,Match,Partido,4 or more cards during the match y Raphinha 2 or more shots on target,5,4.04,3.85,Brazil - Morocco,2026-06-13 22:04:18,10.92,1,EUR,4,False,0.04935064935064926,steamer,False
36966472,To score 2 or more goals (Star Substitute),Marcar 2 goles o más (Suplente Estrella),Jonathan David,28,6.4,6.1,Canada - Qatar,2026-06-18 22:00:44,,2,,19,True,0.049180327868852555,steamer,False
36966612,Home-side combo (bet builder),Francia,"France win, Over 2.5 goals y Over 10.5 corners",8,3.2,3.05,France - Iraq,2026-06-22 21:00:42,5.78,1,EUR,3,False,0.049180327868852555,steamer,False
33890291,Team exact bookings (only players and in play),Número de tarjetas equipo (solo jugadores y en juego),Brazil 2 or more,27,1.71,1.63,Brazil - Morocco,2026-06-13 22:04:18,,2,,23,True,0.04907975460122707,steamer,False
36024491,Saves (Star Substitute),Paradas Maxime Crépeau (Suplente Estrella),5 or more,5,8.55,8.15,Canada - Bosnia And Herzegovina,2026-06-12 19:02:13,,2,,5,True,0.049079754601227044,steamer,False
33890291,Match,Partido,4 or more cards during the match y Vinícius 2 or more shots on target,8,3.65,3.48,Brazil - Morocco,2026-06-13 22:04:18,34.019999999999996,1,EUR,5,False,0.048850574712643674,steamer,False
36966612,1st half: Team corners,1º tiempo: Corners equipo,France 6 or more,6,3.01,2.87,France - Iraq,2026-06-22 21:00:42,45.5,1,EUR,6,False,0.04878048780487792,steamer,False
33890306,Team corners,Corners equipo,Germany 11or more,6,2.8,2.67,Germany - Curaçao,2026-06-14 17:01:45,24.919999999999998,1,EUR,5,False,0.048689138576779076,steamer,False
33890299,To score or assist (Star Substitute),Marcar gol o asistir (Suplente Estrella),Trossard,10,2.16,2.06,Belgium - Egypt,2026-06-15 19:00:29,51.6,1,EUR,8,False,0.04854368932038849,steamer,False
36024520,Shots on target each half (Star Substitute),Remates a puerta en cada tiempo Cristiano Ronaldo (Suplente Estrella),1 or more,8,2.38,2.27,Portugal - Democratic Republic of the Congo,2026-06-17 17:01:15,,2,,8,True,0.04845814977973562,steamer,False
33890444,Match,Partido,Over 9.5 corners y Harry Kane to score,8,4.76,4.54,England - Croatia,2026-06-17 20:00:04,63.44,1,EUR,8,False,0.04845814977973562,steamer,False
36966466,1-X-2 / 2 goals Up,1-X-2 / Ventaja 2 goles,2,60,3.91,3.73,Mexico - South Korea,2026-06-19 01:00:38,,2,,39,True,0.04825737265415548,steamer,False
36966609,Home-side combo (bet builder),Argentina,"Argentina win, Over 3.5 goals y Lionel Messi to score",13,5.45,5.2,Argentina - Austria,2026-06-22 17:00:58,44.92,1,EUR,8,False,0.04807692307692309,steamer,False
36966485,Home-side combo (bet builder),Brasil,Brazil to win both halves y Over 3.5 goals,10,2.4,2.29,Brazil - Haiti,2026-06-20 00:32:31,11.39,1,EUR,9,False,0.048034934497816595,steamer,False
36966466,Team corners,Corners equipo,Mexico 5 or more,11,1.75,1.67,Mexico - South Korea,2026-06-19 01:00:38,,2,,9,True,0.04790419161676662,steamer,False
36024520,1st half: Team corners,1º tiempo: Corners equipo,Portugal 4 or more,8,1.97,1.88,Portugal - Democratic Republic of the Congo,2026-06-17 17:01:15,232.70999999999998,1,EUR,7,False,0.04787234042553196,steamer,False
33890313,Home-side combo (bet builder),España,"Spain win, Spain to score in both halves y Over 8.5 corners",7,1.98,1.89,Spain - Cape Verde,2026-06-15 16:01:07,172.38,1,EUR,7,False,0.047619047619047714,steamer,False
33890291,Match shots,Remates durante el partido,24 or more,6,1.54,1.47,Brazil - Morocco,2026-06-13 22:04:18,,2,,6,True,0.047619047619047596,steamer,False
36966473,Match shots,Remates durante el partido,23 or more,7,1.55,1.48,Switzerland - Bosnia And Herzegovina,2026-06-18 19:00:01,,2,,6,True,0.0472972972972973,steamer,False
33890416,Home-side combo (bet builder),Francia,"France win, Over 2.5 goals y Mbappe to score",24,3.1,2.96,France - Senegal,2026-06-16 19:02:47,144.1,1,EUR,16,False,0.0472972972972973,steamer,False
33890290,1st half: Corners,1º tiempo: Corners,4 or more,10,1.55,1.48,Haiti - Scotland,2026-06-14 01:02:33,,2,,3,True,0.0472972972972973,steamer,False
36966591,Home-side combo (bet builder),España,"Spain win, Oyarzabal 3 or more shots on target y Lamine Yamal 3 or more shots on target",5,9.11,8.7,Spain - Saudi Arabia,2026-06-21 16:00:48,13.530000000000001,1,EUR,5,False,0.04712643678160929,steamer,False
33890238,1st half: Team corners,1º tiempo: Corners equipo,South Africa 3 or more,10,4.0,3.82,Mexico - South Africa,2026-06-11 19:05:51,32.54,1,EUR,7,False,0.04712041884816753,steamer,False
33890313,goal scorer (Star Substitute),Jugador en meter el 1º gol (Suplente Estrella),Gavi,5,10.0,9.55,Spain - Cape Verde,2026-06-15 16:01:07,20.2,1,EUR,4,False,0.04712041884816734,steamer,False
33890444,1st half: Team corners,1º tiempo: Corners equipo,England 3 or more,9,1.78,1.7,England - Croatia,2026-06-17 20:00:04,,2,,8,True,0.04705882352941172,steamer,False
36966640,Assists (Star Substitute),Asistencias Bruno Fernandes (Suplente Estrella),1 or more,6,2.45,2.34,Portugal - Uzbekistan,2026-06-23 17:00:06,37.49,1,EUR,6,False,0.047008547008547216,steamer,False
36966553,Match,Partido,Both teams to score y Over 7.5 corners,11,2.23,2.13,Germany - Ivory Coast,2026-06-20 20:00:00,39.57,1,EUR,11,False,0.04694835680751171,steamer,False
36966528,1st half: Team corners,1º tiempo: Corners equipo,Japan 2 or more,9,1.34,1.28,Tunisia - Japan,2026-06-21 04:00:01,,2,,8,True,0.04687500000000009,steamer,False
36966592,1st half: Team corners,1º tiempo: Corners equipo,Egypt 3 or more,7,2.01,1.92,New Zealand - Egypt,2026-06-22 01:00:05,35.370000000000005,1,EUR,5,False,0.04687499999999993,steamer,False
33890444,Match,Partido,Both teams to score y A goal in both halves,23,2.46,2.35,England - Croatia,2026-06-17 20:00:04,,2,,16,True,0.046808510638297905,steamer,False
36966612,Team shots on target,Remates a puerta equipo,Iraq 2 or more,6,1.79,1.71,France - Iraq,2026-06-22 21:00:42,,2,,6,True,0.046783625730994156,steamer,False
36966612,Home-side combo (bet builder),Francia,"France win, Over 2.5 goals y Over 8.5 corners",17,2.02,1.93,France - Iraq,2026-06-22 21:00:42,115.11,1,EUR,17,False,0.046632124352331744,steamer,False
33890313,To score from outside the box (Star Substitute),Marcar gol desde fuera del área (Suplente Estrella),Fabián Ruiz,5,10.1,9.65,Spain - Cape Verde,2026-06-15 16:01:07,35.58,1,EUR,5,False,0.04663212435233149,steamer,False
36966593,Saves (Star Substitute),Paradas Courtois (Suplente Estrella),3 or more,7,2.25,2.15,Belgium - Iran,2026-06-21 19:00:03,109.63,1,EUR,6,False,0.046511627906976785,steamer,False
36966528,Away-side combo (bet builder),Japón,"Japan win, Over 2.5 goals y Over 8.5 corners",9,4.5,4.3,Tunisia - Japan,2026-06-21 04:00:01,5.88,1,EUR,5,False,0.046511627906976785,steamer,False
36966591,Home-side combo (bet builder),España,Spain win y Dani Olmo 2 or more shots on target,5,2.25,2.15,Spain - Saudi Arabia,2026-06-21 16:00:48,17.47,1,EUR,5,False,0.046511627906976785,steamer,False
36966473,Home-side combo (bet builder),Suiza,Switzerland win y A goal in both halves,10,2.48,2.37,Switzerland - Bosnia And Herzegovina,2026-06-18 19:00:01,10.42,1,EUR,8,False,0.04641350210970445,steamer,False
36966549,Player to score in 1st half,Jugador en meter gol en el 1º tiempo,Cody Gakpo,5,5.0,4.78,Netherlands - Sweden,2026-06-20 17:00:05,0.77,1,EUR,2,False,0.04602510460251036,steamer,False
36966480,Match shots on target,Remates a puerta durante el partido,10 or more,7,2.28,2.18,Usa - Australia,2026-06-19 19:00:27,,2,,6,True,0.04587155963302738,steamer,False
36966591,Assists (Star Substitute),Asistencias Lamine Yamal (Suplente Estrella),1 or more,16,2.28,2.18,Spain - Saudi Arabia,2026-06-21 16:00:48,261.17,1,EUR,12,False,0.04587155963302738,steamer,False
36966549,1-X-2 / 2 goals Up,1-X-2 / Ventaja 2 goles,2,56,4.79,4.58,Netherlands - Sweden,2026-06-20 17:00:05,482.18,1,EUR,23,False,0.04585152838427954,steamer,False
33890444,goal scorer (Star Substitute),Jugador en meter el 1º gol (Suplente Estrella),Harry Kane,69,4.34,4.15,England - Croatia,2026-06-17 20:00:04,,2,,50,True,0.04578313253012035,steamer,False
36966591,1st half: Team corners,1º tiempo: Corners equipo,Spain 5 or more,12,2.06,1.97,Spain - Saudi Arabia,2026-06-21 16:00:48,44.28,1,EUR,12,False,0.04568527918781718,steamer,False
36966609,To score or assist (Star Substitute),Marcar gol o asistir (Suplente Estrella),Julian Alvarez,12,2.06,1.97,Argentina - Austria,2026-06-22 17:00:58,45.82,1,EUR,12,False,0.04568527918781718,steamer,False
33890259,Team goal kicks,Saques de puerta equipo,Qatar 10 or more,44,2.06,1.97,Qatar - Switzerland,2026-06-13 19:04:43,253.39,1,EUR,2,False,0.04568527918781718,steamer,False
36966591,Anytime goalscorer (Star Substitute),Goleador durante el partido (Suplente Estrella),Ferran,21,1.84,1.76,Spain - Saudi Arabia,2026-06-21 16:00:48,224.01,1,EUR,17,False,0.0454545454545456,steamer,False
36966638,1st half: Team corners,1º tiempo: Corners equipo,England 5 or more,5,3.22,3.08,England - Ghana,2026-06-23 20:00:08,173.0,1,EUR,5,False,0.045454545454545525,steamer,False
36966466,Anytime goalscorer (Star Substitute),Goleador durante el partido (Suplente Estrella),Julián Quiñones,12,3.45,3.3,Mexico - South Korea,2026-06-19 01:00:38,80.66,1,EUR,9,False,0.04545454545454545,steamer,False
33890299,Home-side combo (bet builder),Bélgica,Belgium win y Doku 1 or more assists,6,3.93,3.76,Belgium - Egypt,2026-06-15 19:00:29,19.27,1,EUR,6,False,0.0452127659574468,steamer,False
33890313,Match,Partido,Both teams not to score y Oyarzabal to score,8,2.55,2.44,Spain - Cape Verde,2026-06-15 16:01:07,44.91,1,EUR,8,False,0.04508196721311465,steamer,False
36966640,Home-side combo (bet builder),Portugal,"Portugal win, Over 8.5 corners y Cristiano Ronaldo to score",10,2.55,2.44,Portugal - Uzbekistan,2026-06-23 17:00:06,8.52,1,EUR,6,False,0.04508196721311465,steamer,False
36971426,Match,Partido,Both teams to score y Over 7.5 corners,16,2.55,2.44,Turkey - Paraguay,2026-06-20 03:00:03,12.67,1,EUR,15,False,0.04508196721311465,steamer,False
33890259,Match,Partido,Over 2.5 goals y Over 7.5 corners,21,2.09,2.0,Qatar - Switzerland,2026-06-13 19:04:43,55.1,1,EUR,20,False,0.04499999999999988,steamer,False
33890309,1st half: Team corners,1º tiempo: Corners equipo,Usa 3 or more,9,2.09,2.0,Usa - Paraguay,2026-06-13 01:02:10,,2,,9,True,0.04499999999999988,steamer,False
36966553,Home-side combo (bet builder),Alemania,"Germany win, Both teams to score y Over 8.5 corners",6,4.18,4.0,Germany - Ivory Coast,2026-06-20 20:00:00,6.73,1,EUR,6,False,0.04499999999999988,steamer,False
36966609,Player anytime not to score,No marcará ningún gol,Julian Alvarez,7,1.4,1.34,Argentina - Austria,2026-06-22 17:00:58,401.0,1,EUR,2,False,0.04477611940298496,steamer,False
33890313,Home-side combo (bet builder),España,Spain win y Over 2.5 goals,33,1.4,1.34,Spain - Cape Verde,2026-06-15 16:01:07,38.03,1,EUR,23,False,0.04477611940298496,steamer,False
36966591,Home-side combo (bet builder),España,Spain win y Lamine Yamal to score,18,1.87,1.79,Spain - Saudi Arabia,2026-06-21 16:00:48,32.95,1,EUR,17,False,0.044692737430167696,steamer,False
36966638,1-X-2 / 2 goals Up,1-X-2 / Ventaja 2 goles,2,9,13.58,13.0,England - Ghana,2026-06-23 20:00:08,25.520000000000003,1,EUR,2,False,0.04461538461538465,steamer,False
33890259,Match shots,Remates durante el partido,24 or more,5,1.64,1.57,Qatar - Switzerland,2026-06-13 19:04:43,,2,,5,True,0.04458598726114647,steamer,False
36966528,Team corners,Corners equipo,Japan 6 or more,14,2.11,2.02,Tunisia - Japan,2026-06-21 04:00:01,43.39,1,EUR,14,False,0.044554455445544525,steamer,False
36024518,Away-side combo (bet builder),Noruega,"Norway win, Over 2.5 goals y Over 8.5 corners",25,2.58,2.47,Iraq - Norway,2026-06-16 22:00:57,27.25,1,EUR,11,False,0.04453441295546565,steamer,False
33890419,Match,Partido,Under 0.5 half time goals y Both teams to score in second half,5,8.7,8.33,Ghana - Panama,2026-06-17 23:00:50,1.45,1,EUR,2,False,0.04441776710684261,steamer,False
36966486,Saves (Star Substitute),Paradas Yassine Bounou (Suplente Estrella),4 or more,7,4.94,4.73,Scotland - Morocco,2026-06-19 22:00:07,47.0,1,EUR,6,False,0.044397463002114085,steamer,False
33890220,Away-side combo (bet builder),Colombia,"Colombia win, Over 10.5 corners y Luis Diaz to score 2 or more goals",5,24.02,23.0,Uzbekistan - Colombia,2026-06-18 02:00:00,,2,,4,True,0.044347826086956456,steamer,False
33890304,To score or assist (Star Substitute),Marcar gol o asistir (Suplente Estrella),Cody Gakpo,46,2.12,2.03,Netherlands - Japan,2026-06-14 20:00:08,,2,,40,True,0.04433497536945837,steamer,False
36966638,Shots on target (Star Substitute),Remates a puerta Bellingham (Suplente Estrella),2 or more,22,2.6,2.49,England - Ghana,2026-06-23 20:00:08,1207.37,1,EUR,13,False,0.04417670682730918,steamer,False
33890419,To score or assist (Star Substitute),Marcar gol o asistir (Suplente Estrella),Cecilio Alfonso Waterman Ruiz,5,2.6,2.49,Ghana - Panama,2026-06-17 23:00:50,,2,,4,True,0.04417670682730918,steamer,False
33890416,Match,Partido,Over 2.5 goals y Mbappe to score,9,2.6,2.49,France - Senegal,2026-06-16 19:02:47,63.36,1,EUR,6,False,0.04417670682730918,steamer,False
36966591,1st half: Shots on target,Oyarzabal,2 or more,9,3.55,3.4,Spain - Saudi Arabia,2026-06-21 16:00:48,93.0,1,EUR,7,False,0.04411764705882352,steamer,False
33890291,Hat trick (three or more goals) (Star Substitute),Hat trick (tres o más goles) (Suplente Estrella),Vinícius,14,71.0,68.0,Brazil - Morocco,2026-06-13 22:04:18,,2,,13,True,0.04411764705882349,steamer,False
33890299,To score or assist (Star Substitute),Marcar gol o asistir (Suplente Estrella),De Ketelaere,11,2.13,2.04,Belgium - Egypt,2026-06-15 19:00:29,25.44,1,EUR,11,False,0.04411764705882348,steamer,False
36966638,1st half: Team corners,1º tiempo: Corners equipo,England 4 or more,6,2.13,2.04,England - Ghana,2026-06-23 20:00:08,104.99000000000001,1,EUR,6,False,0.04411764705882348,steamer,False
36966591,Saves (Star Substitute),Paradas Unai Simón (Suplente Estrella),2 or more,8,1.67,1.6,Spain - Saudi Arabia,2026-06-21 16:00:48,111.88,1,EUR,8,False,0.0437499999999999,steamer,False
36966591,1st half: Team corners,1º tiempo: Corners equipo,Spain 6 or more,9,2.87,2.75,Spain - Saudi Arabia,2026-06-21 16:00:48,207.46,1,EUR,9,False,0.04363636363636376,steamer,False
33890291,1st half: Shots on target,Raphinha,1 or more,6,2.16,2.07,Brazil - Morocco,2026-06-13 22:04:18,36.43,1,EUR,4,False,0.04347826086956542,steamer,False
36966485,Team shots on target,Remates a puerta equipo,Haiti 3 or more,5,2.16,2.07,Brazil - Haiti,2026-06-20 00:32:31,,2,,5,True,0.04347826086956542,steamer,False
33890419,Shots on target (Star Substitute),Remates a puerta Antoine Semenyo (Suplente Estrella),2 or more,24,2.88,2.76,Ghana - Panama,2026-06-17 23:00:50,284.34999999999997,1,EUR,21,False,0.04347826086956541,steamer,False
37265705,Match,Partido,Over 2.5 goals y Over 7.5 corners,8,2.64,2.53,Atletico Goianiense - CRB Al,2026-06-12 21:59:46,2.12,1,EUR,4,False,0.043478260869565355,steamer,False
36966472,Match shots on target,Remates a puerta durante el partido,7 or more,5,1.2,1.15,Canada - Qatar,2026-06-18 22:00:44,,2,,5,True,0.04347826086956528,steamer,False
36966638,Player to win a penalty,Jugador en provocar un penalti,Harry Kane,10,24.0,23.0,England - Ghana,2026-06-23 20:00:08,,2,,10,True,0.043478260869565244,steamer,False
36966591,Saves (Star Substitute),Paradas Unai Simón (Suplente Estrella),4 or more,9,6.0,5.75,Spain - Saudi Arabia,2026-06-21 16:00:48,52.3,1,EUR,9,False,0.043478260869565244,steamer,False
33890304,Match corners,Corners durante el partido,9 or more,43,1.68,1.61,Netherlands - Japan,2026-06-14 20:00:08,,2,,42,True,0.04347826086956515,steamer,False
36966553,Home-side combo (bet builder),Alemania,"Germany win, Over 2.5 goals y Havertz to score",11,3.36,3.22,Germany - Ivory Coast,2026-06-20 20:00:00,25.470000000000002,1,EUR,6,False,0.04347826086956515,steamer,False
36966591,Assists (Star Substitute),Asistencias Álex Baena (Suplente Estrella),1 or more,5,2.41,2.31,Spain - Saudi Arabia,2026-06-21 16:00:48,138.17,1,EUR,4,False,0.04329004329004336,steamer,False
33890444,To Score a Header (Star Substitute),Marcar gol con la cabeza (Suplente Estrella),Harry Kane,11,7.25,6.95,England - Croatia,2026-06-17 20:00:04,27.11,1,EUR,9,False,0.04316546762589925,steamer,False
36024518,Away-side combo (bet builder),Noruega,"Norway win, Over 8.5 corners y Haaland to score",22,2.42,2.32,Iraq - Norway,2026-06-16 22:00:57,40.04,1,EUR,16,False,0.04310344827586211,steamer,False
36966590,Team goals,Goles equipo,Uruguay 1 or more,5,1.21,1.16,Uruguay - Cape Verde,2026-06-21 22:00:33,,2,,4,True,0.04310344827586211,steamer,False
36966612,Home-side combo (bet builder),Francia,"France win, Over 2.5 goals y Mbappe to score",49,1.7,1.63,France - Iraq,2026-06-22 21:00:42,,2,,43,True,0.0429447852760736,steamer,False
33890238,Team Fouls,Faltas Equipo,Mexico 13 or more,5,1.7,1.63,Mexico - South Africa,2026-06-11 19:05:51,314.89,1,EUR,5,False,0.0429447852760736,steamer,False
36966528,Team corners,Corners equipo,Tunisia 3 or more,11,1.46,1.4,Tunisia - Japan,2026-06-21 04:00:01,,2,,10,True,0.04285714285714294,steamer,False
36966469,Team corners,Corners equipo,South Africa 3 or more,16,1.46,1.4,Czech Republic - South Africa,2026-06-18 16:00:09,,2,,14,True,0.04285714285714294,steamer,False
36966590,Anytime goalscorer (Star Substitute),Goleador durante el partido (Suplente Estrella),Darwin Nunez,14,2.44,2.34,Uruguay - Cape Verde,2026-06-21 22:00:33,7.5200000000000005,1,EUR,13,False,0.0427350427350428,steamer,False
36966485,To score 2 or more goals (Star Substitute),Marcar 2 goles o más (Suplente Estrella),Matheus Cunha,12,6.1,5.85,Brazil - Haiti,2026-06-20 00:32:31,36.97,1,EUR,7,False,0.04273504273504266,steamer,False
33890419,1st half: Corners,1º tiempo: Corners,4 or more,8,1.71,1.64,Ghana - Panama,2026-06-17 23:00:50,,2,,4,True,0.04268292682926833,steamer,False
36024491,Team corners,Corners equipo,Bosnia And Herzegovina 3 or more,40,1.47,1.41,Canada - Bosnia And Herzegovina,2026-06-12 19:02:13,364.07,1,EUR,22,False,0.04255319148936177,steamer,False
33890444,To score or assist (Star Substitute),Marcar gol o asistir (Suplente Estrella),Rashford,11,2.21,2.12,England - Croatia,2026-06-17 20:00:04,,2,,10,True,0.04245283018867913,steamer,False
33890291,2nd Half: Cards (only players and in play),2º tiempo: Tarjetas (solo jugadores y en juego),2 or more,5,1.23,1.18,Brazil - Morocco,2026-06-13 22:04:18,34.93,1,EUR,4,False,0.04237288135593232,steamer,False
33890309,1st half: Team corners,1º tiempo: Corners equipo,Usa 5 or more,5,6.15,5.9,Usa - Paraguay,2026-06-13 01:02:10,36.4,1,EUR,5,False,0.04237288135593218,steamer,False
36966610,Team corners,Corners equipo,Algeria 6 or more,8,2.22,2.13,Jordan - Algeria,2026-06-23 03:00:21,3.88,1,EUR,6,False,0.04225352112676069,steamer,False
36966486,Team corners,Corners equipo,Morocco 5 or more,21,1.73,1.66,Scotland - Morocco,2026-06-19 22:00:07,,2,,20,True,0.04216867469879519,steamer,False
37275587,Match fouls,Faltas durante el partido,27 or more,8,1.73,1.66,Malaga - Almeria,2026-06-14 19:02:16,382.83,1,EUR,6,False,0.04216867469879519,steamer,False
33890416,Team shots on target,Remates a puerta equipo,France 7 or more,11,1.98,1.9,France - Senegal,2026-06-16 19:02:47,,2,,11,True,0.04210526315789461,steamer,False
36966611,To score or assist (Star Substitute),Marcar gol o asistir (Suplente Estrella),Sadio Mane,8,2.48,2.38,Norway - Senegal,2026-06-23 00:00:05,39.660000000000004,1,EUR,6,False,0.04201680672268901,steamer,False
36024493,Match,Partido,Over 2.5 goals y Over 7.5 corners,17,2.73,2.62,Sweden - Tunisia,2026-06-15 02:00:33,14.379999999999999,1,EUR,11,False,0.04198473282442747,steamer,False
33890304,Match corners,Corners durante el partido,10 or more,29,1.99,1.91,Netherlands - Japan,2026-06-14 20:00:08,,2,,23,True,0.04188481675392679,steamer,False
37237611,Match,Partido,Both teams to score y Over 7.5 corners,9,1.99,1.91,Almeria - Castellón,2026-06-09 19:02:30,2.75,1,EUR,6,False,0.04188481675392679,steamer,False
36966640,Anytime goalscorer (Star Substitute),Goleador durante el partido (Suplente Estrella),Cristiano Ronaldo,92,1.5,1.44,Portugal - Uzbekistan,2026-06-23 17:00:06,,2,,82,True,0.041666666666666685,steamer,False
36966593,Home-side combo (bet builder),Bélgica,Kevin De Bruyne 2 or more shots on target y Lukaku 2 or more shots on target,5,5.0,4.8,Belgium - Iran,2026-06-21 19:00:03,5.92,1,EUR,2,False,0.04166666666666666,steamer,False
36024492,1st half: Team corners,1º tiempo: Corners equipo,Australia 3 or more,6,3.25,3.12,Australia - Turkey,2026-06-14 04:00:30,0.64,1,EUR,2,False,0.04166666666666652,steamer,False
36966472,Match corners,Corners durante el partido,12 or more,5,2.51,2.41,Canada - Qatar,2026-06-18 22:00:44,,2,,5,True,0.04149377593360979,steamer,False
33890416,To score or assist (Star Substitute),Marcar gol o asistir (Suplente Estrella),Ismaila Sarr,9,3.52,3.38,France - Senegal,2026-06-16 19:02:47,3.33,1,EUR,4,False,0.041420118343195214,steamer,False
36966553,To score 2 or more goals (Star Substitute),Marcar 2 goles o más (Suplente Estrella),Havertz,71,7.55,7.25,Germany - Ivory Coast,2026-06-20 20:00:00,,2,,42,True,0.04137931034482749,steamer,False
33890220,Away-side combo (bet builder),Colombia,Colombia win y Luis Diaz to score,52,2.52,2.42,Uzbekistan - Colombia,2026-06-18 02:00:00,,2,,42,True,0.04132231404958686,steamer,False
36966553,Home-side combo (bet builder),Alemania,"Germany win, Over 2.5 goals y Over 8.5 corners",46,3.28,3.15,Germany - Ivory Coast,2026-06-20 20:00:00,186.79,1,EUR,34,False,0.041269841269841234,steamer,False
36966466,Team corners,Corners equipo,Mexico 6 or more,6,2.28,2.19,Mexico - South Korea,2026-06-19 01:00:38,,2,,6,True,0.0410958904109589,steamer,False
33890312,Match shots on target,Remates a puerta durante el partido,10 or more,8,2.28,2.19,Saudi Arabia - Uruguay,2026-06-15 22:03:57,,2,,3,True,0.0410958904109589,steamer,False
33890312,Team shots on target,Remates a puerta equipo,Saudi Arabia 2 or more,5,1.27,1.22,Saudi Arabia - Uruguay,2026-06-15 22:03:57,,2,,4,True,0.040983606557377164,steamer,False
33890419,1-X-2 / 2 goals Up,1-X-2 / Ventaja 2 goles,X,5,3.31,3.18,Ghana - Panama,2026-06-17 23:00:50,3.75,1,EUR,5,False,0.0408805031446541,steamer,False
33890313,Home-side combo (bet builder),España,"Spain win, Over 10.5 corners y Oyarzabal to score 2 or more goals",14,7.65,7.35,Spain - Cape Verde,2026-06-15 16:01:07,160.7,1,EUR,13,False,0.040816326530612276,steamer,False
36024480,1st half: Team corners,1º tiempo: Corners equipo,South Korea 4 or more,6,4.34,4.17,South Korea - Czech Republic,2026-06-12 02:00:54,,2,,6,True,0.04076738609112712,steamer,False
36966593,Anytime goalscorer (Star Substitute),Goleador durante el partido (Suplente Estrella),De Ketelaere,11,2.81,2.7,Belgium - Iran,2026-06-21 19:00:03,21.93,1,EUR,7,False,0.040740740740740626,steamer,False
33890416,Match shots on target,Remates a puerta durante el partido,11 or more,6,2.3,2.21,France - Senegal,2026-06-16 19:02:47,,2,,6,True,0.04072398190045239,steamer,False
33890444,To score or assist (Star Substitute),Marcar gol o asistir (Suplente Estrella),Harry Kane,240,1.79,1.72,England - Croatia,2026-06-17 20:00:04,,2,,186,True,0.04069767441860477,steamer,False
36024491,1st half: Team corners,1º tiempo: Corners equipo,Canada 2 or more,6,1.29,1.24,Canada - Bosnia And Herzegovina,2026-06-12 19:02:13,,2,,5,True,0.040322580645161456,steamer,False
36966549,Team completed passes,Pases completados equipo,500 or more,5,1.55,1.49,Netherlands - Sweden,2026-06-20 17:00:05,1800.6,1,EUR,3,False,0.040268456375839,steamer,False
33890305,Away-side combo (bet builder),Ecuador,Ecuador win y Over 2.5 goals,5,5.43,5.22,Ivory Coast - Ecuador,2026-06-14 23:03:23,35.989999999999995,1,EUR,3,False,0.04022988505747129,steamer,False
36966609,Shots on target (Star Substitute),Remates a puerta Lionel Messi (Suplente Estrella),2 or more,87,1.81,1.74,Argentina - Austria,2026-06-22 17:00:58,,2,,77,True,0.04022988505747114,steamer,False
33890259,Away-side combo (bet builder),Suiza,Switzerland win y Over 2.5 goals,38,1.81,1.74,Qatar - Switzerland,2026-06-13 19:04:43,,2,,22,True,0.04022988505747114,steamer,False
36966528,Away-side combo (bet builder),Japón,Japan win y Over 2.5 goals,12,2.59,2.49,Tunisia - Japan,2026-06-21 04:00:01,26.310000000000002,1,EUR,10,False,0.04016064257028096,steamer,False
36966553,goal scorer (Star Substitute),Jugador en meter el 1º gol (Suplente Estrella),Havertz,11,4.93,4.74,Germany - Ivory Coast,2026-06-20 20:00:00,,2,,11,True,0.04008438818565377,steamer,False
33890306,Match shots on target,Remates a puerta durante el partido,10 or more,8,1.3,1.25,Germany - Curaçao,2026-06-14 17:01:45,,2,,7,True,0.040000000000000153,steamer,False
33890313,Saves (Star Substitute),Paradas Vozinha (Suplente Estrella),5 or more,9,2.08,2.0,Spain - Cape Verde,2026-06-15 16:01:07,307.97,1,EUR,8,False,0.04000000000000009,steamer,False
36966609,Match shots on target,Remates a puerta durante el partido,10 or more,8,2.08,2.0,Argentina - Austria,2026-06-22 17:00:58,,2,,8,True,0.04000000000000009,steamer,False
33890313,Match,Partido,Over 2.5 goals y Oyarzabal to score,16,1.82,1.75,Spain - Cape Verde,2026-06-15 16:01:07,53.47,1,EUR,10,False,0.04000000000000006,steamer,False
36966610,1-X-2 / 2 goals Up,1-X-2 / Ventaja 2 goles,2,150,1.56,1.5,Jordan - Algeria,2026-06-23 03:00:21,,2,,95,True,0.040000000000000036,steamer,False
36966591,Anytime goalscorer (Star Substitute),Goleador durante el partido (Suplente Estrella),Oyarzabal,93,1.56,1.5,Spain - Saudi Arabia,2026-06-21 16:00:48,401.04,1,EUR,68,False,0.040000000000000036,steamer,False
36966609,Player to score in both halves (Star Substitute),Jugador en meter gol en el 1º y 2º tiempo (Suplente Estrella),Lionel Messi,8,9.1,8.75,Argentina - Austria,2026-06-22 17:00:58,150.63,1,EUR,8,False,0.03999999999999999,steamer,False
36966590,Saves (Star Substitute),Paradas Vozinha (Suplente Estrella),6 or more,15,3.66,3.52,Uruguay - Cape Verde,2026-06-21 22:00:33,,2,,15,True,0.03977272727272748,steamer,False
33890416,1st half: Shots on target,Mbappe,2 or more,5,3.4,3.27,France - Senegal,2026-06-16 19:02:47,,2,,5,True,0.03975535168195708,steamer,False
36966638,Home-side combo (bet builder),Inglaterra,"England win, Over 3.5 goals y Harry Kane first goalscorer",5,6.55,6.3,England - Ghana,2026-06-23 20:00:08,25.08,1,EUR,4,False,0.0396825396825396,steamer,False
36966486,Away-side combo (bet builder),Marruecos,"Morocco win, Over 2.5 goals y Over 8.5 corners",16,5.25,5.05,Scotland - Morocco,2026-06-19 22:00:07,60.52,1,EUR,14,False,0.03960396039603971,steamer,False
37265899,1-X-2 / 2 goals Up,1-X-2 / Ventaja 2 goles,1,11,2.11,2.03,Gremio Novorizontino SP - Nautico,2026-06-14 22:00:22,,2,,7,True,0.03940886699507401,steamer,False
33890304,Shots (Star Substitute),Remates Cody Gakpo (Suplente Estrella),3 or more,5,1.85,1.78,Netherlands - Japan,2026-06-14 20:00:08,109.83,1,EUR,5,False,0.03932584269662944,steamer,False
36966473,Anytime goalscorer (Star Substitute),Goleador durante el partido (Suplente Estrella),Xhaka,7,5.3,5.1,Switzerland - Bosnia And Herzegovina,2026-06-18 19:00:01,102.25,1,EUR,3,False,0.03921568627450986,steamer,False
33890313,To score or assist (Star Substitute),Marcar gol o asistir (Suplente Estrella),Lamine Yamal,33,1.33,1.28,Spain - Cape Verde,2026-06-15 16:01:07,,2,,30,True,0.039062500000000056,steamer,False
33890211,Shots on target (Star Substitute),Remates a puerta Julian Alvarez (Suplente Estrella),1 or more,6,1.33,1.28,Argentina - Algeria,2026-06-17 01:02:37,27.68,1,EUR,6,False,0.039062500000000056,steamer,False
36024520,Team corners,Corners equipo,Portugal 5 or more,51,1.33,1.28,Portugal - Democratic Republic of the Congo,2026-06-17 17:01:15,,2,,45,True,0.039062500000000056,steamer,False
36966593,Home-side combo (bet builder),Bélgica,Belgium win y A goal in both halves,28,2.13,2.05,Belgium - Iran,2026-06-21 19:00:03,17.63,1,EUR,20,False,0.03902439024390253,steamer,False
33890305,Anytime goalscorer (Star Substitute),Goleador durante el partido (Suplente Estrella),Enner Valencia,9,3.2,3.08,Ivory Coast - Ecuador,2026-06-14 23:03:23,,2,,9,True,0.03896103896103895,steamer,False
33890305,To score or assist (Star Substitute),Marcar gol o asistir (Suplente Estrella),Yan Diomande,9,3.2,3.08,Ivory Coast - Ecuador,2026-06-14 23:03:23,121.78,1,EUR,7,False,0.03896103896103895,steamer,False
36966638,Team corners,Corners equipo,England 6 or more,20,1.6,1.54,England - Ghana,2026-06-23 20:00:08,,2,,16,True,0.03896103896103895,steamer,False
37343195,Match,Partido,Both teams to score y Harry Wood to score,6,5.07,4.88,Shelbourne - Bohemians,2026-06-22 18:46:44,7.68,1,EUR,2,False,0.03893442622950833,steamer,False
33890220,To score or assist (Star Substitute),Marcar gol o asistir (Suplente Estrella),James Rodríguez,11,1.87,1.8,Uzbekistan - Colombia,2026-06-18 02:00:00,,2,,11,True,0.0388888888888891,steamer,False
36966591,Saves (Star Substitute),Paradas Mohammed Al-Owais (Suplente Estrella),6 or more,12,1.87,1.8,Spain - Saudi Arabia,2026-06-21 16:00:48,231.72,1,EUR,12,False,0.0388888888888891,steamer,False
33890444,Match,Partido,Over 2.5 goals y Over 9.5 corners,6,4.3,4.14,England - Croatia,2026-06-17 20:00:04,181.5,1,EUR,5,False,0.03864734299516917,steamer,False
36024480,1st half: Team corners,1º tiempo: Corners equipo,South Korea 3 or more,5,2.42,2.33,South Korea - Czech Republic,2026-06-12 02:00:54,,2,,5,True,0.03862660944206009,steamer,False
36966609,Player to win a penalty,Jugador en provocar un penalti,Lionel Messi,13,27.0,26.0,Argentina - Austria,2026-06-22 17:00:58,58.5,1,EUR,9,False,0.038461538461538575,steamer,False
33890444,Home-side combo (bet builder),Inglaterra,"England win, Over 10.5 corners y Harry Kane to score",5,8.1,7.8,England - Croatia,2026-06-17 20:00:04,20.15,1,EUR,5,False,0.03846153846153853,steamer,False
36966638,Team goals,Goles equipo,England 4 or more,7,3.51,3.38,England - Ghana,2026-06-23 20:00:08,130.0,1,EUR,3,False,0.038461538461538484,steamer,False
36966638,Team corners,Corners equipo,England 5 or more,12,1.35,1.3,England - Ghana,2026-06-23 20:00:08,,2,,9,True,0.03846153846153843,steamer,False
36024492,To score or assist (Star Substitute),Marcar gol o asistir (Suplente Estrella),Arda Güler,59,1.9,1.83,Australia - Turkey,2026-06-14 04:00:30,,2,,39,True,0.038251366120218525,steamer,False
36024491,1-X-2 / 2 goals Up,1-X-2 / Ventaja 2 goles,X,8,3.53,3.4,Canada - Bosnia And Herzegovina,2026-06-12 19:02:13,48.78,1,EUR,7,False,0.038235294117647076,steamer,False
36966640,Home-side combo (bet builder),Portugal,Portugal win y Cristiano Ronaldo 2 or more shots on target,11,1.63,1.57,Portugal - Uzbekistan,2026-06-23 17:00:06,38.04,1,EUR,10,False,0.03821656050955407,steamer,False
33890444,Home-side combo (bet builder),Inglaterra,"England win, Over 8.5 corners y Harry Kane 2 or more shots on target",6,4.62,4.45,England - Croatia,2026-06-17 20:00:04,45.33,1,EUR,6,False,0.038202247191011215,steamer,False
36966591,Player to score a penalty (No penalty shootout),Marcar gol de penalti (No tanda de penaltis),Oyarzabal,14,4.35,4.19,Spain - Saudi Arabia,2026-06-21 16:00:48,59.25,1,EUR,10,False,0.03818615751789959,steamer,False
36966638,Anytime goalscorer (Star Substitute),Goleador durante el partido (Suplente Estrella),Iñaki Williams,16,6.8,6.55,England - Ghana,2026-06-23 20:00:08,196.1,1,EUR,15,False,0.038167938931297704,steamer,False
33890416,Anytime goalscorer (Star Substitute),Goleador durante el partido (Suplente Estrella),Ismaila Sarr,9,5.45,5.25,France - Senegal,2026-06-16 19:02:47,24.86,1,EUR,5,False,0.03809523809523814,steamer,False
33890313,1-X-2 / 2 goals Up,1-X-2 / Ventaja 2 goles,1,79,1.09,1.05,Spain - Cape Verde,2026-06-15 16:01:07,,2,,35,True,0.038095238095238106,steamer,False
36966610,Team corners,Corners equipo,Algeria 5 or more,10,1.64,1.58,Jordan - Algeria,2026-06-23 03:00:21,,2,,10,True,0.03797468354430371,steamer,False
33890309,Match corners,Corners durante el partido,13 or more,12,4.38,4.22,Usa - Paraguay,2026-06-13 01:02:10,,2,,9,True,0.03791469194312791,steamer,False
37183324,1-X-2 / 2 goals Up,1-X-2 / Ventaja 2 goles,1,5,2.47,2.38,Everton de Viña del Mar - Palestino,2026-06-13 18:59:10,3.75,1,EUR,4,False,0.03781512605042021,steamer,False
36966612,Home-side combo (bet builder),Francia,"France win, Over 3.5 goals y Mbappe first goalscorer",10,5.5,5.3,France - Iraq,2026-06-22 21:00:42,62.019999999999996,1,EUR,9,False,0.03773584905660382,steamer,False
33890416,Anytime goalscorer (Star Substitute),Goleador durante el partido (Suplente Estrella),Mbappe,164,1.93,1.86,France - Senegal,2026-06-16 19:02:47,,2,,119,True,0.037634408602150345,steamer,False
33890259,Saves (Star Substitute),Paradas Mahmud Abunada (Suplente Estrella),3 or more,8,1.38,1.33,Qatar - Switzerland,2026-06-13 19:04:43,2.0,1,EUR,4,False,0.0375939849624058,steamer,False
33890313,Home-side combo (bet builder),España,"Spain win, Over 2.5 goals y Oyarzabal first goalscorer",6,4.98,4.8,Spain - Cape Verde,2026-06-15 16:01:07,4.69,1,EUR,6,False,0.03750000000000019,steamer,False
33890304,Match,Partido,Over 2.5 goals y Over 7.5 corners,45,2.49,2.4,Netherlands - Japan,2026-06-14 20:00:08,,2,,27,True,0.03750000000000019,steamer,False
36966473,Team exact bookings (only players and in play),Número de tarjetas equipo (solo jugadores y en juego),Bosnia And Herzegovina 2 or more,7,1.66,1.6,Switzerland - Bosnia And Herzegovina,2026-06-18 19:00:01,87.57,1,EUR,7,False,0.03749999999999991,steamer,False
36966609,Home-side combo (bet builder),Argentina,Argentina win y Lautaro Martínez to score,8,2.77,2.67,Argentina - Austria,2026-06-22 17:00:58,4.86,1,EUR,6,False,0.03745318352059926,steamer,False
36966553,1st half: Team corners,1º tiempo: Corners equipo,Ivory Coast 2 or more,8,1.94,1.87,Germany - Ivory Coast,2026-06-20 20:00:00,,2,,7,True,0.03743315508021363,steamer,False
37343357,Home-side combo (bet builder),Shamrock Rovers,Shamrock Rovers win y Graham Burke to score,6,3.61,3.48,Shamrock Rovers - Derry City,2026-06-22 18:59:44,7.68,1,EUR,2,False,0.037356321839080324,steamer,False
33890291,To be carded (only players and in play)(Star Substitute),Recibir tarjeta (sólo jugadores y en juego)(Suplente Estrella),Vinícius,11,4.17,4.02,Brazil - Morocco,2026-06-13 22:04:18,77.64,1,EUR,8,False,0.037313432835821,steamer,False
33890313,2nd half: Team Corners,2º tiempo: Corners equipo,Spain 3 or more,12,1.39,1.34,Spain - Cape Verde,2026-06-15 16:01:07,28.59,1,EUR,6,False,0.03731343283582069,steamer,False
33890313,1st half: Team corners,1º tiempo: Corners equipo,Spain 6 or more,5,2.78,2.68,Spain - Cape Verde,2026-06-15 16:01:07,86.0,1,EUR,5,False,0.03731343283582069,steamer,False
36966591,2nd half: Team Corners,2º tiempo: Corners equipo,Saudi Arabia 1 or more,6,1.67,1.61,Spain - Saudi Arabia,2026-06-21 16:00:48,272.27,1,EUR,4,False,0.037267080745341435,steamer,False
37238914,Match corners,Corners durante el partido,10 or more,5,1.67,1.61,Malaga - Las Palmas,2026-06-10 19:01:06,19.98,1,EUR,5,False,0.037267080745341435,steamer,False
36966638,Team shots on target,Remates a puerta equipo,England 10 or more,6,3.9,3.76,England - Ghana,2026-06-23 20:00:08,250.56,1,EUR,3,False,0.03723404255319134,steamer,False
33890313,Home-side combo (bet builder),España,"Spain win, Both teams to score y Oyarzabal to score",7,3.64,3.51,Spain - Cape Verde,2026-06-15 16:01:07,20.7,1,EUR,2,False,0.03703703703703718,steamer,False
36966480,To score or assist (Star Substitute),Marcar gol o asistir (Suplente Estrella),Nestory Irankunda,8,3.08,2.97,Usa - Australia,2026-06-19 19:00:27,1.83,1,EUR,3,False,0.037037037037036945,steamer,False
33890238,1-X-2 / 2 goals Up,1-X-2 / Ventaja 2 goles,X,6,4.5,4.34,Mexico - South Africa,2026-06-11 19:05:51,12.71,1,EUR,6,False,0.03686635944700467,steamer,False
36966638,Team corners,Corners equipo,England 7 or more,10,1.97,1.9,England - Ghana,2026-06-23 20:00:08,,2,,10,True,0.036842105263157905,steamer,False
33890313,Shots on target (Star Substitute),Remates a puerta Gavi (Suplente Estrella),1 or more,6,1.69,1.63,Spain - Cape Verde,2026-06-15 16:01:07,275.0,1,EUR,6,False,0.03680981595092022,steamer,False
36966591,Team shots on target,Remates a puerta equipo,Spain 9 or more,6,1.71,1.65,Spain - Saudi Arabia,2026-06-21 16:00:48,,2,,6,True,0.03636363636363645,steamer,False
33890291,Match shots on target,Remates a puerta durante el partido,12 or more,6,4.29,4.14,Brazil - Morocco,2026-06-13 22:04:18,,2,,6,True,0.03623188405797114,steamer,False
36966485,Fouls Won (Star Substitute),Faltas recibidas Vinícius (Suplente Estrella),4 or more,5,4.02,3.88,Brazil - Haiti,2026-06-20 00:32:31,,2,,5,True,0.0360824742268041,steamer,False
33890306,Match corners,Corners durante el partido,12 or more,15,2.3,2.22,Germany - Curaçao,2026-06-14 17:01:45,,2,,15,True,0.03603603603603582,steamer,False
37311598,Match corners,Corners durante el partido,9 or more,5,1.44,1.39,Galway United FC - Derry City,2026-06-19 18:46:58,2.9,1,EUR,5,False,0.035971223021582885,steamer,False
36966486,Saves (Star Substitute),Paradas Yassine Bounou (Suplente Estrella),5 or more,7,10.1,9.75,Scotland - Morocco,2026-06-19 22:00:07,27.33,1,EUR,7,False,0.03589743589743581,steamer,False
33890305,To be carded (only players and in play)(Star Substitute),Recibir tarjeta (sólo jugadores y en juego)(Suplente Estrella),Moises Caicedo,6,3.18,3.07,Ivory Coast - Ecuador,2026-06-14 23:03:23,,2,,6,True,0.0358306188925083,steamer,False
36966590,Match corners,Corners durante el partido,12 or more,17,3.18,3.07,Uruguay - Cape Verde,2026-06-21 22:00:33,,2,,15,True,0.0358306188925083,steamer,False
36966591,Player headed shots on target (Star Substitute),Remates a puerta con la cabeza Oyarzabal (Suplente Estrella),1 or more,8,4.64,4.48,Spain - Saudi Arabia,2026-06-21 16:00:48,114.6,1,EUR,8,False,0.035714285714285574,steamer,False
33890259,Shots on target (Star Substitute),Remates a puerta Xhaka (Suplente Estrella),1 or more,5,1.75,1.69,Qatar - Switzerland,2026-06-13 19:04:43,75.5,1,EUR,4,False,0.035502958579881755,steamer,False
36024520,1st half: Team corners,1º tiempo: Corners equipo,Portugal 3 or more,13,1.46,1.41,Portugal - Democratic Republic of the Congo,2026-06-17 17:01:15,,2,,12,True,0.03546099290780151,steamer,False
36966609,Left foot shots on target (Star Substitute),Remates a puerta con la pierna izquierda Lionel Messi (Suplente Estrella),2 or more,5,2.06,1.99,Argentina - Austria,2026-06-22 17:00:58,33.25,1,EUR,3,False,0.03517587939698482,steamer,False
36966553,Anytime goalscorer (Star Substitute),Goleador durante el partido (Suplente Estrella),Felix Nmecha,5,5.9,5.7,Germany - Ivory Coast,2026-06-20 20:00:00,2.2,1,EUR,2,False,0.035087719298245605,steamer,False
33890220,Shots on target outside the box (Star Substitute),Remates a puerta desde fuera del área Luis Diaz (Suplente Estrella),1 or more,6,2.66,2.57,Uzbekistan - Colombia,2026-06-18 02:00:00,,2,,6,True,0.03501945525291836,steamer,False
36966612,To score or assist (Star Substitute),Marcar gol o asistir (Suplente Estrella),Désiré Doué,5,1.49,1.44,France - Iraq,2026-06-22 21:00:42,8.01,1,EUR,5,False,0.03472222222222214,steamer,False
36966591,Match,Partido,Over 2.5 goals y Oyarzabal 2 or more shots on target,6,2.09,2.02,Spain - Saudi Arabia,2026-06-21 16:00:48,111.88,1,EUR,6,False,0.034653465346534525,steamer,False
33890220,Match corners,Corners durante el partido,10 or more,16,2.39,2.31,Uzbekistan - Colombia,2026-06-18 02:00:00,,2,,14,True,0.03463203463203467,steamer,False
36966609,Saves (Star Substitute),Paradas Alexander Schlager (Suplente Estrella),3 or more,6,1.5,1.45,Argentina - Austria,2026-06-22 17:00:58,64.96,1,EUR,6,False,0.03448275862068978,steamer,False
33890444,Match,Partido,Both teams to score y Harry Kane 2 or more shots on target,13,3.3,3.19,England - Croatia,2026-06-17 20:00:04,27.68,1,EUR,9,False,0.03448275862068971,steamer,False
36966638,1-X-2 / 2 goals Up,1-X-2 / Ventaja 2 goles,1,42,1.2,1.16,England - Ghana,2026-06-23 20:00:08,,2,,36,True,0.034482758620689676,steamer,False
36966473,Team corners,Corners equipo,Switzerland 8 or more,5,2.4,2.32,Switzerland - Bosnia And Herzegovina,2026-06-18 19:00:01,,2,,5,True,0.034482758620689676,steamer,False
33890313,Team goals,Goles equipo,Spain 2 or more,11,1.2,1.16,Spain - Cape Verde,2026-06-15 16:01:07,134.54,1,EUR,9,False,0.034482758620689676,steamer,False
33890304,Home-side combo (bet builder),Países Bajos,"Netherlands win, Over 10.5 corners y Virgil Van Dijk to be booked",5,30.0,29.0,Netherlands - Japan,2026-06-14 20:00:08,4.8,1,EUR,2,False,0.034482758620689655,steamer,False
33890313,Team to miss a penalty,Equipo en fallar penalti durante el partido,Cape Verde,9,30.0,29.0,Spain - Cape Verde,2026-06-15 16:01:07,28.75,1,EUR,8,False,0.034482758620689655,steamer,False
37311599,Home-side combo (bet builder),St Patricks,St Patricks win y Ryan Edmondson to score,8,2.11,2.04,St Patricks - Sligo Rovers,2026-06-19 18:45:33,4.12,1,EUR,1,False,0.03431372549019602,steamer,False
33890238,Team corners,Corners equipo,Mexico 6 or more,37,1.81,1.75,Mexico - South Africa,2026-06-11 19:05:51,,3,,36,True,0.03428571428571417,steamer,False
33890313,Assists (Star Substitute),Asistencias Ferran (Suplente Estrella),1 or more,6,3.02,2.92,Spain - Cape Verde,2026-06-15 16:01:07,10.05,1,EUR,3,False,0.03424657534246561,steamer,False
36966486,Match corners,Corners durante el partido,11 or more,11,3.02,2.92,Scotland - Morocco,2026-06-19 22:00:07,,2,,11,True,0.03424657534246561,steamer,False
36024520,Shots on target (Star Substitute),Remates a puerta Cristiano Ronaldo (Suplente Estrella),4 or more,28,6.05,5.85,Portugal - Democratic Republic of the Congo,2026-06-17 17:01:15,,2,,19,True,0.03418803418803418,steamer,False
36024480,To score or assist (Star Substitute),Marcar gol o asistir (Suplente Estrella),Heung-Min Son,45,2.12,2.05,South Korea - Czech Republic,2026-06-12 02:00:54,,2,,29,True,0.03414634146341484,steamer,False
33890238,Team shots on target,Remates a puerta equipo,South Africa 4 or more,14,3.03,2.93,Mexico - South Africa,2026-06-11 19:05:51,274.87,1,EUR,13,False,0.03412969283276442,steamer,False
33890299,Anytime goalscorer (Star Substitute),Goleador durante el partido (Suplente Estrella),Doku,31,3.65,3.53,Belgium - Egypt,2026-06-15 19:00:29,407.19,1,EUR,24,False,0.03399433427762047,steamer,False
36966591,Home-side combo (bet builder),España,"Spain win, Over 8.5 corners y Lamine Yamal 2 or more shots on target",6,2.13,2.06,Spain - Saudi Arabia,2026-06-21 16:00:48,48.93,1,EUR,6,False,0.03398058252427185,steamer,False
36966591,Home-side combo (bet builder),España,Spain win y Lamine Yamal 2 or more shots on target,17,1.83,1.77,Spain - Saudi Arabia,2026-06-21 16:00:48,33.22,1,EUR,12,False,0.033898305084745894,steamer,False
33890306,Home-side combo (bet builder),Alemania,Germany to win both halves y Over 3.5 goals,22,1.83,1.77,Germany - Curaçao,2026-06-14 17:01:45,132.04999999999998,1,EUR,16,False,0.033898305084745894,steamer,False
33890306,Match throw-ins,Saques de banda durante el partido,34 or more,5,1.84,1.78,Germany - Curaçao,2026-06-14 17:01:45,,2,,5,True,0.03370786516853946,steamer,False
33890291,To score or assist (Star Substitute),Marcar gol o asistir (Suplente Estrella),Brahim,25,3.07,2.97,Brazil - Morocco,2026-06-13 22:04:18,,2,,23,True,0.03367003367003346,steamer,False
36966612,Home-side combo (bet builder),Francia,"France win, Over 8.5 corners y Michael Olise to score",12,3.38,3.27,France - Iraq,2026-06-22 21:00:42,10.88,1,EUR,7,False,0.03363914373088674,steamer,False
36966612,Player anytime not to score,No marcará ningún gol,Mbappe,17,2.46,2.38,France - Iraq,2026-06-22 21:00:42,1084.0,1,EUR,6,False,0.0336134453781513,steamer,False
36966591,Anytime goalscorer (Star Substitute),Goleador durante el partido (Suplente Estrella),Lamine Yamal,56,1.85,1.79,Spain - Saudi Arabia,2026-06-21 16:00:48,,2,,53,True,0.03351955307262579,steamer,False
36966553,Hat trick (three or more goals) (Star Substitute),Hat trick (tres o más goles) (Suplente Estrella),Havertz,11,31.0,30.0,Germany - Ivory Coast,2026-06-20 20:00:00,20.55,1,EUR,11,False,0.03333333333333335,steamer,False
33890259,To score or assist (Star Substitute),Marcar gol o asistir (Suplente Estrella),Breel Embolo,29,1.55,1.5,Qatar - Switzerland,2026-06-13 19:04:43,,2,,26,True,0.033333333333333305,steamer,False
36966473,Player to score in 1st half,Jugador en meter gol en el 1º tiempo,Dan Ndoye,6,6.2,6.0,Switzerland - Bosnia And Herzegovina,2026-06-18 19:00:01,15.53,1,EUR,3,False,0.033333333333333305,steamer,False
33890416,Team shots on target,Remates a puerta equipo,France 6 or more,14,1.55,1.5,France - Senegal,2026-06-16 19:02:47,,2,,13,True,0.033333333333333305,steamer,False
36024491,Match,Partido,Under 0.5 half time goals y Both teams to score in second half,5,9.61,9.3,Canada - Bosnia And Herzegovina,2026-06-12 19:02:13,11.17,1,EUR,5,False,0.033333333333333104,steamer,False
36024520,Saves (Star Substitute),Paradas Lionel Nzau Mpasi (Suplente Estrella),6 or more,14,3.43,3.32,Portugal - Democratic Republic of the Congo,2026-06-17 17:01:15,258.23,1,EUR,9,False,0.033132530120482166,steamer,False
33890309,Team Shots,Remates equipo,Paraguay 14 or more,5,3.43,3.32,Usa - Paraguay,2026-06-13 01:02:10,,2,,3,True,0.033132530120482166,steamer,False
36966612,Match,Partido,Over 2.5 goals y Mbappe 2 or more shots on target,11,1.56,1.51,France - Iraq,2026-06-22 21:00:42,55.15,1,EUR,10,False,0.03311258278145712,steamer,False
36024480,1st half: Team corners,1º tiempo: Corners equipo,South Korea 2 or more,6,1.56,1.51,South Korea - Czech Republic,2026-06-12 02:00:54,,2,,6,True,0.03311258278145712,steamer,False
36966590,Player to score in 1st half,Jugador en meter gol en el 1º tiempo,Valverde,7,7.8,7.55,Uruguay - Cape Verde,2026-06-21 22:00:33,10.66,1,EUR,4,False,0.0331125827814569,steamer,False
36024520,Assists (Star Substitute),Asistencias Bruno Fernandes (Suplente Estrella),1 or more,14,2.81,2.72,Portugal - Democratic Republic of the Congo,2026-06-17 17:01:15,36.15,1,EUR,9,False,0.03308823529411751,steamer,False
33890238,Anytime goalscorer (Star Substitute),Goleador durante el partido (Suplente Estrella),Oswin Appollis,12,6.25,6.05,Mexico - South Africa,2026-06-11 19:05:51,74.95,1,EUR,9,False,0.03305785123966943,steamer,False
36966612,To score or assist (Star Substitute),Marcar gol o asistir (Suplente Estrella),Mbappe,176,1.25,1.21,France - Iraq,2026-06-22 21:00:42,,2,,158,True,0.033057851239669395,steamer,False
33890238,Shots on target (Star Substitute),Remates a puerta Raúl Jiménez (Suplente Estrella),1 or more,11,1.25,1.21,Mexico - South Africa,2026-06-11 19:05:51,435.0,1,EUR,8,False,0.033057851239669395,steamer,False
36966550,Home-side combo (bet builder),Ecuador,Ecuador win y Enner Valencia 2 or more shots on target,5,1.88,1.82,Ecuador - Curaçao,2026-06-21 00:00:04,,2,,5,True,0.032967032967032864,steamer,False
33890306,1st half: Team corners,1º tiempo: Corners equipo,Germany 6 or more,6,2.51,2.43,Germany - Curaçao,2026-06-14 17:01:45,,2,,6,True,0.032921810699588286,steamer,False
33890313,To score from outside the box (Star Substitute),Marcar gol desde fuera del área (Suplente Estrella),Oyarzabal,8,9.45,9.15,Spain - Cape Verde,2026-06-15 16:01:07,70.2,1,EUR,8,False,0.03278688524590153,steamer,False
33890309,Match throw-ins,Saques de banda durante el partido,41 or more,10,1.89,1.83,Usa - Paraguay,2026-06-13 01:02:10,,2,,7,True,0.03278688524590137,steamer,False
33890313,1st half: Team corners,1º tiempo: Corners equipo,Spain 4 or more,8,1.58,1.53,Spain - Cape Verde,2026-06-15 16:01:07,,2,,6,True,0.03267973856209163,steamer,False
36966592,Match corners,Corners durante el partido,9 or more,8,1.9,1.84,New Zealand - Egypt,2026-06-22 01:00:05,,2,,7,True,0.03260869565217391,steamer,False
36966472,1-X-2 / 2 goals Up,1-X-2 / Ventaja 2 goles,1,151,1.27,1.23,Canada - Qatar,2026-06-18 22:00:44,,2,,104,True,0.0325203252032521,steamer,False
37275587,1-X-2 / 2 goals Up,1-X-2 / Ventaja 2 goles,1,184,2.23,2.16,Malaga - Almeria,2026-06-14 19:02:16,,2,,98,True,0.032407407407407246,steamer,False
36966485,Fouls Won (Star Substitute),Faltas recibidas Vinícius (Suplente Estrella),3 or more,10,2.23,2.16,Brazil - Haiti,2026-06-20 00:32:31,113.37,1,EUR,9,False,0.032407407407407246,steamer,False
36024520,Assists (Star Substitute),Asistencias Cristiano Ronaldo (Suplente Estrella),1 or more,9,4.79,4.64,Portugal - Democratic Republic of the Congo,2026-06-17 17:01:15,,2,,7,True,0.03232758620689664,steamer,False
36966609,Saves (Star Substitute),Paradas Emiliano Martinez (Suplente Estrella),3 or more,7,2.24,2.17,Argentina - Austria,2026-06-22 17:00:58,46.8,1,EUR,5,False,0.032258064516129115,steamer,False
36966612,Player to Score Free-Kick,Marcar gol de falta directa,Michael Olise,5,32.0,31.0,France - Iraq,2026-06-22 21:00:42,13.67,1,EUR,5,False,0.032258064516129004,steamer,False
33890313,Home-side combo (bet builder),España,Spain win y Oyarzabal to score,24,1.61,1.56,Spain - Cape Verde,2026-06-15 16:01:07,36.81,1,EUR,23,False,0.03205128205128204,steamer,False
33890313,Match,Partido,Over 2.5 goals y Over 7.5 corners,25,1.62,1.57,Spain - Cape Verde,2026-06-15 16:01:07,106.86,1,EUR,20,False,0.03184713375796179,steamer,False
33890419,2nd half: Team Corners,2º tiempo: Corners equipo,Panama 2 or more,6,1.62,1.57,Ghana - Panama,2026-06-17 23:00:50,1.5699999999999998,1,EUR,3,False,0.03184713375796179,steamer,False
36966590,1st half: Team corners,1º tiempo: Corners equipo,Uruguay 2 or more,9,1.3,1.26,Uruguay - Cape Verde,2026-06-21 22:00:33,,2,,7,True,0.03174603174603178,steamer,False
37237611,Anytime goalscorer (Star Substitute),Goleador durante el partido (Suplente Estrella),Sergio Arribas,8,2.6,2.52,Almeria - Castellón,2026-06-09 19:02:30,17.0,1,EUR,6,False,0.03174603174603178,steamer,False
33890306,1st Half: Team Cards (only players and in play),1º tiempo: Tarjetas equipo (solo jugadores y en juego),Curaçao 2 or more,9,3.93,3.81,Germany - Curaçao,2026-06-14 17:01:45,91.28999999999999,1,EUR,8,False,0.03149606299212598,steamer,False
33890444,1st half: Team corners,1º tiempo: Corners equipo,England 2 or more,7,1.31,1.27,England - Croatia,2026-06-17 20:00:04,5.16,1,EUR,6,False,0.03149606299212598,steamer,False
36966611,Anytime goalscorer (Star Substitute),Goleador durante el partido (Suplente Estrella),Sorloth,21,3.28,3.18,Norway - Senegal,2026-06-23 00:00:05,81.22,1,EUR,17,False,0.031446540880503124,steamer,False
36966469,Shots on target (Star Substitute),Remates a puerta Patrik Schick (Suplente Estrella),1 or more,8,1.32,1.28,Czech Republic - South Africa,2026-06-18 16:00:09,,2,,8,True,0.03125000000000001,steamer,False
33890304,Team corners,Corners equipo,Japan 6 or more,12,3.3,3.2,Netherlands - Japan,2026-06-14 20:00:08,280.47,1,EUR,12,False,0.031249999999999972,steamer,False
37238914,Team corners,Corners equipo,Las Palmas 6 or more,8,2.31,2.24,Malaga - Las Palmas,2026-06-10 19:01:06,59.99,1,EUR,8,False,0.031249999999999938,steamer,False
37320464,Match,Partido,Over 1.5 half time goals y Both teams to score in second half,8,4.96,4.81,Strommen IF - Stabaek,2026-06-21 14:01:56,1.6600000000000001,1,EUR,1,False,0.031185031185031166,steamer,False
33890444,1st half: Team corners,1º tiempo: Corners equipo,England 4 or more,7,2.65,2.57,England - Croatia,2026-06-17 20:00:04,88.88,1,EUR,5,False,0.031128404669260642,steamer,False
36966528,To score or assist (Star Substitute),Marcar gol o asistir (Suplente Estrella),Ritsu Doan,9,2.65,2.57,Tunisia - Japan,2026-06-21 04:00:01,17.42,1,EUR,6,False,0.031128404669260642,steamer,False
36966609,Assists (Star Substitute),Asistencias Lionel Messi (Suplente Estrella),1 or more,37,3.32,3.22,Argentina - Austria,2026-06-22 17:00:58,232.18,1,EUR,26,False,0.031055900621117842,steamer,False
33890304,Team corners,Corners equipo,Netherlands 5 or more,49,1.66,1.61,Netherlands - Japan,2026-06-14 20:00:08,,2,,37,True,0.031055900621117842,steamer,False
33890309,Match,Partido,Both teams to score y Over 7.5 corners,16,2.66,2.58,Usa - Paraguay,2026-06-13 01:02:10,,2,,14,True,0.031007751937984464,steamer,False
33890306,To score or assist (Star Substitute),Marcar gol o asistir (Suplente Estrella),Florian Wirtz,14,1.33,1.29,Germany - Curaçao,2026-06-14 17:01:45,16.5,1,EUR,14,False,0.031007751937984464,steamer,False
33890416,Match,Partido,Both teams to score y A goal in both halves,8,2.33,2.26,France - Senegal,2026-06-16 19:02:47,6.86,1,EUR,5,False,0.03097345132743365,steamer,False
33890444,To score or assist (Star Substitute),Marcar gol o asistir (Suplente Estrella),Luka Modric,11,4.0,3.88,England - Croatia,2026-06-17 20:00:04,,2,,11,True,0.030927835051546504,steamer,False
36966485,To score or assist (Star Substitute),Marcar gol o asistir (Suplente Estrella),Bruno Guimarães,5,2.34,2.27,Brazil - Haiti,2026-06-20 00:32:31,,2,,5,True,0.030837004405286216,steamer,False
33890238,Team corners,Corners equipo,Mexico 7 or more,27,2.34,2.27,Mexico - South Africa,2026-06-11 19:05:51,,2,,26,True,0.030837004405286216,steamer,False
33890416,Shots on target (Star Substitute),Remates a puerta Michael Olise (Suplente Estrella),1 or more,15,1.34,1.3,France - Senegal,2026-06-16 19:02:47,81.16,1,EUR,14,False,0.03076923076923077,steamer,False
37233846,Match corners,Corners durante el partido,8 or more,6,1.34,1.3,Portugal - Nigeria,2026-06-10 19:49:08,19.21,1,EUR,6,False,0.03076923076923077,steamer,False
33890416,Home-side combo (bet builder),Francia,France to win 1st half y France to win 2nd half,8,4.02,3.9,France - Senegal,2026-06-16 19:02:47,39.29,1,EUR,8,False,0.030769230769230764,steamer,False
36966528,Match corners,Corners durante el partido,10 or more,18,2.35,2.28,Tunisia - Japan,2026-06-21 04:00:01,,2,,16,True,0.030701754385964976,steamer,False
36966591,Shots on target (Star Substitute),Remates a puerta Marc Cucurella (Suplente Estrella),1 or more,8,2.7,2.62,Spain - Saudi Arabia,2026-06-21 16:00:48,111.5,1,EUR,8,False,0.030534351145038142,steamer,False
33890238,To score or assist (Star Substitute),Marcar gol o asistir (Suplente Estrella),Oswin Appollis,5,3.38,3.28,Mexico - South Africa,2026-06-11 19:05:51,37.43,1,EUR,5,False,0.030487804878048714,steamer,False
36966590,Team corners,Corners equipo,Cape Verde 4 or more,15,2.72,2.64,Uruguay - Cape Verde,2026-06-21 22:00:33,78.53,1,EUR,12,False,0.030303030303030377,steamer,False
36966612,Player to score in fisrt ten minutes (from 0:00 to 9:59),Jugador en meter gol en los 10 primeros minutos (del 0:00 al 9:59),Mbappe,90,8.5,8.25,France - Iraq,2026-06-22 21:00:42,,2,,80,True,0.030303030303030346,steamer,False
33890306,Player to score in 1st half,Jugador en meter gol en el 1º tiempo,Havertz,5,2.38,2.31,Germany - Curaçao,2026-06-14 17:01:45,1.8,1,EUR,4,False,0.03030303030303028,steamer,False
33890416,To score or assist (Star Substitute),Marcar gol o asistir (Suplente Estrella),Sadio Mane,8,3.06,2.97,France - Senegal,2026-06-16 19:02:47,34.27,1,EUR,8,False,0.030303030303030186,steamer,False
33890290,Away-side combo (bet builder),Escocia,Scotland win y McTominay 2 or more shots on target,6,3.41,3.31,Haiti - Scotland,2026-06-14 01:02:33,31.84,1,EUR,6,False,0.03021148036253784,steamer,False
36024518,Match,Partido,Over 2.5 goals y Over 7.5 corners,35,2.05,1.99,Iraq - Norway,2026-06-16 22:00:57,,2,,19,True,0.030150753768844036,steamer,False
33890444,1-X-2 / 2 goals Up,1-X-2 / Ventaja 2 goles,1,383,1.71,1.66,England - Croatia,2026-06-17 20:00:04,,2,,221,True,0.03012048192771099,steamer,False
33890444,Home-side combo (bet builder),Inglaterra,"England win, Both teams to score y Harry Kane to score",9,5.15,5.0,England - Croatia,2026-06-17 20:00:04,,2,,7,True,0.030000000000000072,steamer,False
33890305,Match shots on target,Remates a puerta durante el partido,8 or more,6,1.72,1.67,Ivory Coast - Ecuador,2026-06-14 23:03:23,,2,,6,True,0.02994011976047908,steamer,False
33890309,Match corners,Corners durante el partido,10 or more,14,2.07,2.01,Usa - Paraguay,2026-06-13 01:02:10,,2,,14,True,0.02985074626865678,steamer,False
36966609,Shots on target (Star Substitute),Remates a puerta Lionel Messi (Suplente Estrella),4 or more,11,6.9,6.7,Argentina - Austria,2026-06-22 17:00:58,,2,,11,True,0.029850746268656587,steamer,False
33890299,To score and Assist,Marcar gol y asistir,Kevin De Bruyne,5,6.9,6.7,Belgium - Egypt,2026-06-15 19:00:29,6.8,1,EUR,4,False,0.029850746268656587,steamer,False
33890444,Shots on target (Star Substitute),Remates a puerta Harry Kane (Suplente Estrella),3 or more,36,3.81,3.7,England - Croatia,2026-06-17 20:00:04,236.06,1,EUR,17,False,0.02972972972972959,steamer,False
33890304,1st half: Team corners,1º tiempo: Corners equipo,Japan 4 or more,6,5.2,5.05,Netherlands - Japan,2026-06-14 20:00:08,48.75,1,EUR,6,False,0.029702970297029844,steamer,False
33890259,To score 2 or more goals (Star Substitute),Marcar 2 goles o más (Suplente Estrella),Breel Embolo,44,5.2,5.05,Qatar - Switzerland,2026-06-13 19:04:43,,2,,35,True,0.029702970297029844,steamer,False
33890291,Match goal kicks,Saques de puerta durante el partido,15 or more,23,2.08,2.02,Brazil - Morocco,2026-06-13 22:04:18,,2,,5,True,0.029702970297029785,steamer,False
36966611,Match throw-ins,Saques de banda durante el partido,35 or more,5,2.08,2.02,Norway - Senegal,2026-06-23 00:00:05,79.42,1,EUR,3,False,0.029702970297029785,steamer,False
36024491,Shots (Star Substitute),Remates Esmir Bajraktarevic (Suplente Estrella),3 or more,7,3.48,3.38,Canada - Bosnia And Herzegovina,2026-06-12 19:02:13,190.0,1,EUR,7,False,0.029585798816568153,steamer,False
36966528,Away-side combo (bet builder),Japón,Japan win y A goal in both halves,11,2.45,2.38,Tunisia - Japan,2026-06-21 04:00:01,59.26,1,EUR,9,False,0.029411764705882484,steamer,False
36024518,1st half: Team corners,1º tiempo: Corners equipo,Norway 3 or more,10,1.4,1.36,Iraq - Norway,2026-06-16 22:00:57,,2,,10,True,0.02941176470588225,steamer,False
33890416,First to score for their team (Star Substitute),Jugador en meter el 1º gol del equipo (Suplente Estrella),Mbappe,5,2.8,2.72,France - Senegal,2026-06-16 19:02:47,103.17,1,EUR,5,False,0.02941176470588225,steamer,False
36024492,1-X-2 / 2 goals Up,1-X-2 / Ventaja 2 goles,1,8,4.92,4.78,Australia - Turkey,2026-06-14 04:00:30,108.9,1,EUR,8,False,0.02928870292887027,steamer,False
33890304,Match fouls,Faltas durante el partido,26 or more,5,2.11,2.05,Netherlands - Japan,2026-06-14 20:00:08,153.4,1,EUR,5,False,0.029268292682926904,steamer,False
36966485,Anytime goalscorer (Star Substitute),Goleador durante el partido (Suplente Estrella),Igor Thiago,15,1.76,1.71,Brazil - Haiti,2026-06-20 00:32:31,1.56,1,EUR,4,False,0.029239766081871198,steamer,False
36966593,Shots on target (Star Substitute),Remates a puerta Trossard (Suplente Estrella),2 or more,8,3.17,3.08,Belgium - Iran,2026-06-21 19:00:03,65.0,1,EUR,5,False,0.029220779220779272,steamer,False
33890299,Assists (Star Substitute),Asistencias Doku (Suplente Estrella),1 or more,8,3.17,3.08,Belgium - Egypt,2026-06-15 19:00:29,33.84,1,EUR,5,False,0.029220779220779272,steamer,False
36966612,Player to score in both halves (Star Substitute),Jugador en meter gol en el 1º y 2º tiempo (Suplente Estrella),Mbappe,14,3.88,3.77,France - Iraq,2026-06-22 21:00:42,,2,,13,True,0.029177718832891237,steamer,False
36024491,Saves (Star Substitute),Paradas Nikola Vasilj (Suplente Estrella),4 or more,7,2.47,2.4,Canada - Bosnia And Herzegovina,2026-06-12 19:02:13,190.57,1,EUR,7,False,0.029166666666666737,steamer,False
33890306,Match corners,Corners durante el partido,14 or more,12,3.53,3.43,Germany - Curaçao,2026-06-14 17:01:45,,2,,11,True,0.029154518950437157,steamer,False
33890238,Team Shots,Remates equipo,South Africa 9 or more,8,2.12,2.06,Mexico - South Africa,2026-06-11 19:05:51,172.2,1,EUR,6,False,0.029126213592233132,steamer,False
36966640,Anytime goalscorer (Star Substitute),Goleador durante el partido (Suplente Estrella),Vitinha,6,5.3,5.15,Portugal - Uzbekistan,2026-06-23 17:00:06,111.91,1,EUR,6,False,0.02912621359223292,steamer,False
33890444,To score or assist (Star Substitute),Marcar gol o asistir (Suplente Estrella),Bellingham,24,2.48,2.41,England - Croatia,2026-06-17 20:00:04,,2,,22,True,0.029045643153526816,steamer,False
33890259,Match,Partido,Both teams to score y Over 7.5 corners,5,2.84,2.76,Qatar - Switzerland,2026-06-13 19:04:43,3.5700000000000003,1,EUR,4,False,0.028985507246376878,steamer,False
36966472,Match,Partido,Both teams to score y Over 7.5 corners,7,2.49,2.42,Canada - Qatar,2026-06-18 22:00:44,6.43,1,EUR,7,False,0.02892561983471092,steamer,False
36966593,Assists (Star Substitute),Asistencias Trossard (Suplente Estrella),1 or more,7,3.92,3.81,Belgium - Iran,2026-06-21 19:00:03,2.3600000000000003,1,EUR,2,False,0.028871391076115447,steamer,False
36966480,Home-side combo (bet builder),Estados Unidos,"Usa win, Both teams to score y Over 10.5 corners",7,8.95,8.7,Usa - Australia,2026-06-19 19:00:27,25.25,1,EUR,3,False,0.02873563218390809,steamer,False
33890299,To be carded (only players and in play)(Star Substitute),Recibir tarjeta (sólo jugadores y en juego)(Suplente Estrella),Mohamed Hany Gamal El-Demerdash,5,3.58,3.48,Belgium - Egypt,2026-06-15 19:00:29,45.37,1,EUR,4,False,0.028735632183908046,steamer,False
36024491,1-X-2 / 2 goals Up,1-X-2 / Ventaja 2 goles,1,239,1.79,1.74,Canada - Bosnia And Herzegovina,2026-06-12 19:02:13,,2,,137,True,0.028735632183908046,steamer,False
36024480,Team corners,Corners equipo,South Korea 4 or more,21,1.44,1.4,South Korea - Czech Republic,2026-06-12 02:00:54,,2,,20,True,0.02857142857142863,steamer,False
33890291,Team Shots,Remates equipo,Brazil 13 or more,7,1.44,1.4,Brazil - Morocco,2026-06-13 22:04:18,,2,,4,True,0.02857142857142863,steamer,False
33890313,Team corners,Corners equipo,Cape Verde 5 or more,17,9.0,8.75,Spain - Cape Verde,2026-06-15 16:01:07,,2,,11,True,0.028571428571428595,steamer,False
33890444,Home-side combo (bet builder),Inglaterra,"England win, Over 8.5 corners y Harry Kane to score",18,4.69,4.56,England - Croatia,2026-06-17 20:00:04,40.050000000000004,1,EUR,12,False,0.028508771929824688,steamer,False
36966591,Match,Partido,Over 2.5 goals y Lamine Yamal 2 or more shots on target,7,2.17,2.11,Spain - Saudi Arabia,2026-06-21 16:00:48,20.48,1,EUR,6,False,0.028436018957345984,steamer,False
36966473,Team corners,Corners equipo,Switzerland 7 or more,5,1.81,1.76,Switzerland - Bosnia And Herzegovina,2026-06-18 19:00:01,,2,,5,True,0.02840909090909094,steamer,False
36966640,1st half: Team corners,1º tiempo: Corners equipo,Portugal 3 or more,6,1.45,1.41,Portugal - Uzbekistan,2026-06-23 17:00:06,110.95,1,EUR,6,False,0.028368794326241103,steamer,False
36024492,Match shots on target,Remates a puerta durante el partido,8 or more,5,1.46,1.42,Australia - Turkey,2026-06-14 04:00:30,,2,,5,True,0.02816901408450719,steamer,False
37183511,Team exact bookings (only players and in play),Número de tarjetas equipo (solo jugadores y en juego),England 2 or more,5,3.65,3.55,England - Costa Rica,2026-06-10 21:03:46,2.17,1,EUR,3,False,0.028169014084507147,steamer,False
36966591,Home-side combo (bet builder),España,"Spain win, Over 2.5 goals y Lamine Yamal to score",8,2.19,2.13,Spain - Saudi Arabia,2026-06-21 16:00:48,5.75,1,EUR,8,False,0.028169014084506984,steamer,False
36966609,1st half: Team corners,1º tiempo: Corners equipo,Austria 2 or more,7,2.19,2.13,Argentina - Austria,2026-06-22 17:00:58,38.199999999999996,1,EUR,7,False,0.028169014084506984,steamer,False
33890304,Player headed shots on target (Star Substitute),Remates a puerta con la cabeza Virgil Van Dijk (Suplente Estrella),1 or more,8,4.04,3.93,Netherlands - Japan,2026-06-14 20:00:08,132.1,1,EUR,8,False,0.027989821882951654,steamer,False
33890306,Home-side combo (bet builder),Alemania,Germany to win 1st half y Germany to win 2nd half,37,1.47,1.43,Germany - Curaçao,2026-06-14 17:01:45,,2,,22,True,0.02797202797202812,steamer,False
36971426,1st half: Team corners,1º tiempo: Corners equipo,Paraguay 2 or more,9,1.84,1.79,Turkey - Paraguay,2026-06-20 03:00:03,,2,,3,True,0.02793296089385474,steamer,False
36966638,Player to score in fisrt ten minutes (from 0:00 to 9:59),Jugador en meter gol en los 10 primeros minutos (del 0:00 al 9:59),Iñaki Williams,5,37.0,36.0,England - Ghana,2026-06-23 20:00:08,9.379999999999999,1,EUR,5,False,0.027777777777777665,steamer,False
36966611,1st half: Shots on target,Haaland,2 or more,5,3.71,3.61,Norway - Senegal,2026-06-23 00:00:05,74.83,1,EUR,5,False,0.027700831024930896,steamer,False
36966612,Anytime goalscorer (Star Substitute),Goleador durante el partido (Suplente Estrella),Michael Olise,86,2.24,2.18,France - Iraq,2026-06-22 21:00:42,908.57,1,EUR,74,False,0.02752293577981652,steamer,False
36966485,To score 2 or more goals (Star Substitute),Marcar 2 goles o más (Suplente Estrella),Raphinha,48,5.6,5.45,Brazil - Haiti,2026-06-20 00:32:31,,2,,33,True,0.027522935779816394,steamer,False
36966609,Player to score in 1st half,Jugador en meter gol en el 1º tiempo,Lionel Messi,15,3.75,3.65,Argentina - Austria,2026-06-22 17:00:58,59.24,1,EUR,12,False,0.02739726027397256,steamer,False
33890305,1-X-2 / 2 goals Up,1-X-2 / Ventaja 2 goles,1,31,3.38,3.29,Ivory Coast - Ecuador,2026-06-14 23:03:23,,2,,18,True,0.027355623100303865,steamer,False
33890313,Match,Partido,Over 2.5 goals y Over 9.5 corners,6,2.26,2.2,Spain - Cape Verde,2026-06-15 16:01:07,25.0,1,EUR,5,False,0.027272727272727188,steamer,False
33890211,To score or assist (Star Substitute),Marcar gol o asistir (Suplente Estrella),Lionel Messi,125,1.51,1.47,Argentina - Algeria,2026-06-17 01:02:37,,2,,114,True,0.027210884353741385,steamer,False
33890259,1st half: Corners,1º tiempo: Corners,4 or more,14,1.51,1.47,Qatar - Switzerland,2026-06-13 19:04:43,,2,,6,True,0.027210884353741385,steamer,False
36966638,1st half: Team corners,1º tiempo: Corners equipo,England 3 or more,9,1.51,1.47,England - Ghana,2026-06-23 20:00:08,,2,,9,True,0.027210884353741385,steamer,False
36966591,1st half: Team corners,1º tiempo: Corners equipo,Saudi Arabia 1 or more,11,1.51,1.47,Spain - Saudi Arabia,2026-06-21 16:00:48,11.77,1,EUR,6,False,0.027210884353741385,steamer,False
33890419,Shots outside the box,Antoine Semenyo,1 or more,5,1.89,1.84,Ghana - Panama,2026-06-17 23:00:50,32.0,1,EUR,2,False,0.02717391304347805,steamer,False
33890238,Player headed shots on target (Star Substitute),Remates a puerta con la cabeza Raúl Jiménez (Suplente Estrella),1 or more,5,3.03,2.95,Mexico - South Africa,2026-06-11 19:05:51,85.0,1,EUR,5,False,0.027118644067796575,steamer,False
33890313,To score or assist (Star Substitute),Marcar gol o asistir (Suplente Estrella),Marc Cucurella,8,3.42,3.33,Spain - Cape Verde,2026-06-15 16:01:07,53.33,1,EUR,8,False,0.027027027027027098,steamer,False
36966591,Home-side combo (bet builder),España,Spain win y Dani Olmo 1 or more assists,5,3.04,2.96,Spain - Saudi Arabia,2026-06-21 16:00:48,10.35,1,EUR,5,False,0.027027027027026928,steamer,False
33890238,Team corners,Corners equipo,South Africa 4 or more,29,2.28,2.22,Mexico - South Africa,2026-06-11 19:05:51,473.96,1,EUR,24,False,0.02702702702702684,steamer,False
33890259,To score or assist (Star Substitute),Marcar gol o asistir (Suplente Estrella),Xhaka,22,2.28,2.22,Qatar - Switzerland,2026-06-13 19:04:43,,2,,17,True,0.02702702702702684,steamer,False
36024480,Anytime goalscorer (Star Substitute),Goleador durante el partido (Suplente Estrella),Heung-Min Son,14,3.05,2.97,South Korea - Czech Republic,2026-06-12 02:00:54,,2,,11,True,0.026936026936026737,steamer,False
33890291,Assists (Star Substitute),Asistencias Vinícius (Suplente Estrella),1 or more,11,4.2,4.09,Brazil - Morocco,2026-06-13 22:04:18,41.95,1,EUR,8,False,0.026894865525672496,steamer,False
36966528,Match corners,Corners durante el partido,9 or more,10,1.91,1.86,Tunisia - Japan,2026-06-21 04:00:01,,2,,9,True,0.02688172043010747,steamer,False
36966592,Team Shots,Remates equipo,New Zealand 8 or more,6,1.53,1.49,New Zealand - Egypt,2026-06-22 01:00:05,70.0,1,EUR,2,False,0.026845637583892648,steamer,False
36966638,Home-side combo (bet builder),Inglaterra,"England win, Over 2.5 goals y Over 8.5 corners",49,3.06,2.98,England - Ghana,2026-06-23 20:00:08,233.46,1,EUR,16,False,0.026845637583892648,steamer,False
36966593,2nd half: Corners,2º tiempo: Corners,4 or more,16,1.53,1.49,Belgium - Iran,2026-06-21 19:00:03,606.5600000000001,1,EUR,5,False,0.026845637583892648,steamer,False
36024493,Team shots on target,Remates a puerta equipo,Sweden 3 or more,6,1.15,1.12,Sweden - Tunisia,2026-06-15 02:00:33,,2,,6,True,0.02678571428571411,steamer,False
33890312,Team corners,Corners equipo,Uruguay 7 or more,7,2.31,2.25,Saudi Arabia - Uruguay,2026-06-15 22:03:57,,2,,5,True,0.02666666666666662,steamer,False
33890313,Team shots on target,Remates a puerta equipo,Spain 11 or more,6,3.08,3.0,Spain - Cape Verde,2026-06-15 16:01:07,323.5,1,EUR,6,False,0.02666666666666662,steamer,False
36966638,Team corners,Corners equipo,England 9 or more,15,3.47,3.38,England - Ghana,2026-06-23 20:00:08,101.99,1,EUR,3,False,0.02662721893491127,steamer,False
37275587,Match fouls,Faltas durante el partido,28 or more,6,1.93,1.88,Malaga - Almeria,2026-06-14 19:02:16,,2,,6,True,0.02659574468085092,steamer,False
33890306,Team exact bookings (only players and in play),Número de tarjetas equipo (solo jugadores y en juego),Curaçao 1 or more,11,1.16,1.13,Germany - Curaçao,2026-06-14 17:01:45,,2,,10,True,0.026548672566371664,steamer,False
36024493,Anytime goalscorer (Star Substitute),Goleador durante el partido (Suplente Estrella),Viktor Gyokeres,37,2.32,2.26,Sweden - Tunisia,2026-06-15 02:00:33,72.87,1,EUR,26,False,0.026548672566371664,steamer,False
33890416,Team completed passes,Pases completados equipo,France 600 or more,7,3.87,3.77,France - Senegal,2026-06-16 19:02:47,,2,,6,True,0.02652519893899223,steamer,False
36966553,Team goals,Goles equipo,Germany 2 or more,6,1.55,1.51,Germany - Ivory Coast,2026-06-20 20:00:00,,2,,4,True,0.02649006622516567,steamer,False
37185827,1-X-2 / 2 goals Up,1-X-2 / Ventaja 2 goles,2,5,2.33,2.27,Ponte Preta - Cuiaba Esporte Clube MT,2026-06-09 22:00:45,0.62,1,EUR,2,False,0.026431718061673937,steamer,False
33890416,Shots outside the box,Ismaila Sarr,1 or more,8,2.72,2.65,France - Senegal,2026-06-16 19:02:47,170.0,1,EUR,7,False,0.0264150943396228,steamer,False
36024492,Away-side combo (bet builder),Turquía,Turkey win y Akturkoglu to score,5,3.51,3.42,Australia - Turkey,2026-06-14 04:00:30,3.53,1,EUR,4,False,0.026315789473684133,steamer,False
36966593,To score or assist (Star Substitute),Marcar gol o asistir (Suplente Estrella),De Ketelaere,6,1.95,1.9,Belgium - Iran,2026-06-21 19:00:03,,2,,5,True,0.02631578947368402,steamer,False
33890220,Saves (Star Substitute),Paradas Utkir Yusupov (Suplente Estrella),4 or more,11,1.95,1.9,Uzbekistan - Colombia,2026-06-18 02:00:00,8.27,1,EUR,3,False,0.02631578947368402,steamer,False
33890305,To score or assist (Star Substitute),Marcar gol o asistir (Suplente Estrella),Enner Valencia,10,2.35,2.29,Ivory Coast - Ecuador,2026-06-14 23:03:23,,2,,8,True,0.02620087336244545,steamer,False
36966609,To score or assist (Star Substitute),Marcar gol o asistir (Suplente Estrella),Lionel Messi,252,1.57,1.53,Argentina - Austria,2026-06-22 17:00:58,,2,,206,True,0.026143790849673266,steamer,False
36966611,Shots on target (Star Substitute),Remates a puerta Haaland (Suplente Estrella),1 or more,6,1.18,1.15,Norway - Senegal,2026-06-23 00:00:05,,2,,6,True,0.026086956521739143,steamer,False
36966590,1st half: Team corners,1º tiempo: Corners equipo,Uruguay 4 or more,5,2.37,2.31,Uruguay - Cape Verde,2026-06-21 22:00:33,,2,,4,True,0.025974025974026076,steamer,False
33890444,To score or assist (Star Substitute),Marcar gol o asistir (Suplente Estrella),Anthony Gordon,33,2.37,2.31,England - Croatia,2026-06-17 20:00:04,471.85,1,EUR,31,False,0.025974025974026076,steamer,False
36966612,goal scorer (Star Substitute),Jugador en meter el 1º gol (Suplente Estrella),Mbappe,101,3.16,3.08,France - Iraq,2026-06-22 21:00:42,,2,,84,True,0.025974025974026076,steamer,False
33890291,To score or assist (Star Substitute),Marcar gol o asistir (Suplente Estrella),Raphinha,75,2.0,1.95,Brazil - Morocco,2026-06-13 22:04:18,,2,,60,True,0.025641025641025772,steamer,False
33890291,To be carded (only players and in play)(Star Substitute),Recibir tarjeta (sólo jugadores y en juego)(Suplente Estrella),Marquinhos,9,6.0,5.85,Brazil - Morocco,2026-06-13 22:04:18,63.3,1,EUR,5,False,0.025641025641025716,steamer,False
33890259,To score 2 or more goals (Star Substitute),Marcar 2 goles o más (Suplente Estrella),Dan Ndoye,9,12.0,11.7,Qatar - Switzerland,2026-06-13 19:04:43,,2,,9,True,0.025641025641025716,steamer,False
33890259,Shots on target (Star Substitute),Remates a puerta Breel Embolo (Suplente Estrella),1 or more,6,1.2,1.17,Qatar - Switzerland,2026-06-13 19:04:43,25.619999999999997,1,EUR,6,False,0.025641025641025682,steamer,False
33890416,To score or assist (Star Substitute),Marcar gol o asistir (Suplente Estrella),Ousmane Dembele,42,2.01,1.96,France - Senegal,2026-06-16 19:02:47,,2,,41,True,0.02551020408163254,steamer,False
33890220,Match,Partido,Over 2.5 goals y Luis Diaz 2 or more shots on target,5,2.84,2.77,Uzbekistan - Colombia,2026-06-18 02:00:00,3.1,1,EUR,4,False,0.02527075812274366,steamer,False
36966610,Anytime goalscorer (Star Substitute),Goleador durante el partido (Suplente Estrella),Amine Gouiri,12,2.44,2.38,Jordan - Algeria,2026-06-23 03:00:21,89.28,1,EUR,10,False,0.025210084033613432,steamer,False
33890210,Team exact bookings (only players and in play),Número de tarjetas equipo (solo jugadores y en juego),Austria 1 or more,5,1.22,1.19,Austria - Jordan,2026-06-17 04:02:52,7.13,1,EUR,5,False,0.025210084033613432,steamer,False
33890291,Saves (Star Substitute),Paradas Yassine Bounou (Suplente Estrella),2 or more,14,1.22,1.19,Brazil - Morocco,2026-06-13 22:04:18,841.94,1,EUR,12,False,0.025210084033613432,steamer,False
36966485,Team goals,Goles equipo,Brazil 2 or more,6,1.22,1.19,Brazil - Haiti,2026-06-20 00:32:31,34.24,1,EUR,6,False,0.025210084033613432,steamer,False
36966591,Team goals,Goles equipo,Spain 3 or more,5,1.63,1.59,Spain - Saudi Arabia,2026-06-21 16:00:48,14.92,1,EUR,5,False,0.02515723270440245,steamer,False
33890313,1st half: Team corners,1º tiempo: Corners equipo,Spain 5 or more,11,2.04,1.99,Spain - Cape Verde,2026-06-15 16:01:07,,2,,9,True,0.02512562814070347,steamer,False
36971426,Team Shots,Remates equipo,Turkey 15 or more,5,1.64,1.6,Turkey - Paraguay,2026-06-20 03:00:03,11.76,1,EUR,3,False,0.025000000000000022,steamer,False
37233846,Team corners,Corners equipo,Nigeria 4 or more,8,2.05,2.0,Portugal - Nigeria,2026-06-10 19:49:08,,2,,8,True,0.024999999999999908,steamer,False
36024491,Home-side combo (bet builder),Canadá,Canada win y Over 2.5 goals,7,3.29,3.21,Canada - Bosnia And Herzegovina,2026-06-12 19:02:13,29.680000000000003,1,EUR,6,False,0.02492211838006228,steamer,False
36966611,Match,Partido,Both teams to score y Haaland 2 or more shots on target,6,2.47,2.41,Norway - Senegal,2026-06-23 00:00:05,8.46,1,EUR,6,False,0.024896265560165925,steamer,False
33890291,To score or assist (Star Substitute),Marcar gol o asistir (Suplente Estrella),Vinícius,124,2.06,2.01,Brazil - Morocco,2026-06-13 22:04:18,,2,,106,True,0.024875621890547386,steamer,False
36966469,Match penalty scored,Gol de penalti durante el partido,Yes,9,4.12,4.02,Czech Republic - South Africa,2026-06-18 16:00:09,,2,,8,True,0.024875621890547386,steamer,False
36966591,Home-side combo (bet builder),España,Spain win y Oyarzabal to score,21,1.65,1.61,Spain - Saudi Arabia,2026-06-21 16:00:48,346.54,1,EUR,18,False,0.0248447204968943,steamer,False
33890291,Anytime goalscorer (Star Substitute),Goleador durante el partido (Suplente Estrella),Raphinha,49,3.31,3.23,Brazil - Morocco,2026-06-13 22:04:18,401.59,1,EUR,45,False,0.024767801857585273,steamer,False
36966553,To score or assist (Star Substitute),Marcar gol o asistir (Suplente Estrella),Sane,5,2.07,2.02,Germany - Ivory Coast,2026-06-20 20:00:00,53.03,1,EUR,4,False,0.024752475247524667,steamer,False
33890444,Shots on target (Star Substitute),Remates a puerta Bellingham (Suplente Estrella),2 or more,18,4.14,4.04,England - Croatia,2026-06-17 20:00:04,428.37,1,EUR,14,False,0.024752475247524667,steamer,False
36024518,Team to score a penalty,Equipo en marcar gol de penalti durante el partido,Norway,12,4.15,4.05,Iraq - Norway,2026-06-16 22:00:57,,2,,10,True,0.02469135802469154,steamer,False
36966593,Team corners,Corners equipo,Belgium 6 or more,28,1.66,1.62,Belgium - Iran,2026-06-21 19:00:03,,2,,27,True,0.02469135802469121,steamer,False
36966638,Home-side combo (bet builder),Inglaterra,England win y Over 2.5 goals,8,1.66,1.62,England - Ghana,2026-06-23 20:00:08,346.04,1,EUR,8,False,0.02469135802469121,steamer,False
33890416,To score or assist (Star Substitute),Marcar gol o asistir (Suplente Estrella),Michael Olise,60,1.66,1.62,France - Senegal,2026-06-16 19:02:47,,2,,53,True,0.02469135802469121,steamer,False
33890416,2nd half: Team Corners,2º tiempo: Corners equipo,France 3 or more,17,1.66,1.62,France - Senegal,2026-06-16 19:02:47,5.69,1,EUR,4,False,0.02469135802469121,steamer,False
36966609,Match,Partido,Over 2.5 goals y Over 9.5 corners,5,5.4,5.27,Argentina - Austria,2026-06-22 17:00:58,45.5,1,EUR,5,False,0.024667931688804635,steamer,False
36966593,Player headed shots on target (Star Substitute),Remates a puerta con la cabeza Lukaku (Suplente Estrella),1 or more,8,3.33,3.25,Belgium - Iran,2026-06-21 19:00:03,438.5,1,EUR,6,False,0.024615384615384657,steamer,False
37183322,1-X-2 / 2 goals Up,1-X-2 / Ventaja 2 goles,1,7,1.25,1.22,Colo Colo - Cobresal,2026-06-13 21:31:41,,2,,6,True,0.0245901639344262,steamer,False
36966553,To score or assist (Star Substitute),Marcar gol o asistir (Suplente Estrella),Kimmich,5,2.92,2.85,Germany - Ivory Coast,2026-06-20 20:00:00,8.42,1,EUR,4,False,0.02456140350877193,steamer,False
36966612,To be carded (only players and in play)(Star Substitute),Recibir tarjeta (sólo jugadores y en juego) (Suplente Estrella),Merchas Doski,6,3.77,3.68,France - Iraq,2026-06-22 21:00:42,195.82999999999998,1,EUR,6,False,0.02445652173913028,steamer,False
33890259,Most Saves - vs (both starters),Más paradas - Mahmud Abunada vs Gregor Kobel (Ambos titulares o se anula),Mahmud Abunada,9,1.27,1.24,Qatar - Switzerland,2026-06-13 19:04:43,,2,,8,True,0.024193548387096937,steamer,False
33890290,Team shots on target,Remates a puerta equipo,Scotland 5 or more,5,1.27,1.24,Haiti - Scotland,2026-06-14 01:02:33,,2,,5,True,0.024193548387096937,steamer,False
36966638,Home-side combo (bet builder),Inglaterra,England win y Harry Kane 2 or more shots on target,16,1.7,1.66,England - Ghana,2026-06-23 20:00:08,,2,,14,True,0.024096385542168728,steamer,False
36966609,1st half: Shots on target,Lionel Messi,2 or more,6,4.25,4.15,Argentina - Austria,2026-06-22 17:00:58,97.3,1,EUR,6,False,0.024096385542168565,steamer,False
36966612,Home-side combo (bet builder),Francia,"France win, Over 2.5 goals y Michael Olise to score",11,2.55,2.49,France - Iraq,2026-06-22 21:00:42,25.78,1,EUR,9,False,0.0240963855421684,steamer,False
33890444,Home-side combo (bet builder),Inglaterra,England win y Harry Kane 1 or more assists,5,6.81,6.65,England - Croatia,2026-06-17 20:00:04,16.13,1,EUR,5,False,0.02406015037593977,steamer,False
33890313,Home-side combo (bet builder),España,Spain win y Ferran to be booked,5,10.65,10.4,Spain - Cape Verde,2026-06-15 16:01:07,69.25,1,EUR,5,False,0.0240384615384615,steamer,False
37312355,1-X-2 / 2 goals Up,1-X-2 / Ventaja 2 goles,1,97,2.13,2.08,Almeria - Malaga,2026-06-20 19:32:16,,2,,60,True,0.02403846153846144,steamer,False
36966549,Anytime goalscorer (Star Substitute),Goleador durante el partido (Suplente Estrella),Malen,8,2.56,2.5,Netherlands - Sweden,2026-06-20 17:00:05,86.06,1,EUR,7,False,0.024000000000000056,steamer,False
33890416,Team completed passes,Pases completados equipo,France 550 or more,7,2.56,2.5,France - Senegal,2026-06-16 19:02:47,,2,,6,True,0.024000000000000056,steamer,False
33890291,Match shots on target,Remates a puerta durante el partido,7 or more,9,1.28,1.25,Brazil - Morocco,2026-06-13 22:04:18,,2,,8,True,0.024000000000000056,steamer,False
33890416,Home-side combo (bet builder),Francia,France win y Both teams to score,5,2.99,2.92,France - Senegal,2026-06-16 19:02:47,21.71,1,EUR,5,False,0.023972602739725974,steamer,False
36024493,To score or assist (Star Substitute),Marcar gol o asistir (Suplente Estrella),Anthony Elanga,5,2.57,2.51,Sweden - Tunisia,2026-06-15 02:00:33,9.14,1,EUR,5,False,0.023904382470119598,steamer,False
36966609,To score 2 or more goals (Star Substitute),Marcar 2 goles o más (Suplente Estrella),Lautaro Martínez,22,8.65,8.45,Argentina - Austria,2026-06-22 17:00:58,,2,,19,True,0.023668639053254524,steamer,False
33890299,Home-side combo (bet builder),Bélgica,Belgium win y Both teams to score,8,3.46,3.38,Belgium - Egypt,2026-06-15 19:00:29,8.98,1,EUR,8,False,0.023668639053254403,steamer,False
36966611,To score 2 or more goals (Star Substitute),Marcar 2 goles o más (Suplente Estrella),Haaland,314,6.5,6.35,Norway - Senegal,2026-06-23 00:00:05,,2,,153,True,0.02362204724409442,steamer,False
36966592,Team corners,Corners equipo,Egypt 7 or more,8,2.17,2.12,New Zealand - Egypt,2026-06-22 01:00:05,,2,,8,True,0.023584905660377246,steamer,False
36966473,To score or assist (Star Substitute),Marcar gol o asistir (Suplente Estrella),Dan Ndoye,16,2.2,2.15,Switzerland - Bosnia And Herzegovina,2026-06-18 19:00:01,164.37,1,EUR,13,False,0.023255813953488393,steamer,False
36966550,Team corners,Corners equipo,Ecuador 7 or more,29,1.76,1.72,Ecuador - Curaçao,2026-06-21 00:00:04,,2,,22,True,0.02325581395348834,steamer,False
33890416,To score and Assist,Marcar gol y asistir,Mbappe,7,6.6,6.45,France - Senegal,2026-06-16 19:02:47,4.07,1,EUR,4,False,0.02325581395348833,steamer,False
36966591,To score 2 or more goals (Star Substitute),Marcar 2 goles o más (Suplente Estrella),Ferran,15,4.89,4.78,Spain - Saudi Arabia,2026-06-21 16:00:48,52.05,1,EUR,12,False,0.023012552301255165,steamer,False
33890313,Assists (Star Substitute),Asistencias Oyarzabal (Suplente Estrella),1 or more,5,3.12,3.05,Spain - Cape Verde,2026-06-15 16:01:07,10.55,1,EUR,2,False,0.022950819672131334,steamer,False
33890304,goal scorer (Star Substitute),Jugador en meter el 1º gol (Suplente Estrella),Cody Gakpo,7,6.7,6.55,Netherlands - Japan,2026-06-14 20:00:08,28.229999999999997,1,EUR,7,False,0.022900763358778747,steamer,False
33890291,Shots on target (Star Substitute),Remates a puerta Vinícius (Suplente Estrella),1 or more,13,1.34,1.31,Brazil - Morocco,2026-06-13 22:04:18,39.17,1,EUR,12,False,0.022900763358778636,steamer,False
36966473,Team corners,Corners equipo,Bosnia And Herzegovina 5 or more,13,4.02,3.93,Switzerland - Bosnia And Herzegovina,2026-06-18 19:00:01,84.11,1,EUR,11,False,0.02290076335877848,steamer,False
33890313,Home-side combo (bet builder),España,Spain win y Ferran 1 or more assists,9,3.13,3.06,Spain - Cape Verde,2026-06-15 16:01:07,,2,,8,True,0.02287581699346411,steamer,False
33890291,Match shots on target,Remates a puerta durante el partido,9 or more,10,1.79,1.75,Brazil - Morocco,2026-06-13 22:04:18,,2,,10,True,0.022857142857142864,steamer,False
33890220,1-X-2 / 2 goals Up,1-X-2 / Ventaja 2 goles,1,11,8.96,8.76,Uzbekistan - Colombia,2026-06-18 02:00:00,82.43,1,EUR,6,False,0.022831050228310643,steamer,False
36966592,1st half: Team corners,1º tiempo: Corners equipo,Egypt 2 or more,8,1.35,1.32,New Zealand - Egypt,2026-06-22 01:00:05,28.540000000000003,1,EUR,7,False,0.022727272727272776,steamer,False
36966486,Away-side combo (bet builder),Marruecos,Morocco to win 1st half y Morocco to win 2nd half,6,5.4,5.28,Scotland - Morocco,2026-06-19 22:00:07,50.96,1,EUR,5,False,0.022727272727272776,steamer,False
37265901,Match penalty missed,Penalti fallado durante el partido,Yes,5,9.0,8.8,Londrina PR - Avai SC,2026-06-16 00:00:02,2.1100000000000003,1,EUR,3,False,0.02272727272727275,steamer,False
36966640,To score or assist (Star Substitute),Marcar gol o asistir (Suplente Estrella),Pedro Neto,6,1.81,1.77,Portugal - Uzbekistan,2026-06-23 17:00:06,8.49,1,EUR,5,False,0.022598870056497137,steamer,False
36966591,Saves (Star Substitute),Paradas Mohammed Al-Owais (Suplente Estrella),7 or more,12,2.72,2.66,Spain - Saudi Arabia,2026-06-21 16:00:48,245.96,1,EUR,11,False,0.022556390977443636,steamer,False
33890305,Team shots on target,Remates a puerta equipo,Ivory Coast 4 or more,6,1.82,1.78,Ivory Coast - Ecuador,2026-06-14 23:03:23,,2,,4,True,0.022471910112359744,steamer,False
36024491,To score or assist (Star Substitute),Marcar gol o asistir (Suplente Estrella),Tanitoluwa Oluwaseyi,6,2.28,2.23,Canada - Bosnia And Herzegovina,2026-06-12 19:02:13,67.64,1,EUR,5,False,0.022421524663677098,steamer,False
36966473,Match,Partido,Over 2.5 goals y Over 11.5 corners,5,6.39,6.25,Switzerland - Bosnia And Herzegovina,2026-06-18 19:00:01,3.51,1,EUR,4,False,0.02239999999999995,steamer,False
36966612,1st half: Corners,1º tiempo: Corners,5 or more,5,1.83,1.79,France - Iraq,2026-06-22 21:00:42,,2,,5,True,0.022346368715083848,steamer,False
33890210,Team exact bookings (only players and in play),Número de tarjetas equipo (solo jugadores y en juego),Jordan 3 or more,5,2.29,2.24,Austria - Jordan,2026-06-17 04:02:52,1.85,1,EUR,5,False,0.022321428571428454,steamer,False
33890313,Anytime goalscorer (Star Substitute),Goleador durante el partido (Suplente Estrella),Lamine Yamal,10,1.84,1.8,Spain - Cape Verde,2026-06-15 16:01:07,25.55,1,EUR,8,False,0.022222222222222324,steamer,False
36966486,Team corners,Corners equipo,Morocco 4 or more,39,1.38,1.35,Scotland - Morocco,2026-06-19 22:00:07,,2,,26,True,0.02222222222222201,steamer,False
33890211,Team shots on target,Remates a puerta equipo,Argentina 6 or more,5,1.38,1.35,Argentina - Algeria,2026-06-17 01:02:37,,2,,4,True,0.02222222222222201,steamer,False
36966612,Home-side combo (bet builder),Francia,France win y Michael Olise 2 or more shots on target,8,1.85,1.81,France - Iraq,2026-06-22 21:00:42,16.37,1,EUR,8,False,0.02209944751381237,steamer,False
37185827,Team corners,Corners equipo,Ponte Preta 4 or more,5,1.39,1.36,Ponte Preta - Cuiaba Esporte Clube MT,2026-06-09 22:00:45,,2,,4,True,0.022058823529411572,steamer,False
33890259,Team goals,Goles equipo,Switzerland 2 or more,5,1.4,1.37,Qatar - Switzerland,2026-06-13 19:04:43,26.630000000000003,1,EUR,5,False,0.021897810218978075,steamer,False
36966549,Team corners,Corners equipo,Netherlands 6 or more,8,1.87,1.83,Netherlands - Sweden,2026-06-20 17:00:05,,2,,8,True,0.021857923497267808,steamer,False
33890306,Anytime goalscorer (Star Substitute),Goleador durante el partido (Suplente Estrella),Sane,7,1.87,1.83,Germany - Curaçao,2026-06-14 17:01:45,65.5,1,EUR,5,False,0.021857923497267808,steamer,False
36024491,Fouls (Star Substitute),Faltas Richie Laryea (Suplente Estrella),2 or more,9,1.88,1.84,Canada - Bosnia And Herzegovina,2026-06-12 19:02:13,337.0,1,EUR,8,False,0.021739130434782573,steamer,False
37311600,Match,Partido,Both teams to score y Tom Lonergan to score,6,3.77,3.69,Waterford United FC - Shamrock Rovers,2026-06-19 18:45:45,3.27,1,EUR,1,False,0.02168021680216804,steamer,False
36966591,2nd half: Corners,2º tiempo: Corners,4 or more,13,1.42,1.39,Spain - Saudi Arabia,2026-06-21 16:00:48,,2,,3,True,0.021582733812949666,steamer,False
36966473,Team corners,Corners equipo,Bosnia And Herzegovina 6 or more,8,7.1,6.95,Switzerland - Bosnia And Herzegovina,2026-06-18 19:00:01,27.67,1,EUR,7,False,0.021582733812949548,steamer,False
36024493,Saves (Star Substitute),Paradas Abdelmouhib Chamakh (Suplente Estrella),4 or more,6,2.37,2.32,Sweden - Tunisia,2026-06-15 02:00:33,,2,,6,True,0.021551724137931213,steamer,False
36966640,To score or assist (Star Substitute),Marcar gol o asistir (Suplente Estrella),João Neves,7,2.39,2.34,Portugal - Uzbekistan,2026-06-23 17:00:06,,2,,7,True,0.0213675213675215,steamer,False
33890444,Shots on target (Star Substitute),Remates a puerta Harry Kane (Suplente Estrella),2 or more,66,1.92,1.88,England - Croatia,2026-06-17 20:00:04,,2,,53,True,0.02127659574468076,steamer,False
36024493,Match,Partido,Both teams to score y Over 7.5 corners,10,2.41,2.36,Sweden - Tunisia,2026-06-15 02:00:33,3.1399999999999997,1,EUR,7,False,0.021186440677966267,steamer,False
33890304,Shots on target (Star Substitute),Remates a puerta Cody Gakpo (Suplente Estrella),1 or more,24,1.45,1.42,Netherlands - Japan,2026-06-14 20:00:08,127.43,1,EUR,21,False,0.021126760563380302,steamer,False
36966610,Match corners,Corners durante el partido,9 or more,11,1.94,1.9,Jordan - Algeria,2026-06-23 03:00:21,,2,,11,True,0.0210526315789472,steamer,False
33890238,Team corners,Corners equipo,Mexico 5 or more,38,1.47,1.44,Mexico - South Africa,2026-06-11 19:05:51,,2,,36,True,0.02083333333333333,steamer,False
36024520,1st half: Corners,1º tiempo: Corners,5 or more,5,1.97,1.93,Portugal - Democratic Republic of the Congo,2026-06-17 17:01:15,,2,,5,True,0.02072538860103646,steamer,False
36966591,1st half: Shots on target,Lamine Yamal,3 or more,5,9.85,9.65,Spain - Saudi Arabia,2026-06-21 16:00:48,99.0,1,EUR,5,False,0.020725388601036215,steamer,False
33890291,Match shots on target,Remates a puerta durante el partido,8 or more,8,1.48,1.45,Brazil - Morocco,2026-06-13 22:04:18,,2,,8,True,0.02068965517241389,steamer,False
33890416,Home-side combo (bet builder),Francia,"France win, Over 3.5 goals y Mbappe first goalscorer",5,11.38,11.15,France - Senegal,2026-06-16 19:02:47,18.4,1,EUR,4,False,0.02062780269058302,steamer,False
33890291,Shots on target (Star Substitute),Remates a puerta Brahim (Suplente Estrella),2 or more,5,3.96,3.88,Brazil - Morocco,2026-06-13 22:04:18,112.33,1,EUR,4,False,0.020618556701030973,steamer,False
36024492,Anytime goalscorer (Star Substitute),Goleador durante el partido (Suplente Estrella),Baris Yilmaz,5,3.47,3.4,Australia - Turkey,2026-06-14 04:00:30,51.53,1,EUR,5,False,0.020588235294117668,steamer,False
36966591,Home-side combo (bet builder),España,"Spain win, Oyarzabal 3 or more shots on target y Pedri 3 or more shots on target",6,29.29,28.7,Spain - Saudi Arabia,2026-06-21 16:00:48,,2,,5,True,0.020557491289198572,steamer,False
33890416,Match shots,Remates durante el partido,25 or more,7,1.49,1.46,France - Senegal,2026-06-16 19:02:47,,2,,7,True,0.02054794520547935,steamer,False
33890306,Home-side combo (bet builder),Alemania,Germany win y Havertz to score,15,1.49,1.46,Germany - Curaçao,2026-06-14 17:01:45,43.42,1,EUR,12,False,0.02054794520547935,steamer,False
33890313,Saves (Star Substitute),Paradas Unai Simón (Suplente Estrella),3 or more,5,4.49,4.4,Spain - Cape Verde,2026-06-15 16:01:07,74.0,1,EUR,5,False,0.02045454545454549,steamer,False
36966590,To score from outside the box (Star Substitute),Marcar gol desde fuera del área (Suplente Estrella),Valverde,52,7.5,7.35,Uruguay - Cape Verde,2026-06-21 22:00:33,103.33,1,EUR,17,False,0.02040816326530623,steamer,False
36966612,Anytime goalscorer (Star Substitute),Goleador durante el partido (Suplente Estrella),Ousmane Dembele,41,2.0,1.96,France - Iraq,2026-06-22 21:00:42,,2,,38,True,0.020408163265306145,steamer,False
36966485,Home-side combo (bet builder),Brasil,"Brazil win, Over 3.5 goals y Vinícius to score",5,2.51,2.46,Brazil - Haiti,2026-06-20 00:32:31,35.08,1,EUR,5,False,0.02032520325203241,steamer,False
36966473,Match penalty missed,Penalti fallado durante el partido,Yes,7,10.05,9.85,Switzerland - Bosnia And Herzegovina,2026-06-18 19:00:01,,2,,7,True,0.020304568527918863,steamer,False
36966591,Team completed passes,Pases completados equipo,Spain 750 or more,5,1.51,1.48,Spain - Saudi Arabia,2026-06-21 16:00:48,,2,,4,True,0.020270270270270164,steamer,False
33890259,Saves (Star Substitute),Paradas Mahmud Abunada (Suplente Estrella),5 or more,8,3.03,2.97,Qatar - Switzerland,2026-06-13 19:04:43,,2,,8,True,0.02020202020202011,steamer,False
36966472,Home-side combo (bet builder),Canadá,Canada win y Jonathan David 2 or more shots on target,7,2.53,2.48,Canada - Qatar,2026-06-18 22:00:44,7.09,1,EUR,7,False,0.020161290322580593,steamer,False
36966486,Match,Partido,Over 2.5 goals y Over 7.5 corners,39,3.07,3.01,Scotland - Morocco,2026-06-19 22:00:07,84.16,1,EUR,27,False,0.019933554817275677,steamer,False
33890313,Team throw-ins,Saques de banda equipo,Spain 19 or more,5,2.56,2.51,Spain - Cape Verde,2026-06-15 16:01:07,,2,,5,True,0.01992031872509969,steamer,False
33890313,Team corners,Corners equipo,Spain 9 or more,32,2.05,2.01,Spain - Cape Verde,2026-06-15 16:01:07,,2,,28,True,0.019900497512437856,steamer,False
36024493,Team corners,Corners equipo,Sweden 5 or more,13,1.54,1.51,Sweden - Tunisia,2026-06-15 02:00:33,,2,,11,True,0.01986754966887426,steamer,False
33890444,Match,Partido,Both teams to score y Over 11.5 corners,5,7.2,7.06,England - Croatia,2026-06-17 20:00:04,1.1300000000000001,1,EUR,2,False,0.01983002832861187,steamer,False
36966528,To score or assist (Star Substitute),Marcar gol o asistir (Suplente Estrella),Ayase Ueda,13,2.06,2.02,Tunisia - Japan,2026-06-21 04:00:01,,2,,11,True,0.019801980198019778,steamer,False
36966592,Away-side combo (bet builder),Egipto,Egypt win y Omar Marmoush to score,12,3.1,3.04,New Zealand - Egypt,2026-06-22 01:00:05,77.55,1,EUR,10,False,0.019736842105263257,steamer,False
33890416,1st half: Team corners,1º tiempo: Corners equipo,France 3 or more,13,1.55,1.52,France - Senegal,2026-06-16 19:02:47,,2,,12,True,0.019736842105263257,steamer,False
36966609,Home-side combo (bet builder),Argentina,Argentina win y Julian Alvarez to score,6,3.1,3.04,Argentina - Austria,2026-06-22 17:00:58,21.0,1,EUR,4,False,0.019736842105263257,steamer,False
36024520,1st half: Shots on target,Cristiano Ronaldo,2 or more,6,3.62,3.55,Portugal - Democratic Republic of the Congo,2026-06-17 17:01:15,8.96,1,EUR,6,False,0.019718309859154917,steamer,False
33890211,Shots on target outside the box (Star Substitute),Remates a puerta desde fuera del área Alexis Mac Allister (Suplente Estrella),1 or more,7,5.2,5.1,Argentina - Algeria,2026-06-17 01:02:37,6.4,1,EUR,2,False,0.019607843137255124,steamer,False
36024520,Match corners,Corners durante el partido,14 or more,12,5.2,5.1,Portugal - Democratic Republic of the Congo,2026-06-17 17:01:15,,2,,10,True,0.019607843137255124,steamer,False
36966480,1-X-2 / 2 goals Up,1-X-2 / Ventaja 2 goles,1,380,1.56,1.53,Usa - Australia,2026-06-19 19:00:27,,3,,247,True,0.019607843137255006,steamer,False
36966485,Assists (Star Substitute),Asistencias Vinícius (Suplente Estrella),1 or more,5,2.62,2.57,Brazil - Haiti,2026-06-20 00:32:31,10.32,1,EUR,5,False,0.01945525291828803,steamer,False
36966640,To score or assist (Star Substitute),Marcar gol o asistir (Suplente Estrella),Bruno Fernandes,16,1.58,1.55,Portugal - Uzbekistan,2026-06-23 17:00:06,,2,,12,True,0.019354838709677503,steamer,False
33890419,1st half: Team corners,1º tiempo: Corners equipo,Ghana 2 or more,5,1.58,1.55,Ghana - Panama,2026-06-17 23:00:50,11.58,1,EUR,4,False,0.019354838709677503,steamer,False
33890238,1st half: Team corners,1º tiempo: Corners equipo,Mexico 3 or more,5,1.58,1.55,Mexico - South Africa,2026-06-11 19:05:51,,2,,4,True,0.019354838709677503,steamer,False
36966638,To score or assist (Star Substitute),Marcar gol o asistir (Suplente Estrella),Iñaki Williams,6,4.22,4.14,England - Ghana,2026-06-23 20:00:08,24.5,1,EUR,6,False,0.0193236714975846,steamer,False
33890220,Team to score a penalty,Equipo en marcar gol de penalti durante el partido,Colombia,20,3.7,3.63,Uzbekistan - Colombia,2026-06-18 02:00:00,25.7,1,EUR,4,False,0.01928374655647401,steamer,False
36966485,Team exact bookings (only players and in play),Número de tarjetas equipo (solo jugadores y en juego),Haiti 2 or more,22,1.59,1.56,Brazil - Haiti,2026-06-20 00:32:31,,2,,18,True,0.019230769230769187,steamer,False
36966612,Home-side combo (bet builder),Francia,"France win, Over 10.5 corners y Michael Olise to score",5,5.3,5.2,France - Iraq,2026-06-22 21:00:42,14.33,1,EUR,5,False,0.019230769230769065,steamer,False
36966638,Home-side combo (bet builder),Inglaterra,"England win, Over 2.5 goals y Harry Kane first goalscorer",7,4.27,4.19,England - Ghana,2026-06-23 20:00:08,,2,,5,True,0.01909307875894978,steamer,False
37343758,Away-side combo (bet builder),Vikingur Reykjavik,Vikingur Reykjavik win y Both teams to score in first half,6,5.35,5.25,Fram - Vikingur Reykjavik,2026-06-21 20:16:18,1.6500000000000001,1,EUR,3,False,0.01904761904761888,steamer,False
33890419,Anytime goalscorer (Star Substitute),Goleador durante el partido (Suplente Estrella),Jordan Ayew,8,3.75,3.68,Ghana - Panama,2026-06-17 23:00:50,8.879999999999999,1,EUR,5,False,0.019021739130434742,steamer,False
36024492,Away-side combo (bet builder),Turquía,Turkey win y A goal in both halves,5,2.68,2.63,Australia - Turkey,2026-06-14 04:00:30,7.08,1,EUR,5,False,0.019011406844106637,steamer,False
33890313,Team shots on target,Remates a puerta equipo,Spain 12 or more,10,4.29,4.21,Spain - Cape Verde,2026-06-15 16:01:07,,2,,10,True,0.01900237529691222,steamer,False
37233850,Home-side combo (bet builder),Argentina,Argentina win y A goal in both halves,11,1.61,1.58,Argentina - Iceland,2026-06-10 01:09:18,,2,,8,True,0.018987341772151868,steamer,False
37330429,Match,Partido,Over 2.5 goals y Over 7.5 corners,5,2.7,2.65,Ceara - Botafogo SP,2026-06-20 21:58:43,0.6000000000000001,1,EUR,3,False,0.018867924528302018,steamer,False
36966612,1-X-2 / 2 goals Up,1-X-2 / Ventaja 2 goles,1,44,1.08,1.06,France - Iraq,2026-06-22 21:00:42,,3,,33,True,0.018867924528301896,steamer,False
36966472,Team corners,Corners equipo,Qatar 4 or more,20,2.72,2.67,Canada - Qatar,2026-06-18 22:00:44,,2,,18,True,0.01872659176029978,steamer,False
36966638,Home-side combo (bet builder),Inglaterra,"England win, England to score in both halves y Over 8.5 corners",8,3.27,3.21,England - Ghana,2026-06-23 20:00:08,15.95,1,EUR,3,False,0.018691588785046728,steamer,False
33890210,To score or assist (Star Substitute),Marcar gol o asistir (Suplente Estrella),Arnautovic,24,1.64,1.61,Austria - Jordan,2026-06-17 04:02:52,,2,,20,True,0.01863354037267075,steamer,False
33890313,To score or assist (Star Substitute),Marcar gol o asistir (Suplente Estrella),Gavi,25,2.19,2.15,Spain - Cape Verde,2026-06-15 16:01:07,546.11,1,EUR,22,False,0.018604651162790618,steamer,False
36966591,1-X-2 / 2 goals Up,1-X-2 / Ventaja 2 goles,1,76,1.1,1.08,Spain - Saudi Arabia,2026-06-21 16:00:48,,3,,54,True,0.018518518518518434,steamer,False
33890291,Team shots on target,Remates a puerta equipo,Brazil 7 or more,8,2.76,2.71,Brazil - Morocco,2026-06-13 22:04:18,,2,,7,True,0.01845018450184486,steamer,False
33890306,Assists (Star Substitute),Asistencias Musiala (Suplente Estrella),1 or more,7,2.21,2.17,Germany - Curaçao,2026-06-14 17:01:45,14.08,1,EUR,4,False,0.018433179723502304,steamer,False
36966553,Player to score in 1st half,Jugador en meter gol en el 1º tiempo,Havertz,7,3.87,3.8,Germany - Ivory Coast,2026-06-20 20:00:00,4.04,1,EUR,3,False,0.018421052631578977,steamer,False
36966466,Anytime goalscorer (Star Substitute),Goleador durante el partido (Suplente Estrella),Raúl Jiménez,21,2.77,2.72,Mexico - South Korea,2026-06-19 01:00:38,13.42,1,EUR,15,False,0.018382352941176322,steamer,False
36966609,Home-side combo (bet builder),Argentina,Lionel Messi 2 or more shots on target y Arnautovic 2 or more shots on target,5,6.65,6.53,Argentina - Austria,2026-06-22 17:00:58,5.79,1,EUR,3,False,0.018376722817764143,steamer,False
33890259,Team goal kicks,Saques de puerta equipo,Qatar 9 or more,10,1.67,1.64,Qatar - Switzerland,2026-06-13 19:04:43,52.91,1,EUR,3,False,0.01829268292682915,steamer,False
33890306,Team throw-ins,Saques de banda equipo,Germany 20 or more,5,2.23,2.19,Germany - Curaçao,2026-06-14 17:01:45,,2,,5,True,0.01826484018264843,steamer,False
33890220,Away-side combo (bet builder),Colombia,Colombia win y Over 2.5 goals,30,2.25,2.21,Uzbekistan - Colombia,2026-06-18 02:00:00,39.29,1,EUR,23,False,0.018099547511312278,steamer,False
36966590,Team Shots,Remates equipo,Uruguay 17 or more,73,1.69,1.66,Uruguay - Cape Verde,2026-06-21 22:00:33,,2,,7,True,0.018072289156626554,steamer,False
37312355,Team corners,Corners equipo,Malaga 4 or more,11,1.69,1.66,Almeria - Malaga,2026-06-20 19:32:16,47.72,1,EUR,10,False,0.018072289156626554,steamer,False
33890313,Home-side combo (bet builder),España,"Spain win, Over 8.5 corners y Oyarzabal to score 2 or more goals",13,5.08,4.99,Spain - Cape Verde,2026-06-15 16:01:07,60.53,1,EUR,12,False,0.018036072144288554,steamer,False
37183511,1-X-2 / 2 goals Up,1-X-2 / Ventaja 2 goles,1,28,1.13,1.11,England - Costa Rica,2026-06-10 21:03:46,,2,,23,True,0.01801801801801786,steamer,False
33890210,Shots on target (Star Substitute),Remates a puerta Sabitzer (Suplente Estrella),2 or more,10,2.27,2.23,Austria - Jordan,2026-06-17 04:02:52,,2,,6,True,0.017937219730941787,steamer,False
33890220,To score or assist (Star Substitute),Marcar gol o asistir (Suplente Estrella),Luis Suárez,11,1.72,1.69,Uzbekistan - Colombia,2026-06-18 02:00:00,24.33,1,EUR,10,False,0.01775147928994081,steamer,False
33890259,Anytime goalscorer (Star Substitute),Goleador durante el partido (Suplente Estrella),Dan Ndoye,21,2.87,2.82,Qatar - Switzerland,2026-06-13 19:04:43,243.6,1,EUR,19,False,0.017730496453900835,steamer,False
36966609,1st half: Shots on target,Lionel Messi,1 or more,7,1.73,1.7,Argentina - Austria,2026-06-22 17:00:58,115.61999999999999,1,EUR,7,False,0.017647058823529366,steamer,False
36966473,1-X-2 / 2 goals Up,1-X-2 / Ventaja 2 goles,2,29,5.85,5.75,Switzerland - Bosnia And Herzegovina,2026-06-18 19:00:01,,2,,14,True,0.01739130434782604,steamer,False
36966480,Home-side combo (bet builder),Estados Unidos,"Usa win, Over 8.5 corners y Balogun 2 or more shots on target",6,4.11,4.04,Usa - Australia,2026-06-19 19:00:27,29.15,1,EUR,3,False,0.0173267326732674,steamer,False
33890291,goal scorer (Star Substitute),Jugador en meter el 1º gol (Suplente Estrella),Vinícius,15,5.9,5.8,Brazil - Morocco,2026-06-13 22:04:18,,2,,13,True,0.017241379310344942,steamer,False
36024480,Player to score in 1st half,Jugador en meter gol en el 1º tiempo,Patrik Schick,5,5.9,5.8,South Korea - Czech Republic,2026-06-12 02:00:54,0.25,1,EUR,2,False,0.017241379310344942,steamer,False
36966553,Anytime goalscorer (Star Substitute),Goleador durante el partido (Suplente Estrella),Musiala,8,2.97,2.92,Germany - Ivory Coast,2026-06-20 20:00:00,27.23,1,EUR,8,False,0.01712328767123292,steamer,False
37233850,Home-side combo (bet builder),Argentina,Argentina win y Lautaro Martínez to score,9,1.79,1.76,Argentina - Iceland,2026-06-10 01:09:18,9.42,1,EUR,6,False,0.017045454545454697,steamer,False
33890309,Team to score a penalty,Equipo en marcar gol de penalti durante el partido,Paraguay,7,6.0,5.9,Usa - Paraguay,2026-06-13 01:02:10,,2,,2,True,0.01694915254237289,steamer,False
36966486,Shots (Star Substitute),Remates Achraf (Suplente Estrella),2 or more,8,1.8,1.77,Scotland - Morocco,2026-06-19 22:00:07,,2,,4,True,0.016949152542372857,steamer,False
36024491,Shots (Star Substitute),Remates Esmir Bajraktarevic (Suplente Estrella),2 or more,8,1.81,1.78,Canada - Bosnia And Herzegovina,2026-06-12 19:02:13,420.0,1,EUR,7,False,0.016853932584269676,steamer,False
37205038,1-X-2 / 2 goals Up,1-X-2 / Ventaja 2 goles,1,8,1.21,1.19,Netherlands - Uzbekistan,2026-06-08 18:51:00,8.35,1,EUR,7,False,0.016806722689075616,steamer,False
36966553,1st half: Team corners,1º tiempo: Corners equipo,Germany 2 or more,7,1.22,1.2,Germany - Ivory Coast,2026-06-20 20:00:00,,2,,7,True,0.016666666666666684,steamer,False
33890416,Home-side combo (bet builder),Francia,France win y Ousmane Dembele 1 or more assists,6,4.9,4.82,France - Senegal,2026-06-16 19:02:47,111.12,1,EUR,6,False,0.016597510373444025,steamer,False
33890313,Match,Partido,Over 7.5 corners y Oyarzabal to score,7,1.84,1.81,Spain - Cape Verde,2026-06-15 16:01:07,3.73,1,EUR,6,False,0.01657458563535923,steamer,False
33890259,Team corners,Corners equipo,Qatar 2 or more,15,1.23,1.21,Qatar - Switzerland,2026-06-13 19:04:43,,2,,10,True,0.016528925619834763,steamer,False
36024520,Match throw-ins,Saques de banda durante el partido,36 or more,5,1.85,1.82,Portugal - Democratic Republic of the Congo,2026-06-17 17:01:15,102.7,1,EUR,5,False,0.016483516483516515,steamer,False
36966480,Anytime goalscorer (Star Substitute),Goleador durante el partido (Suplente Estrella),Weston McKennie,8,4.34,4.27,Usa - Australia,2026-06-19 19:00:27,78.4,1,EUR,8,False,0.01639344262295086,steamer,False
33890306,1st half: Team corners,1º tiempo: Corners equipo,Germany 5 or more,8,1.86,1.83,Germany - Curaçao,2026-06-14 17:01:45,,2,,6,True,0.016393442622950772,steamer,False
36966609,To score or assist (Star Substitute),Marcar gol o asistir (Suplente Estrella),Lautaro Martínez,20,1.87,1.84,Argentina - Austria,2026-06-22 17:00:58,,2,,19,True,0.01630434782608706,steamer,False
33890299,Match throw-ins,Saques de banda durante el partido,37 or more,5,1.87,1.84,Belgium - Egypt,2026-06-15 19:00:29,139.6,1,EUR,5,False,0.01630434782608706,steamer,False
36966591,1st half: Team corners,1º tiempo: Corners equipo,Spain 3 or more,8,1.25,1.23,Spain - Saudi Arabia,2026-06-21 16:00:48,,2,,8,True,0.016260162601625938,steamer,False
36966549,1st half: Team corners,1º tiempo: Corners equipo,Netherlands 2 or more,5,1.26,1.24,Netherlands - Sweden,2026-06-20 17:00:05,26.95,1,EUR,5,False,0.016129032258064648,steamer,False
37238914,Shots on target (Star Substitute),Remates a puerta Chupe (Suplente Estrella),2 or more,5,1.89,1.86,Malaga - Las Palmas,2026-06-10 19:01:06,83.66,1,EUR,5,False,0.016129032258064297,steamer,False
37183144,1-X-2 / 2 goals Up,1-X-2 / Ventaja 2 goles,2,5,3.16,3.11,Nautico - Fortaleza CE,2026-06-09 22:00:58,4.71,1,EUR,4,False,0.01607717041800656,steamer,False
37238914,Fouls (Star Substitute),Faltas Izan Merino (Suplente Estrella),2 or more,10,3.18,3.13,Malaga - Las Palmas,2026-06-10 19:01:06,,2,,6,True,0.015974440894568693,steamer,False
33890416,Saves (Star Substitute),Paradas Mike Maignan (Suplente Estrella),5 or more,10,9.6,9.45,France - Senegal,2026-06-16 19:02:47,16.17,1,EUR,9,False,0.015873015873015903,steamer,False
36024480,1-X-2 / 2 goals Up,1-X-2 / Ventaja 2 goles,1,103,2.57,2.53,South Korea - Czech Republic,2026-06-12 02:00:54,,2,,59,True,0.01581027667984201,steamer,False
36966593,Anytime goalscorer (Star Substitute),Goleador durante el partido (Suplente Estrella),Doku,6,3.22,3.17,Belgium - Iran,2026-06-21 19:00:03,15.84,1,EUR,6,False,0.015772870662460588,steamer,False
36966485,Match shots on target,Remates a puerta durante el partido,9 or more,8,1.29,1.27,Brazil - Haiti,2026-06-20 00:32:31,4.23,1,EUR,7,False,0.015748031496062992,steamer,False
36966472,Home-side combo (bet builder),Canadá,"Canada win, Over 2.5 goals y Over 8.5 corners",10,2.59,2.55,Canada - Qatar,2026-06-18 22:00:44,36.66,1,EUR,8,False,0.015686274509804036,steamer,False
36966485,Anytime goalscorer (Star Substitute),Goleador durante el partido (Suplente Estrella),Raphinha,66,1.95,1.92,Brazil - Haiti,2026-06-20 00:32:31,,2,,53,True,0.015624999999999943,steamer,False
36966612,Home-side combo (bet builder),Francia,France wins at half time / France wins full time y Michael Olise to score,6,2.61,2.57,France - Iraq,2026-06-22 21:00:42,66.57,1,EUR,6,False,0.01556420233463033,steamer,False
37368285,Match,Partido,Under 0.5 half time goals y Both teams to score in second half,6,11.1,10.93,OCS Olympique de Safi - US Yacoub Mansour,2026-06-21 14:00:00,1.4000000000000001,1,EUR,1,False,0.015553522415370504,steamer,False
33890419,Shots (Star Substitute),Remates Antoine Semenyo (Suplente Estrella),2 or more,5,1.31,1.29,Ghana - Panama,2026-06-17 23:00:50,,2,,5,True,0.015503875968992243,steamer,False
36966609,Player to score a penalty (No penalty shootout),Marcar gol de penalti (No tanda de penaltis),Lionel Messi,12,6.55,6.45,Argentina - Austria,2026-06-22 17:00:58,30.58,1,EUR,5,False,0.015503875968992204,steamer,False
33890238,To score or assist (Star Substitute),Marcar gol o asistir (Suplente Estrella),Lyle Foster,6,3.28,3.23,Mexico - South Africa,2026-06-11 19:05:51,,2,,6,True,0.015479876160990808,steamer,False
36966486,1st half: Team corners,1º tiempo: Corners equipo,Morocco 4 or more,5,3.28,3.23,Scotland - Morocco,2026-06-19 22:00:07,52.730000000000004,1,EUR,5,False,0.015479876160990808,steamer,False
33890416,1st half: Team corners,1º tiempo: Corners equipo,Senegal 2 or more,7,1.98,1.95,France - Senegal,2026-06-16 19:02:47,62.81,1,EUR,7,False,0.01538461538461545,steamer,False
33890291,Shots on target (Star Substitute),Remates a puerta Raphinha (Suplente Estrella),2 or more,20,2.65,2.61,Brazil - Morocco,2026-06-13 22:04:18,,2,,19,True,0.015325670498084252,steamer,False
36024518,Away-side combo (bet builder),Noruega,"Norway win, Over 8.5 corners y Haaland to score 2 or more goals",9,4.65,4.58,Iraq - Norway,2026-06-16 22:00:57,23.36,1,EUR,6,False,0.015283842794759984,steamer,False
33890304,Team Shots,Remates equipo,Netherlands 12 or more,5,1.33,1.31,Netherlands - Japan,2026-06-14 20:00:08,,2,,5,True,0.015267175572519059,steamer,False
33890419,Match,Partido,Both teams to score y Over 7.5 corners,33,2.66,2.62,Ghana - Panama,2026-06-17 23:00:50,42.09,1,EUR,21,False,0.015267175572519059,steamer,False
33890290,Shots on target (Star Substitute),Remates a puerta McTominay (Suplente Estrella),1 or more,5,1.34,1.32,Haiti - Scotland,2026-06-14 01:02:33,10.54,1,EUR,5,False,0.015151515151515233,steamer,False
33890299,1st half: Team corners,1º tiempo: Corners equipo,Egypt 2 or more,5,2.01,1.98,Belgium - Egypt,2026-06-15 19:00:29,,2,,4,True,0.01515151515151508,steamer,False
36966610,1-X-2 / 2 goals Up,1-X-2 / Ventaja 2 goles,1,12,6.04,5.95,Jordan - Algeria,2026-06-23 03:00:21,,2,,11,True,0.015126050420167902,steamer,False
36024491,Match,Partido,Canada win y Both teams to score in both halves,6,41.0,40.39,Canada - Bosnia And Herzegovina,2026-06-12 19:02:13,,2,,3,True,0.015102748205001234,steamer,False
37238914,Match penalty missed,Penalti fallado durante el partido,Yes,7,10.1,9.95,Malaga - Las Palmas,2026-06-10 19:01:06,51.879999999999995,1,EUR,7,False,0.015075376884422113,steamer,False
33890291,1st half: Shots on target,Vinícius,1 or more,10,2.02,1.99,Brazil - Morocco,2026-06-13 22:04:18,2066.84,1,EUR,6,False,0.01507537688442203,steamer,False
33890416,Shots on target (Star Substitute),Remates a puerta Mbappe (Suplente Estrella),3 or more,15,2.71,2.67,France - Senegal,2026-06-16 19:02:47,,2,,13,True,0.014981273408239779,steamer,False
37320244,1-X-2 / 2 goals Up,1-X-2 / Ventaja 2 goles,1,5,2.05,2.02,Sport Recife - Atletico Goianiense,2026-06-19 00:00:25,7.44,1,EUR,5,False,0.01485148514851475,steamer,False
36966550,Team corners,Corners equipo,Curaçao 4 or more,11,4.1,4.04,Ecuador - Curaçao,2026-06-21 00:00:04,,2,,8,True,0.01485148514851475,steamer,False
36966610,Team corners,Corners equipo,Algeria 4 or more,8,1.37,1.35,Jordan - Algeria,2026-06-23 03:00:21,,2,,8,True,0.014814814814814763,steamer,False
33890444,Saves (Star Substitute),Paradas Dominik Livakovic (Suplente Estrella),3 or more,10,1.37,1.35,England - Croatia,2026-06-17 20:00:04,170.61,1,EUR,10,False,0.014814814814814763,steamer,False
36966472,To score 2 or more goals (Star Substitute),Marcar 2 goles o más (Suplente Estrella),Cyle Larin,12,6.85,6.75,Canada - Qatar,2026-06-18 22:00:44,38.5,1,EUR,10,False,0.014814814814814647,steamer,False
33890291,Team Fouls,Faltas Equipo,Morocco 16 or more,7,2.07,2.04,Brazil - Morocco,2026-06-13 22:04:18,98.66,1,EUR,5,False,0.014705882352941058,steamer,False
33890312,1-X-2 / 2 goals Up,1-X-2 / Ventaja 2 goles,1,8,6.95,6.85,Saudi Arabia - Uruguay,2026-06-15 22:03:57,114.6,1,EUR,8,False,0.014598540145985557,steamer,False
36966485,To be carded (only players and in play)(Star Substitute),Recibir tarjeta (sólo jugadores y en juego) (Suplente Estrella),Carlens Arcus,5,3.48,3.43,Brazil - Haiti,2026-06-20 00:32:31,130.75,1,EUR,5,False,0.014577259475218578,steamer,False
36971426,Match,Partido,A goal in both halves y More than 4 corners in each half,5,4.2,4.14,Turkey - Paraguay,2026-06-20 03:00:03,,2,,3,True,0.014492753623188538,steamer,False
36966640,To score or assist (Star Substitute),Marcar gol o asistir (Suplente Estrella),Vitinha,7,2.81,2.77,Portugal - Uzbekistan,2026-06-23 17:00:06,,2,,5,True,0.014440433212996399,steamer,False
33890312,Saves (Star Substitute),Paradas Fernando Muslera (Suplente Estrella),3 or more,5,2.81,2.77,Saudi Arabia - Uruguay,2026-06-15 22:03:57,,2,,5,True,0.014440433212996399,steamer,False
33890210,Team exact bookings (only players and in play),Número de tarjetas equipo (solo jugadores y en juego),Jordan 2 or more,6,1.41,1.39,Austria - Jordan,2026-06-17 04:02:52,4.14,1,EUR,6,False,0.01438848920863317,steamer,False
33890238,1-X-2 / 2 goals Up,1-X-2 / Ventaja 2 goles,1,239,1.41,1.39,Mexico - South Africa,2026-06-11 19:05:51,,2,,179,True,0.01438848920863317,steamer,False
33890306,Match shots on target,Remates a puerta durante el partido,11 or more,5,1.42,1.4,Germany - Curaçao,2026-06-14 17:01:45,,2,,5,True,0.014285714285714221,steamer,False
36966591,To score or assist (Star Substitute),Marcar gol o asistir (Suplente Estrella),Ferran,18,1.42,1.4,Spain - Saudi Arabia,2026-06-21 16:00:48,,2,,14,True,0.014285714285714221,steamer,False
36966553,Shots on target (Star Substitute),Remates a puerta Havertz (Suplente Estrella),2 or more,18,2.14,2.11,Germany - Ivory Coast,2026-06-20 20:00:00,,2,,17,True,0.014218009478673011,steamer,False
33890220,Anytime goalscorer (Star Substitute),Goleador durante el partido (Suplente Estrella),Luis Suárez,32,2.14,2.11,Uzbekistan - Colombia,2026-06-18 02:00:00,,2,,28,True,0.014218009478673011,steamer,False
33890306,Match,Partido,Over 1.5 half time goals y Over 1.5 second half goals,6,2.16,2.13,Germany - Curaçao,2026-06-14 17:01:45,38.19,1,EUR,3,False,0.014084507042253646,steamer,False
36966485,Fouls Won (Star Substitute),Faltas recibidas Vinícius (Suplente Estrella),2 or more,14,1.44,1.42,Brazil - Haiti,2026-06-20 00:32:31,182.1,1,EUR,10,False,0.014084507042253645,steamer,False
37275587,Anytime goalscorer (Star Substitute),Goleador durante el partido (Suplente Estrella),David Larrubia,9,3.6,3.55,Malaga - Almeria,2026-06-14 19:02:16,11.86,1,EUR,7,False,0.014084507042253523,steamer,False
36966473,Match,Partido,A goal in both halves y More than 4 corners in each half,6,3.61,3.56,Switzerland - Bosnia And Herzegovina,2026-06-18 19:00:01,17.71,1,EUR,5,False,0.014044943820224719,steamer,False
36966485,Shots on target outside the box (Star Substitute),Remates a puerta desde fuera del área Vinícius (Suplente Estrella),1 or more,10,3.63,3.58,Brazil - Haiti,2026-06-20 00:32:31,32.45,1,EUR,8,False,0.013966480446927285,steamer,False
36966553,Home-side combo (bet builder),Alemania,Germany win y Florian Wirtz to score,6,3.63,3.58,Germany - Ivory Coast,2026-06-20 20:00:00,8.48,1,EUR,6,False,0.013966480446927285,steamer,False
36024480,Team to score a penalty,Equipo en marcar gol de penalti durante el partido,South Korea,7,3.63,3.58,South Korea - Czech Republic,2026-06-12 02:00:54,4.32,1,EUR,2,False,0.013966480446927285,steamer,False
33890312,Shots on target (Star Substitute),Remates a puerta Valverde (Suplente Estrella),2 or more,12,3.65,3.6,Saudi Arabia - Uruguay,2026-06-15 22:03:57,,2,,12,True,0.01388888888888899,steamer,False
36966472,1st half: Corners,1º tiempo: Corners,4 or more,8,1.46,1.44,Canada - Qatar,2026-06-18 22:00:44,,2,,8,True,0.013888888888888909,steamer,False
33890238,To score or assist (Star Substitute),Marcar gol o asistir (Suplente Estrella),Julián Quiñones,26,2.19,2.16,Mexico - South Africa,2026-06-11 19:05:51,373.34000000000003,1,EUR,23,False,0.013888888888888704,steamer,False
33890305,Team shots on target,Remates a puerta equipo,Ecuador 5 or more,5,2.2,2.17,Ivory Coast - Ecuador,2026-06-14 23:03:23,23.6,1,EUR,5,False,0.013824884792626769,steamer,False
33890313,Saves (Star Substitute),Paradas Vozinha (Suplente Estrella),4 or more,22,1.47,1.45,Spain - Cape Verde,2026-06-15 16:01:07,1471.93,1,EUR,8,False,0.013793103448275962,steamer,False
36966466,Shots on target (Star Substitute),Remates a puerta Heung-Min Son (Suplente Estrella),1 or more,5,1.47,1.45,Mexico - South Korea,2026-06-19 01:00:38,,2,,5,True,0.013793103448275962,steamer,False
36966485,To score or assist (Star Substitute),Marcar gol o asistir (Suplente Estrella),Endrick,5,1.47,1.45,Brazil - Haiti,2026-06-20 00:32:31,,2,,5,True,0.013793103448275962,steamer,False
36966612,To score and Assist,Marcar gol y asistir,Mbappe,5,3.68,3.63,France - Iraq,2026-06-22 21:00:42,,2,,5,True,0.013774104683195674,steamer,False
36024491,Saves (Star Substitute),Paradas Maxime Crépeau (Suplente Estrella),3 or more,21,2.21,2.18,Canada - Bosnia And Herzegovina,2026-06-12 19:02:13,,2,,18,True,0.013761467889908185,steamer,False
36966640,Home-side combo (bet builder),Portugal,Portugal win y Both teams to score,6,2.97,2.93,Portugal - Uzbekistan,2026-06-23 17:00:06,25.759999999999998,1,EUR,2,False,0.013651877133105816,steamer,False
36966480,Team corners,Corners equipo,Usa 5 or more,14,1.49,1.47,Usa - Australia,2026-06-19 19:00:27,95.25,1,EUR,14,False,0.01360544217687067,steamer,False
33890416,Team corners,Corners equipo,Senegal 3 or more,43,1.5,1.48,France - Senegal,2026-06-16 19:02:47,,2,,37,True,0.013513513513513542,steamer,False
36966638,Shots on target (Star Substitute),Remates a puerta Harry Kane (Suplente Estrella),2 or more,26,1.5,1.48,England - Ghana,2026-06-23 20:00:08,,2,,22,True,0.013513513513513542,steamer,False
36024518,Away-side combo (bet builder),Noruega,Norway win y Haaland 2 or more shots on target,35,1.51,1.49,Iraq - Norway,2026-06-16 22:00:57,,2,,24,True,0.013422818791946275,steamer,False
33890238,1st half: Team corners,1º tiempo: Corners equipo,Mexico 4 or more,10,2.27,2.24,Mexico - South Africa,2026-06-11 19:05:51,,2,,9,True,0.013392857142857113,steamer,False
33890312,Team corners,Corners equipo,Uruguay 8 or more,6,3.06,3.02,Saudi Arabia - Uruguay,2026-06-15 22:03:57,22.9,1,EUR,3,False,0.013245033112582846,steamer,False
36966591,To score 2 or more goals (Star Substitute),Marcar 2 goles o más (Suplente Estrella),Oyarzabal,98,3.83,3.78,Spain - Saudi Arabia,2026-06-21 16:00:48,,2,,70,True,0.013227513227513492,steamer,False
33890211,goal scorer (Star Substitute),Jugador en meter el 1º gol (Suplente Estrella),Lionel Messi,17,3.83,3.78,Argentina - Algeria,2026-06-17 01:02:37,,2,,16,True,0.013227513227513492,steamer,False
36966591,To score and Assist,Marcar gol y asistir,Oyarzabal,8,4.6,4.54,Spain - Saudi Arabia,2026-06-21 16:00:48,7.14,1,EUR,5,False,0.01321585903083686,steamer,False
36966549,Away-side combo (bet builder),Suecia,"Sweden win, Over 8.5 corners y Yasin Ayari to score",5,27.71,27.35,Netherlands - Sweden,2026-06-20 17:00:05,1.3699999999999999,1,EUR,1,False,0.013162705667276032,steamer,False
36966593,Home-side combo (bet builder),Bélgica,Belgium win y Kevin De Bruyne 1 or more assists,6,3.09,3.05,Belgium - Iran,2026-06-21 19:00:03,3.57,1,EUR,4,False,0.013114754098360623,steamer,False
36024480,1-X-2 / 2 goals Up,1-X-2 / Ventaja 2 goles,X,6,3.11,3.07,South Korea - Czech Republic,2026-06-12 02:00:54,,2,,6,True,0.013029315960912136,steamer,False
33890313,Anytime goalscorer (Star Substitute),Goleador durante el partido (Suplente Estrella),Oyarzabal,138,1.56,1.54,Spain - Cape Verde,2026-06-15 16:01:07,,2,,104,True,0.012987012987013068,steamer,False
36024518,Shots (Star Substitute),Remates Haaland (Suplente Estrella),7 or more,5,3.93,3.88,Iraq - Norway,2026-06-16 22:00:57,58.5,1,EUR,4,False,0.012886597938144447,steamer,False
33890444,To score or assist (Star Substitute),Marcar gol o asistir (Suplente Estrella),Bukayo Saka,7,2.37,2.34,England - Croatia,2026-06-17 20:00:04,6.67,1,EUR,6,False,0.012820512820513016,steamer,False
33890416,Shots on target (Star Substitute),Remates a puerta Mbappe (Suplente Estrella),2 or more,33,1.58,1.56,France - Senegal,2026-06-16 19:02:47,,2,,31,True,0.012820512820512841,steamer,False
36966485,Team goals,Goles equipo,Brazil 3 or more,9,1.58,1.56,Brazil - Haiti,2026-06-20 00:32:31,,2,,8,True,0.012820512820512841,steamer,False
33890306,Home-side combo (bet builder),Alemania,"Germany win, Over 2.5 goals y Havertz to score",14,1.6,1.58,Germany - Curaçao,2026-06-14 17:01:45,7.68,1,EUR,12,False,0.012658227848101156,steamer,False
36024491,Saves (Star Substitute),Paradas Nikola Vasilj (Suplente Estrella),3 or more,6,1.6,1.58,Canada - Bosnia And Herzegovina,2026-06-12 19:02:13,163.15,1,EUR,5,False,0.012658227848101156,steamer,False
33890210,1-X-2 / 2 goals Up,1-X-2 / Ventaja 2 goles,2,6,8.0,7.9,Austria - Jordan,2026-06-17 04:02:52,,2,,5,True,0.012658227848101111,steamer,False
33890416,Player to score a penalty (No penalty shootout),Marcar gol de penalti (No tanda de penaltis),Mbappe,9,4.0,3.95,France - Senegal,2026-06-16 19:02:47,12.13,1,EUR,6,False,0.012658227848101111,steamer,False
36966485,Team shots on target,Remates a puerta equipo,Brazil 10 or more,5,2.4,2.37,Brazil - Haiti,2026-06-20 00:32:31,,2,,5,True,0.012658227848101111,steamer,False
36024491,To be carded (only players and in play)(Star Substitute),Recibir tarjeta (sólo jugadores y en juego)(Suplente Estrella),Sead Kolasinac,6,3.27,3.23,Canada - Bosnia And Herzegovina,2026-06-12 19:02:13,,2,,6,True,0.012383900928792707,steamer,False
36966609,Match shots on target,Remates a puerta durante el partido,9 or more,9,1.64,1.62,Argentina - Austria,2026-06-22 17:00:58,,2,,7,True,0.012345679012345645,steamer,False
33890299,Most shots on target - vs (both starters),Más remates a puerta - Doku vs Omar Marmoush (Ambos titulares o se anula),Doku,6,2.47,2.44,Belgium - Egypt,2026-06-15 19:00:29,,2,,5,True,0.012295081967213167,steamer,False
33890259,Team Fouls,Faltas Equipo,Qatar 12 or more,7,1.66,1.64,Qatar - Switzerland,2026-06-13 19:04:43,198.23,1,EUR,6,False,0.012195121951219402,steamer,False
37275587,Anytime goalscorer (Star Substitute),Goleador durante el partido (Suplente Estrella),Sergio Arribas,13,3.32,3.28,Malaga - Almeria,2026-06-14 19:02:16,99.05,1,EUR,11,False,0.012195121951219402,steamer,False
33890444,Shots on target (Star Substitute),Remates a puerta Bellingham (Suplente Estrella),1 or more,13,1.67,1.65,England - Croatia,2026-06-17 20:00:04,49.64,1,EUR,12,False,0.012121212121212052,steamer,False
36966472,To score or assist (Star Substitute),Marcar gol o asistir (Suplente Estrella),Cyle Larin,14,1.67,1.65,Canada - Qatar,2026-06-18 22:00:44,66.84,1,EUR,12,False,0.012121212121212052,steamer,False
36966612,Match,Partido,Over 2.5 goals y Mbappe to score,34,1.68,1.66,France - Iraq,2026-06-22 21:00:42,,2,,21,True,0.012048192771084433,steamer,False
33890238,Anytime goalscorer (Star Substitute),Goleador durante el partido (Suplente Estrella),Julián Quiñones,23,3.37,3.33,Mexico - South Africa,2026-06-11 19:05:51,160.85,1,EUR,23,False,0.012012012012012107,steamer,False
36966593,Home-side combo (bet builder),Bélgica,Belgium win y Kevin De Bruyne to score,9,3.38,3.34,Belgium - Iran,2026-06-21 19:00:03,7.51,1,EUR,6,False,0.011976047904191671,steamer,False
36966590,To score 2 or more goals (Star Substitute),Marcar 2 goles o más (Suplente Estrella),Darwin Nunez,10,8.6,8.5,Uruguay - Cape Verde,2026-06-21 22:00:33,15.030000000000001,1,EUR,9,False,0.011764705882352941,steamer,False
33890306,To score or assist (Star Substitute),Marcar gol o asistir (Suplente Estrella),Kimmich,8,1.72,1.7,Germany - Curaçao,2026-06-14 17:01:45,,2,,8,True,0.011764705882352917,steamer,False
37312355,Saves (Star Substitute),Paradas Andres Fernandez (Suplente Estrella),3 or more,5,1.73,1.71,Almeria - Malaga,2026-06-20 19:32:16,34.33,1,EUR,3,False,0.011695906432748404,steamer,False
36966473,Match,Partido,Over 2.5 goals y Over 9.5 corners,5,3.47,3.43,Switzerland - Bosnia And Herzegovina,2026-06-18 19:00:01,26.1,1,EUR,5,False,0.01166180758017477,steamer,False
37238914,To score or assist (Star Substitute),Marcar gol o asistir (Suplente Estrella),Chupe,13,1.76,1.74,Malaga - Las Palmas,2026-06-10 19:01:06,49.02,1,EUR,10,False,0.011494252873563066,steamer,False
36966593,Shots on target (Star Substitute),Remates a puerta Kevin De Bruyne (Suplente Estrella),2 or more,18,2.65,2.62,Belgium - Iran,2026-06-21 19:00:03,251.44,1,EUR,15,False,0.011450381679389159,steamer,False
36966485,Team exact bookings (only players and in play),Número de tarjetas equipo (solo jugadores y en juego),Haiti 3 or more,7,2.65,2.62,Brazil - Haiti,2026-06-20 00:32:31,9.21,1,EUR,7,False,0.011450381679389159,steamer,False
33890259,Away-side combo (bet builder),Suiza,Switzerland win y A goal in both halves,88,1.77,1.75,Qatar - Switzerland,2026-06-13 19:04:43,,2,,33,True,0.01142857142857135,steamer,False
36966473,Away-side combo (bet builder),Bosnia Y Herzegovina,Bosnia And Herzegovina win y Over 2.5 goals,6,10.72,10.6,Switzerland - Bosnia And Herzegovina,2026-06-18 19:00:01,5.63,1,EUR,3,False,0.011320754716981294,steamer,False
33890313,Match shots on target,Remates a puerta durante el partido,11 or more,5,1.79,1.77,Spain - Cape Verde,2026-06-15 16:01:07,,2,,4,True,0.01129943502824867,steamer,False
33890238,Home-side combo (bet builder),México,Mexico win y Raúl Jiménez to score,19,2.72,2.69,Mexico - South Africa,2026-06-11 19:05:51,125.42999999999999,1,EUR,13,False,0.01115241635687749,steamer,False
33890416,Saves (Star Substitute),Paradas Mike Maignan (Suplente Estrella),4 or more,9,4.54,4.49,France - Senegal,2026-06-16 19:02:47,211.3,1,EUR,9,False,0.011135857461024473,steamer,False
33890444,Home-side combo (bet builder),Inglaterra,England win y Both teams to score,6,3.65,3.61,England - Croatia,2026-06-17 20:00:04,42.75,1,EUR,6,False,0.011080332409972428,steamer,False
36966485,Home-side combo (bet builder),Brasil,Raphinha to score y Vinícius 1 or more assists,7,3.65,3.61,Brazil - Haiti,2026-06-20 00:32:31,,2,,7,True,0.011080332409972428,steamer,False
36966590,To score or assist (Star Substitute),Marcar gol o asistir (Suplente Estrella),Darwin Nunez,15,1.83,1.81,Uruguay - Cape Verde,2026-06-21 22:00:33,,2,,15,True,0.011049723756906247,steamer,False
33890298,1-X-2 / 2 goals Up,1-X-2 / Ventaja 2 goles,1,166,1.83,1.81,Iran - New Zealand,2026-06-16 01:03:48,,2,,99,True,0.011049723756906247,steamer,False
36966590,Assists (Star Substitute),Asistencias Valverde (Suplente Estrella),1 or more,7,4.64,4.59,Uruguay - Cape Verde,2026-06-21 22:00:33,30.689999999999998,1,EUR,6,False,0.010893246187363825,steamer,False
36024518,Match throw-ins,Saques de banda durante el partido,34 or more,9,1.86,1.84,Iraq - Norway,2026-06-16 22:00:57,,2,,9,True,0.010869565217391313,steamer,False
33890291,1-X-2 / 2 goals Up,1-X-2 / Ventaja 2 goles,X,7,3.73,3.69,Brazil - Morocco,2026-06-13 22:04:18,,2,,6,True,0.01084010840108408,steamer,False
36966553,Shots on target (Star Substitute),Remates a puerta Musiala (Suplente Estrella),2 or more,8,2.8,2.77,Germany - Ivory Coast,2026-06-20 20:00:00,75.74000000000001,1,EUR,8,False,0.010830324909747335,steamer,False
36966553,Shots on target (Star Substitute),Remates a puerta Felix Nmecha (Suplente Estrella),1 or more,5,1.88,1.86,Germany - Ivory Coast,2026-06-20 20:00:00,12.73,1,EUR,4,False,0.010752688172042967,steamer,False
33890416,Anytime goalscorer (Star Substitute),Goleador durante el partido (Suplente Estrella),Ousmane Dembele,22,2.85,2.82,France - Senegal,2026-06-16 19:02:47,,2,,22,True,0.010638297872340517,steamer,False
36966591,Shots on target (Star Substitute),Remates a puerta Oyarzabal (Suplente Estrella),3 or more,13,2.85,2.82,Spain - Saudi Arabia,2026-06-21 16:00:48,145.85,1,EUR,11,False,0.010638297872340517,steamer,False
36024491,Match throw-ins,Saques de banda durante el partido,44 or more,9,1.9,1.88,Canada - Bosnia And Herzegovina,2026-06-12 19:02:13,192.54,1,EUR,7,False,0.010638297872340463,steamer,False
33890416,To score or assist (Star Substitute),Marcar gol o asistir (Suplente Estrella),Désiré Doué,5,1.9,1.88,France - Senegal,2026-06-16 19:02:47,46.4,1,EUR,5,False,0.010638297872340463,steamer,False
36966553,Match shots on target,Remates a puerta durante el partido,10 or more,7,1.9,1.88,Germany - Ivory Coast,2026-06-20 20:00:00,,2,,7,True,0.010638297872340463,steamer,False
37278031,Home-side combo (bet builder),Kairat Almaty,FC Kairat Almaty win y A goal in both halves,7,1.92,1.9,FC Kairat Almaty - FK Atyrau,2026-06-13 13:00:50,0.91,1,EUR,1,False,0.010526315789473556,steamer,False
36966611,Shots on target (Star Substitute),Remates a puerta Haaland (Suplente Estrella),3 or more,12,2.9,2.87,Norway - Senegal,2026-06-23 00:00:05,45.21,1,EUR,11,False,0.010452961672473709,steamer,False
36966590,Shots on target (Star Substitute),Remates a puerta Maximiliano Araújo (Suplente Estrella),2 or more,7,3.92,3.88,Uruguay - Cape Verde,2026-06-21 22:00:33,85.0,1,EUR,4,False,0.010309278350515552,steamer,False
36966466,Home-side combo (bet builder),México,Mexico win y Raúl Jiménez to score,7,3.93,3.89,Mexico - South Korea,2026-06-19 01:00:38,11.360000000000001,1,EUR,7,False,0.01028277634961435,steamer,False
33890309,To score or assist (Star Substitute),Marcar gol o asistir (Suplente Estrella),Julio Enciso,7,2.95,2.92,Usa - Paraguay,2026-06-13 01:02:10,76.58,1,EUR,7,False,0.010273972602739715,steamer,False
36966612,Home-side combo (bet builder),Francia,France win y Mbappe 1 or more assists,6,2.96,2.93,France - Iraq,2026-06-22 21:00:42,,2,,5,True,0.01023890784982929,steamer,False
36024493,1st half: Team corners,1º tiempo: Corners equipo,Sweden 4 or more,5,3.0,2.97,Sweden - Tunisia,2026-06-15 02:00:33,21.39,1,EUR,4,False,0.010101010101010055,steamer,False
36966611,Anytime goalscorer (Star Substitute),Goleador durante el partido (Suplente Estrella),Haaland,193,2.01,1.99,Norway - Senegal,2026-06-23 00:00:05,,2,,160,True,0.010050251256281182,steamer,False
33890291,Shots on target (Star Substitute),Remates a puerta Vinícius (Suplente Estrella),3 or more,5,5.05,5.0,Brazil - Morocco,2026-06-13 22:04:18,123.25,1,EUR,5,False,0.010000000000000009,steamer,False
33890313,Match corners,Corners durante el partido,11 or more,28,2.02,2.0,Spain - Cape Verde,2026-06-15 16:01:07,121.53,1,EUR,23,False,0.010000000000000009,steamer,False
33890416,Shots outside the box,Ismaila Sarr,2 or more,7,10.1,10.0,France - Senegal,2026-06-16 19:02:47,37.89,1,EUR,7,False,0.010000000000000009,steamer,False
33890306,1-X-2 / 2 goals Up,1-X-2 / Ventaja 2 goles,1,10,1.02,1.01,Germany - Curaçao,2026-06-14 17:01:45,,2,,7,True,0.009900990099009934,steamer,False
33890259,Saves (Star Substitute),Paradas Mahmud Abunada (Suplente Estrella),6 or more,10,5.1,5.05,Qatar - Switzerland,2026-06-13 19:04:43,262.8,1,EUR,8,False,0.00990099009900982,steamer,False
36024520,Match corners,Corners durante el partido,12 or more,16,3.08,3.05,Portugal - Democratic Republic of the Congo,2026-06-17 17:01:15,,2,,16,True,0.009836065573770597,steamer,False
36966549,Match corners,Corners durante el partido,10 or more,37,2.06,2.04,Netherlands - Sweden,2026-06-20 17:00:05,,2,,32,True,0.009803921568627395,steamer,False
33890419,Match,Partido,Over 2.5 goals y Over 7.5 corners,17,3.09,3.06,Ghana - Panama,2026-06-17 23:00:50,65.49,1,EUR,14,False,0.009803921568627336,steamer,False
33890313,To score and Assist,Marcar gol y asistir,Oyarzabal,6,4.19,4.15,Spain - Cape Verde,2026-06-15 16:01:07,39.730000000000004,1,EUR,5,False,0.009638554216867405,steamer,False
33890419,1-X-2 / 2 goals Up,1-X-2 / Ventaja 2 goles,2,23,3.16,3.13,Ghana - Panama,2026-06-17 23:00:50,,2,,16,True,0.009584664536741281,steamer,False
33890238,Match shots on target,Remates a puerta durante el partido,11 or more,8,3.18,3.15,Mexico - South Africa,2026-06-11 19:05:51,172.5,1,EUR,8,False,0.009523809523809514,steamer,False
36966469,1st half: Team corners,1º tiempo: Corners equipo,Czech Republic 3 or more,8,2.13,2.11,Czech Republic - South Africa,2026-06-18 16:00:09,,2,,8,True,0.009478672985782,steamer,False
36966469,Shots on target (Star Substitute),Remates a puerta Oswin Appollis (Suplente Estrella),1 or more,5,2.13,2.11,Czech Republic - South Africa,2026-06-18 16:00:09,175.0,1,EUR,4,False,0.009478672985782,steamer,False
36024492,Saves (Star Substitute),Paradas Mathew Ryan (Suplente Estrella),4 or more,10,2.13,2.11,Australia - Turkey,2026-06-14 04:00:30,,2,,5,True,0.009478672985782,steamer,False
36966609,Anytime goalscorer (Star Substitute),Goleador durante el partido (Suplente Estrella),Enzo Fernandez,6,5.35,5.3,Argentina - Austria,2026-06-22 17:00:58,1.76,1,EUR,3,False,0.009433962264150905,steamer,False
33890305,Shots on target (Star Substitute),Remates a puerta Yan Diomande (Suplente Estrella),2 or more,5,5.35,5.3,Ivory Coast - Ecuador,2026-06-14 23:03:23,70.12,1,EUR,5,False,0.009433962264150905,steamer,False
36966486,Team shots on target,Remates a puerta equipo,Morocco 7 or more,11,3.25,3.22,Scotland - Morocco,2026-06-19 22:00:07,,2,,9,True,0.009316770186335269,steamer,False
36966472,Shots on target (Star Substitute),Remates a puerta Cyle Larin (Suplente Estrella),2 or more,7,2.17,2.15,Canada - Qatar,2026-06-18 22:00:44,49.17,1,EUR,6,False,0.009302325581395328,steamer,False
36966612,Match,Partido,Over 3.5 goals y Mbappe to score,5,2.18,2.16,France - Iraq,2026-06-22 21:00:42,,2,,5,True,0.009259259259259208,steamer,False
33890306,Most goals - vs (both starters),Más goles - Sane vs Brandley Kuwas (Ambos titulares o se anula),Sane,5,2.19,2.17,Germany - Curaçao,2026-06-14 17:01:45,100.39,1,EUR,3,False,0.009216589861751091,steamer,False
33890312,1st half: Team corners,1º tiempo: Corners equipo,Saudi Arabia 3 or more,5,4.39,4.35,Saudi Arabia - Uruguay,2026-06-15 22:03:57,,2,,4,True,0.009195402298850585,steamer,False
36966485,1-X-2 / 2 goals Up,1-X-2 / Ventaja 2 goles,1,109,1.1,1.09,Brazil - Haiti,2026-06-20 00:32:31,,3,,80,True,0.009174311926605472,steamer,False
33890290,Shots on target (Star Substitute),Remates a puerta McTominay (Suplente Estrella),3 or more,8,5.5,5.45,Haiti - Scotland,2026-06-14 01:02:33,,2,,7,True,0.00917431192660538,steamer,False
37341538,Match,Partido,Both teams to score y Over 7.5 corners,22,2.22,2.2,CRB Al - Fortaleza CE,2026-06-21 19:00:22,10.95,1,EUR,1,False,0.009090909090909167,steamer,False
36971426,Match,Partido,Over 2.5 goals y Over 9.5 corners,7,4.49,4.45,Turkey - Paraguay,2026-06-20 03:00:03,8.16,1,EUR,5,False,0.00898876404494386,steamer,False
36966609,Team shots on target,Remates a puerta equipo,Argentina 8 or more,5,3.38,3.35,Argentina - Austria,2026-06-22 17:00:58,,2,,5,True,0.008955223880596884,steamer,False
36971426,Team exact bookings (only players and in play),Número de tarjetas equipo (solo jugadores y en juego),Turkey 1 or more,5,1.13,1.12,Turkey - Paraguay,2026-06-20 03:00:03,3.52,1,EUR,2,False,0.008928571428571308,steamer,False
33890309,Anytime goalscorer (Star Substitute),Goleador durante el partido (Suplente Estrella),Almiron,6,5.7,5.65,Usa - Paraguay,2026-06-13 01:02:10,10.7,1,EUR,3,False,0.008849557522123935,steamer,False
33890312,Match corners,Corners durante el partido,14 or more,6,5.7,5.65,Saudi Arabia - Uruguay,2026-06-15 22:03:57,,2,,6,True,0.008849557522123935,steamer,False
36966485,Home-side combo (bet builder),Brasil,Vinícius to score y Raphinha to score,11,3.43,3.4,Brazil - Haiti,2026-06-20 00:32:31,,2,,9,True,0.008823529411764881,steamer,False
33890299,Shots on target (Star Substitute),Remates a puerta Trossard (Suplente Estrella),2 or more,9,3.43,3.4,Belgium - Egypt,2026-06-15 19:00:29,,2,,8,True,0.008823529411764881,steamer,False
36024492,Team exact bookings (only players and in play),Número de tarjetas equipo (solo jugadores y en juego),Turkey 1 or more,6,1.15,1.14,Australia - Turkey,2026-06-14 04:00:30,126.75999999999999,1,EUR,4,False,0.008771929824561374,steamer,False
36966591,Home-side combo (bet builder),España,A goal in both halves y Lamine Yamal 2 or more shots on target,6,2.31,2.29,Spain - Saudi Arabia,2026-06-21 16:00:48,19.51,1,EUR,4,False,0.008733624454148525,steamer,False
33890238,1st half: Team corners,1º tiempo: Corners equipo,Mexico 5 or more,13,3.48,3.45,Mexico - South Africa,2026-06-11 19:05:51,,2,,11,True,0.008695652173913142,steamer,False
33890238,Shots on target (Star Substitute),Remates a puerta Julián Quiñones (Suplente Estrella),2 or more,24,3.48,3.45,Mexico - South Africa,2026-06-11 19:05:51,505.56,1,EUR,21,False,0.008695652173913142,steamer,False
33890299,Team shots on target,Remates a puerta equipo,Belgium 4 or more,8,1.16,1.15,Belgium - Egypt,2026-06-15 19:00:29,,2,,5,True,0.008695652173913077,steamer,False
36966591,Shots against woodwork,Lamine Yamal,1 or more,7,5.85,5.8,Spain - Saudi Arabia,2026-06-21 16:00:48,99.5,1,EUR,7,False,0.008620689655172462,steamer,False
36024492,Match,Partido,Both teams to score y Over 7.5 corners,7,2.34,2.32,Australia - Turkey,2026-06-14 04:00:30,,2,,6,True,0.008620689655172396,steamer,False
33890306,Team shots on target,Remates a puerta equipo,Germany 12 or more,6,2.34,2.32,Germany - Curaçao,2026-06-14 17:01:45,,2,,6,True,0.008620689655172396,steamer,False
33890304,Saves (Star Substitute),Paradas Zion Suzuki (Suplente Estrella),4 or more,9,2.34,2.32,Netherlands - Japan,2026-06-14 20:00:08,,2,,8,True,0.008620689655172396,steamer,False
36966485,Home-side combo (bet builder),Brasil,"Brazil win, Over 10.5 corners y Vinícius to score a Hat trick (three or more goals)",5,29.25,29.0,Brazil - Haiti,2026-06-20 00:32:31,,2,,3,True,0.0086206896551723,steamer,False
33890290,To score 2 or more goals (Star Substitute),Marcar 2 goles o más (Suplente Estrella),Lawrence Shankland,12,5.9,5.85,Haiti - Scotland,2026-06-14 01:02:33,35.870000000000005,1,EUR,8,False,0.008547008547008612,steamer,False
33890259,1-X-2 / 2 goals Up,1-X-2 / Ventaja 2 goles,2,309,1.18,1.17,Qatar - Switzerland,2026-06-13 19:04:43,,2,,195,True,0.008547008547008544,steamer,False
36966611,Team corners,Corners equipo,Norway 6 or more,8,2.37,2.35,Norway - Senegal,2026-06-23 00:00:05,,2,,5,True,0.008510638297872459,steamer,False
33890211,Team shots on target,Remates a puerta equipo,Argentina 5 or more,5,1.19,1.18,Argentina - Algeria,2026-06-17 01:02:37,19.16,1,EUR,5,False,0.008474576271186514,steamer,False
36966591,Most assists - vs (both starters),Más asistencias - Oyarzabal vs Musab Fahz Al Al Juwayr (Ambos titulares o se anula),Oyarzabal,11,4.78,4.74,Spain - Saudi Arabia,2026-06-21 16:00:48,87.86,1,EUR,10,False,0.008438818565400779,steamer,False
36966485,To score 2 or more goals (Star Substitute),Marcar 2 goles o más (Suplente Estrella),Vinícius,187,4.78,4.74,Brazil - Haiti,2026-06-20 00:32:31,,2,,124,True,0.008438818565400779,steamer,False
33890210,Team shots on target,Remates a puerta equipo,Austria 5 or more,6,1.2,1.19,Austria - Jordan,2026-06-17 04:02:52,,2,,6,True,0.008403361344537785,steamer,False
36966612,1st half: Shots on target,Mbappe,2 or more,17,2.4,2.38,France - Iraq,2026-06-22 21:00:42,461.98,1,EUR,15,False,0.008403361344537785,steamer,False
36966612,Home-side combo (bet builder),Francia,"France win, Both teams to score y Mbappe to score",5,3.61,3.58,France - Iraq,2026-06-22 21:00:42,6.93,1,EUR,2,False,0.00837988826815629,steamer,False
33890444,Shots on target (Star Substitute),Remates a puerta Harry Kane (Suplente Estrella),1 or more,33,1.21,1.2,England - Croatia,2026-06-17 20:00:04,,3,,28,True,0.00833333333333335,steamer,False
36024491,Fouls (Star Substitute),Faltas Richie Laryea (Suplente Estrella),1 or more,28,1.21,1.2,Canada - Bosnia And Herzegovina,2026-06-12 19:02:13,,2,,25,True,0.00833333333333335,steamer,False
36966610,Away-side combo (bet builder),Argelia,Algeria win y Over 2.5 goals,5,2.43,2.41,Jordan - Algeria,2026-06-23 03:00:21,9.7,1,EUR,5,False,0.008298755186722018,steamer,False
36966591,Shots on target (Star Substitute),Remates a puerta Rodri (Suplente Estrella),1 or more,6,2.43,2.41,Spain - Saudi Arabia,2026-06-21 16:00:48,100.78999999999999,1,EUR,6,False,0.008298755186722018,steamer,False
33890312,1st half: Team corners,1º tiempo: Corners equipo,Uruguay 2 or more,7,1.23,1.22,Saudi Arabia - Uruguay,2026-06-15 22:03:57,,2,,5,True,0.008196721311475459,steamer,False
36966469,Shots on target (Star Substitute),Remates a puerta Patrik Schick (Suplente Estrella),3 or more,6,4.94,4.9,Czech Republic - South Africa,2026-06-18 16:00:09,96.13,1,EUR,6,False,0.008163265306122358,steamer,False
36966486,Shots on target (Star Substitute),Remates a puerta Ismael Saibari (Suplente Estrella),2 or more,8,2.47,2.45,Scotland - Morocco,2026-06-19 22:00:07,57.63,1,EUR,6,False,0.008163265306122358,steamer,False
33890210,To score 2 or more goals (Star Substitute),Marcar 2 goles o más (Suplente Estrella),Michael Gregoritsch,6,6.2,6.15,Austria - Jordan,2026-06-17 04:02:52,0.33,1,EUR,2,False,0.008130081300813014,steamer,False
36966549,goal scorer (Star Substitute),Jugador en meter el 1º gol (Suplente Estrella),Cody Gakpo,5,6.2,6.15,Netherlands - Sweden,2026-06-20 17:00:05,,2,,5,True,0.008130081300813014,steamer,False
36971426,Shots on target outside the box (Star Substitute),Remates a puerta desde fuera del área Arda Güler (Suplente Estrella),2 or more,6,6.25,6.2,Turkey - Paraguay,2026-06-20 03:00:03,48.33,1,EUR,6,False,0.00806451612903221,steamer,False
36024492,Match,Partido,Over 2.5 goals y Over 7.5 corners,20,2.51,2.49,Australia - Turkey,2026-06-14 04:00:30,23.16,1,EUR,17,False,0.008032128514055992,steamer,False
36966486,Away-side combo (bet builder),Marruecos,Morocco win y Brahim 2 or more shots on target,10,3.77,3.74,Scotland - Morocco,2026-06-19 22:00:07,,2,,10,True,0.008021390374331295,steamer,False
36966593,Player anytime not to score,No marcará ningún gol,Doku,8,1.26,1.25,Belgium - Iran,2026-06-21 19:00:03,94.03,1,EUR,2,False,0.008000000000000111,steamer,False
36966640,Player to score a penalty (No penalty shootout),Marcar gol de penalti (No tanda de penaltis),Cristiano Ronaldo,31,6.3,6.25,Portugal - Uzbekistan,2026-06-23 17:00:06,,2,,24,True,0.008000000000000076,steamer,False
36966609,To score 2 or more goals (Star Substitute),Marcar 2 goles o más (Suplente Estrella),Lionel Messi,511,6.3,6.25,Argentina - Austria,2026-06-22 17:00:58,,2,,297,True,0.008000000000000076,steamer,False
36966472,Shots on target (Star Substitute),Remates a puerta Jonathan David (Suplente Estrella),1 or more,9,1.27,1.26,Canada - Qatar,2026-06-18 22:00:44,,2,,9,True,0.007936507936507966,steamer,False
36024520,1-X-2 / 2 goals Up,1-X-2 / Ventaja 2 goles,1,401,1.27,1.26,Portugal - Democratic Republic of the Congo,2026-06-17 17:01:15,,3,,225,True,0.007936507936507966,steamer,False
36971426,Saves (Star Substitute),Paradas Altay Bayindir (Suplente Estrella),2 or more,5,1.27,1.26,Turkey - Paraguay,2026-06-20 03:00:03,0.78,1,EUR,1,False,0.007936507936507966,steamer,False
33890419,Team shots on target,Remates a puerta equipo,Panama 3 or more,6,1.28,1.27,Ghana - Panama,2026-06-17 23:00:50,,2,,4,True,0.007874015748031411,steamer,False
36966466,Shots on target (Star Substitute),Remates a puerta Kang-In Lee (Suplente Estrella),2 or more,6,6.45,6.4,Mexico - South Korea,2026-06-19 01:00:38,52.4,1,EUR,6,False,0.007812500000000014,steamer,False
36966486,Team shots on target,Remates a puerta equipo,Morocco 4 or more,5,1.3,1.29,Scotland - Morocco,2026-06-19 22:00:07,31.15,1,EUR,5,False,0.007751937984496127,steamer,False
36966480,Team shots on target,Remates a puerta equipo,Usa 7 or more,6,2.62,2.6,Usa - Australia,2026-06-19 19:00:27,,2,,5,True,0.007692307692307683,steamer,False
36966591,To score or assist (Star Substitute),Marcar gol o asistir (Suplente Estrella),Lamine Yamal,60,1.32,1.31,Spain - Saudi Arabia,2026-06-21 16:00:48,,2,,56,True,0.0076335877862594706,steamer,False
33890304,Match corners,Corners durante el partido,13 or more,10,3.96,3.93,Netherlands - Japan,2026-06-14 20:00:08,60.42,1,EUR,9,False,0.00763358778625947,steamer,False
36024480,Shots on target (Star Substitute),Remates a puerta Patrik Schick (Suplente Estrella),1 or more,14,1.33,1.32,South Korea - Czech Republic,2026-06-12 02:00:54,37.22,1,EUR,10,False,0.007575757575757623,steamer,False
36966485,Home-side combo (bet builder),Brasil,Brazil win y Vinícius 1 or more assists,12,2.67,2.65,Brazil - Haiti,2026-06-20 00:32:31,,2,,8,True,0.007547169811320756,steamer,False
36966549,Shots on target (Star Substitute),Remates a puerta Cody Gakpo (Suplente Estrella),1 or more,5,1.34,1.33,Netherlands - Sweden,2026-06-20 17:00:05,12.84,1,EUR,5,False,0.007518796992481236,steamer,False
36024493,1st half: Team corners,1º tiempo: Corners equipo,Sweden 2 or more,7,1.34,1.33,Sweden - Tunisia,2026-06-15 02:00:33,,2,,6,True,0.007518796992481236,steamer,False
36024491,Match,Partido,Both teams to score y Over 9.5 corners,17,4.03,4.0,Canada - Bosnia And Herzegovina,2026-06-12 19:02:13,1.9100000000000001,1,EUR,2,False,0.007500000000000072,steamer,False
36024480,Shots on target (Star Substitute),Remates a puerta Heung-Min Son (Suplente Estrella),1 or more,6,1.36,1.35,South Korea - Czech Republic,2026-06-12 02:00:54,44.5,1,EUR,6,False,0.007407407407407432,steamer,False
36966590,Assists (Star Substitute),Asistencias Maximiliano Araújo (Suplente Estrella),1 or more,7,4.12,4.09,Uruguay - Cape Verde,2026-06-21 22:00:33,4.44,1,EUR,2,False,0.007334963325183428,steamer,False
33890444,Anytime goalscorer (Star Substitute),Goleador durante el partido (Suplente Estrella),Bellingham,20,4.12,4.09,England - Croatia,2026-06-17 20:00:04,622.75,1,EUR,15,False,0.007334963325183428,steamer,False
33890304,Team Shots,Remates equipo,Japan 10 or more,5,1.38,1.37,Netherlands - Japan,2026-06-14 20:00:08,,2,,5,True,0.007299270072992544,steamer,False
37275587,1st half: Team corners,1º tiempo: Corners equipo,Malaga 2 or more,19,1.39,1.38,Malaga - Almeria,2026-06-14 19:02:16,,2,,10,True,0.007246376811594245,steamer,False
36966553,Match,Partido,Both teams to score y Florian Wirtz to score,11,4.22,4.19,Germany - Ivory Coast,2026-06-20 20:00:00,2.32,1,EUR,2,False,0.007159904534606131,steamer,False
36024491,Saves (Star Substitute),Paradas Maxime Crépeau (Suplente Estrella),2 or more,9,1.41,1.4,Canada - Bosnia And Herzegovina,2026-06-12 19:02:13,227.5,1,EUR,9,False,0.0071428571428571305,steamer,False
33890444,Player to score a penalty (No penalty shootout),Marcar gol de penalti (No tanda de penaltis),Harry Kane,16,7.1,7.05,England - Croatia,2026-06-17 20:00:04,,2,,11,True,0.00709219858156031,steamer,False
36966469,1st half: Team corners,1º tiempo: Corners equipo,Czech Republic 2 or more,12,1.42,1.41,Czech Republic - South Africa,2026-06-18 16:00:09,140.79,1,EUR,10,False,0.0070921985815602315,steamer,False
36966486,Team Fouls,Faltas Equipo,Scotland 14 or more,6,1.43,1.42,Scotland - Morocco,2026-06-19 22:00:07,18.52,1,EUR,4,False,0.007042253521126734,steamer,False
36966485,To score or assist (Star Substitute),Marcar gol o asistir (Suplente Estrella),Matheus Cunha,5,1.44,1.43,Brazil - Haiti,2026-06-20 00:32:31,78.9,1,EUR,5,False,0.006993006993007143,steamer,False
36971426,Match,Partido,Over 2.5 goals y Over 7.5 corners,14,2.88,2.86,Turkey - Paraguay,2026-06-20 03:00:03,13.05,1,EUR,14,False,0.006993006993007143,steamer,False
36966486,Away-side combo (bet builder),Marruecos,"Morocco win, Both teams to score y Ismael Saibari to score",10,7.2,7.15,Scotland - Morocco,2026-06-19 22:00:07,8.2,1,EUR,4,False,0.006993006993006822,steamer,False
36966549,Shots on target (Star Substitute),Remates a puerta Isak (Suplente Estrella),2 or more,6,2.92,2.9,Netherlands - Sweden,2026-06-20 17:00:05,116.37,1,EUR,6,False,0.006896551724138054,steamer,False
36966612,Match corners,Corners durante el partido,12 or more,10,2.92,2.9,France - Iraq,2026-06-22 21:00:42,,2,,8,True,0.006896551724138054,steamer,False
33890416,Saves (Star Substitute),Paradas Mike Maignan (Suplente Estrella),2 or more,5,1.47,1.46,France - Senegal,2026-06-16 19:02:47,,2,,4,True,0.006849315068493127,steamer,False
33890291,Team shots on target,Remates a puerta equipo,Morocco 3 or more,11,1.47,1.46,Brazil - Morocco,2026-06-13 22:04:18,,2,,10,True,0.006849315068493127,steamer,False
36966638,Home-side combo (bet builder),Inglaterra,"England win, Over 8.5 corners y Harry Kane 2 or more shots on target",7,2.97,2.95,England - Ghana,2026-06-23 20:00:08,,2,,7,True,0.006779661016949209,steamer,False
36024518,Assists (Star Substitute),Asistencias Haaland (Suplente Estrella),1 or more,5,4.53,4.5,Iraq - Norway,2026-06-16 22:00:57,13.6,1,EUR,4,False,0.006666666666666659,steamer,False
36966472,Home-side combo (bet builder),Canadá,Canada win y Both teams to score,6,3.03,3.01,Canada - Qatar,2026-06-18 22:00:44,1.74,1,EUR,4,False,0.006644518272425292,steamer,False
36966591,Home-side combo (bet builder),España,Spain win y A goal in both halves,56,1.52,1.51,Spain - Saudi Arabia,2026-06-21 16:00:48,57.18,1,EUR,26,False,0.006622516556291398,steamer,False
37265904,1-X-2 / 2 goals Up,1-X-2 / Ventaja 2 goles,1,19,1.52,1.51,Fortaleza CE - América Mineiro MG,2026-06-16 23:00:09,107.08,1,EUR,15,False,0.006622516556291398,steamer,False
36966638,1st half: Shots on target,Harry Kane,1 or more,8,1.53,1.52,England - Ghana,2026-06-23 20:00:08,118.94999999999999,1,EUR,8,False,0.0065789473684211095,steamer,False
33890298,Team corners,Corners equipo,New Zealand 5 or more,9,3.07,3.05,Iran - New Zealand,2026-06-16 01:03:48,,2,,3,True,0.006557377049180319,steamer,False
36966549,Saves (Star Substitute),Paradas Bart Verbruggen (Suplente Estrella),3 or more,6,1.55,1.54,Netherlands - Sweden,2026-06-20 17:00:05,8.61,1,EUR,4,False,0.006493506493506512,steamer,False
33890291,Anytime goalscorer (Star Substitute),Goleador durante el partido (Suplente Estrella),Vinícius,57,3.1,3.08,Brazil - Morocco,2026-06-13 22:04:18,,2,,50,True,0.006493506493506512,steamer,False
36024518,1st half: Corners,1º tiempo: Corners,4 or more,5,1.56,1.55,Iraq - Norway,2026-06-16 22:00:57,,2,,5,True,0.006451612903225868,steamer,False
33890304,Team shots on target,Remates a puerta equipo,Japan 4 or more,7,1.56,1.55,Netherlands - Japan,2026-06-14 20:00:08,,2,,7,True,0.006451612903225868,steamer,False
33890419,Match shots,Remates durante el partido,22 or more,6,1.56,1.55,Ghana - Panama,2026-06-17 23:00:50,50.45,1,EUR,5,False,0.006451612903225868,steamer,False
33890305,Team shots on target,Remates a puerta equipo,Ecuador 4 or more,6,1.56,1.55,Ivory Coast - Ecuador,2026-06-14 23:03:23,,3,,6,True,0.006451612903225868,steamer,False
36966592,Match corners,Corners durante el partido,8 or more,29,1.57,1.56,New Zealand - Egypt,2026-06-22 01:00:05,,2,,28,True,0.006410256410256369,steamer,False
36966553,To score or assist (Star Substitute),Marcar gol o asistir (Suplente Estrella),Felix Nmecha,6,3.15,3.13,Germany - Ivory Coast,2026-06-20 20:00:00,19.61,1,EUR,5,False,0.00638977635782749,steamer,False
36966528,Match corners,Corners durante el partido,8 or more,38,1.58,1.57,Tunisia - Japan,2026-06-21 04:00:01,,2,,27,True,0.006369426751592418,steamer,False
36966590,Team completed passes,Pases completados equipo,500 or more,5,1.59,1.58,Uruguay - Cape Verde,2026-06-21 22:00:33,,2,,5,True,0.0063291139240505695,steamer,False
36966638,Team shots on target,Remates a puerta equipo,England 7 or more,6,1.59,1.58,England - Ghana,2026-06-23 20:00:08,,2,,4,True,0.0063291139240505695,steamer,False
33890211,Most Saves - vs (both starters),Más paradas - Emiliano Martinez vs Melvin Feycal Mastil (Ambos titulares o se anula),Melvin Feycal Mastil,5,1.59,1.58,Argentina - Algeria,2026-06-17 01:02:37,447.5,1,EUR,3,False,0.0063291139240505695,steamer,False
33890312,Shots on target (Star Substitute),Remates a puerta Valverde (Suplente Estrella),1 or more,42,1.59,1.58,Saudi Arabia - Uruguay,2026-06-15 22:03:57,,3,,28,True,0.0063291139240505695,steamer,False
36966472,To score or assist (Star Substitute),Marcar gol o asistir (Suplente Estrella),Jonathan David,32,1.61,1.6,Canada - Qatar,2026-06-18 22:00:44,,2,,28,True,0.006250000000000079,steamer,False
33890444,Shots on target (Star Substitute),Remates a puerta Budimir (Suplente Estrella),1 or more,5,1.63,1.62,England - Croatia,2026-06-17 20:00:04,19.17,1,EUR,5,False,0.0061728395061727654,steamer,False
36024491,Most Saves - vs (both starters),Más paradas - Maxime Crépeau vs Nikola Vasilj (Ambos titulares o se anula),Nikola Vasilj,5,1.64,1.63,Canada - Bosnia And Herzegovina,2026-06-12 19:02:13,67.94,1,EUR,4,False,0.006134969325153414,steamer,False
36966472,Team corners,Corners equipo,Qatar 5 or more,14,4.93,4.9,Canada - Qatar,2026-06-18 22:00:44,,2,,13,True,0.006122448979591599,steamer,False
33890313,Match penalty missed,Penalti fallado durante el partido,Yes,9,8.25,8.2,Spain - Cape Verde,2026-06-15 16:01:07,138.0,1,EUR,7,False,0.0060975609756098205,steamer,False
33890444,Shots on target (Star Substitute),Remates a puerta Anthony Gordon (Suplente Estrella),2 or more,6,3.3,3.28,England - Croatia,2026-06-17 20:00:04,,2,,6,True,0.006097560975609706,steamer,False
36966611,Team shots on target,Remates a puerta equipo,Senegal 4 or more,7,1.65,1.64,Norway - Senegal,2026-06-23 00:00:05,36.019999999999996,1,EUR,6,False,0.006097560975609706,steamer,False
36966486,1st half: Corners,1º tiempo: Corners,4 or more,6,1.67,1.66,Scotland - Morocco,2026-06-19 22:00:07,620.45,1,EUR,6,False,0.0060240963855421594,steamer,False
37205038,Home-side combo (bet builder),Países Bajos,Netherlands win y A goal in both halves,5,1.68,1.67,Netherlands - Uzbekistan,2026-06-08 18:51:00,1.52,1,EUR,2,False,0.005988023952095914,steamer,False
33890312,Match corners,Corners durante el partido,12 or more,9,3.4,3.38,Saudi Arabia - Uruguay,2026-06-15 22:03:57,,2,,9,True,0.005917159763313617,steamer,False
33890306,Fouls Won (Star Substitute),Faltas recibidas Leandro Bacuna(Suplente Estrella),1 or more,8,1.7,1.69,Germany - Curaçao,2026-06-14 17:01:45,296.67,1,EUR,7,False,0.005917159763313617,steamer,False
36966609,Match throw-ins,Saques de banda durante el partido,35 or more,5,1.7,1.69,Argentina - Austria,2026-06-22 17:00:58,,2,,5,True,0.005917159763313617,steamer,False
33890416,Team completed passes,Pases completados equipo,500 or more,6,1.74,1.73,France - Senegal,2026-06-16 19:02:47,,2,,6,True,0.005780346820809388,steamer,False
33890305,Shots (Star Substitute),Remates Moises Caicedo (Suplente Estrella),1 or more,6,1.77,1.76,Ivory Coast - Ecuador,2026-06-14 23:03:23,294.5,1,EUR,6,False,0.00568181818181825,steamer,False
36966469,Team exact bookings (only players and in play),Número de tarjetas equipo (solo jugadores y en juego),Czech Republic 2 or more,5,1.78,1.77,Czech Republic - South Africa,2026-06-18 16:00:09,,2,,4,True,0.0056497175141242435,steamer,False
36966610,To score or assist (Star Substitute),Marcar gol o asistir (Suplente Estrella),Riyad Mahrez,12,1.79,1.78,Jordan - Algeria,2026-06-23 03:00:21,43.699999999999996,1,EUR,12,False,0.00561797752809002,steamer,False
33890416,Player headed shots on target (Star Substitute),Remates a puerta con la cabeza Tchouameni (Suplente Estrella),1 or more,5,8.95,8.9,France - Senegal,2026-06-16 19:02:47,38.0,1,EUR,5,False,0.005617977528089796,steamer,False
33890304,Anytime goalscorer (Star Substitute),Goleador durante el partido (Suplente Estrella),Virgil Van Dijk,9,8.95,8.9,Netherlands - Japan,2026-06-14 20:00:08,41.62,1,EUR,7,False,0.005617977528089796,steamer,False
33890306,Home-side combo (bet builder),Alemania,Germany win y Florian Wirtz to score,6,1.81,1.8,Germany - Curaçao,2026-06-14 17:01:45,3.8200000000000003,1,EUR,5,False,0.005555555555555541,steamer,False
33890312,Fouls (Star Substitute),Faltas Federico Viñas (Suplente Estrella),2 or more,6,1.83,1.82,Saudi Arabia - Uruguay,2026-06-15 22:03:57,109.9,1,EUR,6,False,0.005494505494505485,steamer,False
37312355,Match throw-ins,Saques de banda durante el partido,43 or more,8,1.85,1.84,Almeria - Malaga,2026-06-20 19:32:16,75.0,1,EUR,1,False,0.005434782608695749,steamer,False
36966592,Assists (Star Substitute),Asistencias Chris Wood (Suplente Estrella),1 or more,7,9.25,9.2,New Zealand - Egypt,2026-06-22 01:00:05,2.67,1,EUR,3,False,0.005434782608695697,steamer,False
33890444,Saves (Star Substitute),Paradas Dominik Livakovic (Suplente Estrella),4 or more,7,1.86,1.85,England - Croatia,2026-06-17 20:00:04,291.65999999999997,1,EUR,1,False,0.005405405405405317,steamer,False
36966485,Team shots on target,Remates a puerta equipo,Brazil 9 or more,6,1.86,1.85,Brazil - Haiti,2026-06-20 00:32:31,,2,,6,True,0.005405405405405317,steamer,False
36966591,Home-side combo (bet builder),España,"Spain win, Over 2.5 goals y Pedri to score",5,5.6,5.57,Spain - Saudi Arabia,2026-06-21 16:00:48,5.2,1,EUR,2,False,0.005385996409335702,steamer,False
36024480,Match throw-ins,Saques de banda durante el partido,41 or more,12,1.87,1.86,South Korea - Czech Republic,2026-06-12 02:00:54,161.87,1,EUR,5,False,0.0053763440860215995,steamer,False
36024493,1-X-2 / 2 goals Up,1-X-2 / Ventaja 2 goles,1,347,1.87,1.86,Sweden - Tunisia,2026-06-15 02:00:33,,2,,202,True,0.0053763440860215995,steamer,False
37362550,Match,Partido,Over 1.5 half time goals y Both teams to score in second half,6,9.4,9.35,FC Aktobe - FC Astana,2026-06-21 15:02:53,1.36,1,EUR,1,False,0.005347593582887666,steamer,False
36024493,To score or assist (Star Substitute),Marcar gol o asistir (Suplente Estrella),Viktor Gyokeres,57,1.88,1.87,Sweden - Tunisia,2026-06-15 02:00:33,,2,,43,True,0.005347593582887562,steamer,False
33890259,To score or assist (Star Substitute),Marcar gol o asistir (Suplente Estrella),Dan Ndoye,11,1.88,1.87,Qatar - Switzerland,2026-06-13 19:04:43,10.68,1,EUR,10,False,0.005347593582887562,steamer,False
33890416,Home-side combo (bet builder),Francia,France win y Michael Olise to score,23,3.77,3.75,France - Senegal,2026-06-16 19:02:47,163.67000000000002,1,EUR,17,False,0.00533333333333322,steamer,False
33890291,1st half: Team corners,1º tiempo: Corners equipo,Brazil 3 or more,6,1.91,1.9,Brazil - Morocco,2026-06-13 22:04:18,,2,,6,True,0.005263157894736792,steamer,False
36966485,Home-side combo (bet builder),Brasil,Brazil to win 1st half y Brazil to win 2nd half,23,1.91,1.9,Brazil - Haiti,2026-06-20 00:32:31,,2,,20,True,0.005263157894736792,steamer,False
36966638,To score or assist (Star Substitute),Marcar gol o asistir (Suplente Estrella),Bellingham,28,1.91,1.9,England - Ghana,2026-06-23 20:00:08,,2,,24,True,0.005263157894736792,steamer,False
36966472,Team completed passes,Pases completados equipo,Canada 450 or more,6,1.97,1.96,Canada - Qatar,2026-06-18 22:00:44,787.6,1,EUR,5,False,0.005102040816326618,steamer,False
36966486,1st half: Team corners,1º tiempo: Corners equipo,Morocco 3 or more,17,2.0,1.99,Scotland - Morocco,2026-06-19 22:00:07,,2,,11,True,0.005025125628140614,steamer,False
36966473,Player to score in 1st half,Jugador en meter gol en el 1º tiempo,Ermedin Demirovic,5,10.05,10.0,Switzerland - Bosnia And Herzegovina,2026-06-18 19:00:01,9.88,1,EUR,3,False,0.005000000000000145,steamer,False
33890313,Hat trick (three or more goals) (Star Substitute),Hat trick (tres o más goles) (Suplente Estrella),Oyarzabal,46,10.05,10.0,Spain - Cape Verde,2026-06-15 16:01:07,,2,,40,True,0.005000000000000145,steamer,False
33890306,Home-side combo (bet builder),Alemania,Germany win y Florian Wirtz 1 or more assists,14,2.01,2.0,Germany - Curaçao,2026-06-14 17:01:45,23.759999999999998,1,EUR,8,False,0.004999999999999865,steamer,False
37311645,Match,Partido,Both teams to score y Daryl Horgan to score,7,6.08,6.05,Bohemians - Dundalk,2026-06-19 19:01:54,13.120000000000001,1,EUR,1,False,0.004958677685950369,steamer,False
33890220,Away-side combo (bet builder),Colombia,Colombia win y Luis Diaz 4 or more shots,5,2.03,2.02,Uzbekistan - Colombia,2026-06-18 02:00:00,1.88,1,EUR,4,False,0.00495049504950481,steamer,False
36966590,Team exact bookings (only players and in play),Número de tarjetas equipo (solo jugadores y en juego),Uruguay 2 or more,6,2.03,2.02,Uruguay - Cape Verde,2026-06-21 22:00:33,,2,,5,True,0.00495049504950481,steamer,False
36966553,To score or assist (Star Substitute),Marcar gol o asistir (Suplente Estrella),Musiala,20,2.04,2.03,Germany - Ivory Coast,2026-06-20 20:00:00,,2,,18,True,0.004926108374384411,steamer,False
33890313,Match,Partido,Over 2.5 goals y Ferran to score,12,2.06,2.05,Spain - Cape Verde,2026-06-15 16:01:07,45.5,1,EUR,11,False,0.004878048780487884,steamer,False
36966638,Home-side combo (bet builder),Inglaterra,A goal in both halves y Harry Kane 2 or more shots on target,5,2.06,2.05,England - Ghana,2026-06-23 20:00:08,56.67,1,EUR,5,False,0.004878048780487884,steamer,False
36024518,Player headed shots on target (Star Substitute),Remates a puerta con la cabeza Sorloth (Suplente Estrella),1 or more,5,2.06,2.05,Iraq - Norway,2026-06-16 22:00:57,58.0,1,EUR,5,False,0.004878048780487884,steamer,False
37312355,Home-side combo (bet builder),Almería,Almeria win y Sergio Arribas to score,16,4.14,4.12,Almeria - Malaga,2026-06-20 19:32:16,52.93,1,EUR,12,False,0.004854368932038774,steamer,False
33890291,Fouls (Star Substitute),Faltas Achraf (Suplente Estrella),2 or more,7,2.08,2.07,Brazil - Morocco,2026-06-13 22:04:18,74.14,1,EUR,7,False,0.004830917874396299,steamer,False
37265894,1-X-2 / 2 goals Up,1-X-2 / Ventaja 2 goles,1,12,2.1,2.09,Cuiaba Esporte Clube MT - Vila Nova Go,2026-06-14 20:00:22,13.33,1,EUR,3,False,0.004784688995215481,steamer,False
36971426,To score or assist (Star Substitute),Marcar gol o asistir (Suplente Estrella),Arda Güler,67,2.12,2.11,Turkey - Paraguay,2026-06-20 03:00:03,,2,,57,True,0.004739336492891118,steamer,False
36966640,Match shots on target,Remates a puerta durante el partido,11 or more,5,2.13,2.12,Portugal - Uzbekistan,2026-06-23 17:00:06,56.25,1,EUR,5,False,0.004716981132075359,steamer,False
36966472,Saves (Star Substitute),Paradas Mahmud Abunada (Suplente Estrella),5 or more,6,2.17,2.16,Canada - Qatar,2026-06-18 22:00:44,125.34,1,EUR,5,False,0.004629629629629507,steamer,False
36966553,Anytime goalscorer (Star Substitute),Goleador durante el partido (Suplente Estrella),Deniz Undav,5,2.17,2.16,Germany - Ivory Coast,2026-06-20 20:00:00,42.03,1,EUR,5,False,0.004629629629629507,steamer,False
36966469,Match penalty missed,Penalti fallado durante el partido,Yes,5,11.05,11.0,Czech Republic - South Africa,2026-06-18 16:00:09,,2,,5,True,0.004545454545454599,steamer,False
33890313,Match shots on target,Remates a puerta durante el partido,12 or more,6,2.21,2.2,Spain - Cape Verde,2026-06-15 16:01:07,,2,,5,True,0.004545454545454507,steamer,False
33890416,Shots on target outside the box (Star Substitute),Remates a puerta desde fuera del área Mbappe (Suplente Estrella),1 or more,5,2.22,2.21,France - Senegal,2026-06-16 19:02:47,102.33,1,EUR,5,False,0.004524886877828168,steamer,False
37183511,Team to score a penalty,Equipo en marcar gol de penalti durante el partido,England,6,2.23,2.22,England - Costa Rica,2026-06-10 21:03:46,20.84,1,EUR,4,False,0.004504504504504355,steamer,False
36966640,Shots on target (Star Substitute),Remates a puerta Cristiano Ronaldo (Suplente Estrella),3 or more,9,2.28,2.27,Portugal - Uzbekistan,2026-06-23 17:00:06,219.36,1,EUR,8,False,0.0044052863436122225,steamer,False
36966480,To score or assist (Star Substitute),Marcar gol o asistir (Suplente Estrella),Gio Reyna,5,2.29,2.28,Usa - Australia,2026-06-19 19:00:27,20.93,1,EUR,5,False,0.004385964912280729,steamer,False
33890304,Match,Partido,Both teams to score y Over 7.5 corners,56,2.29,2.28,Netherlands - Japan,2026-06-14 20:00:08,,2,,44,True,0.004385964912280729,steamer,False
36966610,Away-side combo (bet builder),Argelia,"Algeria win, Over 2.5 goals y Over 8.5 corners",8,4.6,4.58,Jordan - Algeria,2026-06-23 03:00:21,9.16,1,EUR,4,False,0.004366812227074179,steamer,False
33890238,Anytime goalscorer (Star Substitute),Goleador durante el partido (Suplente Estrella),Raúl Jiménez,35,2.33,2.32,Mexico - South Africa,2026-06-11 19:05:51,,2,,31,True,0.004310344827586245,steamer,False
33890419,To score or assist (Star Substitute),Marcar gol o asistir (Suplente Estrella),Jordan Ayew,8,2.33,2.32,Ghana - Panama,2026-06-17 23:00:50,30.47,1,EUR,8,False,0.004310344827586245,steamer,False
33890291,Fouls Won (Star Substitute),Faltas recibidas Vinícius(Suplente Estrella),3 or more,12,2.33,2.32,Brazil - Morocco,2026-06-13 22:04:18,,2,,10,True,0.004310344827586245,steamer,False
36024520,Home-side combo (bet builder),Portugal,"Portugal win, Over 10.5 corners y Cristiano Ronaldo to score",7,4.73,4.71,Portugal - Democratic Republic of the Congo,2026-06-17 17:01:15,17.23,1,EUR,6,False,0.004246284501061709,steamer,False
33890416,Saves (Star Substitute),Paradas Mike Maignan (Suplente Estrella),3 or more,17,2.37,2.36,France - Senegal,2026-06-16 19:02:47,257.42,1,EUR,13,False,0.004237288135593416,steamer,False
36966549,Shots on target (Star Substitute),Remates a puerta Cody Gakpo (Suplente Estrella),2 or more,9,2.39,2.38,Netherlands - Sweden,2026-06-20 17:00:05,106.17,1,EUR,9,False,0.004201680672268966,steamer,False
33890306,Home-side combo (bet builder),Alemania,Germany win y Kimmich 1 or more assists,12,2.42,2.41,Germany - Curaçao,2026-06-14 17:01:45,7.15,1,EUR,5,False,0.0041493775933608935,steamer,False
33890238,Match fouls,Faltas durante el partido,29 or more,13,2.42,2.41,Mexico - South Africa,2026-06-11 19:05:51,33.62,1,EUR,4,False,0.0041493775933608935,steamer,False
36966638,Team corners,Corners equipo,England 8 or more,7,2.44,2.43,England - Ghana,2026-06-23 20:00:08,330.7,1,EUR,6,False,0.004115226337448432,steamer,False
36024480,Shots on target (Star Substitute),Remates a puerta Patrik Schick (Suplente Estrella),2 or more,6,2.45,2.44,South Korea - Czech Republic,2026-06-12 02:00:54,,2,,6,True,0.004098360655737846,steamer,False
36024520,Player to score with right foot,Marcar gol con la pierna derecha,Cristiano Ronaldo,7,2.5,2.49,Portugal - Democratic Republic of the Congo,2026-06-17 17:01:15,163.66,1,EUR,5,False,0.004016064257027913,steamer,False
33890238,Home-side combo (bet builder),México,Mexico win y Raúl Jiménez 2 or more shots on target,10,2.6,2.59,Mexico - South Africa,2026-06-11 19:05:51,92.72,1,EUR,9,False,0.0038610038610039647,steamer,False
36024520,Shots on target (Star Substitute),Remates a puerta Bruno Fernandes (Suplente Estrella),2 or more,11,2.62,2.61,Portugal - Democratic Republic of the Congo,2026-06-17 17:01:15,42.65,1,EUR,8,False,0.0038314176245211875,steamer,False
36966591,Tackles (Star Substitute),Entradas ganadas (tackles) Álex Baena (Suplente Estrella),2 or more,5,2.67,2.66,Spain - Saudi Arabia,2026-06-21 16:00:48,70.0,1,EUR,5,False,0.0037593984962404747,steamer,False
36024480,Saves (Star Substitute),Paradas Matej Kovar (Suplente Estrella),4 or more,6,2.71,2.7,South Korea - Czech Republic,2026-06-12 02:00:54,,2,,6,True,0.0037037037037036535,steamer,False
33890299,2nd Half: Team Cards (only players and in play),2º tiempo: Tarjetas equipo (solo jugadores y en juego),Belgium 2 or more,6,2.76,2.75,Belgium - Egypt,2026-06-15 19:00:29,2.5,1,EUR,2,False,0.0036363636363635128,steamer,False
36966593,Team shots on target,Remates a puerta equipo,Belgium 8 or more,9,2.77,2.76,Belgium - Iran,2026-06-21 19:00:03,,2,,7,True,0.0036231884057971882,steamer,False
36966549,Shots on target (Star Substitute),Remates a puerta Virgil Van Dijk (Suplente Estrella),1 or more,6,2.82,2.81,Netherlands - Sweden,2026-06-20 17:00:05,,2,,6,True,0.0035587188612099863,steamer,False
36024480,Team Shots,Remates equipo,South Korea 14 or more,6,2.83,2.82,South Korea - Czech Republic,2026-06-12 02:00:54,,2,,5,True,0.00354609929078014,steamer,False
36024520,Home-side combo (bet builder),Portugal,"Portugal win, Over 8.5 corners y Cristiano Ronaldo to score",7,2.89,2.88,Portugal - Democratic Republic of the Congo,2026-06-17 17:01:15,27.92,1,EUR,7,False,0.0034722222222222667,steamer,False
33890304,Match corners,Corners durante el partido,12 or more,14,3.03,3.02,Netherlands - Japan,2026-06-14 20:00:08,,2,,11,True,0.003311258278145782,steamer,False
36966466,Match,Partido,Over 2.5 goals y Over 7.5 corners,23,3.17,3.16,Mexico - South Korea,2026-06-19 01:00:38,,2,,22,True,0.0031645569620252657,steamer,False
36966609,Home-side combo (bet builder),Argentina,"Argentina win, Over 2.5 goals y Lionel Messi to score",29,3.2,3.19,Argentina - Austria,2026-06-22 17:00:58,342.92,1,EUR,21,False,0.0031347962382445973,steamer,False
37312355,Match,Partido,4 or more cards during the match y Chupe 2 or more shots on target,10,3.33,3.32,Almeria - Malaga,2026-06-20 19:32:16,0.48000000000000004,1,EUR,2,False,0.003012048192771157,steamer,False
36966611,1-X-2 / 2 goals Up,1-X-2 / Ventaja 2 goles,X,10,3.36,3.35,Norway - Senegal,2026-06-23 00:00:05,506.49,1,EUR,5,False,0.0029850746268655914,steamer,False
36966480,Saves (Star Substitute),Paradas Patrick Beach (Suplente Estrella),6 or more,6,3.38,3.37,Usa - Australia,2026-06-19 19:00:27,249.2,1,EUR,6,False,0.002967359050444982,steamer,False
36966611,Team Shots,Remates equipo,Norway 14 or more,6,3.43,3.42,Norway - Senegal,2026-06-23 00:00:05,,2,,2,True,0.00292397660818722,steamer,False
33890220,Away-side combo (bet builder),Colombia,"Colombia win, Over 2.5 goals y Luis Diaz to score",6,3.44,3.43,Uzbekistan - Colombia,2026-06-18 02:00:00,25.75,1,EUR,6,False,0.0029154518950435327,steamer,False
36966549,Team shots on target,Remates a puerta equipo,Netherlands 8 or more,5,3.48,3.47,Netherlands - Sweden,2026-06-20 17:00:05,,2,,5,True,0.0028818443804035335,steamer,False
33890419,Anytime goalscorer (Star Substitute),Goleador durante el partido (Suplente Estrella),Iñaki Williams,17,3.58,3.57,Ghana - Panama,2026-06-17 23:00:50,54.22,1,EUR,14,False,0.0028011204481793476,steamer,False
36971426,1-X-2 / 2 goals Up,1-X-2 / Ventaja 2 goles,2,18,3.69,3.68,Turkey - Paraguay,2026-06-20 03:00:03,,2,,13,True,0.002717391304347658,steamer,False
36966466,Match,Partido,Both teams to score y Raúl Jiménez to score,5,3.92,3.91,Mexico - South Korea,2026-06-19 01:00:38,13.56,1,EUR,4,False,0.0025575447570332878,steamer,False
33890299,Assists (Star Substitute),Asistencias Trossard (Suplente Estrella),1 or more,5,4.44,4.43,Belgium - Egypt,2026-06-15 19:00:29,1.3,1,EUR,2,False,0.0022573363431153573,steamer,False
36966472,Assists (Star Substitute),Asistencias Tajon Buchanan (Suplente Estrella),1 or more,5,4.5,4.49,Canada - Qatar,2026-06-18 22:00:44,10.72,1,EUR,3,False,0.002227171492204888,steamer,False
36966638,Shots on target (Star Substitute),Remates a puerta Harry Kane (Suplente Estrella),4 or more,6,4.59,4.58,England - Ghana,2026-06-23 20:00:08,111.4,1,EUR,6,False,0.0021834061135371043,steamer,False
33890238,Anytime goalscorer (Star Substitute),Goleador durante el partido (Suplente Estrella),Lyle Foster,5,4.69,4.68,Mexico - South Africa,2026-06-11 19:05:51,30.89,1,EUR,5,False,0.002136752136752273,steamer,False
33890444,Saves (Star Substitute),Paradas Dominik Livakovic (Suplente Estrella),6 or more,6,5.0,4.99,England - Croatia,2026-06-17 20:00:04,,2,,6,True,0.0020040080160318996,steamer,False
36966480,Team corners,Corners equipo,Australia 4 or more,31,2.32,2.32,Usa - Australia,2026-06-19 19:00:27,,2,,22,True,0.0,drifter,False
33890312,Fouls Won (Star Substitute),Faltas recibidas Valverde(Suplente Estrella),2 or more,5,3.0,3.0,Saudi Arabia - Uruguay,2026-06-15 22:03:57,28.67,1,EUR,3,False,0.0,drifter,False
36966480,Team goal kicks,Saques de puerta equipo,Australia 10 or more,50,2.35,2.35,Usa - Australia,2026-06-19 19:00:27,250.0,1,EUR,1,False,0.0,drifter,False
33890220,Match corners,Corners durante el partido,9 or more,16,1.81,1.81,Uzbekistan - Colombia,2026-06-18 02:00:00,,2,,16,True,0.0,drifter,False
36966592,Shots on target (Star Substitute),Remates a puerta Mohamed Salah (Suplente Estrella),1 or more,7,1.32,1.32,New Zealand - Egypt,2026-06-22 01:00:05,,2,,6,True,0.0,drifter,False
36966480,Saves (Star Substitute),Paradas Matt Turner (Suplente Estrella),2 or more,5,1.48,1.48,Usa - Australia,2026-06-19 19:00:27,0.78,1,EUR,1,False,0.0,drifter,False
36966640,Player to Score Free-Kick,Marcar gol de falta directa,Cristiano Ronaldo,18,17.0,17.0,Portugal - Uzbekistan,2026-06-23 17:00:06,54.4,1,EUR,17,False,0.0,drifter,False
36966480,Saves (Star Substitute),Paradas Patrick Beach (Suplente Estrella),2 or more,8,1.08,1.08,Usa - Australia,2026-06-19 19:00:27,30.0,1,EUR,1,False,0.0,drifter,False
36966640,Player headed shots on target (Star Substitute),Remates a puerta con la cabeza Cristiano Ronaldo (Suplente Estrella),2 or more,9,10.1,10.1,Portugal - Uzbekistan,2026-06-23 17:00:06,60.8,1,EUR,9,False,0.0,drifter,False
36966592,Shots on target (Star Substitute),Remates a puerta Chris Wood (Suplente Estrella),1 or more,6,1.6,1.6,New Zealand - Egypt,2026-06-22 01:00:05,44.18,1,EUR,6,False,0.0,drifter,False
36966592,Away-side combo (bet builder),Egipto,"Egypt win, Over 8.5 corners y Trezeguet to score",5,6.55,6.55,New Zealand - Egypt,2026-06-22 01:00:05,0.5499999999999999,1,EUR,1,False,0.0,drifter,False
33890220,Fouls Won (Star Substitute),Faltas recibidas Luis Diaz(Suplente Estrella),2 or more,7,1.73,1.73,Uzbekistan - Colombia,2026-06-18 02:00:00,11.5,1,EUR,6,False,0.0,drifter,False
36966592,Player to score a penalty (No penalty shootout),Marcar gol de penalti (No tanda de penaltis),Mohamed Salah,7,6.0,6.0,New Zealand - Egypt,2026-06-22 01:00:05,8.0,1,EUR,1,False,0.0,drifter,False
36966480,Shots (Star Substitute),Remates Ricardo Pepi (Suplente Estrella),3 or more,7,1.62,1.62,Usa - Australia,2026-06-19 19:00:27,505.0,1,EUR,4,False,0.0,drifter,False
36966592,Match penalty missed,Penalti fallado durante el partido,Yes,5,11.0,11.0,New Zealand - Egypt,2026-06-22 01:00:05,,2,,5,True,0.0,drifter,False
36966592,Shots on target (Star Substitute),Remates a puerta Mohamed Salah (Suplente Estrella),2 or more,16,2.39,2.39,New Zealand - Egypt,2026-06-22 01:00:05,,2,,12,True,0.0,drifter,False
33890220,Player to score in fisrt ten minutes (from 0:00 to 9:59),Jugador en meter gol en los 10 primeros minutos (del 0:00 al 9:59),Luis Diaz,11,13.0,13.0,Uzbekistan - Colombia,2026-06-18 02:00:00,,2,,10,True,0.0,drifter,False
33890220,Hat trick (three or more goals) (Star Substitute),Hat trick (tres o más goles) (Suplente Estrella),Luis Suárez,9,23.0,23.0,Uzbekistan - Colombia,2026-06-18 02:00:00,,2,,7,True,0.0,drifter,False
36966480,Most goals+assists - vs (both starters),Más goles+asistencias - Weston McKennie vs Nestory Irankunda (Ambos titulares o se anula),Weston McKennie,10,3.63,3.63,Usa - Australia,2026-06-19 19:00:27,0.37,1,EUR,1,False,0.0,drifter,False
36966553,Match,Partido,"Over 2.5 goals, Over 8.5 corners y Havertz to score",5,4.07,4.07,Germany - Ivory Coast,2026-06-20 20:00:00,9.0,1,EUR,4,False,0.0,drifter,False
33890312,Away-side combo (bet builder),Uruguay,Uruguay win y Rodrigo Zalazar 1 or more assists,6,4.26,4.26,Saudi Arabia - Uruguay,2026-06-15 22:03:57,0.23,1,EUR,1,False,0.0,drifter,False
36966611,Match corners,Corners durante el partido,12 or more,27,3.52,3.52,Norway - Senegal,2026-06-23 00:00:05,16.119999999999997,1,EUR,5,False,0.0,drifter,False
33890309,To score 2 or more goals (Star Substitute),Marcar 2 goles o más (Suplente Estrella),Pulisic,9,18.0,18.0,Usa - Paraguay,2026-06-13 01:02:10,18.25,1,EUR,8,False,0.0,drifter,False
36966591,Team shots on target,Remates a puerta equipo,Saudi Arabia 3 or more,8,2.2,2.2,Spain - Saudi Arabia,2026-06-21 16:00:48,,2,,8,True,0.0,drifter,False
36966485,Player to score in fisrt ten minutes (from 0:00 to 9:59),Jugador en meter gol en los 10 primeros minutos (del 0:00 al 9:59),Vinícius,18,12.0,12.0,Brazil - Haiti,2026-06-20 00:32:31,,2,,18,True,0.0,drifter,False
36966485,Player to score in fisrt ten minutes (from 0:00 to 9:59),Jugador en meter gol en los 10 primeros minutos (del 0:00 al 9:59),Raphinha,8,12.0,12.0,Brazil - Haiti,2026-06-20 00:32:31,,2,,8,True,0.0,drifter,False
33890299,Match fouls,Faltas durante el partido,25 or more,7,1.71,1.71,Belgium - Egypt,2026-06-15 19:00:29,152.7,1,EUR,3,False,0.0,drifter,False
36966485,Player to score a penalty (No penalty shootout),Marcar gol de penalti (No tanda de penaltis),Vinícius,5,17.0,17.0,Brazil - Haiti,2026-06-20 00:32:31,42.0,1,EUR,5,False,0.0,drifter,False
36966485,Most assists - vs (both starters),Más asistencias - Bruno Guimarães vs Louicius Don Deedson (Ambos titulares o se anula),Bruno Guimarães,10,5.85,5.85,Brazil - Haiti,2026-06-20 00:32:31,0.37,1,EUR,1,False,0.0,drifter,False
36966591,Team tackles,Entradas ganadas (tackles) equipo,Saudi Arabia 18 or more,6,2.51,2.51,Spain - Saudi Arabia,2026-06-21 16:00:48,2276.0,1,PEN,2,False,0.0,drifter,False
36966485,Match,Partido,Over 2.5 goals y Over 7.5 corners,14,1.54,1.54,Brazil - Haiti,2026-06-20 00:32:31,19.35,1,EUR,12,False,0.0,drifter,False
36966611,Match shots on target,Remates a puerta durante el partido,11 or more,6,2.62,2.62,Norway - Senegal,2026-06-23 00:00:05,16.66,1,EUR,3,False,0.0,drifter,False
36966591,To be carded (only players and in play)(Star Substitute),Recibir tarjeta (sólo jugadores y en juego) (Suplente Estrella),Abdullah Al Khaibari,5,4.69,4.69,Spain - Saudi Arabia,2026-06-21 16:00:48,155.5,1,EUR,5,False,0.0,drifter,False
36966485,Home-side combo (bet builder),Brasil,"Brazil win, Vinícius 3 or more shots on target y Bruno Guimarães 3 or more shots on target",7,41.0,41.0,Brazil - Haiti,2026-06-20 00:32:31,8.5,1,EUR,3,False,0.0,drifter,False
36966485,Home-side combo (bet builder),Brasil,"Brazil win, Over 8.5 corners y Raphinha to score",5,2.78,2.78,Brazil - Haiti,2026-06-20 00:32:31,3.7,1,EUR,1,False,0.0,drifter,False
36966611,Match corners,Corners durante el partido,8 or more,22,1.54,1.54,Norway - Senegal,2026-06-23 00:00:05,,2,,20,True,0.0,drifter,False
36966611,Match,Partido,Over 7.5 corners y Haaland to score,16,2.73,2.73,Norway - Senegal,2026-06-23 00:00:05,11.73,1,EUR,11,False,0.0,drifter,False
36966592,Assists (Star Substitute),Asistencias Omar Marmoush (Suplente Estrella),1 or more,5,4.43,4.43,New Zealand - Egypt,2026-06-22 01:00:05,0.91,1,EUR,1,False,0.0,drifter,False
33890298,To be carded (only players and in play)(Star Substitute),Recibir tarjeta (sólo jugadores y en juego)(Suplente Estrella),Rouzbeh Cheshmi,6,3.92,3.92,Iran - New Zealand,2026-06-16 01:03:48,0.23,1,EUR,1,False,0.0,drifter,False
36966592,Anytime goalscorer (Star Substitute),Goleador durante el partido (Suplente Estrella),Hamza Abdelkarim,5,3.07,3.07,New Zealand - Egypt,2026-06-22 01:00:05,0.46,1,EUR,1,False,0.0,drifter,False
36966485,Home-side combo (bet builder),Brasil,A goal in both halves y Vinícius 2 or more shots on target,9,2.14,2.14,Brazil - Haiti,2026-06-20 00:32:31,21.220000000000002,1,EUR,8,False,0.0,drifter,False
36966485,Hat trick (three or more goals) (Star Substitute),Hat trick (tres o más goles) (Suplente Estrella),Vinícius,48,13.0,13.0,Brazil - Haiti,2026-06-20 00:32:31,,2,,38,True,0.0,drifter,False
36966485,Hat trick (three or more goals) (Star Substitute),Hat trick (tres o más goles) (Suplente Estrella),Raphinha,15,17.0,17.0,Brazil - Haiti,2026-06-20 00:32:31,262.83,1,EUR,12,False,0.0,drifter,False
33890312,2nd Half: Team Cards (only players and in play),2º tiempo: Tarjetas equipo (solo jugadores y en juego),Uruguay 2 or more,6,2.04,2.04,Saudi Arabia - Uruguay,2026-06-15 22:03:57,1.25,1,EUR,2,False,0.0,drifter,False
36966592,Assists (Star Substitute),Asistencias Mohamed Salah (Suplente Estrella),1 or more,5,3.72,3.72,New Zealand - Egypt,2026-06-22 01:00:05,32.97,1,EUR,4,False,0.0,drifter,False
36966485,Anytime goalscorer (Star Substitute),Goleador durante el partido (Suplente Estrella),Vinícius,150,1.8,1.8,Brazil - Haiti,2026-06-20 00:32:31,,2,,120,True,0.0,drifter,False
33890312,Assists (Star Substitute),Asistencias Valverde (Suplente Estrella),1 or more,7,4.53,4.53,Saudi Arabia - Uruguay,2026-06-15 22:03:57,14.08,1,EUR,4,False,0.0,drifter,False
33890220,To score or assist (Star Substitute),Marcar gol o asistir (Suplente Estrella),Jhon Arias,8,2.01,2.01,Uzbekistan - Colombia,2026-06-18 02:00:00,,2,,4,True,0.0,drifter,False
36966592,Shots on target each half (Star Substitute),Remates a puerta en cada tiempo Omar Marmoush (Suplente Estrella),1 or more,5,3.4,3.4,New Zealand - Egypt,2026-06-22 01:00:05,10.83,1,EUR,1,False,0.0,drifter,False
36966640,Home-side combo (bet builder),Portugal,"Portugal win, Over 8.5 corners y Bruno Fernandes to be booked",5,13.0,13.0,Portugal - Uzbekistan,2026-06-23 17:00:06,57.45,1,EUR,4,False,0.0,drifter,False
36966480,To score or assist (Star Substitute),Marcar gol o asistir (Suplente Estrella),Jordan Jacob Bos,8,5.2,5.2,Usa - Australia,2026-06-19 19:00:27,0.4,1,EUR,1,False,0.0,drifter,False
33890220,Team corners,Corners equipo,Colombia 4 or more,11,1.2,1.2,Uzbekistan - Colombia,2026-06-18 02:00:00,,2,,9,True,0.0,drifter,False
33890220,Team shots on target,Remates a puerta equipo,Colombia 5 or more,6,1.21,1.21,Uzbekistan - Colombia,2026-06-18 02:00:00,27.740000000000002,1,EUR,6,False,0.0,drifter,False
36966473,To score 2 or more goals (Star Substitute),Marcar 2 goles o más (Suplente Estrella),Dzeko,6,23.0,23.0,Switzerland - Bosnia And Herzegovina,2026-06-18 19:00:01,27.0,1,EUR,6,False,0.0,drifter,False
33890220,Away-side combo (bet builder),Colombia,"Colombia win, Over 8.5 corners y Luis Diaz to score 2 or more goals",8,13.0,13.0,Uzbekistan - Colombia,2026-06-18 02:00:00,,2,,5,True,0.0,drifter,False
33890313,Hat trick (three or more goals) (Star Substitute),Hat trick (tres o más goles) (Suplente Estrella),Mikel Merino,5,29.0,29.0,Spain - Cape Verde,2026-06-15 16:01:07,0.46,1,EUR,1,False,0.0,drifter,False
33890313,Hat trick (three or more goals) (Star Substitute),Hat trick (tres o más goles) (Suplente Estrella),Lamine Yamal,9,15.0,15.0,Spain - Cape Verde,2026-06-15 16:01:07,,2,,9,True,0.0,drifter,False
36971426,Shots on target (Star Substitute),Remates a puerta Calhanoglu (Suplente Estrella),2 or more,5,4.6,4.6,Turkey - Paraguay,2026-06-20 03:00:03,5.43,1,EUR,3,False,0.0,drifter,False
33890313,Assists (Star Substitute),Asistencias Pedri (Suplente Estrella),1 or more,7,3.13,3.13,Spain - Cape Verde,2026-06-15 16:01:07,148.75,1,EUR,7,False,0.0,drifter,False
33890291,Player most passes (voiding in case of tie),Jugador en dar más pases,Marquinhos,6,6.35,6.35,Brazil - Morocco,2026-06-13 22:04:18,69.0,1,EUR,4,False,0.0,drifter,False
36966609,Shots on target outside the box (Star Substitute),Remates a puerta desde fuera del área Lionel Messi (Suplente Estrella),2 or more,8,3.97,3.97,Argentina - Austria,2026-06-22 17:00:58,,2,,8,True,0.0,drifter,False
36971426,Shots (Star Substitute),Remates Arda Güler (Suplente Estrella),3 or more,8,1.71,1.71,Turkey - Paraguay,2026-06-20 03:00:03,400.0,1,EUR,3,False,0.0,drifter,False
36971426,Match tackles,Entradas ganadas (tackles) durante el partido,33 or more,5,2.44,2.44,Turkey - Paraguay,2026-06-20 03:00:03,1714.0,1,PEN,2,False,0.0,drifter,False
36966609,Home-side combo (bet builder),Argentina,"Argentina win, Lautaro Martínez 3 or more shots on target y Lionel Messi 3 or more shots on target",5,18.0,18.0,Argentina - Austria,2026-06-22 17:00:58,9.75,1,EUR,4,False,0.0,drifter,False
33890291,Player to score in fisrt ten minutes (from 0:00 to 9:59),Jugador en meter gol en los 10 primeros minutos (del 0:00 al 9:59),Vinícius,6,18.0,18.0,Brazil - Morocco,2026-06-13 22:04:18,63.949999999999996,1,EUR,6,False,0.0,drifter,False
33890291,Saves (Star Substitute),Paradas Alisson (Suplente Estrella),2 or more,5,1.38,1.38,Brazil - Morocco,2026-06-13 22:04:18,112.77,1,EUR,5,False,0.0,drifter,False
33890291,Saves (Star Substitute),Paradas Alisson (Suplente Estrella),3 or more,13,2.1,2.1,Brazil - Morocco,2026-06-13 22:04:18,187.79,1,EUR,7,False,0.0,drifter,False
33890211,Team tackles,Entradas ganadas (tackles) equipo,Algeria 17 or more,6,2.45,2.45,Argentina - Algeria,2026-06-17 01:02:37,2374.0,1,PEN,2,False,0.0,drifter,False
36966609,Hat trick (three or more goals) (Star Substitute),Hat trick (tres o más goles) (Suplente Estrella),Lionel Messi,106,21.0,21.0,Argentina - Austria,2026-06-22 17:00:58,,2,,83,True,0.0,drifter,False
33890312,To score from outside the box (Star Substitute),Marcar gol desde fuera del área (Suplente Estrella),Valverde,5,7.35,7.35,Saudi Arabia - Uruguay,2026-06-15 22:03:57,47.5,1,EUR,4,False,0.0,drifter,False
33890211,To score 2 or more goals (Star Substitute),Marcar 2 goles o más (Suplente Estrella),Lionel Messi,83,5.6,5.6,Argentina - Algeria,2026-06-17 01:02:37,,2,,62,True,0.0,drifter,False
33890291,Player most passes (voiding in case of tie),Jugador en dar más pases,Gabriel,6,6.15,6.15,Brazil - Morocco,2026-06-13 22:04:18,69.0,1,EUR,4,False,0.0,drifter,False
36966609,Shots on target outside the box (Star Substitute),Remates a puerta desde fuera del área Arnautovic (Suplente Estrella),1 or more,6,8.0,8.0,Argentina - Austria,2026-06-22 17:00:58,0.44000000000000006,1,EUR,1,False,0.0,drifter,False
36966472,Team goals,Goles equipo,Canada 1 or more,5,1.11,1.11,Canada - Qatar,2026-06-18 22:00:44,66.0,1,EUR,4,False,0.0,drifter,False
33890291,Most shots - vs (both starters),Más remates - Vinícius vs Ayoub Kaabi (Ambos titulares o se anula),Vinícius,11,1.5,1.5,Brazil - Morocco,2026-06-13 22:04:18,4.42,1,EUR,5,False,0.0,drifter,False
36966609,Player to Score Free-Kick,Marcar gol de falta directa,Lionel Messi,45,19.0,19.0,Argentina - Austria,2026-06-22 17:00:58,,2,,31,True,0.0,drifter,False
36971426,Team exact bookings (only players and in play),Número de tarjetas equipo (solo jugadores y en juego),Turkey 2 or more,5,1.54,1.54,Turkey - Paraguay,2026-06-20 03:00:03,,2,,4,True,0.0,drifter,False
36966469,Match tackles,Entradas ganadas (tackles) durante el partido,30 or more,6,2.71,2.71,Czech Republic - South Africa,2026-06-18 16:00:09,1840.0,1,PEN,4,False,0.0,drifter,False
33890291,Match,Partido,Both teams to score y Over 9.5 corners,6,4.17,4.17,Brazil - Morocco,2026-06-13 22:04:18,163.48,1,EUR,6,False,0.0,drifter,False
36966609,Player to score in fisrt ten minutes (from 0:00 to 9:59),Jugador en meter gol en los 10 primeros minutos (del 0:00 al 9:59),Arnautovic,5,23.0,23.0,Argentina - Austria,2026-06-22 17:00:58,2.67,1,EUR,3,False,0.0,drifter,False
36966609,Player to score in fisrt ten minutes (from 0:00 to 9:59),Jugador en meter gol en los 10 primeros minutos (del 0:00 al 9:59),Lautaro Martínez,11,13.0,13.0,Argentina - Austria,2026-06-22 17:00:58,,2,,11,True,0.0,drifter,False
33890313,Home-side combo (bet builder),España,"Spain win, Over 2.5 goals y Oyarzabal to score",35,1.78,1.78,Spain - Cape Verde,2026-06-15 16:01:07,50.07,1,EUR,23,False,0.0,drifter,False
33890313,Home-side combo (bet builder),España,"Spain win, Over 2.5 goals y Over 8.5 corners",18,1.86,1.86,Spain - Cape Verde,2026-06-15 16:01:07,,2,,17,True,0.0,drifter,False
36966609,Saves (Star Substitute),Paradas Alexander Schlager (Suplente Estrella),4 or more,15,2.11,2.11,Argentina - Austria,2026-06-22 17:00:58,275.3,1,EUR,13,False,0.0,drifter,False
36966469,Team tackles,Entradas ganadas (tackles) equipo,Czech Republic 16 or more,8,2.66,2.66,Czech Republic - South Africa,2026-06-18 16:00:09,2284.0,1,PEN,4,False,0.0,drifter,False
36966469,To Score a Header (Star Substitute),Marcar gol con la cabeza (Suplente Estrella),Patrik Schick,8,6.1,6.1,Czech Republic - South Africa,2026-06-18 16:00:09,93.08,1,EUR,7,False,0.0,drifter,False
36966469,To score or assist (Star Substitute),Marcar gol o asistir (Suplente Estrella),Patrik Schick,53,2.03,2.03,Czech Republic - South Africa,2026-06-18 16:00:09,,2,,43,True,0.0,drifter,False
36966609,Saves (Star Substitute),Paradas Alexander Schlager (Suplente Estrella),5 or more,6,3.48,3.48,Argentina - Austria,2026-06-22 17:00:58,240.67000000000002,1,EUR,6,False,0.0,drifter,False
36966609,Match goal kicks,Saques de puerta durante el partido,14 or more,56,1.85,1.85,Argentina - Austria,2026-06-22 17:00:58,415.98,1,EUR,2,False,0.0,drifter,False
36966609,Shots on target (Star Substitute),Remates a puerta Lautaro Martínez (Suplente Estrella),3 or more,7,5.15,5.15,Argentina - Austria,2026-06-22 17:00:58,105.3,1,EUR,7,False,0.0,drifter,False
33890291,Shots on target (Star Substitute),Remates a puerta Vinícius (Suplente Estrella),2 or more,29,2.35,2.35,Brazil - Morocco,2026-06-13 22:04:18,561.61,1,EUR,28,False,0.0,drifter,False
36966609,Team shots on target,Remates a puerta equipo,Argentina 5 or more,8,1.37,1.37,Argentina - Austria,2026-06-22 17:00:58,54.099999999999994,1,EUR,8,False,0.0,drifter,False
33890312,Match,Partido,Over 2.5 goals y Over 7.5 corners,13,2.69,2.69,Saudi Arabia - Uruguay,2026-06-15 22:03:57,13.33,1,EUR,11,False,0.0,drifter,False
36966593,Assists (Star Substitute),Asistencias Tielemans (Suplente Estrella),1 or more,6,4.49,4.49,Belgium - Iran,2026-06-21 19:00:03,1.3900000000000001,1,EUR,2,False,0.0,drifter,False
36966473,Team corners,Corners equipo,Bosnia And Herzegovina 4 or more,30,2.32,2.32,Switzerland - Bosnia And Herzegovina,2026-06-18 19:00:01,,2,,27,True,0.0,drifter,False
36966593,Anytime goalscorer (Star Substitute),Goleador durante el partido (Suplente Estrella),Hans Vanaken,5,3.52,3.52,Belgium - Iran,2026-06-21 19:00:03,0.46,1,EUR,1,False,0.0,drifter,False
33890312,Player most passes (voiding in case of tie),Jugador en dar más pases,Rodrigo Bentancur,8,7.05,7.05,Saudi Arabia - Uruguay,2026-06-15 22:03:57,118.0,1,EUR,7,False,0.0,drifter,False
36966640,goal scorer (Star Substitute),Jugador en meter el 1º gol (Suplente Estrella),Cristiano Ronaldo,32,2.97,2.97,Portugal - Uzbekistan,2026-06-23 17:00:06,,2,,25,True,0.0,drifter,False
36966592,To score or assist (Star Substitute),Marcar gol o asistir (Suplente Estrella),Omar Marmoush,23,1.95,1.95,New Zealand - Egypt,2026-06-22 01:00:05,,2,,20,True,0.0,drifter,False
36966473,Team shots on target,Remates a puerta equipo,Switzerland 5 or more,5,1.36,1.36,Switzerland - Bosnia And Herzegovina,2026-06-18 19:00:01,,2,,5,True,0.0,drifter,False
36966473,To score 2 or more goals (Star Substitute),Marcar 2 goles o más (Suplente Estrella),Breel Embolo,43,7.35,7.35,Switzerland - Bosnia And Herzegovina,2026-06-18 19:00:01,,2,,32,True,0.0,drifter,False
36966485,Shots on target (Star Substitute),Remates a puerta Vinícius (Suplente Estrella),1 or more,15,1.15,1.15,Brazil - Haiti,2026-06-20 00:32:31,,2,,12,True,0.0,drifter,False
36966473,To score 2 or more goals (Star Substitute),Marcar 2 goles o más (Suplente Estrella),Ermedin Demirovic,7,31.0,31.0,Switzerland - Bosnia And Herzegovina,2026-06-18 19:00:01,8.18,1,EUR,4,False,0.0,drifter,False
33890312,Match fouls,Faltas durante el partido,28 or more,8,1.81,1.81,Saudi Arabia - Uruguay,2026-06-15 22:03:57,222.8,1,EUR,3,False,0.0,drifter,False
36966592,Team goals,Goles equipo,New Zealand 2 or more,8,4.7,4.7,New Zealand - Egypt,2026-06-22 01:00:05,0.52,1,EUR,1,False,0.0,drifter,False
33890220,Away-side combo (bet builder),Colombia,Colombia win y A goal in both halves,19,2.03,2.03,Uzbekistan - Colombia,2026-06-18 02:00:00,41.1,1,EUR,16,False,0.0,drifter,False
33890298,Match tackles,Entradas ganadas (tackles) durante el partido,31 or more,6,2.35,2.35,Iran - New Zealand,2026-06-16 01:03:48,2548.0,1,PEN,2,False,0.0,drifter,False
36966592,Shots on target outside the box (Star Substitute),Remates a puerta desde fuera del área Mohamed Salah (Suplente Estrella),1 or more,7,5.1,5.1,New Zealand - Egypt,2026-06-22 01:00:05,,2,,7,True,0.0,drifter,False
36966640,Shots on target outside the box (Star Substitute),Remates a puerta desde fuera del área Cristiano Ronaldo (Suplente Estrella),2 or more,9,12.0,12.0,Portugal - Uzbekistan,2026-06-23 17:00:06,46.58,1,EUR,8,False,0.0,drifter,False
33890220,1st half: Team corners,1º tiempo: Corners equipo,Colombia 2 or more,5,1.28,1.28,Uzbekistan - Colombia,2026-06-18 02:00:00,,2,,5,True,0.0,drifter,False
36966610,Shots on target outside the box (Star Substitute),Remates a puerta desde fuera del área Moussa Al Tamari (Suplente Estrella),1 or more,6,3.66,3.66,Jordan - Algeria,2026-06-23 03:00:21,0.44000000000000006,1,EUR,1,False,0.0,drifter,False
33890312,Team goal kicks,Saques de puerta equipo,Uruguay 7 or more,5,2.51,2.51,Saudi Arabia - Uruguay,2026-06-15 22:03:57,313.5,1,EUR,2,False,0.0,drifter,False
36966593,Home-side combo (bet builder),Bélgica,"Belgium win, Doku 2 or more shots on target y Lukaku 2 or more shots on target",5,6.0,6.0,Belgium - Iran,2026-06-21 19:00:03,0.21000000000000002,1,EUR,1,False,0.0,drifter,False
33890291,Team corners,Corners equipo,Morocco 3 or more,12,1.4,1.4,Brazil - Morocco,2026-06-13 22:04:18,,2,,12,True,0.0,drifter,False
36966593,Team shots on target,Remates a puerta equipo,Belgium 9 or more,5,4.07,4.07,Belgium - Iran,2026-06-21 19:00:03,,2,,5,True,0.0,drifter,False
36966473,1st half: Team corners,1º tiempo: Corners equipo,Switzerland 5 or more,5,3.68,3.68,Switzerland - Bosnia And Herzegovina,2026-06-18 19:00:01,49.78,1,EUR,5,False,0.0,drifter,False
33890291,Fouls (Star Substitute),Faltas Vinícius (Suplente Estrella),2 or more,6,2.42,2.42,Brazil - Morocco,2026-06-13 22:04:18,100.0,1,EUR,6,False,0.0,drifter,False
36966609,To score or assist (Star Substitute),Marcar gol o asistir (Suplente Estrella),Enzo Fernandez,6,2.92,2.92,Argentina - Austria,2026-06-22 17:00:58,104.76,1,EUR,6,False,0.0,drifter,False
33890291,Away-side combo (bet builder),Marruecos,Morocco win y Vinícius to score,7,31.0,31.0,Brazil - Morocco,2026-06-13 22:04:18,9.809999999999999,1,EUR,3,False,0.0,drifter,False
33890291,Away-side combo (bet builder),Marruecos,Morocco win y Brahim to score,6,12.0,12.0,Brazil - Morocco,2026-06-13 22:04:18,2.5,1,EUR,2,False,0.0,drifter,False
36966593,Team corners,Corners equipo,Belgium 5 or more,37,1.37,1.37,Belgium - Iran,2026-06-21 19:00:03,184.46,1,EUR,34,False,0.0,drifter,False
36966593,Shots on target (Star Substitute),Remates a puerta Lukaku (Suplente Estrella),3 or more,5,3.68,3.68,Belgium - Iran,2026-06-21 19:00:03,86.33,1,EUR,5,False,0.0,drifter,False
33890291,To score 2 or more goals (Star Substitute),Marcar 2 goles o más (Suplente Estrella),Brahim,14,36.0,36.0,Brazil - Morocco,2026-06-13 22:04:18,25.45,1,EUR,8,False,0.0,drifter,False
33890291,To score 2 or more goals (Star Substitute),Marcar 2 goles o más (Suplente Estrella),Vinícius,49,13.0,13.0,Brazil - Morocco,2026-06-13 22:04:18,,2,,31,True,0.0,drifter,False
36971426,Home-side combo (bet builder),Turquía,Turkey win y Over 2.5 goals,10,3.4,3.4,Turkey - Paraguay,2026-06-20 03:00:03,28.19,1,EUR,10,False,0.0,drifter,False
36971426,Home-side combo (bet builder),Turquía,Turkey win y Arda Güler 1 or more assists,6,5.05,5.05,Turkey - Paraguay,2026-06-20 03:00:03,3.08,1,EUR,5,False,0.0,drifter,False
36966473,Match corners,Corners durante el partido,10 or more,20,1.81,1.81,Switzerland - Bosnia And Herzegovina,2026-06-18 19:00:01,,2,,19,True,0.0,drifter,False
33890298,1-X-2 / 2 goals Up,1-X-2 / Ventaja 2 goles,2,11,4.58,4.58,Iran - New Zealand,2026-06-16 01:03:48,,2,,9,True,0.0,drifter,False
36966485,Shots on target (Star Substitute),Remates a puerta Raphinha (Suplente Estrella),1 or more,5,1.25,1.25,Brazil - Haiti,2026-06-20 00:32:31,,2,,4,True,0.0,drifter,False
36966485,Team offsides,Fueras de juego equipo,Brazil 3 or more,5,2.07,2.07,Brazil - Haiti,2026-06-20 00:32:31,0.9700000000000001,1,PEN,1,False,0.0,drifter,False
36966591,Team shots on target,Remates a puerta equipo,Saudi Arabia 1 or more,5,1.11,1.11,Spain - Saudi Arabia,2026-06-21 16:00:48,1.7,1,EUR,2,False,0.0,drifter,False
36966550,2nd Half: Team Cards (only players and in play),2º tiempo: Tarjetas equipo (solo jugadores y en juego),Ecuador 1 or more,5,1.65,1.65,Ecuador - Curaçao,2026-06-21 00:00:04,3.62,1,EUR,1,False,0.0,drifter,False
33890304,Match shots on target,Remates a puerta durante el partido,8 or more,10,1.35,1.35,Netherlands - Japan,2026-06-14 20:00:08,,2,,9,True,0.0,drifter,False
36966612,To score and Assist,Marcar gol y asistir,Michael Olise,8,3.48,3.48,France - Iraq,2026-06-22 21:00:42,39.13,1,EUR,7,False,0.0,drifter,False
36966549,To score 2 or more goals (Star Substitute),Marcar 2 goles o más (Suplente Estrella),Viktor Gyokeres,19,13.0,13.0,Netherlands - Sweden,2026-06-20 17:00:05,131.02,1,EUR,16,False,0.0,drifter,False
33890304,Most goals+assists - vs (both starters),Más goles+asistencias - Cody Gakpo vs Junya Ito (Ambos titulares o se anula),Cody Gakpo,5,3.27,3.27,Netherlands - Japan,2026-06-14 20:00:08,3.3400000000000003,1,EUR,1,False,0.0,drifter,False
33890304,Saves (Star Substitute),Paradas Bart Verbruggen (Suplente Estrella),4 or more,9,3.28,3.28,Netherlands - Japan,2026-06-14 20:00:08,,2,,8,True,0.0,drifter,False
33890304,Saves (Star Substitute),Paradas Bart Verbruggen (Suplente Estrella),5 or more,7,6.45,6.45,Netherlands - Japan,2026-06-14 20:00:08,,2,,7,True,0.0,drifter,False
33890304,Shots (Star Substitute),Remates Virgil Van Dijk (Suplente Estrella),1 or more,5,1.51,1.51,Netherlands - Japan,2026-06-14 20:00:08,75.57,1,EUR,4,False,0.0,drifter,False
36966590,Shots on target (Star Substitute),Remates a puerta Federico Viñas (Suplente Estrella),2 or more,11,1.95,1.95,Uruguay - Cape Verde,2026-06-21 22:00:33,391.40999999999997,1,EUR,11,False,0.0,drifter,False
33890306,Anytime goalscorer (Star Substitute),Goleador durante el partido (Suplente Estrella),Havertz,59,1.45,1.45,Germany - Curaçao,2026-06-14 17:01:45,341.38,1,EUR,47,False,0.0,drifter,False
33890304,Team corners,Corners equipo,Japan 7 or more,8,5.0,5.0,Netherlands - Japan,2026-06-14 20:00:08,,2,,8,True,0.0,drifter,False
36966590,Player to score with right foot,Marcar gol con la pierna derecha,Rodrigo Zalazar,6,4.6,4.6,Uruguay - Cape Verde,2026-06-21 22:00:33,0.56,1,EUR,1,False,0.0,drifter,False
36966612,To Score a Header (Star Substitute),Marcar gol con la cabeza (Suplente Estrella),Mbappe,5,17.0,17.0,France - Iraq,2026-06-22 21:00:42,25.08,1,EUR,4,False,0.0,drifter,False
36966612,Team tackles,Entradas ganadas (tackles) equipo,France 16 or more,5,2.19,2.19,France - Iraq,2026-06-22 21:00:42,2200.0,1,PEN,2,False,0.0,drifter,False
36966590,Home-side combo (bet builder),Uruguay,"Uruguay win, Federico Viñas to score y Valverde to score",5,8.84,8.84,Uruguay - Cape Verde,2026-06-21 22:00:33,0.55,1,EUR,1,False,0.0,drifter,False
36966612,Team shots on target,Remates a puerta equipo,Iraq 3 or more,5,2.82,2.82,France - Iraq,2026-06-22 21:00:42,51.36,1,EUR,4,False,0.0,drifter,False
33890238,To score or assist (Star Substitute),Marcar gol o asistir (Suplente Estrella),Raúl Jiménez,56,1.86,1.86,Mexico - South Africa,2026-06-11 19:05:51,,2,,41,True,0.0,drifter,False
36966612,To score from outside the box (Star Substitute),Marcar gol desde fuera del área (Suplente Estrella),Mbappe,18,7.3,7.3,France - Iraq,2026-06-22 21:00:42,142.1,1,EUR,15,False,0.0,drifter,False
33890306,Match,Partido,A goal in both halves y More than 4 corners in each half,7,2.0,2.0,Germany - Curaçao,2026-06-14 17:01:45,14.42,1,EUR,7,False,0.0,drifter,False
36966549,Team offsides,Fueras de juego equipo,Sweden 3 or more,5,2.61,2.61,Netherlands - Sweden,2026-06-20 17:00:05,0.9700000000000001,1,PEN,1,False,0.0,drifter,False
36966612,To score or assist (Star Substitute),Marcar gol o asistir (Suplente Estrella),Ousmane Dembele,27,1.42,1.42,France - Iraq,2026-06-22 21:00:42,,2,,26,True,0.0,drifter,False
36966549,Player to Score Free-Kick,Marcar gol de falta directa,Memphis Depay,6,39.0,39.0,Netherlands - Sweden,2026-06-20 17:00:05,1.65,1,EUR,1,False,0.0,drifter,False
33890304,Fouls (Star Substitute),Faltas Crysencio Summerville (Suplente Estrella),2 or more,5,1.96,1.96,Netherlands - Japan,2026-06-14 20:00:08,185.0,1,EUR,5,False,0.0,drifter,False
33890238,Team shots on target,Remates a puerta equipo,South Africa 3 or more,10,1.83,1.83,Mexico - South Africa,2026-06-11 19:05:51,171.68,1,EUR,8,False,0.0,drifter,False
36966612,Hat trick (three or more goals) (Star Substitute),Hat trick (tres o más goles) (Suplente Estrella),Michael Olise,9,31.0,31.0,France - Iraq,2026-06-22 21:00:42,,2,,9,True,0.0,drifter,False
36966612,Hat trick (three or more goals) (Star Substitute),Hat trick (tres o más goles) (Suplente Estrella),Ousmane Dembele,7,23.0,23.0,France - Iraq,2026-06-22 21:00:42,,2,,7,True,0.0,drifter,False
36966549,Player to score with right foot,Marcar gol con la pierna derecha,Crysencio Summerville,5,3.9,3.9,Netherlands - Sweden,2026-06-20 17:00:05,0.15,1,EUR,1,False,0.0,drifter,False
36966549,Saves (Star Substitute),Paradas Bart Verbruggen (Suplente Estrella),2 or more,8,1.35,1.35,Netherlands - Sweden,2026-06-20 17:00:05,30.0,1,EUR,1,False,0.0,drifter,False
36966591,1st half: Team corners,1º tiempo: Corners equipo,Spain 4 or more,18,1.51,1.51,Spain - Saudi Arabia,2026-06-21 16:00:48,333.9,1,EUR,18,False,0.0,drifter,False
36966591,1-X-2 / 2 goals Up,1-X-2 / Ventaja 2 goles,2,12,19.0,19.0,Spain - Saudi Arabia,2026-06-21 16:00:48,,2,,9,True,0.0,drifter,False
36966549,Shots on target (Star Substitute),Remates a puerta Cody Gakpo (Suplente Estrella),3 or more,11,5.55,5.55,Netherlands - Sweden,2026-06-20 17:00:05,0.47000000000000003,1,EUR,1,False,0.0,drifter,False
36966590,To score or assist (Star Substitute),Marcar gol o asistir (Suplente Estrella),Maximiliano Araújo,9,2.33,2.33,Uruguay - Cape Verde,2026-06-21 22:00:33,101.57000000000001,1,EUR,8,False,0.0,drifter,False
36966638,1st half: Shots on target,Harry Kane,2 or more,6,3.33,3.33,England - Ghana,2026-06-23 20:00:08,202.65,1,EUR,6,False,0.0,drifter,False
36966549,Team Shots,Remates equipo,Netherlands 18 or more,5,2.66,2.66,Netherlands - Sweden,2026-06-20 17:00:05,,2,,4,True,0.0,drifter,False
36966638,1st half: Corners,1º tiempo: Corners,5 or more,8,2.15,2.15,England - Ghana,2026-06-23 20:00:08,,2,,8,True,0.0,drifter,False
36966612,Home-side combo (bet builder),Francia,France win y A goal in both halves,42,1.46,1.46,France - Iraq,2026-06-22 21:00:42,234.59,1,EUR,26,False,0.0,drifter,False
36966612,Home-side combo (bet builder),Francia,"France win, Over 10.5 corners y Michael Olise to score 2 or more goals",7,18.0,18.0,France - Iraq,2026-06-22 21:00:42,22.03,1,EUR,7,False,0.0,drifter,False
33890304,To score or assist (Star Substitute),Marcar gol o asistir (Suplente Estrella),Daizen Maeda,5,3.23,3.23,Netherlands - Japan,2026-06-14 20:00:08,41.8,1,EUR,4,False,0.0,drifter,False
36966611,Shots on target outside the box (Star Substitute),Remates a puerta desde fuera del área Nicolas Jackson (Suplente Estrella),1 or more,6,5.7,5.7,Norway - Senegal,2026-06-23 00:00:05,0.44000000000000006,1,EUR,1,False,0.0,drifter,False
33890259,Away-side combo (bet builder),Suiza,Switzerland win y Dan Ndoye to score,10,2.99,2.99,Qatar - Switzerland,2026-06-13 19:04:43,,2,,7,True,0.0,drifter,False
36966553,Team Fouls,Faltas Equipo,Ivory Coast 13 or more,10,1.79,1.79,Germany - Ivory Coast,2026-06-20 20:00:00,,2,,3,True,0.0,drifter,False
36966612,Player to score a penalty (No penalty shootout),Marcar gol de penalti (No tanda de penaltis),Mbappe,6,3.9,3.9,France - Iraq,2026-06-22 21:00:42,108.83,1,EUR,4,False,0.0,drifter,False
36966553,Saves (Star Substitute),Paradas Yahia Fofana (Suplente Estrella),3 or more,8,1.35,1.35,Germany - Ivory Coast,2026-06-20 20:00:00,30.0,1,EUR,1,False,0.0,drifter,False
33890305,Match goal kicks,Saques de puerta durante el partido,16 or more,24,2.27,2.27,Ivory Coast - Ecuador,2026-06-14 23:03:23,,2,,3,True,0.0,drifter,False
36966612,Shots on target (Star Substitute),Remates a puerta Michael Olise (Suplente Estrella),3 or more,9,3.33,3.33,France - Iraq,2026-06-22 21:00:42,121.25999999999999,1,EUR,9,False,0.0,drifter,False
36966553,Home-side combo (bet builder),Alemania,Germany win y Both teams to score,10,2.75,2.75,Germany - Ivory Coast,2026-06-20 20:00:00,,2,,9,True,0.0,drifter,False
33890259,Hat trick (three or more goals) (Star Substitute),Hat trick (tres o más goles) (Suplente Estrella),Ruben Vargas,7,51.0,51.0,Qatar - Switzerland,2026-06-13 19:04:43,0.75,1,EUR,1,False,0.0,drifter,False
36966612,Player to win a penalty,Jugador en provocar un penalti,Mbappe,8,13.0,13.0,France - Iraq,2026-06-22 21:00:42,,2,,7,True,0.0,drifter,False
36966553,To score 2 or more goals (Star Substitute),Marcar 2 goles o más (Suplente Estrella),Sane,5,13.0,13.0,Germany - Ivory Coast,2026-06-20 20:00:00,62.5,1,EUR,4,False,0.0,drifter,False
33890305,Team Shots,Remates equipo,Ecuador 11 or more,6,1.54,1.54,Ivory Coast - Ecuador,2026-06-14 23:03:23,,2,,5,True,0.0,drifter,False
33890305,Match throw-ins,Saques de banda durante el partido,37 or more,5,1.87,1.87,Ivory Coast - Ecuador,2026-06-14 23:03:23,,2,,4,True,0.0,drifter,False
33890305,Most assists - vs (both starters),Más asistencias - Yan Diomande vs Gonzalo Plata (Ambos titulares o se anula),Gonzalo Plata,5,11.05,11.05,Ivory Coast - Ecuador,2026-06-14 23:03:23,3.3400000000000003,1,EUR,1,False,0.0,drifter,False
36966612,Player to score in fisrt ten minutes (from 0:00 to 9:59),Jugador en meter gol en los 10 primeros minutos (del 0:00 al 9:59),Ousmane Dembele,13,13.0,13.0,France - Iraq,2026-06-22 21:00:42,,2,,13,True,0.0,drifter,False
33890305,Player most passes (voiding in case of tie),Jugador en dar más pases,William Pacho,5,7.05,7.05,Ivory Coast - Ecuador,2026-06-14 23:03:23,68.0,1,EUR,4,False,0.0,drifter,False
33890305,Shots on target (Star Substitute),Remates a puerta Nicolas Pepe (Suplente Estrella),1 or more,7,1.76,1.76,Ivory Coast - Ecuador,2026-06-14 23:03:23,61.769999999999996,1,EUR,7,False,0.0,drifter,False
36966553,Match,Partido,Over 2.5 goals y Kimmich 2 or more shots on target,10,10.73,10.73,Germany - Ivory Coast,2026-06-20 20:00:00,6.7,1,EUR,1,False,0.0,drifter,False
33890259,Match corners,Corners durante el partido,11 or more,5,2.2,2.2,Qatar - Switzerland,2026-06-13 19:04:43,5.23,1,EUR,5,False,0.0,drifter,False
33890305,Team to score a penalty,Equipo en marcar gol de penalti durante el partido,Ecuador,8,4.75,4.75,Ivory Coast - Ecuador,2026-06-14 23:03:23,5.32,1,EUR,1,False,0.0,drifter,False
36966553,Assists (Star Substitute),Asistencias Musiala (Suplente Estrella),1 or more,5,4.69,4.69,Germany - Ivory Coast,2026-06-20 20:00:00,37.95,1,EUR,5,False,0.0,drifter,False
36966469,Match fouls,Faltas durante el partido,29 or more,5,1.81,1.81,Czech Republic - South Africa,2026-06-18 16:00:09,126.68,1,EUR,2,False,0.0,drifter,False
36966553,To score 2 or more goals (Star Substitute),Marcar 2 goles o más (Suplente Estrella),Musiala,10,13.0,13.0,Germany - Ivory Coast,2026-06-20 20:00:00,65.49000000000001,1,EUR,10,False,0.0,drifter,False
36966553,To Score a Header (Star Substitute),Marcar gol con la cabeza (Suplente Estrella),Jonathan Tah,5,19.0,19.0,Germany - Ivory Coast,2026-06-20 20:00:00,45.5,1,EUR,2,False,0.0,drifter,False
36966550,Team shots on target,Remates a puerta equipo,Ecuador 8 or more,5,1.68,1.68,Ecuador - Curaçao,2026-06-21 00:00:04,,2,,5,True,0.0,drifter,False
36966612,Shots on target outside the box (Star Substitute),Remates a puerta desde fuera del área Michael Olise (Suplente Estrella),1 or more,5,1.81,1.81,France - Iraq,2026-06-22 21:00:42,3.58,1,EUR,2,False,0.0,drifter,False
36966553,Team to score a penalty,Equipo en marcar gol de penalti durante el partido,Ivory Coast,8,6.0,6.0,Germany - Ivory Coast,2026-06-20 20:00:00,5.32,1,EUR,1,False,0.0,drifter,False
36966612,Shots on target outside the box (Star Substitute),Remates a puerta desde fuera del área Mbappe (Suplente Estrella),2 or more,6,5.8,5.8,France - Iraq,2026-06-22 21:00:42,,2,,5,True,0.0,drifter,False
36966550,To score or assist (Star Substitute),Marcar gol o asistir (Suplente Estrella),Pervis Estupiñán,5,2.62,2.62,Ecuador - Curaçao,2026-06-21 00:00:04,94.74000000000001,1,EUR,5,False,0.0,drifter,False
36966612,Shots on target outside the box (Star Substitute),Remates a puerta desde fuera del área Ali Al-Hamadi (Suplente Estrella),1 or more,6,13.0,13.0,France - Iraq,2026-06-22 21:00:42,0.44000000000000006,1,EUR,1,False,0.0,drifter,False
36966550,goal scorer (Star Substitute),Jugador en meter el 1º gol (Suplente Estrella),Kenji Gorré,9,25.0,25.0,Ecuador - Curaçao,2026-06-21 00:00:04,30.92,1,EUR,1,False,0.0,drifter,False
33890259,Most goals - vs (both starters),Más goles - Ahmed Alaaeldin vs Ruben Vargas (Ambos titulares o se anula),Draw,9,1.19,1.19,Qatar - Switzerland,2026-06-13 19:04:43,3.7800000000000002,1,EUR,1,False,0.0,drifter,False
33890259,Match shots on target,Remates a puerta durante el partido,8 or more,5,1.36,1.36,Qatar - Switzerland,2026-06-13 19:04:43,,2,,5,True,0.0,drifter,False
33890259,Match goal kicks,Saques de puerta durante el partido,16 or more,22,1.98,1.98,Qatar - Switzerland,2026-06-13 19:04:43,1.12,1,EUR,1,False,0.0,drifter,False
36966612,Player to Score Free-Kick,Marcar gol de falta directa,Mbappe,5,51.0,51.0,France - Iraq,2026-06-22 21:00:42,16.0,1,EUR,4,False,0.0,drifter,False
33890305,To score or assist (Star Substitute),Marcar gol o asistir (Suplente Estrella),Amad Diallo,5,2.8,2.8,Ivory Coast - Ecuador,2026-06-14 23:03:23,,2,,5,True,0.0,drifter,False
33890305,Team to score a penalty,Equipo en marcar gol de penalti durante el partido,Ivory Coast,8,5.6,5.6,Ivory Coast - Ecuador,2026-06-14 23:03:23,5.32,1,EUR,1,False,0.0,drifter,False
36966549,Player headed shots on target (Star Substitute),Remates a puerta con la cabeza Cody Gakpo (Suplente Estrella),1 or more,7,5.3,5.3,Netherlands - Sweden,2026-06-20 17:00:05,100.0,1,EUR,1,False,0.0,drifter,False
33890304,Assists (Star Substitute),Asistencias Reijnders (Suplente Estrella),1 or more,6,6.05,6.05,Netherlands - Japan,2026-06-14 20:00:08,12.950000000000001,1,EUR,3,False,0.0,drifter,False
36966549,Match shots on target,Remates a puerta durante el partido,8 or more,6,1.3,1.3,Netherlands - Sweden,2026-06-20 17:00:05,,2,,5,True,0.0,drifter,False
36966486,Match fouls,Faltas durante el partido,29 or more,5,1.61,1.61,Scotland - Morocco,2026-06-19 22:00:07,84.62,1,EUR,2,False,0.0,drifter,False
33890299,Team shots on target,Remates a puerta equipo,Belgium 5 or more,7,1.34,1.34,Belgium - Egypt,2026-06-15 19:00:29,,2,,7,True,0.0,drifter,False
36966611,Team throw-ins,Saques de banda equipo,Norway 19 or more,6,2.57,2.57,Norway - Senegal,2026-06-23 00:00:05,5.91,1,EUR,2,False,0.0,drifter,False
36966638,Shots on target each half (Star Substitute),Remates a puerta en cada tiempo Harry Kane (Suplente Estrella),1 or more,10,2.0,2.0,England - Ghana,2026-06-23 20:00:08,160.3,1,EUR,9,False,0.0,drifter,False
36966486,Hat trick (three or more goals) (Star Substitute),Hat trick (tres o más goles) (Suplente Estrella),Ismael Saibari,6,71.0,71.0,Scotland - Morocco,2026-06-19 22:00:07,11.03,1,EUR,3,False,0.0,drifter,False
33890309,Match goal kicks,Saques de puerta durante el partido,16 or more,22,2.12,2.12,Usa - Paraguay,2026-06-13 01:02:10,1.12,1,EUR,1,False,0.0,drifter,False
36966486,Match corners,Corners durante el partido,12 or more,8,3.75,3.75,Scotland - Morocco,2026-06-19 22:00:07,219.23,1,EUR,5,False,0.0,drifter,False
36966486,Match corners,Corners durante el partido,9 or more,24,1.9,1.9,Scotland - Morocco,2026-06-19 22:00:07,,2,,24,True,0.0,drifter,False
33890299,Team shots on target,Remates a puerta equipo,Belgium 6 or more,6,1.66,1.66,Belgium - Egypt,2026-06-15 19:00:29,64.09,1,EUR,5,False,0.0,drifter,False
36966549,Match shots on target,Remates a puerta durante el partido,10 or more,5,1.8,1.8,Netherlands - Sweden,2026-06-20 17:00:05,14.22,1,EUR,2,False,0.0,drifter,False
36966638,Shots (Star Substitute),Remates Bellingham (Suplente Estrella),3 or more,5,1.61,1.61,England - Ghana,2026-06-23 20:00:08,250.0,1,EUR,1,False,0.0,drifter,False
36966486,Shots on target (Star Substitute),Remates a puerta Brahim (Suplente Estrella),1 or more,10,1.37,1.37,Scotland - Morocco,2026-06-19 22:00:07,14.74,1,EUR,9,False,0.0,drifter,False
33890299,To score 2 or more goals (Star Substitute),Marcar 2 goles o más (Suplente Estrella),De Ketelaere,13,13.0,13.0,Belgium - Egypt,2026-06-15 19:00:29,69.95,1,EUR,13,False,0.0,drifter,False
33890309,Hat trick (three or more goals) (Star Substitute),Hat trick (tres o más goles) (Suplente Estrella),Pulisic,9,101.0,101.0,Usa - Paraguay,2026-06-13 01:02:10,4.1,1,EUR,3,False,0.0,drifter,False
36966486,Team corners,Corners equipo,Morocco 7 or more,9,2.95,2.95,Scotland - Morocco,2026-06-19 22:00:07,,2,,9,True,0.0,drifter,False
36966591,Home-side combo (bet builder),España,Spain wins at half time / Spain wins full time y Pedri to score,5,5.5,5.5,Spain - Saudi Arabia,2026-06-21 16:00:48,1.08,1,EUR,1,False,0.0,drifter,False
36966591,Home-side combo (bet builder),España,"Spain win, Spain to score in both halves y Over 8.5 corners",5,1.85,1.85,Spain - Saudi Arabia,2026-06-21 16:00:48,7.53,1,EUR,5,False,0.0,drifter,False
33890299,Shots on target outside the box (Star Substitute),Remates a puerta desde fuera del área Kevin De Bruyne (Suplente Estrella),1 or more,6,2.23,2.23,Belgium - Egypt,2026-06-15 19:00:29,,2,,6,True,0.0,drifter,False
36966591,Player to score with left foot,Marcar gol con la pierna izquierda,Fabián Ruiz,5,4.7,4.7,Spain - Saudi Arabia,2026-06-21 16:00:48,0.46,1,EUR,1,False,0.0,drifter,False
36966486,1st half: Team corners,1º tiempo: Corners equipo,Morocco 5 or more,6,5.75,5.75,Scotland - Morocco,2026-06-19 22:00:07,25.18,1,EUR,4,False,0.0,drifter,False
36966591,Player to win a penalty,Jugador en provocar un penalti,Lamine Yamal,12,14.0,14.0,Spain - Saudi Arabia,2026-06-21 16:00:48,28.5,1,EUR,8,False,0.0,drifter,False
36966611,Team Shots,Remates equipo,Norway 12 or more,7,2.15,2.15,Norway - Senegal,2026-06-23 00:00:05,509.6,1,EUR,2,False,0.0,drifter,False
33890309,Team tackles,Entradas ganadas (tackles) equipo,Paraguay 19 or more,5,2.42,2.42,Usa - Paraguay,2026-06-13 01:02:10,1810.0,1,PEN,4,False,0.0,drifter,False
33890299,Player to Score Free-Kick,Marcar gol de falta directa,Kevin De Bruyne,6,29.0,29.0,Belgium - Egypt,2026-06-15 19:00:29,81.25,1,EUR,4,False,0.0,drifter,False
33890305,Player to score in 1st half,Jugador en meter gol en el 1º tiempo,Yan Diomande,10,11.0,11.0,Ivory Coast - Ecuador,2026-06-14 23:03:23,3.7,1,EUR,2,False,0.0,drifter,False
36966591,Team completed passes,Pases completados equipo,Spain 600 or more,5,1.21,1.21,Spain - Saudi Arabia,2026-06-21 16:00:48,6.890000000000001,1,EUR,4,False,0.0,drifter,False
36966485,Team shots on target,Remates a puerta equipo,Brazil 11 or more,5,3.23,3.23,Brazil - Haiti,2026-06-20 00:32:31,9.5,1,EUR,3,False,0.0,drifter,False
36966485,Team shots on target,Remates a puerta equipo,Brazil 8 or more,10,1.51,1.51,Brazil - Haiti,2026-06-20 00:32:31,,2,,10,True,0.0,drifter,False
33890299,Saves (Star Substitute),Paradas Courtois (Suplente Estrella),5 or more,8,7.55,7.55,Belgium - Egypt,2026-06-15 19:00:29,104.75,1,EUR,8,False,0.0,drifter,False
36966638,To score 2 or more goals (Star Substitute),Marcar 2 goles o más (Suplente Estrella),Bellingham,14,13.0,13.0,England - Ghana,2026-06-23 20:00:08,,2,,12,True,0.0,drifter,False
33890309,Team Fouls,Faltas Equipo,Paraguay 13 or more,5,1.71,1.71,Usa - Paraguay,2026-06-13 01:02:10,70.2,1,EUR,3,False,0.0,drifter,False
36966591,Shots on target outside the box (Star Substitute),Remates a puerta desde fuera del área Pedri (Suplente Estrella),1 or more,5,3.38,3.38,Spain - Saudi Arabia,2026-06-21 16:00:48,63.0,1,EUR,5,False,0.0,drifter,False
33890299,Shots (Star Substitute),Remates De Ketelaere (Suplente Estrella),3 or more,5,1.73,1.73,Belgium - Egypt,2026-06-15 19:00:29,1085.0,1,EUR,5,False,0.0,drifter,False
33890299,Shots on target (Star Substitute),Remates a puerta Doku (Suplente Estrella),3 or more,10,8.95,8.95,Belgium - Egypt,2026-06-15 19:00:29,160.97,1,EUR,9,False,0.0,drifter,False
36966591,Shots on target (Star Substitute),Remates a puerta Lamine Yamal (Suplente Estrella),1 or more,6,1.17,1.17,Spain - Saudi Arabia,2026-06-21 16:00:48,369.01,1,EUR,6,False,0.0,drifter,False
36966591,Player to win a penalty,Jugador en provocar un penalti,Oyarzabal,5,20.0,20.0,Spain - Saudi Arabia,2026-06-21 16:00:48,35.0,1,EUR,5,False,0.0,drifter,False
36966591,Home-side combo (bet builder),España,"Spain win, Over 3.5 goals y Ferran first goalscorer",6,8.2,8.2,Spain - Saudi Arabia,2026-06-21 16:00:48,0.44000000000000006,1,EUR,1,False,0.0,drifter,False
36966591,Home-side combo (bet builder),España,"Spain win, Over 2.5 goals y Oyarzabal first goalscorer",10,5.0,5.0,Spain - Saudi Arabia,2026-06-21 16:00:48,23.07,1,EUR,4,False,0.0,drifter,False
36966591,Home-side combo (bet builder),España,"Spain win, Lamine Yamal to score y Mohammed Kanno to be booked",5,7.9,7.9,Spain - Saudi Arabia,2026-06-21 16:00:48,0.21000000000000002,1,EUR,1,False,0.0,drifter,False
33890238,Team corners,Corners equipo,South Africa 6 or more,10,6.3,6.3,Mexico - South Africa,2026-06-11 19:05:51,,2,,8,True,0.0,drifter,False
36966591,Fouls Won (Star Substitute),Faltas recibidas Lamine Yamal (Suplente Estrella),2 or more,14,1.62,1.62,Spain - Saudi Arabia,2026-06-21 16:00:48,571.7,1,EUR,12,False,0.0,drifter,False
36966549,1st half: Corners,1º tiempo: Corners,4 or more,9,1.53,1.53,Netherlands - Sweden,2026-06-20 17:00:05,59.629999999999995,1,EUR,9,False,0.0,drifter,False
36966549,1st half: Corners,1º tiempo: Corners,5 or more,7,2.0,2.0,Netherlands - Sweden,2026-06-20 17:00:05,,2,,7,True,0.0,drifter,False
33890306,Team goals,Goles equipo,Germany 3 or more,8,1.32,1.32,Germany - Curaçao,2026-06-14 17:01:45,276.8,1,EUR,5,False,0.0,drifter,False
33890238,Team shots on target,Remates a puerta equipo,Mexico 6 or more,6,1.7,1.7,Mexico - South Africa,2026-06-11 19:05:51,66.27,1,EUR,5,False,0.0,drifter,False
33890306,Team exact bookings (only players and in play),Número de tarjetas equipo (solo jugadores y en juego),Curaçao 2 or more,65,1.59,1.59,Germany - Curaçao,2026-06-14 17:01:45,,2,,49,True,0.0,drifter,False
33890306,Team corners,Corners equipo,Germany 7 or more,27,1.31,1.31,Germany - Curaçao,2026-06-14 17:01:45,,2,,26,True,0.0,drifter,False
33890290,Away-side combo (bet builder),Escocia,Scotland win y Lawrence Shankland to score,6,2.46,2.46,Haiti - Scotland,2026-06-14 01:02:33,,2,,4,True,0.0,drifter,False
33890306,Saves (Star Substitute),Paradas Neuer (Suplente Estrella),4 or more,5,9.15,9.15,Germany - Curaçao,2026-06-14 17:01:45,,2,,5,True,0.0,drifter,False
36966591,Assists (Star Substitute),Asistencias Dani Olmo (Suplente Estrella),1 or more,10,2.97,2.97,Spain - Saudi Arabia,2026-06-21 16:00:48,107.78,1,EUR,5,False,0.0,drifter,False
33890306,Saves (Star Substitute),Paradas Eloy Room (Suplente Estrella),5 or more,6,1.52,1.52,Germany - Curaçao,2026-06-14 17:01:45,,2,,6,True,0.0,drifter,False
33890306,Player to score in fisrt ten minutes (from 0:00 to 9:59),Jugador en meter gol en los 10 primeros minutos (del 0:00 al 9:59),Musiala,5,12.0,12.0,Germany - Curaçao,2026-06-14 17:01:45,10.67,1,EUR,5,False,0.0,drifter,False
33890306,Player most passes (voiding in case of tie),Jugador en dar más pases,Jonathan Tah,8,4.74,4.74,Germany - Curaçao,2026-06-14 17:01:45,155.0,1,EUR,7,False,0.0,drifter,False
33890304,Assists (Star Substitute),Asistencias Dumfries (Suplente Estrella),1 or more,5,5.8,5.8,Netherlands - Japan,2026-06-14 20:00:08,1.83,1,EUR,2,False,0.0,drifter,False
36966549,Match corners,Corners durante el partido,9 or more,47,1.72,1.72,Netherlands - Sweden,2026-06-20 17:00:05,,2,,45,True,0.0,drifter,False
33890306,Team shots on target,Remates a puerta equipo,Curaçao 3 or more,6,3.05,3.05,Germany - Curaçao,2026-06-14 17:01:45,,2,,6,True,0.0,drifter,False
36966528,To score 2 or more goals (Star Substitute),Marcar 2 goles o más (Suplente Estrella),Ayase Ueda,9,9.25,9.25,Tunisia - Japan,2026-06-21 04:00:01,,2,,7,True,0.0,drifter,False
36966486,Team shots on target,Remates a puerta equipo,Morocco 8 or more,6,5.1,5.1,Scotland - Morocco,2026-06-19 22:00:07,,2,,6,True,0.0,drifter,False
36966591,Fouls Won (Star Substitute),Faltas recibidas Lamine Yamal (Suplente Estrella),3 or more,16,2.82,2.82,Spain - Saudi Arabia,2026-06-21 16:00:48,286.5,1,EUR,15,False,0.0,drifter,False
36966486,Team shots on target,Remates a puerta equipo,Scotland 3 or more,7,1.37,1.37,Scotland - Morocco,2026-06-19 22:00:07,17.07,1,EUR,6,False,0.0,drifter,False
36966486,To be carded (only players and in play)(Star Substitute),Recibir tarjeta (sólo jugadores y en juego) (Suplente Estrella),Amrabat,10,2.97,2.97,Scotland - Morocco,2026-06-19 22:00:07,0.37,1,EUR,1,False,0.0,drifter,False
33890238,Player to score in 1st half,Jugador en meter gol en el 1º tiempo,Julián Quiñones,5,12.0,12.0,Mexico - South Africa,2026-06-11 19:05:51,4.16,1,EUR,3,False,0.0,drifter,False
36966486,To score 2 or more goals (Star Substitute),Marcar 2 goles o más (Suplente Estrella),Ismael Saibari,29,13.0,13.0,Scotland - Morocco,2026-06-19 22:00:07,177.51999999999998,1,EUR,21,False,0.0,drifter,False
33890290,Match goal kicks,Saques de puerta durante el partido,17 or more,22,1.92,1.92,Haiti - Scotland,2026-06-14 01:02:33,1.12,1,EUR,1,False,0.0,drifter,False
36966528,Away-side combo (bet builder),Japón,Ayase Ueda 2 or more shots on target y Daizen Maeda 2 or more shots on target,6,8.75,8.75,Tunisia - Japan,2026-06-21 04:00:01,0.51,1,EUR,2,False,0.0,drifter,False
36966612,Anytime goalscorer (Star Substitute),Goleador durante el partido (Suplente Estrella),Désiré Doué,7,2.08,2.08,France - Iraq,2026-06-22 21:00:42,7.79,1,EUR,6,False,0.0,drifter,False
33890290,Away-side combo (bet builder),Escocia,Scotland win y Leverton Pierre to be booked,5,4.23,4.23,Haiti - Scotland,2026-06-14 01:02:33,0.25,1,EUR,1,False,0.0,drifter,False
33890238,Shots (Star Substitute),Remates Teboho Mokoena (Suplente Estrella),2 or more,5,2.12,2.12,Mexico - South Africa,2026-06-11 19:05:51,115.0,1,EUR,5,False,0.0,drifter,False
33890238,Shots against woodwork,Raúl Jiménez,1 or more,5,9.8,9.8,Mexico - South Africa,2026-06-11 19:05:51,53.5,1,EUR,1,False,0.0,drifter,False
36966591,Hat trick (three or more goals) (Star Substitute),Hat trick (tres o más goles) (Suplente Estrella),Dani Olmo,11,26.0,26.0,Spain - Saudi Arabia,2026-06-21 16:00:48,,2,,8,True,0.0,drifter,False
33890306,To score and Assist,Marcar gol y asistir,Deniz Undav,5,3.07,3.07,Germany - Curaçao,2026-06-14 17:01:45,0.25,1,EUR,1,False,0.0,drifter,False
33890238,Shots on target (Star Substitute),Remates a puerta Julián Quiñones (Suplente Estrella),1 or more,9,1.55,1.55,Mexico - South Africa,2026-06-11 19:05:51,,3,,9,True,0.0,drifter,False
36966591,Fouls Won (Star Substitute),Faltas recibidas Lamine Yamal (Suplente Estrella),4 or more,13,5.8,5.8,Spain - Saudi Arabia,2026-06-21 16:00:48,155.0,1,EUR,13,False,0.0,drifter,False
36966528,Team shots on target,Remates a puerta equipo,Japan 4 or more,6,1.22,1.22,Tunisia - Japan,2026-06-21 04:00:01,,2,,6,True,0.0,drifter,False
36966553,Anytime goalscorer (Star Substitute),Goleador durante el partido (Suplente Estrella),Sane,5,3.23,3.23,Germany - Ivory Coast,2026-06-20 20:00:00,28.939999999999998,1,EUR,5,False,0.0,drifter,False
33890305,Match,Partido,Both teams to score y A goal in both halves,10,2.88,2.88,Ivory Coast - Ecuador,2026-06-14 23:03:23,18.53,1,EUR,8,False,0.0,drifter,False
37233850,Team shots on target,Remates a puerta equipo,Iceland 3 or more,5,2.16,2.16,Argentina - Iceland,2026-06-10 01:09:18,,2,,5,True,0.0,drifter,False
37312355,To score or assist (Star Substitute),Marcar gol o asistir (Suplente Estrella),Embarba,5,2.47,2.47,Almeria - Malaga,2026-06-20 19:32:16,17.509999999999998,1,EUR,5,False,0.0,drifter,False
36024492,To score or assist (Star Substitute),Marcar gol o asistir (Suplente Estrella),Akturkoglu,7,2.0,2.0,Australia - Turkey,2026-06-14 04:00:30,45.37,1,EUR,7,False,0.0,drifter,False
33890444,Shots on target outside the box (Star Substitute),Remates a puerta desde fuera del área Luka Modric (Suplente Estrella),1 or more,11,6.95,6.95,England - Croatia,2026-06-17 20:00:04,285.5,1,EUR,9,False,0.0,drifter,False
37214947,Anytime goalscorer (Star Substitute),Goleador durante el partido (Suplente Estrella),Oyarzabal,5,2.61,2.61,Spain - Peru,2026-06-09 02:00:00,0.6,1,EUR,1,False,0.0,drifter,False
37326944,Away-side combo (bet builder),Fylkir Reykjavik,Fylkir Reykjavik to win 1st half y Fylkir Reykjavik to win 2nd half,6,3.87,3.87,Grindavik - Fylkir Reykjavik,2026-06-17 14:00:02,0.28,1,EUR,1,False,0.0,drifter,False
33890313,Shots on target (Star Substitute),Remates a puerta Rodri (Suplente Estrella),1 or more,5,2.27,2.27,Spain - Cape Verde,2026-06-15 16:01:07,48.3,1,EUR,5,False,0.0,drifter,False
33890416,Match corners,Corners durante el partido,9 or more,69,1.5,1.5,France - Senegal,2026-06-16 19:02:47,,2,,66,True,0.0,drifter,False
37360433,Match,Partido,Under 0.5 half time goals y Both teams to score in second half,6,11.05,11.05,Mas Maghrib A Fes - RSB Berkane,2026-06-21 14:02:33,1.24,1,EUR,1,False,0.0,drifter,False
37326939,Home-side combo (bet builder),Ir Reykjavik,Ir Reykjavik to win 1st half y Ir Reykjavik to win 2nd half,7,5.55,5.55,Ir Reykjavik - Grotta,2026-06-17 14:00:32,0.33,1,EUR,1,False,0.0,drifter,False
37275587,Anytime goalscorer (Star Substitute),Goleador durante el partido (Suplente Estrella),Álex Muñoz,6,14.0,14.0,Malaga - Almeria,2026-06-14 19:02:16,2.49,1,EUR,1,False,0.0,drifter,False
37320462,Match,Partido,Over 1.5 half time goals y Both teams to score in second half,9,4.82,4.82,Moss FK - Sandnes Ulf,2026-06-21 14:00:02,1.83,1,EUR,1,False,0.0,drifter,False
33890444,Player headed shots on target (Star Substitute),Remates a puerta con la cabeza Luka Vuskovic (Suplente Estrella),1 or more,5,5.15,5.15,England - Croatia,2026-06-17 20:00:04,112.0,1,EUR,5,False,0.0,drifter,False
36024480,Team exact bookings (only players and in play),Número de tarjetas equipo (solo jugadores y en juego),South Korea 1 or more,5,1.17,1.17,South Korea - Czech Republic,2026-06-12 02:00:54,145.57,1,EUR,4,False,0.0,drifter,False
37316389,Match penalty scored,Gol de penalti durante el partido,Yes,7,3.03,3.03,Universidad de Chile - O'higgins FC,2026-06-19 00:00:57,7.01,1,EUR,3,False,0.0,drifter,False
33890419,Fouls (Star Substitute),Faltas Elisha Owusu (Suplente Estrella),1 or more,5,1.14,1.14,Ghana - Panama,2026-06-17 23:00:50,62.5,0,,1,False,0.0,drifter,False
33890313,Shots on target outside the box (Star Substitute),Remates a puerta desde fuera del área Oyarzabal (Suplente Estrella),2 or more,6,13.0,13.0,Spain - Cape Verde,2026-06-15 16:01:07,63.0,1,EUR,5,False,0.0,drifter,False
36024520,Saves (Star Substitute),Paradas Diogo Costa (Suplente Estrella),2 or more,5,1.61,1.61,Portugal - Democratic Republic of the Congo,2026-06-17 17:01:15,310.81,1,EUR,5,False,0.0,drifter,False
33890211,Match,Partido,Over 2.5 goals y Lautaro Martínez 2 or more shots on target,5,2.94,2.94,Argentina - Algeria,2026-06-17 01:02:37,0.65,1,EUR,2,False,0.0,drifter,False
36024520,Player to score a penalty (No penalty shootout),Marcar gol de penalti (No tanda de penaltis),Cristiano Ronaldo,65,6.9,6.9,Portugal - Democratic Republic of the Congo,2026-06-17 17:01:15,453.48,1,EUR,29,False,0.0,drifter,False
33890416,1st Half: Cards(only players and in play),1º tiempo: Tarjetas (solo jugadores y en juego),2 or more,5,2.19,2.19,France - Senegal,2026-06-16 19:02:47,68.33,1,EUR,4,False,0.0,drifter,False
33890444,Home-side combo (bet builder),Inglaterra,"England win, Over 8.5 corners y Harry Kane to score 2 or more goals",22,13.0,13.0,England - Croatia,2026-06-17 20:00:04,34.19,1,EUR,14,False,0.0,drifter,False
33890444,Player headed shots on target (Star Substitute),Remates a puerta con la cabeza Petar Musa (Suplente Estrella),1 or more,6,6.95,6.95,England - Croatia,2026-06-17 20:00:04,142.0,1,EUR,6,False,0.0,drifter,False
33890313,Shots on target outside the box (Star Substitute),Remates a puerta desde fuera del área Rodri (Suplente Estrella),1 or more,9,3.73,3.73,Spain - Cape Verde,2026-06-15 16:01:07,217.44,1,EUR,9,False,0.0,drifter,False
36024518,Fouls Won (Star Substitute),Faltas recibidas Haaland(Suplente Estrella),1 or more,9,1.68,1.68,Iraq - Norway,2026-06-16 22:00:57,108.69,1,EUR,9,False,0.0,drifter,False
33890210,Player to score in 1st half,Jugador en meter gol en el 1º tiempo,Sabitzer,8,5.1,5.1,Austria - Jordan,2026-06-17 04:02:52,0.4,1,EUR,1,False,0.0,drifter,False
36024520,Match shots on target,Remates a puerta durante el partido,9 or more,6,1.52,1.52,Portugal - Democratic Republic of the Congo,2026-06-17 17:01:15,,2,,6,True,0.0,drifter,False
37312355,To score or assist (Star Substitute),Marcar gol o asistir (Suplente Estrella),Álex Muñoz,8,5.3,5.3,Almeria - Malaga,2026-06-20 19:32:16,0.4,1,EUR,1,False,0.0,drifter,False
36024492,Shots on target (Star Substitute),Remates a puerta Arda Güler (Suplente Estrella),1 or more,8,1.43,1.43,Australia - Turkey,2026-06-14 04:00:30,46.39,1,EUR,7,False,0.0,drifter,False
37185827,Team Shots,Remates equipo,Ponte Preta 14 or more,6,2.76,2.76,Ponte Preta - Cuiaba Esporte Clube MT,2026-06-09 22:00:45,2300.0,1,PEN,2,False,0.0,drifter,False
33890211,Player to Score Free-Kick,Marcar gol de falta directa,Lionel Messi,15,15.0,15.0,Argentina - Algeria,2026-06-17 01:02:37,64.58,1,EUR,15,False,0.0,drifter,False
36024480,Most shots - vs (both starters),Más remates - Heung-Min Son vs Adam Hlozek (Ambos titulares o se anula),Heung-Min Son,8,1.94,1.94,South Korea - Czech Republic,2026-06-12 02:00:54,99.1,1,EUR,7,False,0.0,drifter,False
33890416,Home-side combo (bet builder),Francia,France win y Mbappe 2 or more shots on target,53,2.09,2.09,France - Senegal,2026-06-16 19:02:47,187.13,1,EUR,29,False,0.0,drifter,False
33890419,Player most passes (voiding in case of tie),Jugador en dar más pases,Jose Angel Cordoba,20,6.45,6.45,Ghana - Panama,2026-06-17 23:00:50,77.18,1,EUR,2,False,0.0,drifter,False
33890313,Player most passes (voiding in case of tie),Jugador en dar más pases,Rodri,10,5.25,5.25,Spain - Cape Verde,2026-06-15 16:01:07,357.5,1,EUR,9,False,0.0,drifter,False
37183511,Hat trick (three or more goals) (Star Substitute),Hat trick (tres o más goles) (Suplente Estrella),Harry Kane,7,11.0,11.0,England - Costa Rica,2026-06-10 21:03:46,17.67,1,EUR,7,False,0.0,drifter,False
33890313,Player to score in 1st half,Jugador en meter gol en el 1º tiempo,Gavi,10,6.5,6.5,Spain - Cape Verde,2026-06-15 16:01:07,2.52,1,EUR,2,False,0.0,drifter,False
33890419,Match shots,Remates durante el partido,23 or more,5,1.7,1.7,Ghana - Panama,2026-06-17 23:00:50,,2,,4,True,0.0,drifter,False
33890416,1st half: Corners,1º tiempo: Corners,4 or more,5,1.49,1.49,France - Senegal,2026-06-16 19:02:47,45.07,1,EUR,5,False,0.0,drifter,False
33890313,Player to score in fisrt ten minutes (from 0:00 to 9:59),Jugador en meter gol en los 10 primeros minutos (del 0:00 al 9:59),Lamine Yamal,5,10.75,10.75,Spain - Cape Verde,2026-06-15 16:01:07,,2,,4,True,0.0,drifter,False
37183511,Home-side combo (bet builder),Inglaterra,England win y A goal in both halves,6,1.61,1.61,England - Costa Rica,2026-06-10 21:03:46,0.9500000000000001,1,EUR,1,False,0.0,drifter,False
36024480,Anytime goalscorer (Star Substitute),Goleador durante el partido (Suplente Estrella),Pavel Sulc,6,5.1,5.1,South Korea - Czech Republic,2026-06-12 02:00:54,3.0300000000000002,1,EUR,3,False,0.0,drifter,False
36963988,Match,Partido,Both teams to score y A goal in both halves,6,1.57,1.57,Valencia - F.C. Barcelona,2026-05-23 19:00:51,0.8,1,EUR,1,False,0.0,drifter,False
33890444,Player to score in fisrt ten minutes (from 0:00 to 9:59),Jugador en meter gol en los 10 primeros minutos (del 0:00 al 9:59),Budimir,6,23.0,23.0,England - Croatia,2026-06-17 20:00:04,7.8,1,EUR,5,False,0.0,drifter,False
33890211,Shots (Star Substitute),Remates Ibrahim Maza (Suplente Estrella),2 or more,5,2.42,2.42,Argentina - Algeria,2026-06-17 01:02:37,125.0,1,EUR,1,False,0.0,drifter,False
37330427,Anytime goalscorer,Goleador durante el partido,Dodo,5,3.7,3.7,Vila Nova Go - Nautico,2026-06-20 22:00:43,0.15,1,EUR,1,False,0.0,drifter,False
37327087,Home-side combo (bet builder),FK Tukums 2000/Tss,FK Tukums 2000/Tss to win 1st half y FK Tukums 2000/Tss to win 2nd half,5,18.91,18.91,FK Tukums 2000/Tss - FK Auda,2026-06-17 15:01:09,0.25,1,EUR,1,False,0.0,drifter,False
37275587,1st Half: Cards(only players and in play),1º tiempo: Tarjetas (solo jugadores y en juego),2 or more,6,1.4,1.4,Malaga - Almeria,2026-06-14 19:02:16,2.16,1,EUR,1,False,0.0,drifter,False
37330424,Anytime goalscorer,Goleador durante el partido,Marcos Paulo,9,10.0,10.0,Sao Bernardo FC SP - Juventude,2026-06-21 20:00:24,3.14,1,EUR,2,False,0.0,drifter,False
36024493,2nd Half: Team Cards (only players and in play),2º tiempo: Tarjetas equipo (solo jugadores y en juego),Tunisia 2 or more,6,2.05,2.05,Sweden - Tunisia,2026-06-15 02:00:33,1.25,1,EUR,2,False,0.0,drifter,False
37330423,Match,Partido,Over 2.5 goals y Over 7.5 corners,6,2.75,2.75,Ponte Preta - Gremio Novorizontino SP,2026-06-22 23:01:43,0.8600000000000001,1,EUR,1,False,0.0,drifter,False
33890211,Saves (Star Substitute),Paradas Emiliano Martinez (Suplente Estrella),5 or more,7,6.0,6.0,Argentina - Algeria,2026-06-17 01:02:37,1.46,1,EUR,2,False,0.0,drifter,False
33890211,Player to win a penalty,Jugador en provocar un penalti,Lionel Messi,9,26.0,26.0,Argentina - Algeria,2026-06-17 01:02:37,42.83,1,EUR,8,False,0.0,drifter,False
36024520,To Score a Header (Star Substitute),Marcar gol con la cabeza (Suplente Estrella),Cristiano Ronaldo,12,7.45,7.45,Portugal - Democratic Republic of the Congo,2026-06-17 17:01:15,,2,,12,True,0.0,drifter,False
33890211,Player to score in fisrt ten minutes (from 0:00 to 9:59),Jugador en meter gol en los 10 primeros minutos (del 0:00 al 9:59),Lionel Messi,8,13.0,13.0,Argentina - Algeria,2026-06-17 01:02:37,,2,,8,True,0.0,drifter,False
33890211,Player to score in fisrt ten minutes (from 0:00 to 9:59),Jugador en meter gol en los 10 primeros minutos (del 0:00 al 9:59),Lautaro Martínez,6,15.0,15.0,Argentina - Algeria,2026-06-17 01:02:37,,2,,6,True,0.0,drifter,False
33890211,Player to score a penalty (No penalty shootout),Marcar gol de penalti (No tanda de penaltis),Lionel Messi,13,6.4,6.4,Argentina - Algeria,2026-06-17 01:02:37,,2,,13,True,0.0,drifter,False
36024480,Match fouls,Faltas durante el partido,28 or more,12,2.7,2.7,South Korea - Czech Republic,2026-06-12 02:00:54,2.46,1,EUR,2,False,0.0,drifter,False
37327231,Home-side combo (bet builder),FK Zalgiris Kaunas,FK Zalgiris Kaunas to win both halves y Over 3.5 goals,5,8.25,8.25,FK Zalgiris Kaunas - Banga Gargzdai,2026-06-17 16:01:41,0.25,1,EUR,1,False,0.0,drifter,False
36024492,Saves (Star Substitute),Paradas Mathew Ryan (Suplente Estrella),3 or more,16,1.46,1.46,Australia - Turkey,2026-06-14 04:00:30,33.7,1,EUR,9,False,0.0,drifter,False
37312355,To score 2 or more goals (Star Substitute),Marcar 2 goles o más (Suplente Estrella),Sergio Arribas,8,12.0,12.0,Almeria - Malaga,2026-06-20 19:32:16,8.27,1,EUR,5,False,0.0,drifter,False
33890313,Match shots on target,Remates a puerta durante el partido,9 or more,9,1.31,1.31,Spain - Cape Verde,2026-06-15 16:01:07,,2,,8,True,0.0,drifter,False
37312355,To score 2 or more goals (Star Substitute),Marcar 2 goles o más (Suplente Estrella),Chupe,10,13.0,13.0,Almeria - Malaga,2026-06-20 19:32:16,17.62,1,EUR,7,False,0.0,drifter,False
37238914,Match,Partido,Both teams to score y Over 7.5 corners,8,2.11,2.11,Malaga - Las Palmas,2026-06-10 19:01:06,12.52,1,EUR,6,False,0.0,drifter,False
33890313,To score 2 or more goals (Star Substitute),Marcar 2 goles o más (Suplente Estrella),Fabián Ruiz,12,15.0,15.0,Spain - Cape Verde,2026-06-15 16:01:07,104.5,1,EUR,10,False,0.0,drifter,False
36024518,Player to score in 1st half,Jugador en meter gol en el 1º tiempo,Antonio Nusa,8,5.7,5.7,Iraq - Norway,2026-06-16 22:00:57,0.4,1,EUR,1,False,0.0,drifter,False
33890416,Team completed passes,Pases completados equipo,France 450 or more,5,1.33,1.33,France - Senegal,2026-06-16 19:02:47,,2,,5,True,0.0,drifter,False
36024518,To score or assist (Star Substitute),Marcar gol o asistir (Suplente Estrella),Ryerson,5,2.44,2.44,Iraq - Norway,2026-06-16 22:00:57,1.15,1,EUR,1,False,0.0,drifter,False
36024518,To score or assist (Star Substitute),Marcar gol o asistir (Suplente Estrella),Haaland,74,1.29,1.29,Iraq - Norway,2026-06-16 22:00:57,,2,,66,True,0.0,drifter,False
36024518,To score 2 or more goals (Star Substitute),Marcar 2 goles o más (Suplente Estrella),Haaland,175,2.92,2.92,Iraq - Norway,2026-06-16 22:00:57,,2,,148,True,0.0,drifter,False
37289113,Home-side combo (bet builder),FC Astana,FC Astana to win both halves y Over 3.5 goals,6,6.53,6.53,FC Astana - FC Irtysh Pavlodar,2026-06-14 13:59:44,0.30000000000000004,1,EUR,1,False,0.0,drifter,False
37281810,Away-side combo (bet builder),B. Kopavogur,B. Kopavogur win y Both teams to score in first half,11,5.2,5.2,Stjarnan - B. Kopavogur,2026-06-16 19:16:08,0.47000000000000003,1,EUR,1,False,0.0,drifter,False
37278940,Home-side combo (bet builder),HJK Helsinki,HJK Helsinki to win both halves y Over 3.5 goals,5,14.66,14.66,HJK Helsinki - FC Inter Turku,2026-06-17 15:00:36,0.25,1,EUR,1,False,0.0,drifter,False
36024491,Team shots on target,Remates a puerta equipo,Bosnia And Herzegovina 4 or more,8,1.88,1.88,Canada - Bosnia And Herzegovina,2026-06-12 19:02:13,,2,,8,True,0.0,drifter,False
37278940,Away-side combo (bet builder),FC Inter Turku,FC Inter Turku win y Both teams to score in first half,10,9.9,9.9,HJK Helsinki - FC Inter Turku,2026-06-17 15:00:36,0.42000000000000004,1,EUR,1,False,0.0,drifter,False
37278936,Away-side combo (bet builder),Kups,Kups to win both halves y Over 3.5 goals,5,6.66,6.66,TPS Turku - Kups,2026-06-17 14:59:28,0.25,1,EUR,1,False,0.0,drifter,False
33890313,Team goals,Goles equipo,Spain 6 or more,6,7.0,7.0,Spain - Cape Verde,2026-06-15 16:01:07,,2,,6,True,0.0,drifter,False
33890313,Team shots on target,Remates a puerta equipo,Spain 10 or more,14,2.25,2.25,Spain - Cape Verde,2026-06-15 16:01:07,,2,,14,True,0.0,drifter,False
33890313,Team shots on target,Remates a puerta equipo,Spain 8 or more,10,1.5,1.5,Spain - Cape Verde,2026-06-15 16:01:07,,2,,10,True,0.0,drifter,False
36024518,Team shots on target,Remates a puerta equipo,Iraq 3 or more,6,1.75,1.75,Iraq - Norway,2026-06-16 22:00:57,96.1,1,EUR,4,False,0.0,drifter,False
36024518,Team goal kicks,Saques de puerta equipo,Iraq 10 or more,6,1.74,1.74,Iraq - Norway,2026-06-16 22:00:57,,2,,6,True,0.0,drifter,False
37275587,Shots on target (Star Substitute),Remates a puerta Miguel de la Fuente (Suplente Estrella),2 or more,5,3.5,3.5,Malaga - Almeria,2026-06-14 19:02:16,100.0,1,EUR,1,False,0.0,drifter,False
37238914,Match tackles,Entradas ganadas (tackles) durante el partido,34 or more,5,1.74,1.74,Malaga - Las Palmas,2026-06-10 19:01:06,,2,,4,True,0.0,drifter,False
33890444,Shots on target (Star Substitute),Remates a puerta Anthony Gordon (Suplente Estrella),1 or more,7,1.52,1.52,England - Croatia,2026-06-17 20:00:04,,2,,7,True,0.0,drifter,False
33890210,Most Saves - vs (both starters),Más paradas - Alexander Schlager vs Yazeed Abu Laila (Ambos titulares o se anula),Yazeed Abu Laila,7,1.43,1.43,Austria - Jordan,2026-06-17 04:02:52,8.6,1,EUR,5,False,0.0,drifter,False
37238914,Match throw-ins,Saques de banda durante el partido,41 or more,11,1.81,1.81,Malaga - Las Palmas,2026-06-10 19:01:06,,2,,9,True,0.0,drifter,False
33890210,Player most passes (voiding in case of tie),Jugador en dar más pases,Philipp Lienhart,56,4.44,4.44,Austria - Jordan,2026-06-17 04:02:52,75.16,1,EUR,3,False,0.0,drifter,False
33890444,Saves (Star Substitute),Paradas Jordan Pickford (Suplente Estrella),4 or more,7,3.23,3.23,England - Croatia,2026-06-17 20:00:04,256.62,1,EUR,7,False,0.0,drifter,False
33890416,Shots against woodwork,Mbappe,1 or more,8,5.1,5.1,France - Senegal,2026-06-16 19:02:47,58.160000000000004,1,EUR,8,False,0.0,drifter,False
37238914,Shots on target (Star Substitute),Remates a puerta Chupe (Suplente Estrella),1 or more,13,1.21,1.21,Malaga - Las Palmas,2026-06-10 19:01:06,13.6,1,EUR,2,False,0.0,drifter,False
37238914,Hat trick (three or more goals) (Star Substitute),Hat trick (tres o más goles) (Suplente Estrella),Chupe,5,31.0,31.0,Malaga - Las Palmas,2026-06-10 19:01:06,33.1,1,EUR,5,False,0.0,drifter,False
33890444,Shots on target (Star Substitute),Remates a puerta Declan Rice (Suplente Estrella),1 or more,16,2.38,2.38,England - Croatia,2026-06-17 20:00:04,,2,,6,True,0.0,drifter,False
33890210,Match,Partido,Over 2.5 goals y Arnautovic 2 or more shots on target,5,2.69,2.69,Austria - Jordan,2026-06-17 04:02:52,0.2,1,EUR,1,False,0.0,drifter,False
37237611,Team corners,Corners equipo,Castellón 4 or more,6,1.3,1.3,Almeria - Castellón,2026-06-09 19:02:30,9.55,1,EUR,4,False,0.0,drifter,False
37312355,To be booked (only players and in play)(Star Substitute),Recibir tarjeta amarilla (sólo jugadores y en juego) (Suplente Estrella),Daijiro Chirino,12,2.6,2.6,Almeria - Malaga,2026-06-20 19:32:16,1.1600000000000001,1,EUR,2,False,0.0,drifter,False
37312355,Team to score a penalty,Equipo en marcar gol de penalti durante el partido,Malaga,5,6.6,6.6,Almeria - Malaga,2026-06-20 19:32:16,1.2,1,EUR,2,False,0.0,drifter,False
36024520,Match corners,Corners durante el partido,11 or more,8,2.46,2.46,Portugal - Democratic Republic of the Congo,2026-06-17 17:01:15,1040.17,1,EUR,7,False,0.0,drifter,False
36024520,Match corners,Corners durante el partido,10 or more,34,2.02,2.02,Portugal - Democratic Republic of the Congo,2026-06-17 17:01:15,,2,,30,True,0.0,drifter,False
37312355,Team to miss a penalty,Equipo en fallar penalti durante el partido,Malaga,5,19.0,19.0,Almeria - Malaga,2026-06-20 19:32:16,17.0,1,EUR,4,False,0.0,drifter,False
33890416,Match throw-ins,Saques de banda durante el partido,35 or more,7,1.99,1.99,France - Senegal,2026-06-16 19:02:47,153.87,1,EUR,7,False,0.0,drifter,False
36024518,Match,Partido,Norway win y Both teams to score in both halves,6,26.0,26.0,Iraq - Norway,2026-06-16 22:00:57,8.0,1,PEN,1,False,0.0,drifter,False
36024491,Hat trick (three or more goals) (Star Substitute),Hat trick (tres o más goles) (Suplente Estrella),Ermedin Demirovic,7,101.0,101.0,Canada - Bosnia And Herzegovina,2026-06-12 19:02:13,2.1,1,EUR,1,False,0.0,drifter,False
37312355,Team to miss a penalty,Equipo en fallar penalti durante el partido,Almeria,5,15.0,15.0,Almeria - Malaga,2026-06-20 19:32:16,19.0,1,EUR,4,False,0.0,drifter,False
33890444,Match corners,Corners durante el partido,13 or more,14,4.33,4.33,England - Croatia,2026-06-17 20:00:04,,2,,12,True,0.0,drifter,False
33890444,Player most passes (voiding in case of tie),Jugador en dar más pases,Ezri Konsa,16,5.45,5.45,England - Croatia,2026-06-17 20:00:04,5.87,1,EUR,1,False,0.0,drifter,False
33890416,Player most passes (voiding in case of tie),Jugador en dar más pases,Upamecano,61,6.35,6.35,France - Senegal,2026-06-16 19:02:47,160.82999999999998,1,EUR,5,False,0.0,drifter,False
33890416,To score 2 or more goals (Star Substitute),Marcar 2 goles o más (Suplente Estrella),Mbappe,181,5.45,5.45,France - Senegal,2026-06-16 19:02:47,,2,,143,True,0.0,drifter,False
33890313,Team corners,Corners equipo,Spain 8 or more,37,1.61,1.61,Spain - Cape Verde,2026-06-15 16:01:07,,2,,34,True,0.0,drifter,False
37237611,To score 2 or more goals (Star Substitute),Marcar 2 goles o más (Suplente Estrella),Sergio Arribas,7,11.05,11.05,Almeria - Castellón,2026-06-09 19:02:30,3.46,1,EUR,4,False,0.0,drifter,False
36024518,Match corners,Corners durante el partido,11 or more,12,2.4,2.4,Iraq - Norway,2026-06-16 22:00:57,,2,,10,True,0.0,drifter,False
36024520,Assists (Star Substitute),Asistencias Pedro Neto (Suplente Estrella),1 or more,8,3.52,3.52,Portugal - Democratic Republic of the Congo,2026-06-17 17:01:15,6.36,1,EUR,2,False,0.0,drifter,False
37312355,Match fouls,Faltas durante el partido,30 or more,5,2.02,2.02,Almeria - Malaga,2026-06-20 19:32:16,48.83,1,EUR,5,False,0.0,drifter,False
36024520,Assists (Star Substitute),Asistencias Francisco Conceicao (Suplente Estrella),1 or more,5,3.57,3.57,Portugal - Democratic Republic of the Congo,2026-06-17 17:01:15,1.15,1,EUR,1,False,0.0,drifter,False
36024491,Match goal kicks,Saques de puerta durante el partido,16 or more,30,1.83,1.83,Canada - Bosnia And Herzegovina,2026-06-12 19:02:13,,2,,5,True,0.0,drifter,False
36024492,Match goal kicks,Saques de puerta durante el partido,16 or more,22,2.1,2.1,Australia - Turkey,2026-06-14 04:00:30,1.12,1,EUR,1,False,0.0,drifter,False
37312355,Match,Partido,Both teams to score y Over 9.5 corners,5,3.3,3.3,Almeria - Malaga,2026-06-20 19:32:16,0.25,1,EUR,1,False,0.0,drifter,False
36024491,Player most passes (voiding in case of tie),Jugador en dar más pases,Derek Cornelius,5,6.65,6.65,Canada - Bosnia And Herzegovina,2026-06-12 19:02:13,110.0,1,EUR,3,False,0.0,drifter,False
36024520,1st half: Team corners,1º tiempo: Corners equipo,Portugal 6 or more,6,4.24,4.24,Portugal - Democratic Republic of the Congo,2026-06-17 17:01:15,48.33,1,EUR,6,False,0.0,drifter,False
33890444,Fouls (Star Substitute),Faltas Elliot Anderson (Suplente Estrella),1 or more,5,1.15,1.15,England - Croatia,2026-06-17 20:00:04,62.5,0,,1,False,0.0,drifter,False
33890313,To score 2 or more goals (Star Substitute),Marcar 2 goles o más (Suplente Estrella),Lamine Yamal,9,5.15,5.15,Spain - Cape Verde,2026-06-15 16:01:07,,2,,9,True,0.0,drifter,False
33890419,Shots on target (Star Substitute),Remates a puerta Antoine Semenyo (Suplente Estrella),1 or more,10,1.4,1.4,Ghana - Panama,2026-06-17 23:00:50,,2,,9,True,0.0,drifter,False
36024518,Shots on target (Star Substitute),Remates a puerta Antonio Nusa (Suplente Estrella),1 or more,8,1.32,1.32,Iraq - Norway,2026-06-16 22:00:57,,2,,5,True,0.0,drifter,False
36024493,Team exact bookings (only players and in play),Número de tarjetas equipo (solo jugadores y en juego),Tunisia 1 or more,7,1.14,1.14,Sweden - Tunisia,2026-06-15 02:00:33,22.400000000000002,1,EUR,5,False,0.0,drifter,False
33890211,Shots on target (Star Substitute),Remates a puerta Lionel Messi (Suplente Estrella),1 or more,5,1.17,1.17,Argentina - Algeria,2026-06-17 01:02:37,18.84,1,EUR,4,False,0.0,drifter,False
37330427,Match,Partido,Over 2.5 goals y Over 7.5 corners,7,2.46,2.46,Vila Nova Go - Nautico,2026-06-20 22:00:43,0.96,1,EUR,2,False,0.0,drifter,False
36966466,Match goal kicks,Saques de puerta durante el partido,15 or more,35,1.81,1.81,Mexico - South Korea,2026-06-19 01:00:38,232.12,1,EUR,3,False,0.0,drifter,False
36024493,Match fouls,Faltas durante el partido,32 or more,11,3.0,3.0,Sweden - Tunisia,2026-06-15 02:00:33,0.46,1,EUR,1,False,0.0,drifter,False
33890313,Home-side combo (bet builder),España,Spain wins at half time / Spain wins full time y Oyarzabal to score,10,1.86,1.86,Spain - Cape Verde,2026-06-15 16:01:07,34.54,1,EUR,5,False,0.0,drifter,False
37330427,Player sent off (only players and in play),Jugador expulsado (solo jugadores y en juego),Tiago Pagnussat,10,25.0,25.0,Vila Nova Go - Nautico,2026-06-20 22:00:43,0.5,1,EUR,1,False,0.0,drifter,False
37268637,Home-side combo (bet builder),Keflavik IF,Keflavik IF to win both halves y Over 3.5 goals,6,6.5,6.5,Keflavik IF - FH Hafnarfjordur,2026-06-14 17:01:35,0.30000000000000004,1,EUR,1,False,0.0,drifter,False
36024493,Team exact bookings (only players and in play),Número de tarjetas equipo (solo jugadores y en juego),Tunisia 2 or more,17,1.5,1.5,Sweden - Tunisia,2026-06-15 02:00:33,,2,,15,True,0.0,drifter,False
37183324,Match,Partido,Over 2.5 goals y Over 7.5 corners,5,2.38,2.38,Everton de Viña del Mar - Palestino,2026-06-13 18:59:10,0.7100000000000001,1,EUR,3,False,0.0,drifter,False
37343357,Match corners,Corners durante el partido,9 or more,8,1.47,1.47,Shamrock Rovers - Derry City,2026-06-22 18:59:44,9.27,1,EUR,8,False,0.0,drifter,False
33890444,Anytime goalscorer (Star Substitute),Goleador durante el partido (Suplente Estrella),Petar Musa,6,4.19,4.19,England - Croatia,2026-06-17 20:00:04,165.0,1,EUR,5,False,0.0,drifter,False
37183317,Match penalty scored,Gol de penalti durante el partido,Yes,5,2.92,2.92,Universidad Católica - Universidad de Concepción,2026-06-14 21:30:38,0.46,1,EUR,1,False,0.0,drifter,False
37183313,1-X-2 / 2 goals Up,1-X-2 / Ventaja 2 goles,1,14,1.75,1.75,Sport Recife - Athletic Club SJDR MG,2026-06-11 00:01:54,30.14,1,EUR,8,False,0.0,drifter,False
33890416,2nd Half: Team Cards (only players and in play),2º tiempo: Tarjetas equipo (solo jugadores y en juego),France 2 or more,5,2.81,2.81,France - Senegal,2026-06-16 19:02:47,1.0,1,EUR,1,False,0.0,drifter,False
37265904,Team to score a penalty,Equipo en marcar gol de penalti durante el partido,América Mineiro MG,5,7.7,7.7,Fortaleza CE - América Mineiro MG,2026-06-16 23:00:09,0.25,1,EUR,1,False,0.0,drifter,False
36966469,Match,Partido,Over 2.5 goals y Over 7.5 corners,10,2.84,2.84,Czech Republic - South Africa,2026-06-18 16:00:09,53.57,1,EUR,10,False,0.0,drifter,False
37330428,Match penalty scored,Gol de penalti durante el partido,Yes,5,3.25,3.25,Londrina PR - Athletic Club SJDR MG,2026-06-20 14:01:37,0.15,1,EUR,1,False,0.0,drifter,False
37270010,Away-side combo (bet builder),Fram Reykjavik,Fram to win 1st half y Fram to win 2nd half,7,6.25,6.25,KA Akureyri - Fram,2026-06-15 18:01:26,0.33,1,EUR,1,False,0.0,drifter,False
37183322,Team shots on target,Remates a puerta equipo,Colo Colo 8 or more,16,2.18,2.18,Colo Colo - Cobresal,2026-06-13 21:31:41,0.52,1,EUR,1,False,0.0,drifter,False
37342958,Match,Partido,Keflavik IF win y Both teams to score in both halves,7,18.0,18.0,Valur - Keflavik IF,2026-06-21 18:00:55,14.16,1,PEN,1,False,0.0,drifter,False
36024493,Team to score a penalty,Equipo en marcar gol de penalti durante el partido,Tunisia,8,3.86,3.86,Sweden - Tunisia,2026-06-15 02:00:33,5.32,1,EUR,1,False,0.0,drifter,False
33890416,1st half: Team corners,1º tiempo: Corners equipo,France 2 or more,13,1.2,1.2,France - Senegal,2026-06-16 19:02:47,,2,,11,True,0.0,drifter,False
33890313,Match corners,Corners durante el partido,9 or more,50,1.41,1.41,Spain - Cape Verde,2026-06-15 16:01:07,,2,,50,True,0.0,drifter,False
33890416,1st half: Corners,1º tiempo: Corners,5 or more,5,1.93,1.93,France - Senegal,2026-06-16 19:02:47,,2,,5,True,0.0,drifter,False
36966466,Shots on target (Star Substitute),Remates a puerta Raúl Jiménez (Suplente Estrella),1 or more,6,1.32,1.32,Mexico - South Korea,2026-06-19 01:00:38,155.74,1,EUR,5,False,0.0,drifter,False
33890419,To score 2 or more goals (Star Substitute),Marcar 2 goles o más (Suplente Estrella),Antoine Semenyo,16,15.0,15.0,Ghana - Panama,2026-06-17 23:00:50,,2,,12,True,0.0,drifter,False
37172927,Saves handicap - vs (both starters),Hándicap paradas - Unai Simón vs Jalal Hassan (Ambos titulares o se anula),Jalal Hassan(-2.5),12,1.66,1.66,Spain - Iraq,2026-06-04 19:03:19,17.41,1,EUR,1,False,0.0,drifter,False
37183144,Team corners,Corners equipo,Fortaleza CE 7 or more,5,4.3,4.3,Nautico - Fortaleza CE,2026-06-09 22:00:58,0.69,1,EUR,1,False,0.0,drifter,False
36024493,Team goal kicks,Saques de puerta equipo,Tunisia 9 or more,5,2.47,2.47,Sweden - Tunisia,2026-06-15 02:00:33,390.0,1,PEN,1,False,0.0,drifter,False
33890444,1st half: Corners,1º tiempo: Corners,5 or more,10,2.22,2.22,England - Croatia,2026-06-17 20:00:04,,2,,9,True,0.0,drifter,False
37330429,Anytime goalscorer,Goleador durante el partido,Everton Morelli Casimiro,5,7.3,7.3,Ceara - Botafogo SP,2026-06-20 21:58:43,0.25,1,EUR,1,False,0.0,drifter,False
36024493,Team goal kicks,Saques de puerta equipo,Tunisia 8 or more,5,1.89,1.89,Sweden - Tunisia,2026-06-15 02:00:33,550.0,1,PEN,1,False,0.0,drifter,False
33890444,To score from outside the box (Star Substitute),Marcar gol desde fuera del área (Suplente Estrella),Harry Kane,7,12.0,12.0,England - Croatia,2026-06-17 20:00:04,55.73,1,EUR,7,False,0.0,drifter,False
33890444,To score 2 or more goals (Star Substitute),Marcar 2 goles o más (Suplente Estrella),Luka Modric,7,81.0,81.0,England - Croatia,2026-06-17 20:00:04,31.450000000000003,1,EUR,3,False,0.0,drifter,False
37330429,1-X-2 / 2 goals Up,1-X-2 / Ventaja 2 goles,1,10,1.81,1.81,Ceara - Botafogo SP,2026-06-20 21:58:43,7.58,1,EUR,4,False,0.0,drifter,False
33890416,Hat trick (three or more goals) (Star Substitute),Hat trick (tres o más goles) (Suplente Estrella),Mbappe,52,19.0,19.0,France - Senegal,2026-06-16 19:02:47,,2,,39,True,0.0,drifter,False
37265893,Match corners,Corners durante el partido,9 or more,7,1.4,1.4,Athletic Club SJDR MG - Goias,2026-06-14 19:00:04,,2,,5,True,0.0,drifter,False
37183312,Team to score a penalty,Equipo en marcar gol de penalti durante el partido,Gremio Novorizontino SP,8,6.9,6.9,Goias - Gremio Novorizontino SP,2026-06-10 23:00:36,0.4,1,EUR,1,False,0.0,drifter,False
33890313,Home-side combo (bet builder),España,"Spain win, Over 10.5 corners y Ferran to score 2 or more goals",6,10.39,10.4,Spain - Cape Verde,2026-06-15 16:01:07,16.7,1,EUR,5,False,-0.0009615384615384913,drifter,False
36024480,Home-side combo (bet builder),Corea del Sur,South Korea win y Heung-Min Son to score,6,5.09,5.1,South Korea - Czech Republic,2026-06-12 02:00:54,27.75,1,EUR,6,False,-0.001960784313725441,drifter,False
33890306,1st half: Team corners,1º tiempo: Corners equipo,Curaçao 2 or more,8,4.98,4.99,Germany - Curaçao,2026-06-14 17:01:45,68.0,1,EUR,7,False,-0.0020040080160320293,drifter,False
33890210,Assists (Star Substitute),Asistencias Laimer (Suplente Estrella),1 or more,6,4.93,4.94,Austria - Jordan,2026-06-17 04:02:52,25.91,1,EUR,2,False,-0.002024291497975855,drifter,False
36966590,Player headed shots on target (Star Substitute),Remates a puerta con la cabeza Federico Viñas (Suplente Estrella),2 or more,9,4.83,4.84,Uruguay - Cape Verde,2026-06-21 22:00:33,229.0,1,EUR,6,False,-0.0020661157024792326,drifter,False
36024520,Assists (Star Substitute),Asistencias Nuno Mendes (Suplente Estrella),1 or more,5,4.78,4.79,Portugal - Democratic Republic of the Congo,2026-06-17 17:01:15,5.83,1,EUR,2,False,-0.002087682672233793,drifter,False
33890444,Assists (Star Substitute),Asistencias Declan Rice (Suplente Estrella),1 or more,8,4.78,4.79,England - Croatia,2026-06-17 20:00:04,1.86,1,EUR,2,False,-0.002087682672233793,drifter,False
33890313,Player most passes (voiding in case of tie),Jugador en dar más pases,Laporte,39,4.68,4.69,Spain - Cape Verde,2026-06-15 16:01:07,1123.28,1,EUR,16,False,-0.002132196162047044,drifter,False
33890210,Match corners,Corners durante el partido,13 or more,8,4.48,4.49,Austria - Jordan,2026-06-17 04:02:52,,2,,6,True,-0.0022271714922048958,drifter,False
33890313,Player most passes (voiding in case of tie),Jugador en dar más pases,Cubarsi,42,4.48,4.49,Spain - Cape Verde,2026-06-15 16:01:07,1130.0,1,EUR,16,False,-0.0022271714922048958,drifter,False
36966485,goal scorer (Star Substitute),Jugador en meter el 1º gol (Suplente Estrella),Vinícius,19,4.43,4.44,Brazil - Haiti,2026-06-20 00:32:31,,2,,19,True,-0.0022522522522524843,drifter,False
36966610,1-X-2 / 2 goals Up,1-X-2 / Ventaja 2 goles,X,5,4.05,4.06,Jordan - Algeria,2026-06-23 03:00:21,3.0,1,EUR,3,False,-0.002463054187192044,drifter,False
36966553,Match,Partido,2-1 y Musiala to score,9,19.95,20.0,Germany - Ivory Coast,2026-06-20 20:00:00,7.9399999999999995,1,EUR,2,False,-0.0025000000000000274,drifter,False
33890220,Assists (Star Substitute),Asistencias Luis Diaz (Suplente Estrella),1 or more,16,3.97,3.98,Uzbekistan - Colombia,2026-06-18 02:00:00,78.92,1,EUR,5,False,-0.0025125628140704546,drifter,False
37233846,Fouls (Star Substitute),Faltas Cristiano Ronaldo (Suplente Estrella),2 or more,5,3.92,3.93,Portugal - Nigeria,2026-06-10 19:49:08,27.0,1,EUR,3,False,-0.0025445292620865432,drifter,False
36966591,Shots on target (Star Substitute),Remates a puerta Pedri (Suplente Estrella),2 or more,14,3.77,3.78,Spain - Saudi Arabia,2026-06-21 16:00:48,126.75,1,EUR,5,False,-0.0026455026455025903,drifter,False
33890416,goal scorer (Star Substitute),Jugador en meter el 1º gol (Suplente Estrella),Mbappe,44,3.72,3.73,France - Senegal,2026-06-16 19:02:47,,2,,36,True,-0.0026809651474529765,drifter,False
36966549,Home-side combo (bet builder),Países Bajos,"Netherlands win, Over 2.5 goals y Over 8.5 corners",13,3.7,3.71,Netherlands - Sweden,2026-06-20 17:00:05,90.76,1,EUR,11,False,-0.0026954177897573375,drifter,False
36966591,Shots on target outside the box (Star Substitute),Remates a puerta desde fuera del área Fabián Ruiz (Suplente Estrella),1 or more,5,3.57,3.58,Spain - Saudi Arabia,2026-06-21 16:00:48,19.0,1,EUR,5,False,-0.00279329608938555,drifter,False
33890220,Away-side combo (bet builder),Colombia,Colombia win y James Rodríguez 1 or more assists,9,3.48,3.49,Uzbekistan - Colombia,2026-06-18 02:00:00,,2,,5,True,-0.002865329512893982,drifter,False
33890211,Home-side combo (bet builder),Argentina,Argentina win y Both teams to score,6,3.29,3.3,Argentina - Algeria,2026-06-17 01:02:37,,2,,6,True,-0.0030303030303029587,drifter,False
36966553,Home-side combo (bet builder),Alemania,Germany win y Both teams to score in first half,5,6.4,6.42,Germany - Ivory Coast,2026-06-20 20:00:00,2.61,1,EUR,2,False,-0.0031152647975078553,drifter,False
33890444,To score or assist (Star Substitute),Marcar gol o asistir (Suplente Estrella),Budimir,8,3.12,3.13,England - Croatia,2026-06-17 20:00:04,115.23,1,EUR,8,False,-0.003194888178913691,drifter,False
36966591,Shots on target (Star Substitute),Remates a puerta Fabián Ruiz (Suplente Estrella),2 or more,19,3.12,3.13,Spain - Saudi Arabia,2026-06-21 16:00:48,693.54,1,EUR,3,False,-0.003194888178913691,drifter,False
36966609,To be carded (only players and in play)(Star Substitute),Recibir tarjeta (sólo jugadores y en juego) (Suplente Estrella),Laimer,5,3.07,3.08,Argentina - Austria,2026-06-22 17:00:58,,2,,5,True,-0.0032467532467533584,drifter,False
36966472,Match,Partido,A goal in both halves y More than 4 corners in each half,5,2.88,2.89,Canada - Qatar,2026-06-18 22:00:44,,2,,3,True,-0.0034602076124567917,drifter,False
36966480,Match corners,Corners durante el partido,11 or more,15,2.81,2.82,Usa - Australia,2026-06-19 19:00:27,,2,,11,True,-0.0035460992907801634,drifter,False
36966609,First to score for their team (Star Substitute),Jugador en meter el 1º gol del equipo (Suplente Estrella),Lionel Messi,5,2.81,2.82,Argentina - Austria,2026-06-22 17:00:58,,2,,3,True,-0.0035460992907801634,drifter,False
36966473,Match corners,Corners durante el partido,12 or more,8,2.81,2.82,Switzerland - Bosnia And Herzegovina,2026-06-18 19:00:01,37.35,1,EUR,8,False,-0.0035460992907801634,drifter,False
36966591,Saves (Star Substitute),Paradas Unai Simón (Suplente Estrella),3 or more,6,2.75,2.76,Spain - Saudi Arabia,2026-06-21 16:00:48,85.53,1,EUR,6,False,-0.0036231884057969788,drifter,False
33890416,Saves (Star Substitute),Paradas Edouard Mendy (Suplente Estrella),6 or more,5,2.71,2.72,France - Senegal,2026-06-16 19:02:47,282.5,1,EUR,5,False,-0.0036764705882353682,drifter,False
33890306,Assists (Star Substitute),Asistencias Havertz (Suplente Estrella),1 or more,6,2.71,2.72,Germany - Curaçao,2026-06-14 17:01:45,22.5,1,EUR,3,False,-0.0036764705882353682,drifter,False
33890304,To score or assist (Star Substitute),Marcar gol o asistir (Suplente Estrella),Take Kubo,10,2.71,2.72,Netherlands - Japan,2026-06-14 20:00:08,,2,,10,True,-0.0036764705882353682,drifter,False
33890291,Anytime goalscorer (Star Substitute),Goleador durante el partido (Suplente Estrella),Igor Thiago,7,2.66,2.67,Brazil - Morocco,2026-06-13 22:04:18,70.39,1,EUR,6,False,-0.003745318352059799,drifter,False
36966611,First to score for their team (Star Substitute),Jugador en meter el 1º gol del equipo (Suplente Estrella),Haaland,8,2.61,2.62,Norway - Senegal,2026-06-23 00:00:05,,2,,7,True,-0.003816793893129885,drifter,False
33890291,1-X-2 / 2 goals Up,1-X-2 / Ventaja 2 goles,2,68,5.13,5.15,Brazil - Morocco,2026-06-13 22:04:18,,2,,51,True,-0.0038834951456311697,drifter,False
36024480,Shots on target (Star Substitute),Remates a puerta Heung-Min Son (Suplente Estrella),2 or more,16,2.56,2.57,South Korea - Czech Republic,2026-06-12 02:00:54,,2,,14,True,-0.0038910505836575737,drifter,False
36966486,Shots on target (Star Substitute),Remates a puerta Brahim (Suplente Estrella),2 or more,13,2.56,2.57,Scotland - Morocco,2026-06-19 22:00:07,,2,,13,True,-0.0038910505836575737,drifter,False
33890312,Away-side combo (bet builder),Uruguay,Uruguay win y Over 2.5 goals,18,2.47,2.48,Saudi Arabia - Uruguay,2026-06-15 22:03:57,213.16,1,EUR,11,False,-0.00403225806451603,drifter,False
36966610,Player to score in 1st half,Jugador en meter gol en el 1º tiempo,Amine Gouiri,5,4.93,4.95,Jordan - Algeria,2026-06-23 03:00:21,0.3,1,EUR,2,False,-0.004040404040404181,drifter,False
36966609,Shots on target each half (Star Substitute),Remates a puerta en cada tiempo Lionel Messi (Suplente Estrella),1 or more,6,2.44,2.45,Argentina - Austria,2026-06-22 17:00:58,126.15,1,EUR,6,False,-0.0040816326530613645,drifter,False
37275587,To score or assist (Star Substitute),Marcar gol o asistir (Suplente Estrella),David Larrubia,6,2.42,2.43,Malaga - Almeria,2026-06-14 19:02:16,33.38,1,EUR,6,False,-0.0041152263374486875,drifter,False
33890313,Match corners,Corners durante el partido,12 or more,20,2.41,2.42,Spain - Cape Verde,2026-06-15 16:01:07,117.39,1,EUR,13,False,-0.004132231404958576,drifter,False
36966638,Shots on target (Star Substitute),Remates a puerta Harry Kane (Suplente Estrella),3 or more,20,2.38,2.39,England - Ghana,2026-06-23 20:00:08,,2,,20,True,-0.0041841004184101005,drifter,False
36966528,To score or assist (Star Substitute),Marcar gol o asistir (Suplente Estrella),Daizen Maeda,9,2.38,2.39,Tunisia - Japan,2026-06-21 04:00:01,,2,,8,True,-0.0041841004184101005,drifter,False
36024520,Shots on target (Star Substitute),Remates a puerta Vitinha (Suplente Estrella),1 or more,16,2.37,2.38,Portugal - Democratic Republic of the Congo,2026-06-17 17:01:15,421.72,1,EUR,7,False,-0.004201680672268785,drifter,False
36966553,Match goal kicks,Saques de puerta durante el partido,17 or more,7,2.36,2.37,Germany - Ivory Coast,2026-06-20 20:00:00,,2,,3,True,-0.004219409282700617,drifter,False
36966549,Match throw-ins,Saques de banda durante el partido,36 or more,5,2.35,2.36,Netherlands - Sweden,2026-06-20 17:00:05,2000.0,1,PEN,2,False,-0.004237288135593142,drifter,False
36966592,Shots on target (Star Substitute),Remates a puerta Omar Marmoush (Suplente Estrella),2 or more,10,2.35,2.36,New Zealand - Egypt,2026-06-22 01:00:05,44.07,1,EUR,8,False,-0.004237288135593142,drifter,False
36024518,Player to score in 1st half,Jugador en meter gol en el 1º tiempo,Haaland,13,2.34,2.35,Iraq - Norway,2026-06-16 22:00:57,,2,,8,True,-0.004255319148936246,drifter,False
33890291,Saves (Star Substitute),Paradas Yassine Bounou (Suplente Estrella),4 or more,35,2.33,2.34,Brazil - Morocco,2026-06-13 22:04:18,,2,,30,True,-0.004273504273504218,drifter,False
36966480,Team corners,Corners equipo,Usa 7 or more,5,2.32,2.33,Usa - Australia,2026-06-19 19:00:27,,2,,5,True,-0.004291845493562269,drifter,False
36966612,Home-side combo (bet builder),Francia,A goal in both halves y Michael Olise 2 or more shots on target,6,2.32,2.33,France - Iraq,2026-06-22 21:00:42,64.9,1,EUR,3,False,-0.004291845493562269,drifter,False
36966466,To score or assist (Star Substitute),Marcar gol o asistir (Suplente Estrella),Julián Quiñones,19,2.32,2.33,Mexico - South Korea,2026-06-19 01:00:38,,2,,13,True,-0.004291845493562269,drifter,False
36966473,Anytime goalscorer (Star Substitute),Goleador durante el partido (Suplente Estrella),Breel Embolo,46,2.28,2.29,Switzerland - Bosnia And Herzegovina,2026-06-18 19:00:01,,2,,37,True,-0.004366812227074263,drifter,False
36966549,Shots on target (Star Substitute),Remates a puerta Malen (Suplente Estrella),2 or more,7,2.26,2.27,Netherlands - Sweden,2026-06-20 17:00:05,51.3,1,EUR,7,False,-0.0044052863436124245,drifter,False
36966611,Shots on target each half (Star Substitute),Remates a puerta en cada tiempo Haaland (Suplente Estrella),1 or more,5,2.25,2.26,Norway - Senegal,2026-06-23 00:00:05,6.26,1,EUR,5,False,-0.004424778761061843,drifter,False
36024520,Shots on target outside the box (Star Substitute),Remates a puerta desde fuera del área Bruno Fernandes (Suplente Estrella),1 or more,6,2.24,2.25,Portugal - Democratic Republic of the Congo,2026-06-17 17:01:15,15.39,1,EUR,3,False,-0.004444444444444429,drifter,False
36966640,First to score for their team (Star Substitute),Jugador en meter el 1º gol del equipo (Suplente Estrella),Cristiano Ronaldo,5,2.23,2.24,Portugal - Uzbekistan,2026-06-23 17:00:06,12.11,1,EUR,4,False,-0.004464285714285824,drifter,False
33890291,Match shots on target,Remates a puerta durante el partido,10 or more,8,2.23,2.24,Brazil - Morocco,2026-06-13 22:04:18,,2,,8,True,-0.004464285714285824,drifter,False
36966612,1st Half: Team Cards (only players and in play),1º tiempo: Tarjetas equipo (solo jugadores y en juego),France 2 or more,5,11.05,11.1,France - Iraq,2026-06-22 21:00:42,,2,,4,True,-0.004504504504504373,drifter,False
33890306,Player to score in fisrt ten minutes (from 0:00 to 9:59),Jugador en meter gol en los 10 primeros minutos (del 0:00 al 9:59),Florian Wirtz,6,11.05,11.1,Germany - Curaçao,2026-06-14 17:01:45,10.370000000000001,1,EUR,6,False,-0.004504504504504373,drifter,False
33890313,To Score a Header (Star Substitute),Marcar gol con la cabeza (Suplente Estrella),Laporte,6,11.05,11.1,Spain - Cape Verde,2026-06-15 16:01:07,29.0,1,EUR,6,False,-0.004504504504504373,drifter,False
36966610,Shots on target (Star Substitute),Remates a puerta Amine Gouiri (Suplente Estrella),2 or more,6,2.2,2.21,Jordan - Algeria,2026-06-23 03:00:21,24.61,1,EUR,6,False,-0.0045248868778280165,drifter,False
36966612,Home-side combo (bet builder),Francia,France win y Michael Olise to score,99,2.2,2.21,France - Iraq,2026-06-22 21:00:42,169.88,1,EUR,25,False,-0.0045248868778280165,drifter,False
33890211,Shots on target (Star Substitute),Remates a puerta Julian Alvarez (Suplente Estrella),2 or more,9,2.19,2.2,Argentina - Algeria,2026-06-17 01:02:37,12.56,1,EUR,8,False,-0.004545454545454644,drifter,False
33890299,Anytime goalscorer (Star Substitute),Goleador durante el partido (Suplente Estrella),Lukaku,14,2.18,2.19,Belgium - Egypt,2026-06-15 19:00:29,16.66,1,EUR,11,False,-0.004566210045661969,drifter,False
33890290,Team Fouls,Faltas Equipo,Haiti 15 or more,7,2.18,2.19,Haiti - Scotland,2026-06-14 01:02:33,,2,,5,True,-0.004566210045661969,drifter,False
36966466,To score or assist (Star Substitute),Marcar gol o asistir (Suplente Estrella),Raúl Jiménez,29,2.18,2.19,Mexico - South Korea,2026-06-19 01:00:38,,2,,27,True,-0.004566210045661969,drifter,False
33890313,Saves (Star Substitute),Paradas Unai Simón (Suplente Estrella),2 or more,18,2.12,2.13,Spain - Cape Verde,2026-06-15 16:01:07,280.91,1,EUR,15,False,-0.004694835680751062,drifter,False
33890291,Team shots on target,Remates a puerta equipo,Morocco 4 or more,14,2.1,2.11,Brazil - Morocco,2026-06-13 22:04:18,,2,,11,True,-0.004739336492890923,drifter,False
36966472,Shots on target (Star Substitute),Remates a puerta Jonathan David (Suplente Estrella),2 or more,16,2.08,2.09,Canada - Qatar,2026-06-18 22:00:44,133.07,1,EUR,16,False,-0.00478468899521511,drifter,False
33890210,Anytime goalscorer (Star Substitute),Goleador durante el partido (Suplente Estrella),Michael Gregoritsch,12,2.07,2.08,Austria - Jordan,2026-06-17 04:02:52,4.11,1,EUR,6,False,-0.00480769230769247,drifter,False
33890444,Match throw-ins,Saques de banda durante el partido,32 or more,5,2.07,2.08,England - Croatia,2026-06-17 20:00:04,,2,,5,True,-0.00480769230769247,drifter,False
36966486,Away-side combo (bet builder),Marruecos,"Morocco win, Both teams to score y Over 10.5 corners",6,10.3,10.35,Scotland - Morocco,2026-06-19 22:00:07,10.25,1,EUR,3,False,-0.0048309178743961316,drifter,False
36966612,Home-side combo (bet builder),Francia,"France win, Over 8.5 corners y Mbappe 2 or more shots on target",14,2.02,2.03,France - Iraq,2026-06-22 21:00:42,,2,,14,True,-0.004926108374384097,drifter,False
36966549,1st Half: Team Cards (only players and in play),1º tiempo: Tarjetas equipo (solo jugadores y en juego),Sweden 1 or more,5,2.02,2.03,Netherlands - Sweden,2026-06-20 17:00:05,11.98,1,EUR,5,False,-0.004926108374384097,drifter,False
36966473,Shots on target (Star Substitute),Remates a puerta Breel Embolo (Suplente Estrella),2 or more,11,2.01,2.02,Switzerland - Bosnia And Herzegovina,2026-06-18 19:00:01,83.13,1,EUR,11,False,-0.004950495049505093,drifter,False
36966609,Fouls (Star Substitute),Faltas Lionel Messi (Suplente Estrella),2 or more,6,4.02,4.04,Argentina - Austria,2026-06-22 17:00:58,112.0,1,EUR,4,False,-0.004950495049505093,drifter,False
33890220,Away-side combo (bet builder),Colombia,"Colombia win, Over 8.5 corners y Luis Diaz 2 or more shots on target",6,4.0,4.02,Uzbekistan - Colombia,2026-06-18 02:00:00,8.3,1,EUR,5,False,-0.004975124378109319,drifter,False
36966528,To score or assist (Star Substitute),Marcar gol o asistir (Suplente Estrella),Junya Ito,7,1.99,2.0,Tunisia - Japan,2026-06-21 04:00:01,6.41,1,EUR,7,False,-0.004999999999999912,drifter,False
36966472,Match,Partido,Over 2.5 goals y Over 7.5 corners,38,1.99,2.0,Canada - Qatar,2026-06-18 22:00:44,51.519999999999996,1,EUR,22,False,-0.004999999999999912,drifter,False
33890298,Saves (Star Substitute),Paradas Max Crocombe (Suplente Estrella),5 or more,5,3.91,3.93,Iran - New Zealand,2026-06-16 01:03:48,102.0,1,EUR,5,False,-0.005089058524173097,drifter,False
36966612,Shots on target outside the box (Star Substitute),Remates a puerta desde fuera del área Mbappe (Suplente Estrella),1 or more,6,1.95,1.96,France - Iraq,2026-06-22 21:00:42,133.14,1,EUR,6,False,-0.005102040816326635,drifter,False
36966612,Shots on target (Star Substitute),Remates a puerta Barcola (Suplente Estrella),2 or more,5,1.92,1.93,France - Iraq,2026-06-22 21:00:42,42.47,1,EUR,5,False,-0.005181347150259015,drifter,False
36966472,Match penalty missed,Penalti fallado durante el partido,Yes,8,9.6,9.65,Canada - Qatar,2026-06-18 22:00:44,,2,,7,True,-0.005181347150259174,drifter,False
36966485,Home-side combo (bet builder),Brasil,"Brazil win, Over 2.5 goals y Over 8.5 corners",6,1.91,1.92,Brazil - Haiti,2026-06-20 00:32:31,,2,,6,True,-0.005208333333333257,drifter,False
33890313,Home-side combo (bet builder),España,"Spain win, Over 10.5 corners y Ferran to score",5,3.82,3.84,Spain - Cape Verde,2026-06-15 16:01:07,22.53,1,EUR,5,False,-0.005208333333333257,drifter,False
33890304,Saves (Star Substitute),Paradas Bart Verbruggen (Suplente Estrella),3 or more,10,1.91,1.92,Netherlands - Japan,2026-06-14 20:00:08,,2,,9,True,-0.005208333333333257,drifter,False
33890416,Fouls (Star Substitute),Faltas Tchouameni (Suplente Estrella),2 or more,5,1.89,1.9,France - Senegal,2026-06-16 19:02:47,30.72,1,EUR,5,False,-0.005263157894737051,drifter,False
33890291,Home-side combo (bet builder),Brasil,Brazil win y Raphinha 2 or more shots on target,5,3.73,3.75,Brazil - Morocco,2026-06-13 22:04:18,77.14,1,EUR,5,False,-0.005333333333333392,drifter,False
36024520,Shots (Star Substitute),Remates Cristiano Ronaldo (Suplente Estrella),5 or more,16,1.85,1.86,Portugal - Democratic Republic of the Congo,2026-06-17 17:01:15,,2,,13,True,-0.005376344086021418,drifter,False
36024493,To score or assist (Star Substitute),Marcar gol o asistir (Suplente Estrella),Isak,15,1.83,1.84,Sweden - Tunisia,2026-06-15 02:00:33,,2,,12,True,-0.005434782608695597,drifter,False
33890299,Shots (Star Substitute),Remates Doku (Suplente Estrella),3 or more,6,1.82,1.83,Belgium - Egypt,2026-06-15 19:00:29,505.0,1,EUR,2,False,-0.005464480874316931,drifter,False
36966593,Team completed passes,Pases completados equipo,500 or more,6,1.82,1.83,Belgium - Iran,2026-06-21 19:00:03,,2,,6,True,-0.005464480874316931,drifter,False
33890238,Match shots on target,Remates a puerta durante el partido,9 or more,6,1.82,1.83,Mexico - South Africa,2026-06-11 19:05:51,,2,,6,True,-0.005464480874316931,drifter,False
33890211,Shots on target (Star Substitute),Remates a puerta Lautaro Martínez (Suplente Estrella),2 or more,7,1.82,1.83,Argentina - Algeria,2026-06-17 01:02:37,28.62,1,EUR,7,False,-0.005464480874316931,drifter,False
36966612,Home-side combo (bet builder),Francia,Désiré Doué 2 or more shots on target y Barcola 2 or more shots on target,5,3.63,3.65,France - Iraq,2026-06-22 21:00:42,10.6,1,EUR,3,False,-0.005479452054794603,drifter,False
33890416,Team shots on target,Remates a puerta equipo,Senegal 5 or more,5,3.61,3.63,France - Senegal,2026-06-16 19:02:47,4.83,1,EUR,4,False,-0.00550964187327828,drifter,False
36966638,To score or assist (Star Substitute),Marcar gol o asistir (Suplente Estrella),Anthony Gordon,10,1.8,1.81,England - Ghana,2026-06-23 20:00:08,51.43,1,EUR,9,False,-0.0055248618784530246,drifter,False
37183314,Team exact bookings (only players and in play),Número de tarjetas equipo (solo jugadores y en juego),Ceara 4 or more,6,3.6,3.62,Ceara - Avai SC,2026-06-10 22:59:59,1.8599999999999999,1,EUR,2,False,-0.0055248618784530246,drifter,False
36966611,Team corners,Corners equipo,Norway 5 or more,12,1.77,1.78,Norway - Senegal,2026-06-23 00:00:05,,2,,11,True,-0.005617977528089838,drifter,False
33890416,Home-side combo (bet builder),Francia,"France win, Over 2.5 goals y Mbappe first goalscorer",10,7.05,7.09,France - Senegal,2026-06-16 19:02:47,10.48,1,EUR,2,False,-0.005641748942172127,drifter,False
36966612,Shots on target (Star Substitute),Remates a puerta Michael Olise (Suplente Estrella),2 or more,24,1.76,1.77,France - Iraq,2026-06-22 21:00:42,182.65,1,EUR,23,False,-0.005649717514124361,drifter,False
36966473,Team Shots,Remates equipo,Bosnia And Herzegovina 9 or more,12,1.76,1.77,Switzerland - Bosnia And Herzegovina,2026-06-18 19:00:01,237.79,1,EUR,10,False,-0.005649717514124361,drifter,False
36966609,Team shots on target,Remates a puerta equipo,Argentina 6 or more,6,1.73,1.74,Argentina - Austria,2026-06-22 17:00:58,,2,,6,True,-0.005747126436781747,drifter,False
33890299,Saves (Star Substitute),Paradas Mohamed El Shenawy (Suplente Estrella),4 or more,11,1.71,1.72,Belgium - Egypt,2026-06-15 19:00:29,184.26999999999998,1,EUR,4,False,-0.00581395348837198,drifter,False
36966591,Home-side combo (bet builder),España,Spain win y Oyarzabal 2 or more shots on target,16,1.71,1.72,Spain - Saudi Arabia,2026-06-21 16:00:48,19.869999999999997,1,EUR,12,False,-0.00581395348837198,drifter,False
37233850,Anytime goalscorer (Star Substitute),Goleador durante el partido (Suplente Estrella),Lautaro Martínez,6,1.7,1.71,Argentina - Iceland,2026-06-10 01:09:18,6.98,1,EUR,3,False,-0.005847953216374357,drifter,False
36966612,Home-side combo (bet builder),Francia,A goal in both halves y Mbappe 2 or more shots on target,14,1.7,1.71,France - Iraq,2026-06-22 21:00:42,,2,,13,True,-0.005847953216374357,drifter,False
33890306,1st half: Corners,1º tiempo: Corners,5 or more,6,1.69,1.7,Germany - Curaçao,2026-06-14 17:01:45,,2,,6,True,-0.005882352941176478,drifter,False
33890238,Team Shots,Remates equipo,South Africa 8 or more,11,1.69,1.7,Mexico - South Africa,2026-06-11 19:05:51,1222.4,1,EUR,11,False,-0.005882352941176478,drifter,False
36966590,Match corners,Corners durante el partido,9 or more,35,1.68,1.69,Uruguay - Cape Verde,2026-06-21 22:00:33,,2,,31,True,-0.00591715976331356,drifter,False
37238914,Match penalty scored,Gol de penalti durante el partido,Yes,16,3.33,3.35,Malaga - Las Palmas,2026-06-10 19:01:06,93.66,1,EUR,16,False,-0.005970149253731446,drifter,False
36966549,Away-side combo (bet builder),Suecia,Sweden win y Viktor Gyokeres to score,8,8.3,8.35,Netherlands - Sweden,2026-06-20 17:00:05,10.739999999999998,1,EUR,7,False,-0.005988023952095686,drifter,False
37312355,Home-side combo (bet builder),Almería,Draw y A goal in both halves,12,6.63,6.67,Almeria - Malaga,2026-06-20 19:32:16,7.32,1,EUR,2,False,-0.005997001499250277,drifter,False
33890313,Team completed passes,Pases completados equipo,Spain 600 or more,7,1.65,1.66,Spain - Cape Verde,2026-06-15 16:01:07,149.97,1,EUR,7,False,-0.00602409638554211,drifter,False
36966612,Shots on target each half (Star Substitute),Remates a puerta en cada tiempo Mbappe (Suplente Estrella),1 or more,14,1.63,1.64,France - Iraq,2026-06-22 21:00:42,246.95999999999998,1,EUR,11,False,-0.006097560975609796,drifter,False
33890220,Shots on target (Star Substitute),Remates a puerta Luis Diaz (Suplente Estrella),3 or more,9,3.25,3.27,Uzbekistan - Colombia,2026-06-18 02:00:00,,2,,8,True,-0.006116207951070457,drifter,False
36024520,Shots on target (Star Substitute),Remates a puerta Vitinha (Suplente Estrella),2 or more,6,8.1,8.15,Portugal - Democratic Republic of the Congo,2026-06-17 17:01:15,51.2,1,EUR,5,False,-0.006134969325153436,drifter,False
33890306,Match shots on target,Remates a puerta durante el partido,12 or more,10,1.61,1.62,Germany - Curaçao,2026-06-14 17:01:45,73.0,1,EUR,10,False,-0.006172839506172817,drifter,False
37233850,Home-side combo (bet builder),Argentina,Argentina win y Over 2.5 goals,6,1.6,1.61,Argentina - Iceland,2026-06-10 01:09:18,10.34,1,EUR,5,False,-0.006211180124223681,drifter,False
36966591,Shots on target (Star Substitute),Remates a puerta Oyarzabal (Suplente Estrella),2 or more,11,1.6,1.61,Spain - Saudi Arabia,2026-06-21 16:00:48,49.25,1,EUR,10,False,-0.006211180124223681,drifter,False
33890299,Shots on target (Star Substitute),Remates a puerta Mohamed Salah (Suplente Estrella),1 or more,21,1.6,1.61,Belgium - Egypt,2026-06-15 19:00:29,,2,,17,True,-0.006211180124223681,drifter,False
36966485,1st half: Team corners,1º tiempo: Corners equipo,Haiti 1 or more,7,1.58,1.59,Brazil - Haiti,2026-06-20 00:32:31,26.42,1,EUR,4,False,-0.006289308176100566,drifter,False
33890238,Saves (Star Substitute),Paradas Raul Rangel (Suplente Estrella),2 or more,10,1.57,1.58,Mexico - South Africa,2026-06-11 19:05:51,99.08,1,EUR,10,False,-0.0063291139240506935,drifter,False
33890291,Saves (Star Substitute),Paradas Yassine Bounou (Suplente Estrella),3 or more,19,1.56,1.57,Brazil - Morocco,2026-06-13 22:04:18,,2,,18,True,-0.006369426751592316,drifter,False
33890299,Shots on target (Star Substitute),Remates a puerta Omar Marmoush (Suplente Estrella),1 or more,5,1.56,1.57,Belgium - Egypt,2026-06-15 19:00:29,23.86,1,EUR,5,False,-0.006369426751592316,drifter,False
33890299,Shots on target (Star Substitute),Remates a puerta Kevin De Bruyne (Suplente Estrella),2 or more,16,3.1,3.12,Belgium - Egypt,2026-06-15 19:00:29,,2,,16,True,-0.006410256410256471,drifter,False
36966550,Match shots on target,Remates a puerta durante el partido,10 or more,11,1.53,1.54,Ecuador - Curaçao,2026-06-21 00:00:04,,2,,3,True,-0.0064935064935065165,drifter,False
33890299,Shots on target (Star Substitute),Remates a puerta Trossard (Suplente Estrella),1 or more,8,1.53,1.54,Belgium - Egypt,2026-06-15 19:00:29,,2,,7,True,-0.0064935064935065165,drifter,False
36024492,Anytime goalscorer (Star Substitute),Goleador durante el partido (Suplente Estrella),Arda Güler,16,3.06,3.08,Australia - Turkey,2026-06-14 04:00:30,,2,,16,True,-0.0064935064935065165,drifter,False
36024520,Match shots on target,Remates a puerta durante el partido,12 or more,5,3.05,3.07,Portugal - Democratic Republic of the Congo,2026-06-17 17:01:15,,2,,5,True,-0.006514657980456017,drifter,False
33890291,Saves (Star Substitute),Paradas Alisson (Suplente Estrella),5 or more,13,7.55,7.6,Brazil - Morocco,2026-06-13 22:04:18,,2,,10,True,-0.006578947368421185,drifter,False
36966640,To score or assist (Star Substitute),Marcar gol o asistir (Suplente Estrella),João Félix,5,1.5,1.51,Portugal - Uzbekistan,2026-06-23 17:00:06,13.31,1,EUR,5,False,-0.006622516556291258,drifter,False
33890291,1st half: Team corners,1º tiempo: Corners equipo,Brazil 4 or more,11,3.0,3.02,Brazil - Morocco,2026-06-13 22:04:18,,2,,10,True,-0.006622516556291258,drifter,False
36966550,Saves handicap - vs (both starters),Hándicap paradas - Hernan Galindez vs Eloy Room (Ambos titulares o se anula),Eloy Room(-1.5),5,1.5,1.51,Ecuador - Curaçao,2026-06-21 00:00:04,306.25,1,EUR,3,False,-0.006622516556291258,drifter,False
33890291,Team shots on target,Remates a puerta equipo,Brazil 5 or more,23,1.5,1.51,Brazil - Morocco,2026-06-13 22:04:18,,2,,19,True,-0.006622516556291258,drifter,False
37173241,Match corners,Corners durante el partido,11 or more,5,1.5,1.51,Waterford United FC - Sligo Rovers,2026-06-12 18:44:39,,2,,2,True,-0.006622516556291258,drifter,False
36024518,Match fouls,Faltas durante el partido,22 or more,18,1.5,1.51,Iraq - Norway,2026-06-16 22:00:57,1042.06,1,EUR,2,False,-0.006622516556291258,drifter,False
37238914,Match fouls,Faltas durante el partido,26 or more,9,1.5,1.51,Malaga - Las Palmas,2026-06-10 19:01:06,471.0,1,EUR,8,False,-0.006622516556291258,drifter,False
36966611,Team exact bookings (only players and in play),Número de tarjetas equipo (solo jugadores y en juego),Senegal 2 or more,6,1.49,1.5,Norway - Senegal,2026-06-23 00:00:05,,2,,4,True,-0.006666666666666767,drifter,False
36024520,1st half: Corners,1º tiempo: Corners,4 or more,16,1.48,1.49,Portugal - Democratic Republic of the Congo,2026-06-17 17:01:15,,2,,4,True,-0.006711409395973083,drifter,False
36966612,Shots on target (Star Substitute),Remates a puerta Mbappe (Suplente Estrella),4 or more,10,2.95,2.97,France - Iraq,2026-06-22 21:00:42,,2,,9,True,-0.00673400673400679,drifter,False
36024493,Match,Partido,More than 4 total corners each team y Viktor Gyokeres 2 or more shots on target,5,4.36,4.39,Sweden - Tunisia,2026-06-15 02:00:33,16.32,1,EUR,2,False,-0.006833712984054508,drifter,False
37183314,Match corners,Corners durante el partido,9 or more,5,1.45,1.46,Ceara - Avai SC,2026-06-10 22:59:59,,2,,5,True,-0.006849315068493272,drifter,False
36024491,Match,Partido,Over 2.5 goals y Over 7.5 corners,16,2.89,2.91,Canada - Bosnia And Herzegovina,2026-06-12 19:02:13,89.97,1,EUR,13,False,-0.006872852233676895,drifter,False
36966472,Home-side combo (bet builder),Canadá,"Canada win, Over 2.5 goals y Jonathan David to score",6,2.89,2.91,Canada - Qatar,2026-06-18 22:00:44,32.480000000000004,1,EUR,4,False,-0.006872852233676895,drifter,False
36966480,Team shots on target,Remates a puerta equipo,Usa 5 or more,9,1.44,1.45,Usa - Australia,2026-06-19 19:00:27,213.49,1,EUR,9,False,-0.0068965517241378295,drifter,False
36024520,Home-side combo (bet builder),Portugal,"Portugal win, Over 2.5 goals y Over 8.5 corners",23,2.87,2.89,Portugal - Democratic Republic of the Congo,2026-06-17 17:01:15,81.77000000000001,1,EUR,20,False,-0.006920415224913485,drifter,False
36966469,Match,Partido,Under 0.5 half time goals y Both teams to score in second half,5,8.6,8.66,Czech Republic - South Africa,2026-06-18 16:00:09,2.51,1,EUR,3,False,-0.006928406466512727,drifter,False
36966612,1st half: Corners,1º tiempo: Corners,4 or more,6,1.43,1.44,France - Iraq,2026-06-22 21:00:42,,2,,5,True,-0.006944444444444592,drifter,False
36966609,Saves (Star Substitute),Paradas Emiliano Martinez (Suplente Estrella),2 or more,7,1.42,1.43,Argentina - Austria,2026-06-22 17:00:58,133.25,1,EUR,7,False,-0.006993006993006967,drifter,False
33890313,1st half: Corners,1º tiempo: Corners,4 or more,12,1.41,1.42,Spain - Cape Verde,2026-06-15 16:01:07,,2,,7,True,-0.007042253521126709,drifter,False
33890313,Home-side combo (bet builder),España,Spain win y A goal in both halves,82,1.39,1.4,Spain - Cape Verde,2026-06-15 16:01:07,,2,,21,True,-0.00714285714285723,drifter,False
36966473,1st half: Team corners,1º tiempo: Corners equipo,Bosnia And Herzegovina 1 or more,7,1.39,1.4,Switzerland - Bosnia And Herzegovina,2026-06-18 19:00:01,9.129999999999999,1,EUR,5,False,-0.00714285714285723,drifter,False
33890444,Anytime goalscorer (Star Substitute),Goleador durante el partido (Suplente Estrella),Budimir,7,4.17,4.2,England - Croatia,2026-06-17 20:00:04,14.05,1,EUR,6,False,-0.00714285714285723,drifter,False
36966591,Home-side combo (bet builder),España,"Spain win, Oyarzabal to score y Lamine Yamal to score",5,2.76,2.78,Spain - Saudi Arabia,2026-06-21 16:00:48,14.790000000000001,1,EUR,4,False,-0.007194244604316588,drifter,False
36966593,Shots on target (Star Substitute),Remates a puerta Doku (Suplente Estrella),2 or more,5,2.75,2.77,Belgium - Iran,2026-06-21 19:00:03,12.33,1,EUR,4,False,-0.007220216606498159,drifter,False
36971426,1st half: Team corners,1º tiempo: Corners equipo,Turkey 2 or more,5,1.37,1.38,Turkey - Paraguay,2026-06-20 03:00:03,15.0,1,EUR,4,False,-0.007246376811594049,drifter,False
33890312,Player most passes (voiding in case of tie),Jugador en dar más pases,Sebastián Cáceres,11,6.8,6.85,Saudi Arabia - Uruguay,2026-06-15 22:03:57,130.5,1,EUR,10,False,-0.007299270072992625,drifter,False
36966640,Most assists - vs (both starters),Más asistencias - Cristiano Ronaldo vs Aziz Ganiev (Ambos titulares o se anula),Cristiano Ronaldo,7,6.8,6.85,Portugal - Uzbekistan,2026-06-23 17:00:06,41.25,1,EUR,7,False,-0.007299270072992625,drifter,False
36024518,Saves handicap - vs (both starters),Hándicap paradas - Jalal Hassan vs Orjan Nyland (Ambos titulares o se anula),Jalal Hassan(-2.5),5,2.7,2.72,Iraq - Norway,2026-06-16 22:00:57,78.25,1,EUR,2,False,-0.007352941176470612,drifter,False
36966593,Match corners,Corners durante el partido,11 or more,11,2.7,2.72,Belgium - Iran,2026-06-21 19:00:03,,2,,10,True,-0.007352941176470612,drifter,False
33890291,Shots on target (Star Substitute),Remates a puerta Raphinha (Suplente Estrella),1 or more,13,1.35,1.36,Brazil - Morocco,2026-06-13 22:04:18,,2,,13,True,-0.007352941176470612,drifter,False
36024491,Shots on target (Star Substitute),Remates a puerta Jonathan David (Suplente Estrella),1 or more,11,1.34,1.35,Canada - Bosnia And Herzegovina,2026-06-12 19:02:13,60.78,1,EUR,9,False,-0.007407407407407375,drifter,False
36966609,Player anytime not to score,No marcará ningún gol,José Manuel López,8,1.34,1.35,Argentina - Austria,2026-06-22 17:00:58,5.28,1,EUR,4,False,-0.007407407407407375,drifter,False
36966472,1st half: Team corners,1º tiempo: Corners equipo,Qatar 3 or more,8,6.7,6.75,Canada - Qatar,2026-06-18 22:00:44,39.91,1,EUR,6,False,-0.007407407407407375,drifter,False
36966480,Team Shots,Remates equipo,Usa 13 or more,7,1.33,1.34,Usa - Australia,2026-06-19 19:00:27,,2,,6,True,-0.007462686567164212,drifter,False
33890304,Match shots,Remates durante el partido,23 or more,10,1.33,1.34,Netherlands - Japan,2026-06-14 20:00:08,,2,,7,True,-0.007462686567164212,drifter,False
33890304,Saves (Star Substitute),Paradas Bart Verbruggen (Suplente Estrella),2 or more,6,1.31,1.32,Netherlands - Japan,2026-06-14 20:00:08,91.92,1,EUR,6,False,-0.007575757575757505,drifter,False
36966612,1st half: Shots on target,Mbappe,1 or more,7,1.3,1.31,France - Iraq,2026-06-22 21:00:42,,2,,6,True,-0.007633587786259533,drifter,False
33890313,To score or assist (Star Substitute),Marcar gol o asistir (Suplente Estrella),Oyarzabal,85,1.3,1.31,Spain - Cape Verde,2026-06-15 16:01:07,,3,,75,True,-0.007633587786259533,drifter,False
36966473,Saves (Star Substitute),Paradas Nikola Vasilj (Suplente Estrella),5 or more,5,2.6,2.62,Switzerland - Bosnia And Herzegovina,2026-06-18 19:00:01,126.67,1,EUR,4,False,-0.007633587786259533,drifter,False
33890220,Player to score a penalty (No penalty shootout),Marcar gol de penalti (No tanda de penaltis),James Rodríguez,5,6.5,6.55,Uzbekistan - Colombia,2026-06-18 02:00:00,9.67,1,EUR,3,False,-0.007633587786259569,drifter,False
36966637,1st half: Team corners,1º tiempo: Corners equipo,Panama 1 or more,11,1.29,1.3,Panama - Croatia,2026-06-23 23:00:03,347.84999999999997,1,EUR,1,False,-0.007692307692307695,drifter,False
33890210,Shots on target (Star Substitute),Remates a puerta Sabitzer (Suplente Estrella),1 or more,5,1.29,1.3,Austria - Jordan,2026-06-17 04:02:52,8.01,1,EUR,4,False,-0.007692307692307695,drifter,False
36966638,To be carded (only players and in play)(Star Substitute),Recibir tarjeta (sólo jugadores y en juego) (Suplente Estrella),Gideon Mensah,5,3.85,3.88,England - Ghana,2026-06-23 20:00:08,184.16,1,EUR,5,False,-0.007731958762886396,drifter,False
33890291,Home-side combo (bet builder),Brasil,Brazil win y Vinícius to score,12,3.82,3.85,Brazil - Morocco,2026-06-13 22:04:18,98.3,1,EUR,11,False,-0.007792207792207881,drifter,False
36966610,Shots on target (Star Substitute),Remates a puerta Amine Gouiri (Suplente Estrella),1 or more,5,1.27,1.28,Jordan - Algeria,2026-06-23 03:00:21,6.34,1,EUR,5,False,-0.007812499999999916,drifter,False
36966612,Shots on target (Star Substitute),Remates a puerta Mbappe (Suplente Estrella),2 or more,39,1.27,1.28,France - Iraq,2026-06-22 21:00:42,,2,,37,True,-0.007812499999999916,drifter,False
36024520,Player to score in 1st half,Jugador en meter gol en el 1º tiempo,Bruno Fernandes,9,6.3,6.35,Portugal - Democratic Republic of the Congo,2026-06-17 17:01:15,14.4,1,EUR,2,False,-0.007874015748031454,drifter,False
36966485,Home-side combo (bet builder),Brasil,Brazil win y Raphinha 1 or more assists,7,2.51,2.53,Brazil - Haiti,2026-06-20 00:32:31,17.259999999999998,1,EUR,7,False,-0.00790513833992091,drifter,False
36024520,Match,Partido,Over 2.5 goals y Cristiano Ronaldo 2 or more shots on target,19,2.5,2.52,Portugal - Democratic Republic of the Congo,2026-06-17 17:01:15,96.28999999999999,1,EUR,11,False,-0.007936507936508047,drifter,False
36966485,Team exact bookings (only players and in play),Número de tarjetas equipo (solo jugadores y en juego),Brazil 2 or more,5,2.49,2.51,Brazil - Haiti,2026-06-20 00:32:31,8.85,1,EUR,5,False,-0.007968127490039612,drifter,False
33890306,To score or assist (Star Substitute),Marcar gol o asistir (Suplente Estrella),Havertz,33,1.24,1.25,Germany - Curaçao,2026-06-14 17:01:45,,2,,30,True,-0.00800000000000002,drifter,False
33890299,Saves (Star Substitute),Paradas Courtois (Suplente Estrella),4 or more,7,3.7,3.73,Belgium - Egypt,2026-06-15 19:00:29,231.5,1,EUR,7,False,-0.008042895442359055,drifter,False
36966480,Home-side combo (bet builder),Estados Unidos,Usa win y Balogun 2 or more shots on target,17,2.45,2.47,Usa - Australia,2026-06-19 19:00:27,,2,,12,True,-0.008097165991902746,drifter,False
33890304,2nd half: Team Corners,2º tiempo: Corners equipo,Japan 3 or more,8,2.4,2.42,Netherlands - Japan,2026-06-14 20:00:08,0.79,1,EUR,2,False,-0.008264462809917371,drifter,False
36966611,Team corners,Corners equipo,Senegal 5 or more,65,2.39,2.41,Norway - Senegal,2026-06-23 00:00:05,,2,,9,True,-0.008298755186722021,drifter,False
33890313,Home-side combo (bet builder),España,"Spain win, Over 8.5 corners y Laporte to be booked",6,11.9,12.0,Spain - Cape Verde,2026-06-15 16:01:07,25.75,1,EUR,5,False,-0.008333333333333304,drifter,False
33890304,Anytime goalscorer (Star Substitute),Goleador durante el partido (Suplente Estrella),Ayase Ueda,9,3.57,3.6,Netherlands - Japan,2026-06-14 20:00:08,26.5,1,EUR,9,False,-0.008333333333333304,drifter,False
36966591,1st half: Team corners,1º tiempo: Corners equipo,Saudi Arabia 3 or more,6,4.74,4.78,Spain - Saudi Arabia,2026-06-21 16:00:48,52.3,1,EUR,5,False,-0.00836820083682002,drifter,False
33890211,Team exact bookings (only players and in play),Número de tarjetas equipo (solo jugadores y en juego),Argentina 1 or more,10,1.18,1.19,Argentina - Algeria,2026-06-17 01:02:37,,2,,7,True,-0.008403361344537886,drifter,False
33890238,Match shots on target,Remates a puerta durante el partido,10 or more,10,2.34,2.36,Mexico - South Africa,2026-06-11 19:05:51,,2,,10,True,-0.008474576271186439,drifter,False
33890419,Team shots on target,Remates a puerta equipo,Ghana 3 or more,5,1.17,1.18,Ghana - Panama,2026-06-17 23:00:50,,2,,5,True,-0.008474576271186439,drifter,False
36966469,Home-side combo (bet builder),República Checa,Czech Republic win y Patrik Schick 2 or more shots on target,7,3.5,3.53,Czech Republic - South Africa,2026-06-18 16:00:09,16.25,1,EUR,7,False,-0.008498583569405027,drifter,False
36966469,Shots (Star Substitute),Remates Oswin Appollis (Suplente Estrella),3 or more,5,3.5,3.53,Czech Republic - South Africa,2026-06-18 16:00:09,145.0,1,EUR,4,False,-0.008498583569405027,drifter,False
33890444,Match throw-ins,Saques de banda durante el partido,33 or more,5,2.32,2.34,England - Croatia,2026-06-17 20:00:04,202.46,1,EUR,4,False,-0.008547008547008529,drifter,False
37233850,1-X-2 / 2 goals Up,1-X-2 / Ventaja 2 goles,1,11,1.16,1.17,Argentina - Iceland,2026-06-10 01:09:18,,2,,11,True,-0.008547008547008529,drifter,False
33890238,Team exact bookings (only players and in play),Número de tarjetas equipo (solo jugadores y en juego),Mexico 1 or more,5,1.16,1.17,Mexico - South Africa,2026-06-11 19:05:51,15.33,1,EUR,5,False,-0.008547008547008529,drifter,False
36966486,Match corners,Corners durante el partido,10 or more,14,2.32,2.34,Scotland - Morocco,2026-06-19 22:00:07,,2,,14,True,-0.008547008547008529,drifter,False
33890419,To score or assist (Star Substitute),Marcar gol o asistir (Suplente Estrella),Iñaki Williams,19,2.29,2.31,Ghana - Panama,2026-06-17 23:00:50,,2,,18,True,-0.00865800865800871,drifter,False
33890416,Home-side combo (bet builder),Francia,France win y Mbappe to score,91,2.28,2.3,France - Senegal,2026-06-16 19:02:47,422.13,1,EUR,64,False,-0.008695652173913014,drifter,False
36024520,Shots on target (Star Substitute),Remates a puerta Cristiano Ronaldo (Suplente Estrella),1 or more,10,1.14,1.15,Portugal - Democratic Republic of the Congo,2026-06-17 17:01:15,320.86,1,EUR,8,False,-0.008695652173913014,drifter,False
37183144,Team to score a penalty,Equipo en marcar gol de penalti durante el partido,Fortaleza CE,5,5.7,5.75,Nautico - Fortaleza CE,2026-06-09 22:00:58,48.2,1,EUR,2,False,-0.008695652173913016,drifter,False
36024520,To score or assist (Star Substitute),Marcar gol o asistir (Suplente Estrella),Bernardo Silva,8,2.26,2.28,Portugal - Democratic Republic of the Congo,2026-06-17 17:01:15,8.74,1,EUR,7,False,-0.008771929824561382,drifter,False
33890313,Player to score a penalty (No penalty shootout),Marcar gol de penalti (No tanda de penaltis),Oyarzabal,8,4.5,4.54,Spain - Cape Verde,2026-06-15 16:01:07,42.38,1,EUR,6,False,-0.008810572687224655,drifter,False
37311598,Match,Partido,Over 2.5 goals y Over 7.5 corners,5,2.24,2.26,Galway United FC - Derry City,2026-06-19 18:46:58,1.3900000000000001,1,EUR,1,False,-0.008849557522123776,drifter,False
36966592,Away-side combo (bet builder),Egipto,Omar Marmoush 2 or more shots on target y Mohamed Salah 2 or more shots on target,6,5.6,5.65,New Zealand - Egypt,2026-06-22 01:00:05,1.98,1,EUR,3,False,-0.00884955752212393,drifter,False
37214947,Home-side combo (bet builder),España,Spain win y Over 2.5 goals,5,3.35,3.38,Spain - Peru,2026-06-09 02:00:00,2.58,1,EUR,2,False,-0.008875739644970286,drifter,False
36024520,Shots outside the box,Bernardo Silva,1 or more,5,2.22,2.24,Portugal - Democratic Republic of the Congo,2026-06-17 17:01:15,82.5,1,EUR,4,False,-0.008928571428571392,drifter,False
36966638,Team goal kicks,Saques de puerta equipo,Ghana 12 or more,5,2.21,2.23,England - Ghana,2026-06-23 20:00:08,131.51999999999998,1,EUR,2,False,-0.008968609865470817,drifter,False
36966591,Player to score in fisrt ten minutes (from 0:00 to 9:59),Jugador en meter gol en los 10 primeros minutos (del 0:00 al 9:59),Lamine Yamal,28,11.0,11.1,Spain - Saudi Arabia,2026-06-21 16:00:48,,2,,28,True,-0.009009009009008931,drifter,False
36966612,Shots on target (Star Substitute),Remates a puerta Mbappe (Suplente Estrella),5 or more,14,5.5,5.55,France - Iraq,2026-06-22 21:00:42,,2,,13,True,-0.009009009009008931,drifter,False
33890238,Anytime goalscorer (Star Substitute),Goleador durante el partido (Suplente Estrella),Johan Vásquez,7,11.0,11.1,Mexico - South Africa,2026-06-11 19:05:51,60.6,1,EUR,6,False,-0.009009009009008931,drifter,False
36966473,Match corners,Corners durante el partido,11 or more,12,2.2,2.22,Switzerland - Bosnia And Herzegovina,2026-06-18 19:00:01,,2,,11,True,-0.009009009009009084,drifter,False
33890416,Saves (Star Substitute),Paradas Mike Maignan (Suplente Estrella),1 or more,11,1.1,1.11,France - Senegal,2026-06-16 19:02:47,415.42,1,EUR,2,False,-0.009009009009009084,drifter,False
36966591,Shots on target each half (Star Substitute),Remates a puerta en cada tiempo Oyarzabal (Suplente Estrella),1 or more,5,2.18,2.2,Spain - Saudi Arabia,2026-06-21 16:00:48,24.08,1,EUR,5,False,-0.00909090909090906,drifter,False
36966549,Team corners,Corners equipo,Netherlands 8 or more,6,3.25,3.28,Netherlands - Sweden,2026-06-20 17:00:05,30.83,1,EUR,6,False,-0.009146341463414712,drifter,False
33890220,goal scorer (Star Substitute),Jugador en meter el 1º gol (Suplente Estrella),Luis Suárez,8,4.3,4.34,Uzbekistan - Colombia,2026-06-18 02:00:00,31.67,1,EUR,6,False,-0.009216589861751131,drifter,False
36966609,Match,Partido,Over 7.5 corners y Lionel Messi to score,8,3.21,3.24,Argentina - Austria,2026-06-22 17:00:58,3.42,1,EUR,4,False,-0.009259259259259248,drifter,False
33890416,Home-side combo (bet builder),Francia,France win y A goal in both halves,30,2.14,2.16,France - Senegal,2026-06-16 19:02:47,,2,,23,True,-0.009259259259259366,drifter,False
36024520,Shots on target outside the box (Star Substitute),Remates a puerta desde fuera del área Vitinha (Suplente Estrella),1 or more,6,4.25,4.29,Portugal - Democratic Republic of the Congo,2026-06-17 17:01:15,117.27,1,EUR,6,False,-0.009324009324009355,drifter,False
36966609,To score from outside the box (Star Substitute),Marcar gol desde fuera del área (Suplente Estrella),Lionel Messi,26,5.3,5.35,Argentina - Austria,2026-06-22 17:00:58,308.62,1,EUR,19,False,-0.009345794392523326,drifter,False
36024480,Match goal kicks,Saques de puerta durante el partido,15 or more,23,2.11,2.13,South Korea - Czech Republic,2026-06-12 02:00:54,,2,,2,True,-0.009389671361502358,drifter,False
36024480,Team to score a penalty,Equipo en marcar gol de penalti durante el partido,Czech Republic,7,5.25,5.3,South Korea - Czech Republic,2026-06-12 02:00:54,4.02,1,EUR,2,False,-0.009433962264150816,drifter,False
33890211,Team shots on target,Remates a puerta equipo,Argentina 8 or more,6,2.1,2.12,Argentina - Algeria,2026-06-17 01:02:37,,2,,5,True,-0.009433962264150992,drifter,False
33890299,Team corners,Corners equipo,Egypt 4 or more,37,2.1,2.12,Belgium - Egypt,2026-06-15 19:00:29,,2,,28,True,-0.009433962264150992,drifter,False
36966640,Shots on target (Star Substitute),Remates a puerta Cristiano Ronaldo (Suplente Estrella),4 or more,10,4.2,4.24,Portugal - Uzbekistan,2026-06-23 17:00:06,266.3,1,EUR,10,False,-0.009433962264150992,drifter,False
36966472,Anytime goalscorer (Star Substitute),Goleador durante el partido (Suplente Estrella),Cyle Larin,6,2.1,2.12,Canada - Qatar,2026-06-18 22:00:44,85.35,1,EUR,6,False,-0.009433962264150992,drifter,False
36024492,Match,Partido,Both teams to score in first half y Over 10.5 corners,5,11.42,11.53,Australia - Turkey,2026-06-14 04:00:30,1.63,1,EUR,1,False,-0.00954032957502171,drifter,False
36966466,Shots on target (Star Substitute),Remates a puerta Kang-In Lee (Suplente Estrella),1 or more,11,2.07,2.09,Mexico - South Korea,2026-06-19 01:00:38,211.87,1,EUR,11,False,-0.009569377990430583,drifter,False
33890291,Saves (Star Substitute),Paradas Yassine Bounou (Suplente Estrella),1 or more,15,1.03,1.04,Brazil - Morocco,2026-06-13 22:04:18,377.65,1,EUR,1,False,-0.009615384615384717,drifter,False
36966612,Shots on target (Star Substitute),Remates a puerta Ousmane Dembele (Suplente Estrella),2 or more,22,2.04,2.06,France - Iraq,2026-06-22 21:00:42,168.26,1,EUR,16,False,-0.009708737864077615,drifter,False
33890305,Anytime goalscorer (Star Substitute),Goleador durante el partido (Suplente Estrella),Yan Diomande,9,5.1,5.15,Ivory Coast - Ecuador,2026-06-14 23:03:23,121.7,1,EUR,5,False,-0.009708737864077811,drifter,False
37238914,Team exact bookings (only players and in play),Número de tarjetas equipo (solo jugadores y en juego),Malaga 4 or more,7,3.05,3.08,Malaga - Las Palmas,2026-06-10 19:01:06,20.61,1,EUR,4,False,-0.009740259740259842,drifter,False
37214947,Home-side combo (bet builder),España,Spain win y Oyarzabal to score,7,4.05,4.09,Spain - Peru,2026-06-09 02:00:00,2.7,1,EUR,3,False,-0.009779951100244488,drifter,False
37265902,Match penalty scored,Gol de penalti durante el partido,Yes,5,3.0,3.03,Criciuma - Ceara,2026-06-16 00:02:30,,2,,4,True,-0.009900990099009854,drifter,False
33890313,Match corners,Corners durante el partido,13 or more,5,3.0,3.03,Spain - Cape Verde,2026-06-15 16:01:07,64.0,1,EUR,4,False,-0.009900990099009854,drifter,False
33890313,To be carded (only players and in play)(Star Substitute),Recibir tarjeta (sólo jugadores y en juego)(Suplente Estrella),Kevin Lenini,8,3.0,3.03,Spain - Cape Verde,2026-06-15 16:01:07,,2,,8,True,-0.009900990099009854,drifter,False
37275587,Team corners,Corners equipo,Almeria 5 or more,8,2.0,2.02,Malaga - Almeria,2026-06-14 19:02:16,,2,,8,True,-0.00990099009900991,drifter,False
33890238,Player to score in 1st half,Jugador en meter gol en el 1º tiempo,Raúl Jiménez,10,4.9,4.95,Mexico - South Africa,2026-06-11 19:05:51,33.3,1,EUR,6,False,-0.010101010101010006,drifter,False
36966550,Saves (Star Substitute),Paradas Eloy Room (Suplente Estrella),5 or more,8,1.96,1.98,Ecuador - Curaçao,2026-06-21 00:00:04,109.15,1,EUR,5,False,-0.010101010101010059,drifter,False
33890290,Team to score a penalty,Equipo en marcar gol de penalti durante el partido,Scotland,11,3.91,3.95,Haiti - Scotland,2026-06-14 01:02:33,12.65,1,EUR,2,False,-0.010126582278481224,drifter,False
36966590,Home-side combo (bet builder),Uruguay,"Uruguay win, Over 2.5 goals y Over 8.5 corners",8,3.89,3.93,Uruguay - Cape Verde,2026-06-21 22:00:33,25.25,1,EUR,5,False,-0.010178117048346012,drifter,False
36966466,Match,Partido,Both teams to score y Over 11.5 corners,6,7.77,7.85,Mexico - South Korea,2026-06-19 01:00:38,12.3,1,EUR,3,False,-0.01019108280254779,drifter,False
37275587,1st half: Team corners,1º tiempo: Corners equipo,Malaga 3 or more,8,1.94,1.96,Malaga - Almeria,2026-06-14 19:02:16,51.58,1,EUR,7,False,-0.010204081632653147,drifter,False
36024491,Match,Partido,4 or more cards during the match y Dzeko 2 or more shots on target,8,3.87,3.91,Canada - Bosnia And Herzegovina,2026-06-12 19:02:13,0.43000000000000005,1,EUR,2,False,-0.010230179028132847,drifter,False
36966553,To be carded (only players and in play)(Star Substitute),Recibir tarjeta (sólo jugadores y en juego) (Suplente Estrella),Franck Kessie,9,3.83,3.87,Germany - Ivory Coast,2026-06-20 20:00:00,,2,,8,True,-0.010335917312661478,drifter,False
33890211,To score or assist (Star Substitute),Marcar gol o asistir (Suplente Estrella),Julian Alvarez,58,1.91,1.93,Argentina - Algeria,2026-06-17 01:02:37,,2,,32,True,-0.010362694300518007,drifter,False
37275587,Saves (Star Substitute),Paradas Andres Fernandez (Suplente Estrella),5 or more,8,4.69,4.74,Malaga - Almeria,2026-06-14 19:02:16,34.2,1,EUR,4,False,-0.010548523206751112,drifter,False
33890290,Team exact bookings (only players and in play),Número de tarjetas equipo (solo jugadores y en juego),Scotland 2 or more,8,1.87,1.89,Haiti - Scotland,2026-06-14 01:02:33,,2,,6,True,-0.010582010582010276,drifter,False
33890291,Saves (Star Substitute),Paradas Alisson (Suplente Estrella),4 or more,10,3.73,3.77,Brazil - Morocco,2026-06-13 22:04:18,,2,,6,True,-0.010610079575596764,drifter,False
36966480,Team shots on target,Remates a puerta equipo,Usa 6 or more,9,1.86,1.88,Usa - Australia,2026-06-19 19:00:27,,2,,8,True,-0.010638297872340382,drifter,False
33890238,Match goal kicks,Saques de puerta durante el partido,16 or more,26,1.85,1.87,Mexico - South Africa,2026-06-11 19:05:51,108.19,1,EUR,5,False,-0.010695187165775407,drifter,False
36966473,Match,Partido,Under 0.5 half time goals y Both teams to score in second half,6,9.25,9.35,Switzerland - Bosnia And Herzegovina,2026-06-18 19:00:01,2.73,1,EUR,3,False,-0.010695187165775482,drifter,False
33890238,Hat trick (three or more goals) (Star Substitute),Hat trick (tres o más goles) (Suplente Estrella),Julián Quiñones,7,91.0,92.0,Mexico - South Africa,2026-06-11 19:05:51,,2,,7,True,-0.01086956521739141,drifter,False
36966610,Match penalty scored,Gol de penalti durante el partido,Yes,5,2.72,2.75,Jordan - Algeria,2026-06-23 03:00:21,,2,,5,True,-0.010909090909090802,drifter,False
36966549,Match,Partido,Over 2.5 goals y Viktor Gyokeres 1 or more assists,11,9.94,10.05,Netherlands - Sweden,2026-06-20 17:00:05,16.7,1,EUR,2,False,-0.01094527363184095,drifter,False
36024492,Away-side combo (bet builder),Turquía,Turkey win y Over 2.5 goals,8,2.71,2.74,Australia - Turkey,2026-06-14 04:00:30,8.0,1,EUR,8,False,-0.01094890510948905,drifter,False
37183511,To score 2 or more goals (Star Substitute),Marcar 2 goles o más (Suplente Estrella),Harry Kane,28,3.57,3.61,England - Costa Rica,2026-06-10 21:03:46,72.79,1,EUR,25,False,-0.011080332409972244,drifter,False
33890299,To score or assist (Star Substitute),Marcar gol o asistir (Suplente Estrella),Lukaku,12,1.78,1.8,Belgium - Egypt,2026-06-15 19:00:29,217.76,1,EUR,11,False,-0.011111111111111138,drifter,False
36966469,Shots on target (Star Substitute),Remates a puerta Adam Hlozek (Suplente Estrella),2 or more,7,2.67,2.7,Czech Republic - South Africa,2026-06-18 16:00:09,73.5,1,EUR,6,False,-0.011111111111111236,drifter,False
33890416,Home-side combo (bet builder),Francia,France win y Michael Olise 1 or more assists,5,2.66,2.69,France - Senegal,2026-06-16 19:02:47,52.25,1,EUR,3,False,-0.011152416356877186,drifter,False
33890238,goal scorer (Star Substitute),Jugador en meter el 1º gol (Suplente Estrella),Raúl Jiménez,10,4.43,4.48,Mexico - South Africa,2026-06-11 19:05:51,115.2,1,EUR,7,False,-0.011160714285714479,drifter,False
36024518,To score or assist (Star Substitute),Marcar gol o asistir (Suplente Estrella),Odegaard,12,1.77,1.79,Iraq - Norway,2026-06-16 22:00:57,,2,,12,True,-0.011173184357541981,drifter,False
37238914,Home-side combo (bet builder),Málaga,Malaga win y Chupe 2 or more shots on target,5,3.48,3.52,Malaga - Las Palmas,2026-06-10 19:01:06,0.27,1,EUR,2,False,-0.011363636363636215,drifter,False
36966611,Match,Partido,Both teams to score y Haaland to score,17,2.59,2.62,Norway - Senegal,2026-06-23 00:00:05,32.66,1,EUR,12,False,-0.011450381679389407,drifter,False
36966612,1st half: Team corners,1º tiempo: Corners equipo,Iraq 1 or more,11,1.72,1.74,France - Iraq,2026-06-22 21:00:42,32.010000000000005,1,EUR,11,False,-0.011494252873563336,drifter,False
36966549,To score or assist (Star Substitute),Marcar gol o asistir (Suplente Estrella),Memphis Depay,7,1.72,1.74,Netherlands - Sweden,2026-06-20 17:00:05,14.78,1,EUR,7,False,-0.011494252873563336,drifter,False
33890444,Match,Partido,Both teams to score y Over 7.5 corners,69,2.56,2.59,England - Croatia,2026-06-17 20:00:04,159.23000000000002,1,EUR,29,False,-0.011583011583011569,drifter,False
33890304,Match,Partido,Both teams to score y Cody Gakpo to score,9,4.22,4.27,Netherlands - Japan,2026-06-14 20:00:08,13.219999999999999,1,EUR,7,False,-0.011709601873536275,drifter,False
33890309,1st half: Team corners,1º tiempo: Corners equipo,Paraguay 2 or more,6,1.67,1.69,Usa - Paraguay,2026-06-13 01:02:10,,2,,5,True,-0.011834319526627272,drifter,False
36024491,Match,Partido,Both teams to score y A goal in both halves,7,2.5,2.53,Canada - Bosnia And Herzegovina,2026-06-12 19:02:13,34.03,1,EUR,6,False,-0.011857707509881354,drifter,False
36966640,Player to score in both halves (Star Substitute),Jugador en meter gol en el 1º y 2º tiempo (Suplente Estrella),Cristiano Ronaldo,11,4.15,4.2,Portugal - Uzbekistan,2026-06-23 17:00:06,,2,,9,True,-0.01190476190476184,drifter,False
36966528,Anytime goalscorer (Star Substitute),Goleador durante el partido (Suplente Estrella),Ayase Ueda,16,2.48,2.51,Tunisia - Japan,2026-06-21 04:00:01,37.870000000000005,1,EUR,12,False,-0.011952191235059749,drifter,False
36966609,2nd half: Corners,2º tiempo: Corners,4 or more,5,1.64,1.66,Argentina - Austria,2026-06-22 17:00:58,50.52,1,EUR,3,False,-0.01204819277108423,drifter,False
33890291,1-X-2 / 2 goals Up,1-X-2 / Ventaja 2 goles,1,307,1.63,1.65,Brazil - Morocco,2026-06-13 22:04:18,,2,,202,True,-0.01212121212121211,drifter,False
36966640,Shots on target outside the box (Star Substitute),Remates a puerta desde fuera del área Bruno Fernandes (Suplente Estrella),1 or more,6,2.42,2.45,Portugal - Uzbekistan,2026-06-23 17:00:06,593.8,1,EUR,4,False,-0.012244897959183813,drifter,False
37312355,Match corners,Corners durante el partido,9 or more,12,1.6,1.62,Almeria - Malaga,2026-06-20 19:32:16,87.68,1,EUR,11,False,-0.012345679012345734,drifter,False
36966612,First to score for their team (Star Substitute),Jugador en meter el 1º gol del equipo (Suplente Estrella),Mbappe,9,2.4,2.43,France - Iraq,2026-06-22 21:00:42,,2,,8,True,-0.012345679012345822,drifter,False
36966612,Match corners,Corners durante el partido,9 or more,74,1.59,1.61,France - Iraq,2026-06-22 21:00:42,,2,,61,True,-0.012422360248447237,drifter,False
33890211,Team goal kicks,Saques de puerta equipo,Algeria 7 or more,9,1.59,1.61,Argentina - Algeria,2026-06-17 01:02:37,,2,,3,True,-0.012422360248447237,drifter,False
36024518,Player to score in fisrt ten minutes (from 0:00 to 9:59),Jugador en meter gol en los 10 primeros minutos (del 0:00 al 9:59),Haaland,29,7.85,7.95,Iraq - Norway,2026-06-16 22:00:57,,2,,27,True,-0.012578616352201255,drifter,False
36966592,Match,Partido,Over 7.5 corners y Mohamed Salah to score,5,3.12,3.16,New Zealand - Egypt,2026-06-22 01:00:05,0.65,1,EUR,3,False,-0.012658227848101285,drifter,False
33890304,Match corners,Corners durante el partido,11 or more,14,2.34,2.37,Netherlands - Japan,2026-06-14 20:00:08,,2,,14,True,-0.012658227848101456,drifter,False
36966485,1st half: Shots on target,Vinícius,1 or more,6,1.55,1.57,Brazil - Haiti,2026-06-20 00:32:31,69.14,1,EUR,6,False,-0.012738853503184733,drifter,False
36024491,1st half: Corners,1º tiempo: Corners,4 or more,8,1.54,1.56,Canada - Bosnia And Herzegovina,2026-06-12 19:02:13,,2,,6,True,-0.0128205128205129,drifter,False
37311645,Match corners,Corners durante el partido,10 or more,8,1.54,1.56,Bohemians - Dundalk,2026-06-19 19:01:54,,2,,7,True,-0.0128205128205129,drifter,False
37237611,1-X-2 / 2 goals Up,1-X-2 / Ventaja 2 goles,1,27,2.3,2.33,Almeria - Castellón,2026-06-09 19:02:30,173.21,1,EUR,20,False,-0.012875536480686765,drifter,False
36966485,Team corners,Corners equipo,Brazil 7 or more,51,1.53,1.55,Brazil - Haiti,2026-06-20 00:32:31,,2,,46,True,-0.012903225806451655,drifter,False
36966550,To score or assist (Star Substitute),Marcar gol o asistir (Suplente Estrella),Jordy Caicedo,6,1.52,1.54,Ecuador - Curaçao,2026-06-21 00:00:04,,2,,6,True,-0.012987012987013066,drifter,False
33890238,Team shots on target,Remates a puerta equipo,Mexico 7 or more,8,2.28,2.31,Mexico - South Africa,2026-06-11 19:05:51,,2,,8,True,-0.012987012987013066,drifter,False
36966553,To score or assist (Star Substitute),Marcar gol o asistir (Suplente Estrella),Yan Diomande,14,3.03,3.07,Germany - Ivory Coast,2026-06-20 20:00:00,,2,,14,True,-0.013029315960911942,drifter,False
36966485,Home-side combo (bet builder),Brasil,Brazil win y Vinícius first goalscorer,8,4.54,4.6,Brazil - Haiti,2026-06-20 00:32:31,,2,,5,True,-0.013043478260869426,drifter,False
33890238,Team Shots,Remates equipo,South Africa 13 or more,8,7.55,7.65,Mexico - South Africa,2026-06-11 19:05:51,,2,,7,True,-0.013071895424836623,drifter,False
33890312,Player to score a penalty (No penalty shootout),Marcar gol de penalti (No tanda de penaltis),Valverde,5,7.55,7.65,Saudi Arabia - Uruguay,2026-06-15 22:03:57,76.35,1,EUR,3,False,-0.013071895424836623,drifter,False
36966473,1-X-2 / 2 goals Up,1-X-2 / Ventaja 2 goles,1,277,1.51,1.53,Switzerland - Bosnia And Herzegovina,2026-06-18 19:00:01,,2,,157,True,-0.013071895424836664,drifter,False
36024520,Team shots on target,Remates a puerta equipo,Portugal 8 or more,10,2.26,2.29,Portugal - Democratic Republic of the Congo,2026-06-17 17:01:15,,2,,7,True,-0.013100436681222714,drifter,False
37183144,1-X-2 / 2 goals Up,1-X-2 / Ventaja 2 goles,1,20,2.25,2.28,Nautico - Fortaleza CE,2026-06-09 22:00:58,90.1,1,EUR,6,False,-0.01315789473684198,drifter,False
33890309,Shots on target (Star Substitute),Remates a puerta Pulisic (Suplente Estrella),1 or more,10,1.5,1.52,Usa - Paraguay,2026-06-13 01:02:10,137.31,1,EUR,10,False,-0.01315789473684198,drifter,False
36024493,1st half: Corners,1º tiempo: Corners,4 or more,10,1.5,1.52,Sweden - Tunisia,2026-06-15 02:00:33,,2,,3,True,-0.01315789473684198,drifter,False
33890291,Team Shots,Remates equipo,Morocco 9 or more,6,1.49,1.51,Brazil - Morocco,2026-06-13 22:04:18,438.81,1,EUR,6,False,-0.01324503311258275,drifter,False
36966553,Shots on target (Star Substitute),Remates a puerta Yan Diomande (Suplente Estrella),1 or more,9,2.23,2.26,Germany - Ivory Coast,2026-06-20 20:00:00,134.45,1,EUR,9,False,-0.013274336283185832,drifter,False
36966469,Saves (Star Substitute),Paradas Ronwen Williams (Suplente Estrella),4 or more,6,2.23,2.26,Czech Republic - South Africa,2026-06-18 16:00:09,157.5,1,EUR,6,False,-0.013274336283185832,drifter,False
33890309,Team corners,Corners equipo,Usa 8 or more,48,4.44,4.5,Usa - Paraguay,2026-06-13 01:02:10,,2,,6,True,-0.01333333333333328,drifter,False
33890313,Team completed passes,Pases completados equipo,Spain 650 or more,15,2.22,2.25,Spain - Cape Verde,2026-06-15 16:01:07,,2,,8,True,-0.01333333333333328,drifter,False
33890238,Match shots on target,Remates a puerta durante el partido,8 or more,12,1.48,1.5,Mexico - South Africa,2026-06-11 19:05:51,,2,,10,True,-0.013333333333333362,drifter,False
36966549,Team corners,Corners equipo,Netherlands 5 or more,20,1.46,1.48,Netherlands - Sweden,2026-06-20 17:00:05,,2,,19,True,-0.013513513513513485,drifter,False
36966549,Shots on target (Star Substitute),Remates a puerta Virgil Van Dijk (Suplente Estrella),2 or more,5,10.85,11.0,Netherlands - Sweden,2026-06-20 17:00:05,15.67,1,EUR,5,False,-0.013636363636363646,drifter,False
36966612,To score from outside the box (Star Substitute),Marcar gol desde fuera del área (Suplente Estrella),Ousmane Dembele,6,10.85,11.0,France - Iraq,2026-06-22 21:00:42,49.870000000000005,1,EUR,5,False,-0.013636363636363646,drifter,False
36966486,Team shots on target,Remates a puerta equipo,Morocco 6 or more,10,2.17,2.2,Scotland - Morocco,2026-06-19 22:00:07,,2,,10,True,-0.013636363636363676,drifter,False
36966485,Home-side combo (bet builder),Brasil,"Brazil win, Over 2.5 goals y Vinícius first goalscorer",5,5.77,5.85,Brazil - Haiti,2026-06-20 00:32:31,,2,,3,True,-0.013675213675213706,drifter,False
36966553,Match,Partido,Over 2.5 goals y Over 9.5 corners,22,2.88,2.92,Germany - Ivory Coast,2026-06-20 20:00:00,33.43,1,EUR,8,False,-0.013698630136986321,drifter,False
36966611,Saves (Star Substitute),Paradas Edouard Mendy (Suplente Estrella),4 or more,6,2.15,2.18,Norway - Senegal,2026-06-23 00:00:05,32.33,1,EUR,6,False,-0.013761467889908308,drifter,False
33890220,Away-side combo (bet builder),Colombia,Colombia win y James Rodríguez to score,6,3.58,3.63,Uzbekistan - Colombia,2026-06-18 02:00:00,16.36,1,EUR,4,False,-0.013774104683195504,drifter,False
36966485,Home-side combo (bet builder),Brasil,Brazil win y A goal in both halves,50,1.43,1.45,Brazil - Haiti,2026-06-20 00:32:31,111.57,1,EUR,27,False,-0.013793103448275909,drifter,False
37183511,Team Shots,Remates equipo,England 20 or more,5,2.14,2.17,England - Costa Rica,2026-06-10 21:03:46,,2,,5,True,-0.013824884792626713,drifter,False
33890211,Match shots on target,Remates a puerta durante el partido,11 or more,5,2.14,2.17,Argentina - Algeria,2026-06-17 01:02:37,,2,,5,True,-0.013824884792626713,drifter,False
33890291,Anytime goalscorer (Star Substitute),Goleador durante el partido (Suplente Estrella),Brahim,10,4.98,5.05,Brazil - Morocco,2026-06-13 22:04:18,57.83,1,EUR,10,False,-0.013861386138613672,drifter,False
33890306,To score 2 or more goals (Star Substitute),Marcar 2 goles o más (Suplente Estrella),Musiala,16,4.98,5.05,Germany - Curaçao,2026-06-14 17:01:45,,2,,16,True,-0.013861386138613672,drifter,False
36966528,goal scorer (Star Substitute),Jugador en meter el 1º gol (Suplente Estrella),Ayase Ueda,5,4.98,5.05,Tunisia - Japan,2026-06-21 04:00:01,11.75,1,EUR,5,False,-0.013861386138613672,drifter,False
36966640,1st half: Shots on target,Cristiano Ronaldo,1 or more,5,1.42,1.44,Portugal - Uzbekistan,2026-06-23 17:00:06,121.36,1,EUR,5,False,-0.01388888888888901,drifter,False
36966485,1st half: Corners,1º tiempo: Corners,4 or more,5,1.42,1.44,Brazil - Haiti,2026-06-20 00:32:31,5.46,1,EUR,5,False,-0.01388888888888901,drifter,False
36966485,Home-side combo (bet builder),Brasil,"Brazil win, Over 2.5 goals y Vinícius to score",33,2.12,2.15,Brazil - Haiti,2026-06-20 00:32:31,,2,,26,True,-0.013953488372092935,drifter,False
33890312,Team corners,Corners equipo,Uruguay 5 or more,31,1.41,1.43,Saudi Arabia - Uruguay,2026-06-15 22:03:57,,2,,26,True,-0.013986013986013908,drifter,False
36024491,First to score for their team (Star Substitute),Jugador en meter el 1º gol del equipo (Suplente Estrella),Jonathan David,5,3.52,3.57,Canada - Bosnia And Herzegovina,2026-06-12 19:02:13,,2,,3,True,-0.014005602240896432,drifter,False
36966486,To score or assist (Star Substitute),Marcar gol o asistir (Suplente Estrella),Brahim,81,2.11,2.14,Scotland - Morocco,2026-06-19 22:00:07,,2,,62,True,-0.014018691588785073,drifter,False
36966609,Fouls Won (Star Substitute),Faltas recibidas Lionel Messi (Suplente Estrella),2 or more,5,1.4,1.42,Argentina - Austria,2026-06-22 17:00:58,,2,,5,True,-0.014084507042253457,drifter,False
36024491,1st half: Corners,1º tiempo: Corners,5 or more,5,2.1,2.13,Canada - Bosnia And Herzegovina,2026-06-12 19:02:13,,2,,5,True,-0.014084507042253459,drifter,False
36966485,To score or assist (Star Substitute),Marcar gol o asistir (Suplente Estrella),Raphinha,47,1.39,1.41,Brazil - Haiti,2026-06-20 00:32:31,,2,,41,True,-0.014184397163120642,drifter,False
36966593,1-X-2 / 2 goals Up,1-X-2 / Ventaja 2 goles,1,499,1.39,1.41,Belgium - Iran,2026-06-21 19:00:03,,3,,256,True,-0.014184397163120642,drifter,False
36966485,Home-side combo (bet builder),Brasil,Brazil win y Over 2.5 goals,29,1.39,1.41,Brazil - Haiti,2026-06-20 00:32:31,,2,,23,True,-0.014184397163120642,drifter,False
33890306,Team Shots,Remates equipo,Curaçao 6 or more,6,2.08,2.11,Germany - Curaçao,2026-06-14 17:01:45,189.7,1,EUR,5,False,-0.014218009478672881,drifter,False
36966609,Match,Partido,Over 2.5 goals y Lionel Messi to score,14,2.77,2.81,Argentina - Austria,2026-06-22 17:00:58,39.620000000000005,1,EUR,11,False,-0.014234875444839866,drifter,False
36966485,Match,Partido,Over 2.5 goals y Vinícius to score,7,2.06,2.09,Brazil - Haiti,2026-06-20 00:32:31,2.99,1,EUR,5,False,-0.014354066985645834,drifter,False
33890220,Saves (Star Substitute),Paradas Abduvokhid Nematov (Suplente Estrella),3 or more,6,1.37,1.39,Uzbekistan - Colombia,2026-06-18 02:00:00,,2,,6,True,-0.014388489208632982,drifter,False
36966612,Home-side combo (bet builder),Francia,"France win, Mbappe 3 or more shots on target y Barcola 3 or more shots on target",5,6.85,6.95,France - Iraq,2026-06-22 21:00:42,22.53,1,EUR,4,False,-0.014388489208633245,drifter,False
36966485,To score or assist (Star Substitute),Marcar gol o asistir (Suplente Estrella),Vinícius,178,1.36,1.38,Brazil - Haiti,2026-06-20 00:32:31,,2,,143,True,-0.014492753623188179,drifter,False
36966593,Team Shots,Remates equipo,Belgium 20 or more,6,2.72,2.76,Belgium - Iran,2026-06-21 19:00:03,,2,,4,True,-0.014492753623188179,drifter,False
33890299,Saves (Star Substitute),Paradas Courtois (Suplente Estrella),2 or more,9,1.36,1.38,Belgium - Egypt,2026-06-15 19:00:29,,2,,8,True,-0.014492753623188179,drifter,False
33890211,Fouls Won (Star Substitute),Faltas recibidas Lionel Messi(Suplente Estrella),3 or more,6,2.04,2.07,Argentina - Algeria,2026-06-17 01:02:37,,2,,5,True,-0.014492753623188291,drifter,False
33890416,Team corners,Corners equipo,Senegal 7 or more,8,10.2,10.35,France - Senegal,2026-06-16 19:02:47,57.16,1,EUR,8,False,-0.014492753623188543,drifter,False
33890238,First to score for their team (Star Substitute),Jugador en meter el 1º gol del equipo (Suplente Estrella),Raúl Jiménez,8,3.38,3.43,Mexico - South Africa,2026-06-11 19:05:51,180.0,1,EUR,8,False,-0.014577259475218839,drifter,False
36024518,Shots on target (Star Substitute),Remates a puerta Odegaard (Suplente Estrella),2 or more,5,3.38,3.43,Iraq - Norway,2026-06-16 22:00:57,46.75,1,EUR,5,False,-0.014577259475218839,drifter,False
33890210,Match corners,Corners durante el partido,12 or more,8,3.35,3.4,Austria - Jordan,2026-06-17 04:02:52,10.49,1,EUR,8,False,-0.014705882352941057,drifter,False
36966480,Match,Partido,Over 7.5 corners y Balogun to score,6,3.35,3.4,Usa - Australia,2026-06-19 19:00:27,4.37,1,EUR,2,False,-0.014705882352941057,drifter,False
33890291,Match,Partido,Both teams to score y Over 7.5 corners,20,2.68,2.72,Brazil - Morocco,2026-06-13 22:04:18,107.0,1,EUR,16,False,-0.014705882352941168,drifter,False
33890291,Home-side combo (bet builder),Brasil,Brazil win y Vinícius 2 or more shots on target,15,3.34,3.39,Brazil - Morocco,2026-06-13 22:04:18,,2,,15,True,-0.014749262536873264,drifter,False
36966612,Team corners,Corners equipo,Iraq 3 or more,30,2.67,2.71,France - Iraq,2026-06-22 21:00:42,,2,,25,True,-0.01476014760147609,drifter,False
36966480,1st half: Team corners,1º tiempo: Corners equipo,Australia 1 or more,6,1.33,1.35,Usa - Australia,2026-06-19 19:00:27,,2,,4,True,-0.014814814814814815,drifter,False
36966549,To score 2 or more goals (Star Substitute),Marcar 2 goles o más (Suplente Estrella),Malen,10,9.95,10.1,Netherlands - Sweden,2026-06-20 17:00:05,58.35,1,EUR,8,False,-0.014851485148514854,drifter,False
36966485,Home-side combo (bet builder),Brasil,"Brazil win, Over 8.5 corners y Vinícius to score 2 or more goals",11,6.6,6.7,Brazil - Haiti,2026-06-20 00:32:31,6.68,1,EUR,6,False,-0.014925373134328472,drifter,False
33890238,Team shots on target,Remates a puerta equipo,Mexico 8 or more,9,3.28,3.33,Mexico - South Africa,2026-06-11 19:05:51,201.0,1,EUR,8,False,-0.015015015015014978,drifter,False
33890306,Shots on target (Star Substitute),Remates a puerta Havertz (Suplente Estrella),2 or more,9,1.31,1.33,Germany - Curaçao,2026-06-14 17:01:45,24.45,1,EUR,7,False,-0.015037593984962383,drifter,False
36024520,Home-side combo (bet builder),Portugal,Portugal win y Bruno Fernandes to score,5,3.27,3.32,Portugal - Democratic Republic of the Congo,2026-06-17 17:01:15,8.7,1,EUR,5,False,-0.015060240963855272,drifter,False
33890304,1-X-2 / 2 goals Up,1-X-2 / Ventaja 2 goles,1,411,1.96,1.99,Netherlands - Japan,2026-06-14 20:00:08,,2,,238,True,-0.01507537688442222,drifter,False
36966592,Shots on target (Star Substitute),Remates a puerta Omar Marmoush (Suplente Estrella),1 or more,8,1.3,1.32,New Zealand - Egypt,2026-06-22 01:00:05,131.93,1,EUR,8,False,-0.015151515151515072,drifter,False
36024518,Player headed shots on target (Star Substitute),Remates a puerta con la cabeza Haaland (Suplente Estrella),1 or more,8,1.95,1.98,Iraq - Norway,2026-06-16 22:00:57,83.2,1,EUR,8,False,-0.015151515151515214,drifter,False
33890291,Team shots on target,Remates a puerta equipo,Brazil 6 or more,10,1.95,1.98,Brazil - Morocco,2026-06-13 22:04:18,,2,,8,True,-0.015151515151515214,drifter,False
33890306,Saves (Star Substitute),Paradas Neuer (Suplente Estrella),2 or more,9,1.95,1.98,Germany - Curaçao,2026-06-14 17:01:45,,2,,9,True,-0.015151515151515214,drifter,False
33890238,To score or assist (Star Substitute),Marcar gol o asistir (Suplente Estrella),Álvaro Fidalgo,16,3.23,3.28,Mexico - South Africa,2026-06-11 19:05:51,234.91,1,EUR,10,False,-0.015243902439024482,drifter,False
33890298,Shots on target (Star Substitute),Remates a puerta Taremi (Suplente Estrella),1 or more,10,1.29,1.31,Iran - New Zealand,2026-06-16 01:03:48,29.14,1,EUR,8,False,-0.015267175572519078,drifter,False
33890304,Match shots on target,Remates a puerta durante el partido,10 or more,7,1.93,1.96,Netherlands - Japan,2026-06-14 20:00:08,,2,,7,True,-0.015306122448979692,drifter,False
37312355,Match penalty scored,Gol de penalti durante el partido,Yes,14,3.2,3.25,Almeria - Malaga,2026-06-20 19:32:16,39.94,1,EUR,13,False,-0.01538461538461533,drifter,False
37312355,Team corners,Corners equipo,Malaga 3 or more,10,1.28,1.3,Almeria - Malaga,2026-06-20 19:32:16,56.7,1,EUR,8,False,-0.015384615384615472,drifter,False
33890312,1st Half: Team Cards (only players and in play),1º tiempo: Tarjetas equipo (solo jugadores y en juego),Uruguay 1 or more,5,1.91,1.94,Saudi Arabia - Uruguay,2026-06-15 22:03:57,,2,,5,True,-0.015463917525773084,drifter,False
33890313,Team shots on target,Remates a puerta equipo,Spain 7 or more,12,1.27,1.29,Spain - Cape Verde,2026-06-15 16:01:07,,2,,11,True,-0.01550387596899225,drifter,False
33890313,Team completed passes,Pases completados equipo,Spain 700 or more,15,3.17,3.22,Spain - Cape Verde,2026-06-15 16:01:07,,2,,12,True,-0.015527950310559027,drifter,False
36971426,Team exact bookings (only players and in play),Número de tarjetas equipo (solo jugadores y en juego),Paraguay 2 or more,9,1.26,1.28,Turkey - Paraguay,2026-06-20 03:00:03,12.08,1,EUR,7,False,-0.015624999999999944,drifter,False
33890313,Player to score in 1st half,Jugador en meter gol en el 1º tiempo,Oyarzabal,13,2.51,2.55,Spain - Cape Verde,2026-06-15 16:01:07,171.54,1,EUR,13,False,-0.015686274509803883,drifter,False
36966480,1st half: Corners,1º tiempo: Corners,6 or more,5,3.13,3.18,Usa - Australia,2026-06-19 19:00:27,194.0,1,EUR,5,False,-0.015723270440251576,drifter,False
36966472,Team shots on target,Remates a puerta equipo,Qatar 2 or more,6,1.25,1.27,Canada - Qatar,2026-06-18 22:00:44,,2,,6,True,-0.01574803149606313,drifter,False
36966480,Shots (Star Substitute),Remates Ricardo Pepi (Suplente Estrella),4 or more,7,2.47,2.51,Usa - Australia,2026-06-19 19:00:27,214.0,1,EUR,4,False,-0.015936254980079573,drifter,False
36966612,Match corners,Corners durante el partido,10 or more,41,1.85,1.88,France - Iraq,2026-06-22 21:00:42,,2,,36,True,-0.01595744680851051,drifter,False
36966473,Shots on target (Star Substitute),Remates a puerta Breel Embolo (Suplente Estrella),1 or more,6,1.23,1.25,Switzerland - Bosnia And Herzegovina,2026-06-18 19:00:01,,3,,6,True,-0.015999999999999924,drifter,False
33890299,Player most passes (voiding in case of tie),Jugador en dar más pases,Brandon Mechele,33,6.15,6.25,Belgium - Egypt,2026-06-15 19:00:29,807.7,1,EUR,10,False,-0.01599999999999996,drifter,False
33890290,Team Shots,Remates equipo,Scotland 21 or more,5,3.07,3.12,Haiti - Scotland,2026-06-14 01:02:33,83.34,1,PEN,2,False,-0.016025641025641215,drifter,False
36966593,Match,Partido,Both teams to score y Over 7.5 corners,5,2.44,2.48,Belgium - Iran,2026-06-21 19:00:03,5.74,1,EUR,5,False,-0.016129032258064467,drifter,False
33890291,1st Half: Team Cards (only players and in play),1º tiempo: Tarjetas equipo (solo jugadores y en juego),Morocco 1 or more,7,1.82,1.85,Brazil - Morocco,2026-06-13 22:04:18,1037.88,1,EUR,6,False,-0.01621621621621625,drifter,False
36966473,1st half: Team corners,1º tiempo: Corners equipo,Switzerland 2 or more,8,1.21,1.23,Switzerland - Bosnia And Herzegovina,2026-06-18 19:00:01,,2,,7,True,-0.016260162601626067,drifter,False
36024480,Saves (Star Substitute),Paradas Matej Kovar (Suplente Estrella),2 or more,6,1.21,1.23,South Korea - Czech Republic,2026-06-12 02:00:54,,2,,5,True,-0.016260162601626067,drifter,False
33890291,Team shots on target,Remates a puerta equipo,Brazil 8 or more,6,4.2,4.27,Brazil - Morocco,2026-06-13 22:04:18,,2,,6,True,-0.016393442622950723,drifter,False
36024493,Home-side combo (bet builder),Suecia,"Sweden win, Both teams to score y Viktor Gyokeres to score",5,5.95,6.05,Sweden - Tunisia,2026-06-15 02:00:33,2.1,1,EUR,2,False,-0.0165289256198346,drifter,False
36024518,Away-side combo (bet builder),Noruega,Norway to win 1st half y Norway to win 2nd half,5,2.38,2.42,Iraq - Norway,2026-06-16 22:00:57,,2,,5,True,-0.016528925619834697,drifter,False
36024520,Anytime goalscorer (Star Substitute),Goleador durante el partido (Suplente Estrella),Bruno Fernandes,20,2.97,3.02,Portugal - Democratic Republic of the Congo,2026-06-17 17:01:15,,2,,18,True,-0.0165562913907283,drifter,False
37183330,Match corners,Corners durante el partido,10 or more,5,1.78,1.81,Audax Italiano - Deportes La Serena,2026-06-12 23:59:18,,2,,4,True,-0.01657458563535913,drifter,False
36966469,Match,Partido,Both teams to score y A goal in both halves,5,2.37,2.41,Czech Republic - South Africa,2026-06-18 16:00:09,2.1199999999999997,1,EUR,3,False,-0.01659751037344395,drifter,False
36966612,Home-side combo (bet builder),Francia,France win y Ousmane Dembele 1 or more assists,6,2.37,2.41,France - Iraq,2026-06-22 21:00:42,,2,,6,True,-0.01659751037344395,drifter,False
33890211,Match,Partido,Both teams to score y Over 7.5 corners,6,2.96,3.01,Argentina - Algeria,2026-06-17 01:02:37,10.92,1,EUR,6,False,-0.01661129568106306,drifter,False
33890220,Shots on target outside the box (Star Substitute),Remates a puerta desde fuera del área James Rodríguez (Suplente Estrella),1 or more,6,1.77,1.8,Uzbekistan - Colombia,2026-06-18 02:00:00,5.800000000000001,1,EUR,3,False,-0.016666666666666642,drifter,False
37183314,1-X-2 / 2 goals Up,1-X-2 / Ventaja 2 goles,1,8,1.77,1.8,Ceara - Avai SC,2026-06-10 22:59:59,13.27,1,EUR,4,False,-0.016666666666666642,drifter,False
36966612,goal scorer (Star Substitute),Jugador en meter el 1º gol (Suplente Estrella),Michael Olise,5,5.9,6.0,France - Iraq,2026-06-22 21:00:42,12.26,1,EUR,2,False,-0.016666666666666677,drifter,False
36966466,Shots on target (Star Substitute),Remates a puerta Raúl Jiménez (Suplente Estrella),2 or more,7,2.36,2.4,Mexico - South Korea,2026-06-19 01:00:38,45.260000000000005,1,EUR,7,False,-0.016666666666666708,drifter,False
33890290,Team exact bookings (only players and in play),Número de tarjetas equipo (solo jugadores y en juego),Scotland 1 or more,9,1.18,1.2,Haiti - Scotland,2026-06-14 01:02:33,,2,,7,True,-0.016666666666666708,drifter,False
36024518,1-X-2 / 2 goals Up,1-X-2 / Ventaja 2 goles,2,214,1.18,1.2,Iraq - Norway,2026-06-16 22:00:57,,3,,136,True,-0.016666666666666708,drifter,False
36966480,Team corners,Corners equipo,Usa 6 or more,13,1.76,1.79,Usa - Australia,2026-06-19 19:00:27,,2,,13,True,-0.016759776536312998,drifter,False
36966612,Team goals,Goles equipo,France 2 or more,5,1.17,1.19,France - Iraq,2026-06-22 21:00:42,,2,,5,True,-0.0168067226890757,drifter,False
36966486,To score or assist (Star Substitute),Marcar gol o asistir (Suplente Estrella),Achraf,14,2.92,2.97,Scotland - Morocco,2026-06-19 22:00:07,105.13,1,EUR,14,False,-0.01683501683501688,drifter,False
36024518,Assists (Star Substitute),Asistencias Antonio Nusa (Suplente Estrella),1 or more,6,2.92,2.97,Iraq - Norway,2026-06-16 22:00:57,3.21,1,EUR,2,False,-0.01683501683501688,drifter,False
33890238,1st Half: Team Cards (only players and in play),1º tiempo: Tarjetas equipo (solo jugadores y en juego),South Africa 2 or more,5,2.92,2.97,Mexico - South Africa,2026-06-11 19:05:51,105.0,1,EUR,5,False,-0.01683501683501688,drifter,False
36024492,Fouls Won (Star Substitute),Faltas recibidas Arda Güler(Suplente Estrella),1 or more,5,1.16,1.18,Australia - Turkey,2026-06-14 04:00:30,18.060000000000002,1,EUR,4,False,-0.01694915254237286,drifter,False
36966638,Match corners,Corners durante el partido,9 or more,26,1.73,1.76,England - Ghana,2026-06-23 20:00:08,,2,,26,True,-0.017045454545454534,drifter,False
36966609,Shots on target (Star Substitute),Remates a puerta Lionel Messi (Suplente Estrella),1 or more,5,1.15,1.17,Argentina - Austria,2026-06-22 17:00:58,102.22,1,EUR,4,False,-0.01709401709401711,drifter,False
33890298,Shots on target (Star Substitute),Remates a puerta Taremi (Suplente Estrella),2 or more,8,2.29,2.33,Iran - New Zealand,2026-06-16 01:03:48,20.03,1,EUR,6,False,-0.01716738197424894,drifter,False
36024480,1-X-2 / 2 goals Up,1-X-2 / Ventaja 2 goles,2,51,2.85,2.9,South Korea - Czech Republic,2026-06-12 02:00:54,485.13,1,EUR,33,False,-0.017241379310344706,drifter,False
33890312,Team shots on target,Remates a puerta equipo,Uruguay 6 or more,5,1.71,1.74,Saudi Arabia - Uruguay,2026-06-15 22:03:57,,2,,5,True,-0.017241379310344834,drifter,False
33890298,1-X-2 / 2 goals Up,1-X-2 / Ventaja 2 goles,X,7,3.38,3.44,Iran - New Zealand,2026-06-16 01:03:48,,2,,6,True,-0.01744186046511626,drifter,False
33890312,Away-side combo (bet builder),Uruguay,Uruguay win y A goal in both halves,7,2.24,2.28,Saudi Arabia - Uruguay,2026-06-15 22:03:57,104.79,1,EUR,5,False,-0.017543859649122667,drifter,False
33890306,Home-side combo (bet builder),Alemania,"Germany win, Germany to score in both halves y Over 8.5 corners",5,1.68,1.71,Germany - Curaçao,2026-06-14 17:01:45,,2,,5,True,-0.01754385964912285,drifter,False
36024518,Away-side combo (bet builder),Noruega,Norway win y A goal in both halves,28,1.67,1.7,Iraq - Norway,2026-06-16 22:00:57,,2,,21,True,-0.017647058823529474,drifter,False
36966640,To Score a Header (Star Substitute),Marcar gol con la cabeza (Suplente Estrella),Cristiano Ronaldo,10,5.55,5.65,Portugal - Uzbekistan,2026-06-23 17:00:06,,2,,10,True,-0.017699115044247905,drifter,False
33890220,Away-side combo (bet builder),Colombia,Colombia win y Luis Diaz 2 or more shots on target,35,2.21,2.25,Uzbekistan - Colombia,2026-06-18 02:00:00,,2,,24,True,-0.017777777777777837,drifter,False
36966473,Home-side combo (bet builder),Suiza,Switzerland win y Breel Embolo 2 or more shots on target,5,2.76,2.81,Switzerland - Bosnia And Herzegovina,2026-06-18 19:00:01,6.72,1,EUR,5,False,-0.017793594306049914,drifter,False
33890290,Team Fouls,Faltas Equipo,Haiti 16 or more,5,2.76,2.81,Haiti - Scotland,2026-06-14 01:02:33,,2,,4,True,-0.017793594306049914,drifter,False
36966550,1-X-2 / 2 goals Up,1-X-2 / Ventaja 2 goles,1,56,1.09,1.11,Ecuador - Curaçao,2026-06-21 00:00:04,,3,,46,True,-0.01801801801801806,drifter,False
36966611,To score or assist (Star Substitute),Marcar gol o asistir (Suplente Estrella),Sorloth,15,2.18,2.22,Norway - Senegal,2026-06-23 00:00:05,50.82,1,EUR,13,False,-0.01801801801801806,drifter,False
36966610,goal scorer (Star Substitute),Jugador en meter el 1º gol (Suplente Estrella),Amine Gouiri,7,4.9,4.99,Jordan - Algeria,2026-06-23 03:00:21,9.93,1,EUR,5,False,-0.01803607214428857,drifter,False
36024518,Saves (Star Substitute),Paradas Jalal Hassan (Suplente Estrella),6 or more,5,3.81,3.88,Iraq - Norway,2026-06-16 22:00:57,261.6,1,EUR,5,False,-0.018041237113401942,drifter,False
33890444,Team shots on target,Remates a puerta equipo,Croatia 5 or more,6,2.72,2.77,England - Croatia,2026-06-17 20:00:04,26.49,1,EUR,5,False,-0.018050541516245345,drifter,False
36966472,Team shots on target,Remates a puerta equipo,Qatar 4 or more,5,2.72,2.77,Canada - Qatar,2026-06-18 22:00:44,,2,,5,True,-0.018050541516245345,drifter,False
36966590,Match penalty missed,Penalti fallado durante el partido,Yes,11,10.85,11.05,Uruguay - Cape Verde,2026-06-21 22:00:33,,2,,6,True,-0.018099547511312278,drifter,False
33890220,Away-side combo (bet builder),Colombia,Colombia win y Luis Suárez 2 or more shots on target,10,2.16,2.2,Uzbekistan - Colombia,2026-06-18 02:00:00,,2,,10,True,-0.0181818181818181,drifter,False
36966593,Team goals,Goles equipo,Belgium 2 or more,6,1.62,1.65,Belgium - Iran,2026-06-21 19:00:03,,2,,6,True,-0.0181818181818181,drifter,False
36024520,Player headed shots on target (Star Substitute),Remates a puerta con la cabeza Cristiano Ronaldo (Suplente Estrella),1 or more,30,3.22,3.28,Portugal - Democratic Republic of the Congo,2026-06-17 17:01:15,460.03,1,EUR,28,False,-0.01829268292682921,drifter,False
33890211,Team shots on target,Remates a puerta equipo,Algeria 5 or more,7,5.35,5.45,Argentina - Algeria,2026-06-17 01:02:37,,2,,3,True,-0.01834862385321121,drifter,False
33890304,1st half: Team corners,1º tiempo: Corners equipo,Japan 2 or more,30,1.6,1.63,Netherlands - Japan,2026-06-14 20:00:08,,2,,12,True,-0.018404907975460107,drifter,False
36966553,Assists (Star Substitute),Asistencias Kimmich (Suplente Estrella),1 or more,11,4.25,4.33,Germany - Ivory Coast,2026-06-20 20:00:00,76.64,1,EUR,6,False,-0.01847575057736723,drifter,False
36966612,Player to score in 1st half,Jugador en meter gol en el 1º tiempo,Ousmane Dembele,5,3.71,3.78,France - Iraq,2026-06-22 21:00:42,38.45,1,EUR,5,False,-0.018518518518518292,drifter,False
37312355,Team corners,Corners equipo,Almeria 5 or more,5,1.59,1.62,Almeria - Malaga,2026-06-20 19:32:16,17.93,1,EUR,4,False,-0.018518518518518528,drifter,False
33890304,Team shots on target,Remates a puerta equipo,Japan 7 or more,5,5.3,5.4,Netherlands - Japan,2026-06-14 20:00:08,,2,,4,True,-0.018518518518518642,drifter,False
33890210,Team goals,Goles equipo,Austria 2 or more,5,1.58,1.61,Austria - Jordan,2026-06-17 04:02:52,67.44,1,EUR,5,False,-0.018633540372670777,drifter,False
36966638,Home-side combo (bet builder),Inglaterra,England win y Harry Kane 1 or more assists,8,4.69,4.78,England - Ghana,2026-06-23 20:00:08,,2,,4,True,-0.018828451882845182,drifter,False
36024480,Away-side combo (bet builder),República Checa,Czech Republic win y Patrik Schick 2 or more shots on target,5,5.2,5.3,South Korea - Czech Republic,2026-06-12 02:00:54,1.53,1,EUR,3,False,-0.01886792452830173,drifter,False
33890306,Home-side combo (bet builder),Alemania,"Germany win, Over 3.5 goals y Havertz first goalscorer",5,5.2,5.3,Germany - Curaçao,2026-06-14 17:01:45,65.17,1,EUR,4,False,-0.01886792452830173,drifter,False
36966549,Match corners,Corners durante el partido,12 or more,23,3.12,3.18,Netherlands - Sweden,2026-06-20 17:00:05,108.02000000000001,1,EUR,15,False,-0.018867924528301844,drifter,False
36966611,1st half: Team corners,1º tiempo: Corners equipo,Senegal 2 or more,5,1.56,1.59,Norway - Senegal,2026-06-23 00:00:05,,2,,5,True,-0.018867924528301844,drifter,False
36966592,1-X-2 / 2 goals Up,1-X-2 / Ventaja 2 goles,2,175,1.56,1.59,New Zealand - Egypt,2026-06-22 01:00:05,,2,,123,True,-0.018867924528301844,drifter,False
33890304,Match shots on target,Remates a puerta durante el partido,9 or more,7,1.56,1.59,Netherlands - Japan,2026-06-14 20:00:08,,2,,7,True,-0.018867924528301844,drifter,False
37183511,Anytime goalscorer (Star Substitute),Goleador durante el partido (Suplente Estrella),Harry Kane,23,1.55,1.58,England - Costa Rica,2026-06-10 21:03:46,,2,,20,True,-0.01898734177215198,drifter,False
37312355,Match,Partido,Both teams to score y A goal in both halves,9,2.06,2.1,Almeria - Malaga,2026-06-20 19:32:16,25.09,1,EUR,7,False,-0.019047619047619115,drifter,False
36966486,Team corners,Corners equipo,Scotland 4 or more,20,2.06,2.1,Scotland - Morocco,2026-06-19 22:00:07,,2,,18,True,-0.019047619047619115,drifter,False
36024493,Shots on target (Star Substitute),Remates a puerta Isak (Suplente Estrella),2 or more,7,2.06,2.1,Sweden - Tunisia,2026-06-15 02:00:33,70.78,1,EUR,6,False,-0.019047619047619115,drifter,False
36024520,Anytime goalscorer (Star Substitute),Goleador durante el partido (Suplente Estrella),Guedes,5,2.57,2.62,Portugal - Democratic Republic of the Congo,2026-06-17 17:01:15,1.7200000000000002,1,EUR,3,False,-0.019083969465648946,drifter,False
33890238,Team Shots,Remates equipo,Mexico 19 or more,8,2.57,2.62,Mexico - South Africa,2026-06-11 19:05:51,,2,,6,True,-0.019083969465648946,drifter,False
36966549,Team shots on target,Remates a puerta equipo,Sweden 5 or more,8,2.57,2.62,Netherlands - Sweden,2026-06-20 17:00:05,10.64,1,EUR,6,False,-0.019083969465648946,drifter,False
37275587,Saves (Star Substitute),Paradas Andres Fernandez (Suplente Estrella),4 or more,6,2.57,2.62,Malaga - Almeria,2026-06-14 19:02:16,105.03999999999999,1,EUR,4,False,-0.019083969465648946,drifter,False
36966480,To score or assist (Star Substitute),Marcar gol o asistir (Suplente Estrella),Weston McKennie,6,2.56,2.61,Usa - Australia,2026-06-19 19:00:27,46.78,1,EUR,6,False,-0.01915708812260533,drifter,False
36966609,goal scorer (Star Substitute),Jugador en meter el 1º gol (Suplente Estrella),Lautaro Martínez,13,4.6,4.69,Argentina - Austria,2026-06-22 17:00:58,476.03,1,EUR,11,False,-0.019189765458422322,drifter,False
36966610,Match shots on target,Remates a puerta durante el partido,10 or more,7,2.04,2.08,Jordan - Algeria,2026-06-23 03:00:21,,2,,4,True,-0.019230769230769277,drifter,False
36966473,1st half: Corners,1º tiempo: Corners,4 or more,9,1.53,1.56,Switzerland - Bosnia And Herzegovina,2026-06-18 19:00:01,,2,,9,True,-0.019230769230769332,drifter,False
37238914,To be carded (only players and in play)(Star Substitute),Recibir tarjeta (sólo jugadores y en juego)(Suplente Estrella),Jese,11,5.1,5.2,Malaga - Las Palmas,2026-06-10 19:01:06,30.43,1,EUR,7,False,-0.019230769230769443,drifter,False
36024492,1st half: Corners,1º tiempo: Corners,4 or more,10,1.51,1.54,Australia - Turkey,2026-06-14 04:00:30,19.32,1,EUR,3,False,-0.019480519480519567,drifter,False
36024520,To score or assist (Star Substitute),Marcar gol o asistir (Suplente Estrella),Vitinha,24,3.02,3.08,Portugal - Democratic Republic of the Congo,2026-06-17 17:01:15,51.22,1,EUR,18,False,-0.019480519480519567,drifter,False
33890298,Team corners,Corners equipo,Iran 7 or more,7,3.5,3.57,Iran - New Zealand,2026-06-16 01:03:48,,2,,6,True,-0.019607843137254832,drifter,False
36966591,Team corners,Corners equipo,Saudi Arabia 2 or more,40,1.5,1.53,Spain - Saudi Arabia,2026-06-21 16:00:48,,2,,38,True,-0.019607843137254832,drifter,False
33890259,Player to score in 1st half,Jugador en meter gol en el 1º tiempo,Dan Ndoye,14,5.0,5.1,Qatar - Switzerland,2026-06-13 19:04:43,3.6,1,EUR,3,False,-0.019607843137254832,drifter,False
33890211,Team goal kicks,Saques de puerta equipo,Algeria 8 or more,9,2.0,2.04,Argentina - Algeria,2026-06-17 01:02:37,,2,,2,True,-0.019607843137254943,drifter,False
33890298,Match,Partido,Over 2.5 goals y Over 7.5 corners,9,3.49,3.56,Iran - New Zealand,2026-06-16 01:03:48,12.280000000000001,1,EUR,6,False,-0.019662921348314478,drifter,False
33890416,Match,Partido,Under 0.5 half time goals y Both teams to score in second half,13,10.4,10.61,France - Senegal,2026-06-16 19:02:47,6.470000000000001,1,EUR,3,False,-0.01979264844486314,drifter,False
33890304,Shots on target (Star Substitute),Remates a puerta Virgil Van Dijk (Suplente Estrella),1 or more,5,2.97,3.03,Netherlands - Japan,2026-06-14 20:00:08,,2,,5,True,-0.019801980198019712,drifter,False
33890291,Team Shots,Remates equipo,Brazil 18 or more,5,2.97,3.03,Brazil - Morocco,2026-06-13 22:04:18,,2,,4,True,-0.019801980198019712,drifter,False
37238914,Match corners,Corners durante el partido,13 or more,5,2.97,3.03,Malaga - Las Palmas,2026-06-10 19:01:06,51.8,1,EUR,5,False,-0.019801980198019712,drifter,False
36024491,1st half: Corners,1º tiempo: Corners,6 or more,6,2.97,3.03,Canada - Bosnia And Herzegovina,2026-06-12 19:02:13,127.05,1,EUR,6,False,-0.019801980198019712,drifter,False
33890211,goal scorer (Star Substitute),Jugador en meter el 1º gol (Suplente Estrella),Lautaro Martínez,11,4.45,4.54,Argentina - Algeria,2026-06-17 01:02:37,,2,,11,True,-0.01982378854625552,drifter,False
33890211,Match,Partido,Over 2.5 goals y Julian Alvarez to score,5,3.46,3.53,Argentina - Algeria,2026-06-17 01:02:37,1.52,1,EUR,4,False,-0.019830028328611957,drifter,False
33890299,Shots on target (Star Substitute),Remates a puerta Doku (Suplente Estrella),1 or more,38,1.48,1.51,Belgium - Egypt,2026-06-15 19:00:29,,2,,35,True,-0.01986754966887407,drifter,False
36024520,Home-side combo (bet builder),Portugal,"Portugal win, Over 2.5 goals y Over 10.5 corners",7,4.42,4.51,Portugal - Democratic Republic of the Congo,2026-06-17 17:01:15,28.8,1,EUR,7,False,-0.019955654101995526,drifter,False
36966485,Home-side combo (bet builder),Brasil,Brazil win y Raphinha to score,21,1.95,1.99,Brazil - Haiti,2026-06-20 00:32:31,71.12,1,EUR,14,False,-0.020100502512563026,drifter,False
33890211,1st half: Team corners,1º tiempo: Corners equipo,Argentina 4 or more,6,2.92,2.98,Argentina - Algeria,2026-06-17 01:02:37,,2,,6,True,-0.020134228187919365,drifter,False
36966611,To Score a Header (Star Substitute),Marcar gol con la cabeza (Suplente Estrella),Haaland,8,7.3,7.45,Norway - Senegal,2026-06-23 00:00:05,16.58,1,EUR,5,False,-0.020134228187919406,drifter,False
36966480,Team Shots,Remates equipo,Usa 14 or more,5,1.45,1.48,Usa - Australia,2026-06-19 19:00:27,13.07,1,EUR,5,False,-0.02027027027027036,drifter,False
33890210,Home-side combo (bet builder),Austria,Austria win y A goal in both halves,20,1.93,1.97,Austria - Jordan,2026-06-17 04:02:52,14.26,1,EUR,14,False,-0.020304568527918967,drifter,False
36966550,1st half: Team corners,1º tiempo: Corners equipo,Ecuador 4 or more,6,1.92,1.96,Ecuador - Curaçao,2026-06-21 00:00:04,,2,,5,True,-0.02040816326530617,drifter,False
36966549,1st half: Team corners,1º tiempo: Corners equipo,Sweden 2 or more,16,1.92,1.96,Netherlands - Sweden,2026-06-20 17:00:05,,2,,14,True,-0.02040816326530617,drifter,False
36024492,Match,Partido,Both teams to score y Over 11.5 corners,5,5.74,5.86,Australia - Turkey,2026-06-14 04:00:30,1.9100000000000001,1,EUR,2,False,-0.0204778156996587,drifter,False
36966472,1st half: Team corners,1º tiempo: Corners equipo,Qatar 1 or more,7,1.43,1.46,Canada - Qatar,2026-06-18 22:00:44,10.85,1,EUR,6,False,-0.020547945205479617,drifter,False
36966593,Home-side combo (bet builder),Bélgica,Belgium win y Lukaku 2 or more shots on target,6,2.38,2.43,Belgium - Iran,2026-06-21 19:00:03,5.95,1,EUR,5,False,-0.02057613168724291,drifter,False
33890306,Anytime goalscorer (Star Substitute),Goleador durante el partido (Suplente Estrella),Deniz Undav,7,1.42,1.45,Germany - Curaçao,2026-06-14 17:01:45,2.63,1,EUR,5,False,-0.020689655172413814,drifter,False
33890444,To score 2 or more goals (Star Substitute),Marcar 2 goles o más (Suplente Estrella),Harry Kane,257,7.1,7.25,England - Croatia,2026-06-17 20:00:04,,2,,177,True,-0.020689655172413852,drifter,False
36966486,1st Half: Team Cards (only players and in play),1º tiempo: Tarjetas equipo (solo jugadores y en juego),Morocco 2 or more,5,7.1,7.25,Scotland - Morocco,2026-06-19 22:00:07,22.41,1,EUR,5,False,-0.020689655172413852,drifter,False
36024518,Match,Partido,Over 7.5 corners y Haaland to score,14,1.89,1.93,Iraq - Norway,2026-06-16 22:00:57,28.33,1,EUR,10,False,-0.020725388601036298,drifter,False
36971426,1st half: Team corners,1º tiempo: Corners equipo,Turkey 3 or more,7,1.89,1.93,Turkey - Paraguay,2026-06-20 03:00:03,126.48,1,EUR,6,False,-0.020725388601036298,drifter,False
36966472,1-X-2 / 2 goals Up,1-X-2 / Ventaja 2 goles,2,31,10.33,10.55,Canada - Qatar,2026-06-18 22:00:44,,2,,12,True,-0.020853080568720428,drifter,False
33890444,Home-side combo (bet builder),Inglaterra,England win y Harry Kane first goalscorer,10,5.15,5.26,England - Croatia,2026-06-17 20:00:04,8.84,1,EUR,5,False,-0.020912547528517015,drifter,False
37265902,1-X-2 / 2 goals Up,1-X-2 / Ventaja 2 goles,1,5,1.86,1.9,Criciuma - Ceara,2026-06-16 00:02:30,14.59,1,EUR,4,False,-0.02105263157894736,drifter,False
36966550,Home-side combo (bet builder),Ecuador,Ecuador win y Enner Valencia to score,12,1.86,1.9,Ecuador - Curaçao,2026-06-21 00:00:04,48.22,1,EUR,10,False,-0.02105263157894736,drifter,False
36966611,Team corners,Corners equipo,Senegal 6 or more,7,3.7,3.78,Norway - Senegal,2026-06-23 00:00:05,22.259999999999998,1,EUR,5,False,-0.021164021164020868,drifter,False
33890299,Match,Partido,Both teams to score y A goal in both halves,9,2.31,2.36,Belgium - Egypt,2026-06-15 19:00:29,37.61,1,EUR,6,False,-0.021186440677966007,drifter,False
36966610,To score or assist (Star Substitute),Marcar gol o asistir (Suplente Estrella),Amine Gouiri,8,1.84,1.88,Jordan - Algeria,2026-06-23 03:00:21,,2,,8,True,-0.021276595744680816,drifter,False
36966480,To score or assist (Star Substitute),Marcar gol o asistir (Suplente Estrella),Pulisic,29,1.84,1.88,Usa - Australia,2026-06-19 19:00:27,,2,,22,True,-0.021276595744680816,drifter,False
36966485,Match,Partido,Over 2.5 goals y Over 11.5 corners,5,3.65,3.73,Brazil - Haiti,2026-06-20 00:32:31,2.9299999999999997,1,EUR,3,False,-0.021447721179624568,drifter,False
36966485,Home-side combo (bet builder),Brasil,Brazil win y Vinícius to score,60,1.82,1.86,Brazil - Haiti,2026-06-20 00:32:31,,2,,46,True,-0.021505376344085968,drifter,False
36024491,goal scorer (Star Substitute),Jugador en meter el 1º gol (Suplente Estrella),Jonathan David,12,4.99,5.1,Canada - Bosnia And Herzegovina,2026-06-12 19:02:13,105.2,1,EUR,9,False,-0.02156862745098016,drifter,False
36024518,Team goals,Goles equipo,Norway 2 or more,7,1.36,1.39,Iraq - Norway,2026-06-16 22:00:57,12.79,1,EUR,7,False,-0.021582733812949454,drifter,False
36966591,To score from outside the box (Star Substitute),Marcar gol desde fuera del área (Suplente Estrella),Lamine Yamal,18,6.8,6.95,Spain - Saudi Arabia,2026-06-21 16:00:48,241.54,1,EUR,15,False,-0.021582733812949718,drifter,False
36966486,Away-side combo (bet builder),Marruecos,Morocco win y Ismael Saibari to score,20,3.61,3.69,Scotland - Morocco,2026-06-19 22:00:07,29.05,1,EUR,14,False,-0.02168021680216798,drifter,False
36966485,Home-side combo (bet builder),Brasil,Brazil wins at half time / Brazil wins full time y Vinícius to score,5,2.21,2.26,Brazil - Haiti,2026-06-20 00:32:31,8.26,1,EUR,5,False,-0.022123893805309693,drifter,False
36966593,Assists (Star Substitute),Asistencias Kevin De Bruyne (Suplente Estrella),1 or more,5,2.65,2.71,Belgium - Iran,2026-06-21 19:00:03,11.0,1,EUR,5,False,-0.022140221402214097,drifter,False
36966638,Saves (Star Substitute),Paradas Benjamin Asare (Suplente Estrella),5 or more,10,2.2,2.25,England - Ghana,2026-06-23 20:00:08,249.0,1,EUR,10,False,-0.022222222222222244,drifter,False
36966593,1st half: Shots on target,Lukaku,2 or more,6,4.4,4.5,Belgium - Iran,2026-06-21 19:00:03,99.55,1,EUR,5,False,-0.022222222222222244,drifter,False
36024480,Match corners,Corners durante el partido,9 or more,39,1.76,1.8,South Korea - Czech Republic,2026-06-12 02:00:54,,2,,30,True,-0.022222222222222265,drifter,False
33890298,Match,Partido,Both teams to score y Over 7.5 corners,12,3.08,3.15,Iran - New Zealand,2026-06-16 01:03:48,,2,,9,True,-0.022222222222222268,drifter,False
36966466,Team corners,Corners equipo,Mexico 4 or more,16,1.32,1.35,Mexico - South Korea,2026-06-19 01:00:38,,2,,12,True,-0.022222222222222268,drifter,False
36024520,Player to score in 1st half,Jugador en meter gol en el 1º tiempo,Pedro Neto,9,6.6,6.75,Portugal - Democratic Republic of the Congo,2026-06-17 17:01:15,14.4,1,EUR,3,False,-0.022222222222222303,drifter,False
33890304,Team shots on target,Remates a puerta equipo,Netherlands 6 or more,5,2.19,2.24,Netherlands - Japan,2026-06-14 20:00:08,0.72,1,EUR,4,False,-0.022321428571428704,drifter,False
33890309,Team corners,Corners equipo,Usa 7 or more,22,3.06,3.13,Usa - Paraguay,2026-06-13 01:02:10,,2,,14,True,-0.02236421725239622,drifter,False
36024518,Shots on target (Star Substitute),Remates a puerta Haaland (Suplente Estrella),2 or more,19,1.31,1.34,Iraq - Norway,2026-06-16 22:00:57,89.60000000000001,1,EUR,18,False,-0.022388059701492546,drifter,False
33890306,1st half: Corners,1º tiempo: Corners,7 or more,6,3.05,3.12,Germany - Curaçao,2026-06-14 17:01:45,120.0,1,EUR,6,False,-0.022435897435897616,drifter,False
33890211,Shots on target (Star Substitute),Remates a puerta Ibrahim Maza (Suplente Estrella),1 or more,5,2.61,2.67,Argentina - Algeria,2026-06-17 01:02:37,100.4,1,EUR,2,False,-0.022471910112359515,drifter,False
33890299,Team exact bookings (only players and in play),Número de tarjetas equipo (solo jugadores y en juego),Egypt 4 or more,5,4.35,4.45,Belgium - Egypt,2026-06-15 19:00:29,1.7,1,EUR,2,False,-0.022471910112359682,drifter,False
33890259,Team shots on target,Remates a puerta equipo,Qatar 2 or more,7,1.29,1.32,Qatar - Switzerland,2026-06-13 19:04:43,,2,,7,True,-0.02272727272727265,drifter,False
36966466,Match penalty missed,Penalti fallado durante el partido,Yes,7,10.75,11.0,Mexico - South Korea,2026-06-19 01:00:38,,2,,7,True,-0.022727272727272686,drifter,False
33890291,Match penalty missed,Penalti fallado durante el partido,Yes,7,10.75,11.0,Brazil - Morocco,2026-06-13 22:04:18,,2,,7,True,-0.022727272727272686,drifter,False
36971426,Match penalty missed,Penalti fallado durante el partido,Yes,5,10.75,11.0,Turkey - Paraguay,2026-06-20 03:00:03,,2,,4,True,-0.022727272727272686,drifter,False
37233850,Team to score a penalty,Equipo en marcar gol de penalti durante el partido,Argentina,5,3.0,3.07,Argentina - Iceland,2026-06-10 01:09:18,19.46,1,EUR,3,False,-0.022801302931595935,drifter,False
33890291,goal scorer (Star Substitute),Jugador en meter el 1º gol (Suplente Estrella),Raphinha,15,6.4,6.55,Brazil - Morocco,2026-06-13 22:04:18,427.8,1,EUR,13,False,-0.022900763358778598,drifter,False
36966612,Fouls Won (Star Substitute),Faltas recibidas Mbappe (Suplente Estrella),2 or more,20,2.56,2.62,France - Iraq,2026-06-22 21:00:42,227.92000000000002,1,EUR,18,False,-0.022900763358778706,drifter,False
36966609,Anytime goalscorer (Star Substitute),Goleador durante el partido (Suplente Estrella),Julian Alvarez,16,2.55,2.61,Argentina - Austria,2026-06-22 17:00:58,15.15,1,EUR,13,False,-0.022988505747126527,drifter,False
36966472,Team shots on target,Remates a puerta equipo,Qatar 3 or more,10,1.7,1.74,Canada - Qatar,2026-06-18 22:00:44,,2,,9,True,-0.02298850574712653,drifter,False
33890306,Match corners,Corners durante el partido,9 or more,55,1.27,1.3,Germany - Curaçao,2026-06-14 17:01:45,,2,,49,True,-0.02307692307692308,drifter,False
37311599,Match corners,Corners durante el partido,11 or more,6,1.69,1.73,St Patricks - Sligo Rovers,2026-06-19 18:45:33,2.99,1,EUR,3,False,-0.02312138728323696,drifter,False
33890416,1st Half: Team Cards (only players and in play),1º tiempo: Tarjetas equipo (solo jugadores y en juego),Senegal 1 or more,10,1.68,1.72,France - Senegal,2026-06-16 19:02:47,,2,,9,True,-0.023255813953488306,drifter,False
33890298,Home-side combo (bet builder),Irán,"Iran win, Over 2.5 goals y Over 8.5 corners",5,6.3,6.45,Iran - New Zealand,2026-06-16 01:03:48,12.16,1,EUR,4,False,-0.02325581395348833,drifter,False
36966612,1st half: Team corners,1º tiempo: Corners equipo,Iraq 2 or more,9,4.19,4.29,France - Iraq,2026-06-22 21:00:42,,2,,9,True,-0.0233100233100233,drifter,False
33890299,Assists (Star Substitute),Asistencias Kevin De Bruyne (Suplente Estrella),1 or more,5,2.93,3.0,Belgium - Egypt,2026-06-15 19:00:29,16.82,1,EUR,5,False,-0.023333333333333303,drifter,False
36966593,To score or assist (Star Substitute),Marcar gol o asistir (Suplente Estrella),Kevin De Bruyne,31,1.67,1.71,Belgium - Iran,2026-06-21 19:00:03,,2,,26,True,-0.023391812865497224,drifter,False
36024493,Shots on target (Star Substitute),Remates a puerta Viktor Gyokeres (Suplente Estrella),1 or more,19,1.25,1.28,Sweden - Tunisia,2026-06-15 02:00:33,105.34,1,EUR,17,False,-0.023437500000000056,drifter,False
33890309,1-X-2 / 2 goals Up,1-X-2 / Ventaja 2 goles,2,61,3.74,3.83,Usa - Paraguay,2026-06-13 01:02:10,,2,,40,True,-0.02349869451697123,drifter,False
33890312,To score or assist (Star Substitute),Marcar gol o asistir (Suplente Estrella),Darwin Nunez,10,1.66,1.7,Saudi Arabia - Uruguay,2026-06-15 22:03:57,29.12,1,EUR,10,False,-0.023529411764705934,drifter,False
36966592,Away-side combo (bet builder),Egipto,Egypt win y Mohamed Salah 2 or more shots on target,6,3.32,3.4,New Zealand - Egypt,2026-06-22 01:00:05,9.25,1,EUR,6,False,-0.023529411764705934,drifter,False
36024518,Fouls Won (Star Substitute),Faltas recibidas Haaland(Suplente Estrella),2 or more,6,4.14,4.24,Iraq - Norway,2026-06-16 22:00:57,,2,,6,True,-0.023584905660377534,drifter,False
37238914,Team to score a penalty,Equipo en marcar gol de penalti durante el partido,Las Palmas,11,6.2,6.35,Malaga - Las Palmas,2026-06-10 19:01:06,0.81,1,EUR,4,False,-0.023622047244094474,drifter,False
36024520,Home-side combo (bet builder),Portugal,Portugal win y Bruno Fernandes 1 or more assists,8,2.89,2.96,Portugal - Democratic Republic of the Congo,2026-06-17 17:01:15,6.89,1,EUR,6,False,-0.023648648648648598,drifter,False
37233846,To score or assist (Star Substitute),Marcar gol o asistir (Suplente Estrella),Bruno Fernandes,7,1.65,1.69,Portugal - Nigeria,2026-06-10 19:49:08,18.94,1,EUR,6,False,-0.023668639053254423,drifter,False
33890299,Saves (Star Substitute),Paradas Courtois (Suplente Estrella),3 or more,24,2.04,2.09,Belgium - Egypt,2026-06-15 19:00:29,382.22,1,EUR,23,False,-0.023923444976076402,drifter,False
36966549,1-X-2 / 2 goals Up,1-X-2 / Ventaja 2 goles,1,257,1.63,1.67,Netherlands - Sweden,2026-06-20 17:00:05,,2,,164,True,-0.02395209580838316,drifter,False
33890313,Team corners,Corners equipo,Spain 10 or more,19,2.44,2.5,Spain - Cape Verde,2026-06-15 16:01:07,275.65,1,EUR,18,False,-0.023999999999999973,drifter,False
36024493,Assists (Star Substitute),Asistencias Viktor Gyokeres (Suplente Estrella),1 or more,5,6.1,6.25,Sweden - Tunisia,2026-06-15 02:00:33,6.05,1,EUR,2,False,-0.024000000000000073,drifter,False
36971426,Shots on target outside the box (Star Substitute),Remates a puerta desde fuera del área Arda Güler (Suplente Estrella),1 or more,9,2.03,2.08,Turkey - Paraguay,2026-06-20 03:00:03,15.91,1,EUR,9,False,-0.02403846153846175,drifter,False
33890238,Saves (Star Substitute),Paradas Ronwen Hayden Williams (Suplente Estrella),4 or more,17,2.02,2.07,Mexico - South Africa,2026-06-11 19:05:51,418.13,1,EUR,15,False,-0.024154589371980596,drifter,False
36966611,Offsides,Haaland,2 or more,5,6.05,6.2,Norway - Senegal,2026-06-23 00:00:05,3.0,1,EUR,3,False,-0.02419354838709683,drifter,False
33890211,Home-side combo (bet builder),Argentina,Argentina win y Julian Alvarez 2 or more shots on target,10,2.81,2.88,Argentina - Algeria,2026-06-17 01:02:37,24.59,1,EUR,9,False,-0.024305555555555646,drifter,False
36971426,1-X-2 / 2 goals Up,1-X-2 / Ventaja 2 goles,1,350,2.0,2.05,Turkey - Paraguay,2026-06-20 03:00:03,,2,,201,True,-0.024390243902438935,drifter,False
36966592,Anytime goalscorer (Star Substitute),Goleador durante el partido (Suplente Estrella),Elijah Just,8,6.0,6.15,New Zealand - Egypt,2026-06-22 01:00:05,9.96,1,EUR,4,False,-0.02439024390243899,drifter,False
33890416,1st half: Team corners,1º tiempo: Corners equipo,France 5 or more,6,3.2,3.28,France - Senegal,2026-06-16 19:02:47,78.0,1,EUR,6,False,-0.024390243902439046,drifter,False
33890444,1st half: Corners,1º tiempo: Corners,4 or more,7,1.6,1.64,England - Croatia,2026-06-17 20:00:04,,2,,7,True,-0.024390243902439046,drifter,False
36966480,1st half: Corners,1º tiempo: Corners,4 or more,8,1.6,1.64,Usa - Australia,2026-06-19 19:00:27,84.32,1,EUR,8,False,-0.024390243902439046,drifter,False
36966590,Match corners,Corners durante el partido,11 or more,8,2.4,2.46,Uruguay - Cape Verde,2026-06-21 22:00:33,30.84,1,EUR,6,False,-0.024390243902439088,drifter,False
33890312,Match,Partido,Both teams to score y Over 7.5 corners,10,2.8,2.87,Saudi Arabia - Uruguay,2026-06-15 22:03:57,,2,,8,True,-0.024390243902439133,drifter,False
36966611,To score or assist (Star Substitute),Marcar gol o asistir (Suplente Estrella),Nicolas Jackson,8,2.39,2.45,Norway - Senegal,2026-06-23 00:00:05,14.01,1,EUR,7,False,-0.024489795918367415,drifter,False
33890291,Most Saves - vs (both starters),Más paradas - Ederson vs Yassine Bounou (Ambos titulares o se anula),Yassine Bounou,7,1.59,1.63,Brazil - Morocco,2026-06-13 22:04:18,109.03,1,EUR,6,False,-0.024539877300613435,drifter,False
36966485,Shots on target outside the box (Star Substitute),Remates a puerta desde fuera del área Raphinha (Suplente Estrella),1 or more,7,1.98,2.03,Brazil - Haiti,2026-06-20 00:32:31,123.41,1,EUR,6,False,-0.024630541871921117,drifter,False
36024518,To score or assist (Star Substitute),Marcar gol o asistir (Suplente Estrella),Sorloth,35,1.58,1.62,Iraq - Norway,2026-06-16 22:00:57,62.18,1,EUR,33,False,-0.024691358024691305,drifter,False
36966553,To score or assist (Star Substitute),Marcar gol o asistir (Suplente Estrella),Deniz Undav,9,1.58,1.62,Germany - Ivory Coast,2026-06-20 20:00:00,8.68,1,EUR,7,False,-0.024691358024691305,drifter,False
36966549,To score 2 or more goals (Star Substitute),Marcar 2 goles o más (Suplente Estrella),Cody Gakpo,9,9.85,10.1,Netherlands - Sweden,2026-06-20 17:00:05,653.33,1,EUR,9,False,-0.024752475247524698,drifter,False
36024518,Shots on target (Star Substitute),Remates a puerta Haaland (Suplente Estrella),3 or more,25,1.97,2.02,Iraq - Norway,2026-06-16 22:00:57,,2,,23,True,-0.024752475247524698,drifter,False
36966480,To score 2 or more goals (Star Substitute),Marcar 2 goles o más (Suplente Estrella),Ricardo Pepi,6,9.85,10.1,Usa - Australia,2026-06-19 19:00:27,40.870000000000005,1,EUR,5,False,-0.024752475247524698,drifter,False
36024491,Team corners,Corners equipo,Bosnia And Herzegovina 4 or more,31,1.97,2.02,Canada - Bosnia And Herzegovina,2026-06-12 19:02:13,,2,,29,True,-0.024752475247524698,drifter,False
37275587,Team corners,Corners equipo,Malaga 4 or more,12,1.18,1.21,Malaga - Almeria,2026-06-14 19:02:16,130.97,1,EUR,9,False,-0.024793388429752122,drifter,False
36966590,Match corners,Corners durante el partido,10 or more,22,1.96,2.01,Uruguay - Cape Verde,2026-06-21 22:00:33,,2,,20,True,-0.024875621890547154,drifter,False
37237611,1-X-2 / 2 goals Up,1-X-2 / Ventaja 2 goles,2,22,2.74,2.81,Almeria - Castellón,2026-06-09 19:02:30,79.3,1,EUR,5,False,-0.02491103202846969,drifter,False
36966553,Match shots on target,Remates a puerta durante el partido,12 or more,9,3.12,3.2,Germany - Ivory Coast,2026-06-20 20:00:00,,2,,7,True,-0.024999999999999915,drifter,False
36966593,Player to score in fisrt ten minutes (from 0:00 to 9:59),Jugador en meter gol en los 10 primeros minutos (del 0:00 al 9:59),Lukaku,5,11.7,12.0,Belgium - Iran,2026-06-21 19:00:03,25.75,1,EUR,5,False,-0.025000000000000074,drifter,False
36966612,To score 2 or more goals (Star Substitute),Marcar 2 goles o más (Suplente Estrella),Barcola,7,7.75,7.95,France - Iraq,2026-06-22 21:00:42,,2,,7,True,-0.02515723270440249,drifter,False
37331390,Match,Partido,Under 0.5 half time goals y Both teams to score in second half,5,10.05,10.31,Ciudad De Bolivar - Estudiantes Ba,2026-06-20 17:59:36,0.30000000000000004,1,EUR,2,False,-0.025218234723569325,drifter,False
33890312,Shots on target (Star Substitute),Remates a puerta Darwin Nunez (Suplente Estrella),2 or more,10,1.93,1.98,Saudi Arabia - Uruguay,2026-06-15 22:03:57,52.14,1,EUR,8,False,-0.02525252525252531,drifter,False
33890211,Home-side combo (bet builder),Argentina,Argentina win y Over 2.5 goals,41,2.31,2.37,Argentina - Algeria,2026-06-17 01:02:37,77.45,1,EUR,24,False,-0.02531645569620263,drifter,False
33890305,Team corners,Corners equipo,Ecuador 4 or more,25,1.54,1.58,Ivory Coast - Ecuador,2026-06-14 23:03:23,,2,,12,True,-0.02531645569620263,drifter,False
33890238,1st half: Corners,1º tiempo: Corners,4 or more,6,1.54,1.58,Mexico - South Africa,2026-06-11 19:05:51,,2,,5,True,-0.02531645569620263,drifter,False
37238914,Match throw-ins,Saques de banda durante el partido,42 or more,6,1.91,1.96,Malaga - Las Palmas,2026-06-10 19:01:06,,2,,4,True,-0.025510204081632626,drifter,False
33890444,First to score for their team (Star Substitute),Jugador en meter el 1º gol del equipo (Suplente Estrella),Harry Kane,5,3.05,3.13,England - Croatia,2026-06-17 20:00:04,80.5,1,EUR,5,False,-0.02555910543131004,drifter,False
33890210,To score 2 or more goals (Star Substitute),Marcar 2 goles o más (Suplente Estrella),Arnautovic,6,5.7,5.85,Austria - Jordan,2026-06-17 04:02:52,2.62,1,EUR,5,False,-0.025641025641025567,drifter,False
33890291,Team exact bookings (only players and in play),Número de tarjetas equipo (solo jugadores y en juego),Brazil 1 or more,14,1.12,1.15,Brazil - Morocco,2026-06-13 22:04:18,173.23,1,EUR,9,False,-0.026086956521738962,drifter,False
36966609,Shots on target (Star Substitute),Remates a puerta Lautaro Martínez (Suplente Estrella),2 or more,13,2.22,2.28,Argentina - Austria,2026-06-22 17:00:58,237.46,1,EUR,13,False,-0.026315789473684036,drifter,False
36024520,Team goals,Goles equipo,Portugal 2 or more,13,1.48,1.52,Portugal - Democratic Republic of the Congo,2026-06-17 17:01:15,,2,,13,True,-0.026315789473684115,drifter,False
33890238,1st half: Team corners,1º tiempo: Corners equipo,Mexico 6 or more,6,5.55,5.7,Mexico - South Africa,2026-06-11 19:05:51,,2,,6,True,-0.02631578947368437,drifter,False
36966592,Team goal kicks,Saques de puerta equipo,New Zealand 8 or more,68,1.47,1.51,New Zealand - Egypt,2026-06-22 01:00:05,341.17,1,EUR,2,False,-0.026490066225165455,drifter,False
36024520,To score or assist (Star Substitute),Marcar gol o asistir (Suplente Estrella),Cristiano Ronaldo,196,1.47,1.51,Portugal - Democratic Republic of the Congo,2026-06-17 17:01:15,,2,,172,True,-0.026490066225165455,drifter,False
36966612,Team corners,Corners equipo,France 7 or more,49,1.47,1.51,France - Iraq,2026-06-22 21:00:42,,2,,47,True,-0.026490066225165455,drifter,False
37238914,1-X-2 / 2 goals Up,1-X-2 / Ventaja 2 goles,X,6,3.28,3.37,Malaga - Las Palmas,2026-06-10 19:01:06,194.61,1,EUR,5,False,-0.026706231454005993,drifter,False
36024491,1-X-2 / 2 goals Up,1-X-2 / Ventaja 2 goles,2,55,4.36,4.48,Canada - Bosnia And Herzegovina,2026-06-12 19:02:13,,2,,36,True,-0.02678571428571429,drifter,False
36966612,Home-side combo (bet builder),Francia,France win y Mbappe to score,114,1.45,1.49,France - Iraq,2026-06-22 21:00:42,,2,,77,True,-0.026845637583892638,drifter,False
37275587,To score or assist (Star Substitute),Marcar gol o asistir (Suplente Estrella),Chupe,11,1.81,1.86,Malaga - Almeria,2026-06-14 19:02:16,10.98,1,EUR,10,False,-0.026881720430107645,drifter,False
33890416,1-X-2 / 2 goals Up,1-X-2 / Ventaja 2 goles,1,540,1.44,1.48,France - Senegal,2026-06-16 19:02:47,,2,,314,True,-0.027027027027027018,drifter,False
36966611,Home-side combo (bet builder),Noruega,Norway win y Over 2.5 goals,9,3.59,3.69,Norway - Senegal,2026-06-23 00:00:05,15.75,1,EUR,6,False,-0.027100271002709963,drifter,False
33890305,Away-side combo (bet builder),Ecuador,Ecuador win y Moises Caicedo 2 or more fouls,5,3.59,3.69,Ivory Coast - Ecuador,2026-06-14 23:03:23,11.19,1,EUR,3,False,-0.027100271002709963,drifter,False
33890305,Match,Partido,Both teams to score y Over 7.5 corners,18,3.23,3.32,Ivory Coast - Ecuador,2026-06-14 23:03:23,,2,,13,True,-0.027108433734939742,drifter,False
33890299,Shots on target (Star Substitute),Remates a puerta Kevin De Bruyne (Suplente Estrella),1 or more,7,1.43,1.47,Belgium - Egypt,2026-06-15 19:00:29,30.16,1,EUR,7,False,-0.027210884353741638,drifter,False
33890210,Anytime goalscorer (Star Substitute),Goleador durante el partido (Suplente Estrella),Sabitzer,7,2.5,2.57,Austria - Jordan,2026-06-17 04:02:52,37.93,1,EUR,7,False,-0.027237354085603155,drifter,False
33890313,Team shots on target,Remates a puerta equipo,Spain 9 or more,13,1.78,1.83,Spain - Cape Verde,2026-06-15 16:01:07,237.82,1,EUR,13,False,-0.027322404371584876,drifter,False
33890220,Away-side combo (bet builder),Colombia,Colombia win y Luis Diaz 1 or more assists,20,4.26,4.38,Uzbekistan - Colombia,2026-06-18 02:00:00,154.85,1,EUR,15,False,-0.027397260273972546,drifter,False
36966550,1st half: Team corners,1º tiempo: Corners equipo,Ecuador 3 or more,5,1.42,1.46,Ecuador - Curaçao,2026-06-21 00:00:04,37.37,1,EUR,5,False,-0.02739726027397274,drifter,False
33890211,Match shots on target,Remates a puerta durante el partido,9 or more,6,1.42,1.46,Argentina - Algeria,2026-06-17 01:02:37,,3,,6,True,-0.02739726027397274,drifter,False
36966593,Match corners,Corners durante el partido,10 or more,21,2.12,2.18,Belgium - Iran,2026-06-21 19:00:03,,2,,21,True,-0.027522935779816477,drifter,False
33890210,Team corners,Corners equipo,Austria 5 or more,42,1.41,1.45,Austria - Jordan,2026-06-17 04:02:52,,2,,40,True,-0.027586206896551693,drifter,False
36966638,Saves (Star Substitute),Paradas Jordan Pickford (Suplente Estrella),3 or more,9,3.17,3.26,England - Ghana,2026-06-23 20:00:08,,2,,8,True,-0.02760736196319011,drifter,False
36024518,Away-side combo (bet builder),Noruega,Norway win y Sorloth 2 or more shots on target,5,2.11,2.17,Iraq - Norway,2026-06-16 22:00:57,,2,,4,True,-0.02764976958525347,drifter,False
36971426,Team exact bookings (only players and in play),Número de tarjetas equipo (solo jugadores y en juego),Paraguay 3 or more,5,1.75,1.8,Turkey - Paraguay,2026-06-20 03:00:03,6.36,1,EUR,5,False,-0.02777777777777768,drifter,False
33890238,Hat trick (three or more goals) (Star Substitute),Hat trick (tres o más goles) (Suplente Estrella),Raúl Jiménez,10,35.0,36.0,Mexico - South Africa,2026-06-11 19:05:51,,2,,9,True,-0.0277777777777778,drifter,False
33890299,Home-side combo (bet builder),Bélgica,Belgium win y Omar Marmoush to score,7,10.45,10.75,Belgium - Egypt,2026-06-15 19:00:29,2.59,1,EUR,4,False,-0.027906976744186057,drifter,False
36966553,1st half: Team corners,1º tiempo: Corners equipo,Germany 4 or more,10,2.09,2.15,Germany - Ivory Coast,2026-06-20 20:00:00,110.76,1,EUR,7,False,-0.02790697674418617,drifter,False
33890306,To score 2 or more goals (Star Substitute),Marcar 2 goles o más (Suplente Estrella),Sane,6,5.2,5.35,Germany - Curaçao,2026-06-14 17:01:45,194.0,1,EUR,6,False,-0.0280373831775699,drifter,False
36966640,Player to score in fisrt ten minutes (from 0:00 to 9:59),Jugador en meter gol en los 10 primeros minutos (del 0:00 al 9:59),Cristiano Ronaldo,55,8.65,8.9,Portugal - Uzbekistan,2026-06-23 17:00:06,,2,,50,True,-0.028089887640449448,drifter,False
33890238,Team corners,Corners equipo,Mexico 9 or more,57,4.15,4.27,Mexico - South Africa,2026-06-11 19:05:51,,2,,7,True,-0.02810304449648696,drifter,False
33890309,Home-side combo (bet builder),Estados Unidos,"Usa win, Over 2.5 goals y Over 8.5 corners",11,6.22,6.4,Usa - Paraguay,2026-06-13 01:02:10,,2,,8,True,-0.02812500000000002,drifter,False
33890259,Team shots on target,Remates a puerta equipo,Switzerland 6 or more,12,1.37,1.41,Qatar - Switzerland,2026-06-13 19:04:43,,2,,10,True,-0.028368794326241096,drifter,False
36966486,Team Shots,Remates equipo,Morocco 15 or more,8,1.71,1.76,Scotland - Morocco,2026-06-19 22:00:07,,2,,8,True,-0.02840909090909077,drifter,False
33890444,Shots on target outside the box (Star Substitute),Remates a puerta desde fuera del área Bukayo Saka (Suplente Estrella),1 or more,5,4.1,4.22,England - Croatia,2026-06-17 20:00:04,2.89,1,EUR,2,False,-0.028436018957346043,drifter,False
36966466,Shots on target (Star Substitute),Remates a puerta Julián Quiñones (Suplente Estrella),1 or more,7,1.36,1.4,Mexico - South Korea,2026-06-19 01:00:38,23.060000000000002,1,EUR,7,False,-0.028571428571428473,drifter,False
33890238,Match fouls,Faltas durante el partido,25 or more,9,1.36,1.4,Mexico - South Africa,2026-06-11 19:05:51,153.36,1,EUR,2,False,-0.028571428571428473,drifter,False
36966611,Team corners,Corners equipo,Norway 4 or more,13,1.36,1.4,Norway - Senegal,2026-06-23 00:00:05,,2,,13,True,-0.028571428571428473,drifter,False
33890238,1st half: Corners,1º tiempo: Corners,5 or more,6,2.04,2.1,Mexico - South Africa,2026-06-11 19:05:51,,2,,6,True,-0.028571428571428584,drifter,False
33890312,Team corners,Corners equipo,Uruguay 6 or more,14,1.7,1.75,Saudi Arabia - Uruguay,2026-06-15 22:03:57,,2,,13,True,-0.028571428571428657,drifter,False
36966485,goal scorer (Star Substitute),Jugador en meter el 1º gol (Suplente Estrella),Raphinha,7,5.1,5.25,Brazil - Haiti,2026-06-20 00:32:31,8.16,1,EUR,7,False,-0.02857142857142875,drifter,False
36966592,To score or assist (Star Substitute),Marcar gol o asistir (Suplente Estrella),Mohamed Salah,45,1.69,1.74,New Zealand - Egypt,2026-06-22 01:00:05,,2,,31,True,-0.028735632183908146,drifter,False
36966592,1-X-2 / 2 goals Up,1-X-2 / Ventaja 2 goles,1,30,5.39,5.55,New Zealand - Egypt,2026-06-22 01:00:05,12.16,1,EUR,6,False,-0.028828828828828798,drifter,False
36966591,Home-side combo (bet builder),España,"Spain win, Over 2.5 goals y Over 10.5 corners",5,2.02,2.08,Spain - Saudi Arabia,2026-06-21 16:00:48,135.0,1,EUR,3,False,-0.028846153846153924,drifter,False
33890210,1st half: Team corners,1º tiempo: Corners equipo,Jordan 2 or more,6,2.02,2.08,Austria - Jordan,2026-06-17 04:02:52,2.47,1,EUR,4,False,-0.028846153846153924,drifter,False
33890220,Away-side combo (bet builder),Colombia,Colombia win y Luis Diaz first goalscorer,8,5.05,5.2,Uzbekistan - Colombia,2026-06-18 02:00:00,,2,,4,True,-0.02884615384615398,drifter,False
33890305,1-X-2 / 2 goals Up,1-X-2 / Ventaja 2 goles,2,115,2.34,2.41,Ivory Coast - Ecuador,2026-06-14 23:03:23,,2,,84,True,-0.029045643153527125,drifter,False
36966486,Match,Partido,Both teams to score y A goal in both halves,5,2.67,2.75,Scotland - Morocco,2026-06-19 22:00:07,3.62,1,EUR,5,False,-0.029090909090909133,drifter,False
36966473,1st half: Corners,1º tiempo: Corners,5 or more,9,2.0,2.06,Switzerland - Bosnia And Herzegovina,2026-06-18 19:00:01,,2,,8,True,-0.029126213592232997,drifter,False
33890298,Player most passes (voiding in case of tie),Jugador en dar más pases,Shoja Khalilzadeh,7,5.0,5.15,Iran - New Zealand,2026-06-16 01:03:48,17.09,1,EUR,2,False,-0.02912621359223308,drifter,False
33890220,Away-side combo (bet builder),Colombia,"Colombia win, Over 8.5 corners y Luis Suárez to score",7,4.66,4.8,Uzbekistan - Colombia,2026-06-18 02:00:00,21.17,1,EUR,4,False,-0.029166666666666653,drifter,False
36966612,Home-side combo (bet builder),Francia,"France win, Over 8.5 corners y Michael Olise to score 2 or more goals",10,11.65,12.0,France - Iraq,2026-06-22 21:00:42,14.18,1,EUR,8,False,-0.029166666666666716,drifter,False
36024520,Shots on target (Star Substitute),Remates a puerta Bruno Fernandes (Suplente Estrella),1 or more,6,1.33,1.37,Portugal - Democratic Republic of the Congo,2026-06-17 17:01:15,17.18,1,EUR,6,False,-0.029197080291970753,drifter,False
37233846,Team to score a penalty,Equipo en marcar gol de penalti durante el partido,Portugal,7,3.32,3.42,Portugal - Nigeria,2026-06-10 19:49:08,24.17,1,EUR,5,False,-0.029239766081871482,drifter,False
36966469,1st half: Corners,1º tiempo: Corners,4 or more,6,1.66,1.71,Czech Republic - South Africa,2026-06-18 16:00:09,517.23,1,EUR,6,False,-0.029239766081871482,drifter,False
36966486,Team goals,Goles equipo,Morocco 2 or more,6,1.99,2.05,Scotland - Morocco,2026-06-19 22:00:07,92.2,1,EUR,5,False,-0.029268292682926654,drifter,False
37233846,Anytime goalscorer (Star Substitute),Goleador durante el partido (Suplente Estrella),Bruno Fernandes,7,2.98,3.07,Portugal - Nigeria,2026-06-10 19:49:08,19.619999999999997,1,EUR,7,False,-0.02931596091205206,drifter,False
36966593,Home-side combo (bet builder),Bélgica,"Belgium win, Belgium to score in both halves y Over 8.5 corners",6,3.95,4.07,Belgium - Iran,2026-06-21 19:00:03,12.23,1,EUR,5,False,-0.029484029484029423,drifter,False
36024518,1-X-2 / 2 goals Up,1-X-2 / Ventaja 2 goles,1,18,11.5,11.85,Iraq - Norway,2026-06-16 22:00:57,,2,,9,True,-0.029535864978902968,drifter,False
37275587,Anytime goalscorer (Star Substitute),Goleador durante el partido (Suplente Estrella),Chupe,11,2.3,2.37,Malaga - Almeria,2026-06-14 19:02:16,37.72,1,EUR,9,False,-0.029535864978903155,drifter,False
33890220,goal scorer (Star Substitute),Jugador en meter el 1º gol (Suplente Estrella),Luis Diaz,7,4.6,4.74,Uzbekistan - Colombia,2026-06-18 02:00:00,10.65,1,EUR,7,False,-0.029535864978903155,drifter,False
36966590,Team corners,Corners equipo,Uruguay 5 or more,36,1.31,1.35,Uruguay - Cape Verde,2026-06-21 22:00:33,,2,,31,True,-0.029629629629629606,drifter,False
36966609,Match corners,Corners durante el partido,11 or more,16,3.27,3.37,Argentina - Austria,2026-06-22 17:00:58,,2,,14,True,-0.029673590504451054,drifter,False
36966485,Saves (Star Substitute),Paradas Alisson (Suplente Estrella),2 or more,8,1.63,1.68,Brazil - Haiti,2026-06-20 00:32:31,28.53,1,EUR,4,False,-0.029761904761904788,drifter,False
33890238,Team exact bookings (only players and in play),Número de tarjetas equipo (solo jugadores y en juego),Mexico 2 or more,8,1.63,1.68,Mexico - South Africa,2026-06-11 19:05:51,,2,,8,True,-0.029761904761904788,drifter,False
36024492,1-X-2 / 2 goals Up,1-X-2 / Ventaja 2 goles,2,471,1.63,1.68,Australia - Turkey,2026-06-14 04:00:30,,2,,246,True,-0.029761904761904788,drifter,False
37183312,1-X-2 / 2 goals Up,1-X-2 / Ventaja 2 goles,1,9,2.27,2.34,Goias - Gremio Novorizontino SP,2026-06-10 23:00:36,,2,,6,True,-0.029914529914529794,drifter,False
33890416,1st half: Corners,1º tiempo: Corners,6 or more,5,2.59,2.67,France - Senegal,2026-06-16 19:02:47,,2,,5,True,-0.029962546816479346,drifter,False
36024520,Anytime goalscorer (Star Substitute),Goleador durante el partido (Suplente Estrella),João Neves,8,4.85,5.0,Portugal - Democratic Republic of the Congo,2026-06-17 17:01:15,4.28,1,EUR,3,False,-0.030000000000000027,drifter,False
33890313,To score or assist (Star Substitute),Marcar gol o asistir (Suplente Estrella),Pedri,56,1.94,2.0,Spain - Cape Verde,2026-06-15 16:01:07,,2,,50,True,-0.030000000000000106,drifter,False
33890238,To be carded (only players and in play)(Star Substitute),Recibir tarjeta (sólo jugadores y en juego)(Suplente Estrella),Teboho Mokoena,12,3.23,3.33,Mexico - South Africa,2026-06-11 19:05:51,257.3,1,EUR,10,False,-0.030030030030030085,drifter,False
36966638,To be carded (only players and in play)(Star Substitute),Recibir tarjeta (sólo jugadores y en juego) (Suplente Estrella),Kwasi Sibo,5,3.86,3.98,England - Ghana,2026-06-23 20:00:08,82.0,1,EUR,5,False,-0.030150753768844428,drifter,False
37238914,Fouls (Star Substitute),Faltas Izan Merino (Suplente Estrella),3 or more,7,8.0,8.25,Malaga - Las Palmas,2026-06-10 19:01:06,126.83,1,EUR,5,False,-0.030303030303030276,drifter,False
37312355,1-X-2 / 2 goals Up,1-X-2 / Ventaja 2 goles,2,40,3.2,3.3,Almeria - Malaga,2026-06-20 19:32:16,378.51,1,EUR,30,False,-0.030303030303030276,drifter,False
33890304,Match,Partido,Both teams to score y Over 9.5 corners,6,3.2,3.3,Netherlands - Japan,2026-06-14 20:00:08,26.34,1,EUR,3,False,-0.030303030303030276,drifter,False
36966550,Player to score in fisrt ten minutes (from 0:00 to 9:59),Jugador en meter gol en los 10 primeros minutos (del 0:00 al 9:59),Enner Valencia,6,9.55,9.85,Ecuador - Curaçao,2026-06-21 00:00:04,21.43,1,EUR,6,False,-0.03045685279187805,drifter,False
33890309,1st half: Corners,1º tiempo: Corners,4 or more,12,1.59,1.64,Usa - Paraguay,2026-06-13 01:02:10,,2,,8,True,-0.03048780487804876,drifter,False
36966473,Match throw-ins,Saques de banda durante el partido,40 or more,6,1.9,1.96,Switzerland - Bosnia And Herzegovina,2026-06-18 19:00:01,164.35,1,EUR,6,False,-0.030612244897959107,drifter,False
36966612,Assists (Star Substitute),Asistencias Michael Olise (Suplente Estrella),1 or more,23,1.9,1.96,France - Iraq,2026-06-22 21:00:42,47.629999999999995,1,EUR,16,False,-0.030612244897959107,drifter,False
36024520,Home-side combo (bet builder),Portugal,Portugal to win 1st half y Portugal to win 2nd half,25,2.85,2.94,Portugal - Democratic Republic of the Congo,2026-06-17 17:01:15,,2,,18,True,-0.030612244897959162,drifter,False
36966486,Away-side combo (bet builder),Marruecos,"Morocco win, Both teams to score y Over 8.5 corners",6,6.3,6.5,Scotland - Morocco,2026-06-19 22:00:07,2.5300000000000002,1,EUR,3,False,-0.03076923076923066,drifter,False
33890306,Team to score a penalty,Equipo en marcar gol de penalti durante el partido,Curaçao,8,6.3,6.5,Germany - Curaçao,2026-06-14 17:01:45,5.32,1,EUR,1,False,-0.03076923076923066,drifter,False
37275587,1-X-2 / 2 goals Up,1-X-2 / Ventaja 2 goles,2,38,3.15,3.25,Malaga - Almeria,2026-06-14 19:02:16,,2,,23,True,-0.03076923076923066,drifter,False
33890291,To score or assist (Star Substitute),Marcar gol o asistir (Suplente Estrella),Igor Thiago,6,1.89,1.95,Brazil - Morocco,2026-06-13 22:04:18,,2,,6,True,-0.030769230769230795,drifter,False
36966612,1st half: Team corners,1º tiempo: Corners equipo,France 4 or more,7,1.57,1.62,France - Iraq,2026-06-22 21:00:42,14.75,1,EUR,7,False,-0.030864197530864206,drifter,False
33890309,Match fouls,Faltas durante el partido,24 or more,8,1.56,1.61,Usa - Paraguay,2026-06-13 01:02:10,114.25,1,EUR,6,False,-0.031055900621118,drifter,False
36966592,Team corners,Corners equipo,Egypt 6 or more,11,1.56,1.61,New Zealand - Egypt,2026-06-22 01:00:05,68.2,1,EUR,11,False,-0.031055900621118,drifter,False
36966549,1st half: Team corners,1º tiempo: Corners equipo,Sweden 4 or more,8,7.8,8.05,Netherlands - Sweden,2026-06-20 17:00:05,77.0,1,EUR,7,False,-0.031055900621118255,drifter,False
36024520,Match penalty missed,Penalti fallado durante el partido,Yes,7,9.35,9.65,Portugal - Democratic Republic of the Congo,2026-06-17 17:01:15,,2,,7,True,-0.03108808290155444,drifter,False
36966612,Offsides,Mbappe,2 or more,5,3.71,3.83,France - Iraq,2026-06-22 21:00:42,52.1,1,EUR,3,False,-0.03133159268929507,drifter,False
36966638,Anytime goalscorer (Star Substitute),Goleador durante el partido (Suplente Estrella),Bellingham,18,2.78,2.87,England - Ghana,2026-06-23 20:00:08,305.89,1,EUR,16,False,-0.031358885017421796,drifter,False
33890211,1st half: Team corners,1º tiempo: Corners equipo,Argentina 3 or more,12,1.85,1.91,Argentina - Algeria,2026-06-17 01:02:37,,2,,12,True,-0.031413612565444886,drifter,False
36966610,Match corners,Corners durante el partido,8 or more,21,1.54,1.59,Jordan - Algeria,2026-06-23 03:00:21,,2,,21,True,-0.03144654088050318,drifter,False
36024518,Player to score a penalty (No penalty shootout),Marcar gol de penalti (No tanda de penaltis),Haaland,12,10.75,11.1,Iraq - Norway,2026-06-16 22:00:57,50.33,1,EUR,8,False,-0.03153153153153142,drifter,False
36966590,Shots against woodwork,Valverde,1 or more,5,10.75,11.1,Uruguay - Cape Verde,2026-06-21 22:00:33,45.8,1,EUR,4,False,-0.03153153153153142,drifter,False
36966640,Player to score in fisrt ten minutes (from 0:00 to 9:59),Jugador en meter gol en los 10 primeros minutos (del 0:00 al 9:59),João Félix,7,10.75,11.1,Portugal - Uzbekistan,2026-06-23 17:00:06,27.25,1,EUR,5,False,-0.03153153153153142,drifter,False
36966528,Match penalty missed,Penalti fallado durante el partido,Yes,6,10.75,11.1,Tunisia - Japan,2026-06-21 04:00:01,,2,,4,True,-0.03153153153153142,drifter,False
36966486,Match penalty missed,Penalti fallado durante el partido,Yes,13,10.75,11.1,Scotland - Morocco,2026-06-19 22:00:07,,2,,11,True,-0.03153153153153142,drifter,False
33890304,1st half: Corners,1º tiempo: Corners,4 or more,14,1.53,1.58,Netherlands - Japan,2026-06-14 20:00:08,,2,,6,True,-0.031645569620253285,drifter,False
37275587,To score 2 or more goals (Star Substitute),Marcar 2 goles o más (Suplente Estrella),Chupe,10,9.15,9.45,Malaga - Almeria,2026-06-14 19:02:16,44.82,1,EUR,6,False,-0.03174603174603164,drifter,False
33890309,Match corners,Corners durante el partido,11 or more,5,2.44,2.52,Usa - Paraguay,2026-06-13 01:02:10,71.78,1,EUR,5,False,-0.03174603174603183,drifter,False
33890304,Player to score in 1st half,Jugador en meter gol en el 1º tiempo,Cody Gakpo,6,6.1,6.3,Netherlands - Japan,2026-06-14 20:00:08,1.25,1,EUR,2,False,-0.03174603174603189,drifter,False
36966485,Fouls Won (Star Substitute),Faltas recibidas Raphinha (Suplente Estrella),2 or more,5,2.13,2.2,Brazil - Haiti,2026-06-20 00:32:31,,2,,5,True,-0.03181818181818186,drifter,False
36966486,Assists (Star Substitute),Asistencias Brahim (Suplente Estrella),1 or more,5,4.25,4.39,Scotland - Morocco,2026-06-19 22:00:07,71.67,1,EUR,5,False,-0.03189066059225502,drifter,False
36966549,To score or assist (Star Substitute),Marcar gol o asistir (Suplente Estrella),Cody Gakpo,30,1.82,1.88,Netherlands - Sweden,2026-06-20 17:00:05,51.12,1,EUR,22,False,-0.03191489361702118,drifter,False
36966472,1st half: Team corners,1º tiempo: Corners equipo,Qatar 2 or more,9,2.73,2.82,Canada - Qatar,2026-06-18 22:00:44,,2,,9,True,-0.03191489361702118,drifter,False
33890299,To score or assist (Star Substitute),Marcar gol o asistir (Suplente Estrella),Kevin De Bruyne,24,1.82,1.88,Belgium - Egypt,2026-06-15 19:00:29,,2,,18,True,-0.03191489361702118,drifter,False
36966549,Match penalty missed,Penalti fallado durante el partido,Yes,14,9.1,9.4,Netherlands - Sweden,2026-06-20 17:00:05,,2,,14,True,-0.03191489361702125,drifter,False
36966528,Match,Partido,Over 2.5 goals y Over 7.5 corners,14,2.72,2.81,Tunisia - Japan,2026-06-21 04:00:01,43.22,1,EUR,13,False,-0.03202846975088955,drifter,False
33890238,Home-side combo (bet builder),México,Mexico win y Teboho Mokoena to be booked,5,4.53,4.68,Mexico - South Africa,2026-06-11 19:05:51,1.43,1,EUR,3,False,-0.032051282051281924,drifter,False
33890312,Anytime goalscorer (Star Substitute),Goleador durante el partido (Suplente Estrella),Darwin Nunez,25,2.1,2.17,Saudi Arabia - Uruguay,2026-06-15 22:03:57,219.61,1,EUR,22,False,-0.03225806451612897,drifter,False
36966609,1st half: Team corners,1º tiempo: Corners equipo,Argentina 3 or more,19,2.1,2.17,Argentina - Austria,2026-06-22 17:00:58,,2,,18,True,-0.03225806451612897,drifter,False
33890313,1st half: Team corners,1º tiempo: Corners equipo,Cape Verde 2 or more,5,4.2,4.34,Spain - Cape Verde,2026-06-15 16:01:07,72.15,1,EUR,4,False,-0.03225806451612897,drifter,False
33890304,To score 2 or more goals (Star Substitute),Marcar 2 goles o más (Suplente Estrella),Take Kubo,9,30.0,31.0,Netherlands - Japan,2026-06-14 20:00:08,47.0,1,EUR,5,False,-0.032258064516129045,drifter,False
36966485,Player to win a penalty,Jugador en provocar un penalti,Raphinha,7,30.0,31.0,Brazil - Haiti,2026-06-20 00:32:31,8.95,1,EUR,7,False,-0.032258064516129045,drifter,False
36966591,Home-side combo (bet builder),España,"Ferran 4 or more shots, Pedri 4 or more shots y Firas Al-Buraikan 4 or more shots",5,101.0,104.37,Spain - Saudi Arabia,2026-06-21 16:00:48,10.0,1,EUR,4,False,-0.032288971926798984,drifter,False
33890291,Home-side combo (bet builder),Brasil,Brazil win y A goal in both halves,10,2.69,2.78,Brazil - Morocco,2026-06-13 22:04:18,15.65,1,EUR,6,False,-0.03237410071942443,drifter,False
33890444,Match throw-ins,Saques de banda durante el partido,31 or more,14,1.79,1.85,England - Croatia,2026-06-17 20:00:04,,2,,12,True,-0.03243243243243252,drifter,False
36024520,Home-side combo (bet builder),Portugal,Portugal win y A goal in both halves,52,1.79,1.85,Portugal - Democratic Republic of the Congo,2026-06-17 17:01:15,,2,,43,True,-0.03243243243243252,drifter,False
36966610,Match,Partido,Both teams to score y Over 7.5 corners,12,2.98,3.08,Jordan - Algeria,2026-06-23 03:00:21,56.65,1,EUR,9,False,-0.03246753246753252,drifter,False
33890313,Match shots on target,Remates a puerta durante el partido,10 or more,19,1.49,1.54,Spain - Cape Verde,2026-06-15 16:01:07,,2,,17,True,-0.03246753246753252,drifter,False
33890304,Anytime goalscorer (Star Substitute),Goleador durante el partido (Suplente Estrella),Cody Gakpo,31,2.98,3.08,Netherlands - Japan,2026-06-14 20:00:08,192.63,1,EUR,25,False,-0.03246753246753252,drifter,False
37312355,Anytime goalscorer (Star Substitute),Goleador durante el partido (Suplente Estrella),Sergio Arribas,16,2.68,2.77,Almeria - Malaga,2026-06-20 19:32:16,78.22,1,EUR,13,False,-0.03249097472924173,drifter,False
36966469,Home-side combo (bet builder),República Checa,"Czech Republic win, Over 8.5 corners y Patrik Schick to score",6,5.95,6.15,Czech Republic - South Africa,2026-06-18 16:00:09,26.3,1,EUR,5,False,-0.032520325203251974,drifter,False
36966485,1st half: Team corners,1º tiempo: Corners equipo,Haiti 2 or more,5,3.27,3.38,Brazil - Haiti,2026-06-20 00:32:31,6.7,1,EUR,2,False,-0.03254437869822475,drifter,False
33890444,1-X-2 / 2 goals Up,1-X-2 / Ventaja 2 goles,2,25,4.75,4.91,England - Croatia,2026-06-17 20:00:04,,2,,16,True,-0.03258655804480653,drifter,False
33890305,Shots on target (Star Substitute),Remates a puerta Moises Caicedo (Suplente Estrella),1 or more,5,4.15,4.29,Ivory Coast - Ecuador,2026-06-14 23:03:23,35.83,1,EUR,5,False,-0.03263403263403256,drifter,False
36966593,1st half: Team corners,1º tiempo: Corners equipo,Belgium 3 or more,8,1.48,1.53,Belgium - Iran,2026-06-21 19:00:03,,2,,8,True,-0.032679738562091463,drifter,False
36024518,Away-side combo (bet builder),Noruega,Norway win y Haaland to score,54,1.48,1.53,Iraq - Norway,2026-06-16 22:00:57,,2,,45,True,-0.032679738562091463,drifter,False
36966473,Saves (Star Substitute),Paradas Gregor Kobel (Suplente Estrella),3 or more,5,2.07,2.14,Switzerland - Bosnia And Herzegovina,2026-06-18 19:00:01,180.0,1,EUR,4,False,-0.032710280373831856,drifter,False
36971426,To score or assist (Star Substitute),Marcar gol o asistir (Suplente Estrella),Akturkoglu,11,2.07,2.14,Turkey - Paraguay,2026-06-20 03:00:03,7.85,1,EUR,7,False,-0.032710280373831856,drifter,False
36966486,Anytime goalscorer (Star Substitute),Goleador durante el partido (Suplente Estrella),Ayoub Kaabi,5,2.66,2.75,Scotland - Morocco,2026-06-19 22:00:07,11.47,1,EUR,5,False,-0.03272727272727265,drifter,False
36966592,Away-side combo (bet builder),Egipto,Egypt win y Mohamed Salah to score,7,2.66,2.75,New Zealand - Egypt,2026-06-22 01:00:05,24.25,1,EUR,7,False,-0.03272727272727265,drifter,False
36966528,Team to score a penalty,Equipo en marcar gol de penalti durante el partido,Tunisia,10,5.9,6.1,Tunisia - Japan,2026-06-21 04:00:01,6.2,1,EUR,3,False,-0.0327868852459015,drifter,False
33890306,Player to score in fisrt ten minutes (from 0:00 to 9:59),Jugador en meter gol en los 10 primeros minutos (del 0:00 al 9:59),Havertz,27,8.85,9.15,Germany - Curaçao,2026-06-14 17:01:45,,2,,15,True,-0.03278688524590167,drifter,False
36966593,1st half: Corners,1º tiempo: Corners,5 or more,5,2.06,2.13,Belgium - Iran,2026-06-21 19:00:03,57.45,1,EUR,5,False,-0.03286384976525822,drifter,False
33890211,To score or assist (Star Substitute),Marcar gol o asistir (Suplente Estrella),Alexis Mac Allister,5,3.22,3.33,Argentina - Algeria,2026-06-17 01:02:37,4.14,1,EUR,5,False,-0.03303303303303294,drifter,False
36966469,1-X-2 / 2 goals Up,1-X-2 / Ventaja 2 goles,2,21,4.09,4.23,Czech Republic - South Africa,2026-06-18 16:00:09,6.1899999999999995,1,EUR,7,False,-0.033096926713948135,drifter,False
36024480,To score or assist (Star Substitute),Marcar gol o asistir (Suplente Estrella),Patrik Schick,15,2.33,2.41,South Korea - Czech Republic,2026-06-12 02:00:54,,2,,13,True,-0.033195020746888064,drifter,False
36966480,Shots on target (Star Substitute),Remates a puerta Balogun (Suplente Estrella),2 or more,24,1.74,1.8,Usa - Australia,2026-06-19 19:00:27,,2,,23,True,-0.03333333333333323,drifter,False
36966473,1st half: Team corners,1º tiempo: Corners equipo,Bosnia And Herzegovina 3 or more,6,5.8,6.0,Switzerland - Bosnia And Herzegovina,2026-06-18 19:00:01,27.03,1,EUR,6,False,-0.03333333333333345,drifter,False
36966593,To score 2 or more goals (Star Substitute),Marcar 2 goles o más (Suplente Estrella),Kevin De Bruyne,8,11.6,12.0,Belgium - Iran,2026-06-21 19:00:03,65.83,1,EUR,6,False,-0.03333333333333345,drifter,False
36024491,1st half: Corners,1º tiempo: Corners,7 or more,5,4.35,4.5,Canada - Bosnia And Herzegovina,2026-06-12 19:02:13,8.08,1,EUR,4,False,-0.03333333333333349,drifter,False
37275587,Home-side combo (bet builder),Málaga,Malaga win y Both teams to score,5,4.05,4.19,Malaga - Almeria,2026-06-14 19:02:16,21.970000000000002,1,EUR,5,False,-0.0334128878281624,drifter,False
33890220,Shots on target (Star Substitute),Remates a puerta Luis Diaz (Suplente Estrella),1 or more,9,1.15,1.19,Uzbekistan - Colombia,2026-06-18 02:00:00,117.75,1,EUR,9,False,-0.03361344537815134,drifter,False
36966469,1-X-2 / 2 goals Up,1-X-2 / Ventaja 2 goles,1,304,1.72,1.78,Czech Republic - South Africa,2026-06-18 16:00:09,,2,,197,True,-0.03370786516853931,drifter,False
33890220,Shots on target (Star Substitute),Remates a puerta Luis Diaz (Suplente Estrella),2 or more,26,1.72,1.78,Uzbekistan - Colombia,2026-06-18 02:00:00,,2,,21,True,-0.03370786516853931,drifter,False
36966611,Match,Partido,Both teams to score y A goal in both halves,17,2.0,2.07,Norway - Senegal,2026-06-23 00:00:05,16.5,1,EUR,7,False,-0.033816425120772875,drifter,False
33890238,Team exact bookings (only players and in play),Número de tarjetas equipo (solo jugadores y en juego),South Africa 3 or more,15,2.0,2.07,Mexico - South Africa,2026-06-11 19:05:51,,2,,13,True,-0.033816425120772875,drifter,False
36966593,Team Shots,Remates equipo,Belgium 17 or more,6,1.71,1.77,Belgium - Iran,2026-06-21 19:00:03,,2,,6,True,-0.033898305084745686,drifter,False
33890313,Home-side combo (bet builder),España,"Spain win, Over 2.5 goals y Ferran to score",13,1.99,2.06,Spain - Cape Verde,2026-06-15 16:01:07,162.63,1,EUR,12,False,-0.033980582524271746,drifter,False
36966549,Shots on target (Star Substitute),Remates a puerta Isak (Suplente Estrella),3 or more,6,7.1,7.35,Netherlands - Sweden,2026-06-20 17:00:05,32.17,1,EUR,5,False,-0.03401360544217683,drifter,False
36966591,Team exact bookings (only players and in play),Número de tarjetas equipo (solo jugadores y en juego),Spain 1 or more,9,1.42,1.47,Spain - Saudi Arabia,2026-06-21 16:00:48,152.1,1,EUR,9,False,-0.034013605442176985,drifter,False
36966609,1st half: Team corners,1º tiempo: Corners equipo,Argentina 2 or more,8,1.42,1.47,Argentina - Austria,2026-06-22 17:00:58,396.75,1,EUR,6,False,-0.034013605442176985,drifter,False
36966611,Match,Partido,Both teams to score y Over 7.5 corners,41,2.27,2.35,Norway - Senegal,2026-06-23 00:00:05,,2,,24,True,-0.034042553191489314,drifter,False
37173240,Home-side combo (bet builder),St Patricks,St Patricks win y Ryan Edmondson to score,7,2.27,2.35,St Patricks - Drogheda United,2026-06-12 18:46:52,12.05,1,EUR,1,False,-0.034042553191489314,drifter,False
37183511,goal scorer (Star Substitute),Jugador en meter el 1º gol (Suplente Estrella),Harry Kane,10,3.12,3.23,England - Costa Rica,2026-06-10 21:03:46,,2,,7,True,-0.03405572755417941,drifter,False
36966593,Anytime goalscorer (Star Substitute),Goleador durante el partido (Suplente Estrella),Kevin De Bruyne,18,2.82,2.92,Belgium - Iran,2026-06-21 19:00:03,59.69,1,EUR,18,False,-0.03424657534246584,drifter,False
33890238,1st half: Corners,1º tiempo: Corners,6 or more,7,2.82,2.92,Mexico - South Africa,2026-06-11 19:05:51,170.0,1,EUR,7,False,-0.03424657534246584,drifter,False
36966466,1-X-2 / 2 goals Up,1-X-2 / Ventaja 2 goles,1,123,1.95,2.02,Mexico - South Korea,2026-06-19 01:00:38,,2,,75,True,-0.03465346534653479,drifter,False
36966611,goal scorer (Star Substitute),Jugador en meter el 1º gol (Suplente Estrella),Haaland,30,3.9,4.04,Norway - Senegal,2026-06-23 00:00:05,,2,,29,True,-0.03465346534653479,drifter,False
36966612,Saves (Star Substitute),Paradas Mike Maignan (Suplente Estrella),2 or more,5,1.95,2.02,France - Iraq,2026-06-22 21:00:42,14.08,1,EUR,5,False,-0.03465346534653479,drifter,False
36966593,Match corners,Corners durante el partido,9 or more,84,1.67,1.73,Belgium - Iran,2026-06-21 19:00:03,,2,,46,True,-0.03468208092485551,drifter,False
36966612,Home-side combo (bet builder),Francia,France wins at half time / France wins full time y Mbappe to score,18,1.67,1.73,France - Iraq,2026-06-22 21:00:42,160.1,1,EUR,12,False,-0.03468208092485551,drifter,False
36966550,To score or assist (Star Substitute),Marcar gol o asistir (Suplente Estrella),Gonzalo Plata,8,1.67,1.73,Ecuador - Curaçao,2026-06-21 00:00:04,,2,,8,True,-0.03468208092485551,drifter,False
36966591,Home-side combo (bet builder),España,Spain win y Pedri to score,5,4.44,4.6,Spain - Saudi Arabia,2026-06-21 16:00:48,41.33,1,EUR,5,False,-0.03478260869565197,drifter,False
33890313,goal scorer (Star Substitute),Jugador en meter el 1º gol (Suplente Estrella),Oyarzabal,34,3.6,3.73,Spain - Cape Verde,2026-06-15 16:01:07,,2,,29,True,-0.03485254691689008,drifter,False
36024491,Shots on target (Star Substitute),Remates a puerta Ermedin Demirovic (Suplente Estrella),1 or more,6,1.66,1.72,Canada - Bosnia And Herzegovina,2026-06-12 19:02:13,130.57,1,EUR,6,False,-0.034883720930232585,drifter,False
36966593,Home-side combo (bet builder),Bélgica,Belgium win y Over 2.5 goals,41,2.21,2.29,Belgium - Iran,2026-06-21 19:00:03,,2,,26,True,-0.03493449781659385,drifter,False
33890416,Shots on target (Star Substitute),Remates a puerta Mbappe (Suplente Estrella),1 or more,7,1.1,1.14,France - Senegal,2026-06-16 19:02:47,134.91,1,EUR,7,False,-0.035087719298245515,drifter,False
36966466,1st half: Corners,1º tiempo: Corners,4 or more,5,1.65,1.71,Mexico - South Korea,2026-06-19 01:00:38,39.5,1,EUR,5,False,-0.035087719298245695,drifter,False
36966469,Home-side combo (bet builder),República Checa,"Czech Republic win, Over 2.5 goals y Over 8.5 corners",11,5.5,5.7,Czech Republic - South Africa,2026-06-18 16:00:09,36.22,1,EUR,9,False,-0.035087719298245695,drifter,False
36024493,Anytime goalscorer (Star Substitute),Goleador durante el partido (Suplente Estrella),Isak,5,2.19,2.27,Sweden - Tunisia,2026-06-15 02:00:33,14.79,1,EUR,3,False,-0.03524229074889878,drifter,False
36024480,Match corners,Corners durante el partido,12 or more,10,3.28,3.4,South Korea - Czech Republic,2026-06-12 02:00:54,89.11,1,EUR,8,False,-0.03529411764705877,drifter,False
33890312,Match,Partido,Both teams to score y Over 9.5 corners,8,4.1,4.25,Saudi Arabia - Uruguay,2026-06-15 22:03:57,1.26,1,EUR,2,False,-0.03529411764705893,drifter,False
37183330,1-X-2 / 2 goals Up,1-X-2 / Ventaja 2 goles,1,8,1.91,1.98,Audax Italiano - Deportes La Serena,2026-06-12 23:59:18,,2,,8,True,-0.03535353535353528,drifter,False
36024518,Away-side combo (bet builder),Noruega,"Norway win, Over 3.5 goals y Haaland to score",7,3.0,3.11,Iraq - Norway,2026-06-16 22:00:57,,2,,6,True,-0.03536977491961407,drifter,False
36966472,Home-side combo (bet builder),Canadá,Canada win y Jonathan David to score,7,2.18,2.26,Canada - Qatar,2026-06-18 22:00:44,24.51,1,EUR,6,False,-0.035398230088495464,drifter,False
36024492,Team to score a penalty,Equipo en marcar gol de penalti durante el partido,Australia,14,5.45,5.65,Australia - Turkey,2026-06-14 04:00:30,6.58,1,EUR,3,False,-0.0353982300884955,drifter,False
36966638,Shots on target (Star Substitute),Remates a puerta Iñaki Williams (Suplente Estrella),2 or more,6,6.8,7.05,England - Ghana,2026-06-23 20:00:08,150.0,1,EUR,5,False,-0.03546099290780138,drifter,False
33890211,Anytime goalscorer (Star Substitute),Goleador durante el partido (Suplente Estrella),Lionel Messi,92,1.9,1.97,Argentina - Algeria,2026-06-17 01:02:37,,2,,78,True,-0.03553299492385788,drifter,False
36966485,Match,Partido,Over 3.5 goals y Vinícius to score,7,2.44,2.53,Brazil - Haiti,2026-06-20 00:32:31,,2,,4,True,-0.035573122529644174,drifter,False
36966590,Match,Partido,Over 2.5 goals y Over 7.5 corners,14,2.71,2.81,Uruguay - Cape Verde,2026-06-21 22:00:33,,2,,14,True,-0.035587188612099585,drifter,False
36024480,Anytime goalscorer (Star Substitute),Goleador durante el partido (Suplente Estrella),Patrik Schick,12,2.97,3.08,South Korea - Czech Republic,2026-06-12 02:00:54,86.52,1,EUR,12,False,-0.03571428571428563,drifter,False
33890290,Player to score in 1st half,Jugador en meter gol en el 1º tiempo,McTominay,13,5.4,5.6,Haiti - Scotland,2026-06-14 01:02:33,0.73,1,EUR,3,False,-0.035714285714285636,drifter,False
33890220,Match,Partido,Over 2.5 goals y Over 7.5 corners,17,2.7,2.8,Uzbekistan - Colombia,2026-06-18 02:00:00,,2,,13,True,-0.035714285714285636,drifter,False
36966593,Shots on target outside the box (Star Substitute),Remates a puerta desde fuera del área Kevin De Bruyne (Suplente Estrella),1 or more,9,2.16,2.24,Belgium - Iran,2026-06-21 19:00:03,159.75,1,EUR,9,False,-0.03571428571428567,drifter,False
37275587,To score or assist (Star Substitute),Marcar gol o asistir (Suplente Estrella),Sergio Arribas,13,2.15,2.23,Malaga - Almeria,2026-06-14 19:02:16,34.69,1,EUR,11,False,-0.03587443946188336,drifter,False
36024491,Shots on target (Star Substitute),Remates a puerta Tajon Buchanan (Suplente Estrella),1 or more,8,1.61,1.67,Canada - Bosnia And Herzegovina,2026-06-12 19:02:13,100.14,1,EUR,8,False,-0.03592814371257468,drifter,False
33890313,Home-side combo (bet builder),España,"Spain win, Over 3.5 goals y Ferran to score",10,2.41,2.5,Spain - Cape Verde,2026-06-15 16:01:07,15.09,1,EUR,7,False,-0.03599999999999987,drifter,False
36966611,Home-side combo (bet builder),Noruega,"Norway win, Over 8.5 corners y Haaland to score",10,5.35,5.55,Norway - Senegal,2026-06-23 00:00:05,6.74,1,EUR,5,False,-0.03603603603603604,drifter,False
33890444,Match corners,Corners durante el partido,9 or more,34,1.6,1.66,England - Croatia,2026-06-17 20:00:04,,2,,33,True,-0.03614457831325293,drifter,False
36966485,Home-side combo (bet builder),Brasil,"Brazil win, Over 8.5 corners y Raphinha 2 or more shots on target",7,2.93,3.04,Brazil - Haiti,2026-06-20 00:32:31,1.33,1,EUR,2,False,-0.03618421052631564,drifter,False
33890309,To score or assist (Star Substitute),Marcar gol o asistir (Suplente Estrella),Almiron,6,3.45,3.58,Usa - Paraguay,2026-06-13 01:02:10,13.05,1,EUR,5,False,-0.03631284916201127,drifter,False
37275587,Saves (Star Substitute),Paradas Andres Fernandez (Suplente Estrella),3 or more,16,1.59,1.65,Malaga - Almeria,2026-06-14 19:02:16,227.25,1,EUR,4,False,-0.03636363636363629,drifter,False
36966485,Team goal kicks,Saques de puerta equipo,Haiti 10 or more,52,1.59,1.65,Brazil - Haiti,2026-06-20 00:32:31,294.28,1,EUR,3,False,-0.03636363636363629,drifter,False
36966553,1-X-2 / 2 goals Up,1-X-2 / Ventaja 2 goles,2,12,5.3,5.5,Germany - Ivory Coast,2026-06-20 20:00:00,,3,,9,True,-0.036363636363636404,drifter,False
33890304,Match,Partido,Both teams to score in first half y Over 10.5 corners,7,10.31,10.7,Netherlands - Japan,2026-06-14 20:00:08,11.16,1,EUR,3,False,-0.036448598130840955,drifter,False
36966611,Team corners,Corners equipo,Senegal 3 or more,10,1.32,1.37,Norway - Senegal,2026-06-23 00:00:05,,2,,9,True,-0.0364963503649635,drifter,False
33890290,Away-side combo (bet builder),Escocia,Scotland win y Che Adams to score,9,2.89,3.0,Haiti - Scotland,2026-06-14 01:02:33,11.34,1,EUR,5,False,-0.036666666666666646,drifter,False
36966553,Home-side combo (bet builder),Alemania,Germany win y Havertz 2 or more shots on target,11,2.62,2.72,Germany - Ivory Coast,2026-06-20 20:00:00,,2,,11,True,-0.03676470588235294,drifter,False
33890291,Home-side combo (bet builder),Brasil,Brazil win y Raphinha to score,20,3.93,4.08,Brazil - Morocco,2026-06-13 22:04:18,83.57000000000001,1,EUR,19,False,-0.03676470588235298,drifter,False
33890305,1st half: Team corners,1º tiempo: Corners equipo,Ivory Coast 2 or more,5,1.57,1.63,Ivory Coast - Ecuador,2026-06-14 23:03:23,2.3899999999999997,1,EUR,4,False,-0.036809815950920186,drifter,False
37238914,Team corners,Corners equipo,Las Palmas 7 or more,7,3.4,3.53,Malaga - Las Palmas,2026-06-10 19:01:06,97.17,1,EUR,7,False,-0.036827195467422115,drifter,False
36966638,1st half: Team corners,1º tiempo: Corners equipo,Ghana 1 or more,17,1.56,1.62,England - Ghana,2026-06-23 20:00:08,486.18,1,EUR,7,False,-0.03703703703703701,drifter,False
36966612,Team exact bookings (only players and in play),Número de tarjetas equipo (solo jugadores y en juego),France 1 or more,8,1.56,1.62,France - Iraq,2026-06-22 21:00:42,115.57,1,EUR,6,False,-0.03703703703703701,drifter,False
36024491,Player to score in 1st half,Jugador en meter gol en el 1º tiempo,Jonathan David,9,5.2,5.4,Canada - Bosnia And Herzegovina,2026-06-12 19:02:13,55.01,1,EUR,5,False,-0.03703703703703701,drifter,False
37233846,goal scorer (Star Substitute),Jugador en meter el 1º gol (Suplente Estrella),Cristiano Ronaldo,9,2.86,2.97,Portugal - Nigeria,2026-06-10 19:49:08,,2,,6,True,-0.03703703703703724,drifter,False
36966612,Home-side combo (bet builder),Francia,France win y Mbappe 2 or more shots on target,25,1.29,1.34,France - Iraq,2026-06-22 21:00:42,88.14,1,EUR,21,False,-0.0373134328358209,drifter,False
33890211,Home-side combo (bet builder),Argentina,Argentina win y Lautaro Martínez 2 or more shots on target,14,2.32,2.41,Argentina - Algeria,2026-06-17 01:02:37,20.43,1,EUR,12,False,-0.0373443983402491,drifter,False
36966612,Team corners,Corners equipo,Iraq 4 or more,9,5.15,5.35,France - Iraq,2026-06-22 21:00:42,40.75,1,EUR,8,False,-0.03738317757009334,drifter,False
36966550,Team corners,Corners equipo,Ecuador 8 or more,7,2.06,2.14,Ecuador - Curaçao,2026-06-21 00:00:04,,2,,7,True,-0.037383177570093476,drifter,False
36966480,To score or assist (Star Substitute),Marcar gol o asistir (Suplente Estrella),Tillman,9,2.31,2.4,Usa - Australia,2026-06-19 19:00:27,35.489999999999995,1,EUR,6,False,-0.03749999999999995,drifter,False
33890306,Match,Partido,Over 2.5 goals y Havertz to score,6,1.54,1.6,Germany - Curaçao,2026-06-14 17:01:45,3.6399999999999997,1,EUR,3,False,-0.03749999999999999,drifter,False
37183511,Team corners,Corners equipo,Costa Rica 3 or more,15,2.3,2.39,England - Costa Rica,2026-06-10 21:03:46,,2,,11,True,-0.037656903765690516,drifter,False
33890304,1st Half: Cards(only players and in play),1º tiempo: Tarjetas (solo jugadores y en juego),2 or more,5,2.81,2.92,Netherlands - Japan,2026-06-14 20:00:08,,2,,5,True,-0.03767123287671244,drifter,False
36024480,Team exact bookings (only players and in play),Número de tarjetas equipo (solo jugadores y en juego),Czech Republic 2 or more,6,1.53,1.59,South Korea - Czech Republic,2026-06-12 02:00:54,6.34,1,EUR,6,False,-0.037735849056603835,drifter,False
36966486,Match corners,Corners durante el partido,8 or more,53,1.53,1.59,Scotland - Morocco,2026-06-19 22:00:07,,2,,44,True,-0.037735849056603835,drifter,False
36966550,Team goals,Goles equipo,Ecuador 2 or more,9,1.27,1.32,Ecuador - Curaçao,2026-06-21 00:00:04,,2,,9,True,-0.037878787878787804,drifter,False
36024520,Home-side combo (bet builder),Portugal,"Portugal win, Portugal to score in both halves y Over 8.5 corners",10,3.04,3.16,Portugal - Democratic Republic of the Congo,2026-06-17 17:01:15,,2,,9,True,-0.03797468354430397,drifter,False
33890306,Team Fouls,Faltas Equipo,Curaçao 14 or more,7,2.28,2.37,Germany - Curaçao,2026-06-14 17:01:45,105.37,1,EUR,6,False,-0.03797468354430397,drifter,False
36966549,Home-side combo (bet builder),Países Bajos,"Netherlands win, Both teams to score y Malen to score",5,5.05,5.25,Netherlands - Sweden,2026-06-20 17:00:05,1.2,1,EUR,2,False,-0.038095238095238196,drifter,False
33890290,To score or assist (Star Substitute),Marcar gol o asistir (Suplente Estrella),Lawrence Shankland,7,1.51,1.57,Haiti - Scotland,2026-06-14 01:02:33,2.14,1,EUR,7,False,-0.038216560509554263,drifter,False
36024520,To score from outside the box (Star Substitute),Marcar gol desde fuera del área (Suplente Estrella),Cristiano Ronaldo,9,8.8,9.15,Portugal - Democratic Republic of the Congo,2026-06-17 17:01:15,,2,,8,True,-0.03825136612021858,drifter,False
33890309,Shots on target (Star Substitute),Remates a puerta Pulisic (Suplente Estrella),2 or more,6,3.25,3.38,Usa - Paraguay,2026-06-13 01:02:10,49.09,1,EUR,6,False,-0.03846153846153848,drifter,False
33890298,1st half: Team corners,1º tiempo: Corners equipo,Iran 2 or more,7,1.5,1.56,Iran - New Zealand,2026-06-16 01:03:48,,2,,6,True,-0.03846153846153849,drifter,False
36024518,Anytime goalscorer (Star Substitute),Goleador durante el partido (Suplente Estrella),Sorloth,33,2.0,2.08,Iraq - Norway,2026-06-16 22:00:57,167.88,1,EUR,29,False,-0.03846153846153855,drifter,False
33890304,Home-side combo (bet builder),Países Bajos,"Netherlands win, Over 2.5 goals y Over 8.5 corners",7,5.0,5.2,Netherlands - Japan,2026-06-14 20:00:08,17.41,1,EUR,7,False,-0.0384615384615386,drifter,False
33890291,1st half: Team corners,1º tiempo: Corners equipo,Brazil 5 or more,6,5.0,5.2,Brazil - Morocco,2026-06-13 22:04:18,41.84,1,EUR,5,False,-0.0384615384615386,drifter,False
36966592,Anytime goalscorer (Star Substitute),Goleador durante el partido (Suplente Estrella),Mohamed Salah,32,2.24,2.33,New Zealand - Egypt,2026-06-22 01:00:05,,2,,26,True,-0.03862660944205999,drifter,False
33890304,To score or assist (Star Substitute),Marcar gol o asistir (Suplente Estrella),Crysencio Summerville,7,2.24,2.33,Netherlands - Japan,2026-06-14 20:00:08,5.71,1,EUR,2,False,-0.03862660944205999,drifter,False
36966593,To score or assist (Star Substitute),Marcar gol o asistir (Suplente Estrella),Trossard,17,1.99,2.07,Belgium - Iran,2026-06-21 19:00:03,,2,,15,True,-0.03864734299516893,drifter,False
36966611,Match corners,Corners durante el partido,9 or more,21,1.74,1.81,Norway - Senegal,2026-06-23 00:00:05,,2,,18,True,-0.03867403314917115,drifter,False
37275587,Team exact bookings (only players and in play),Número de tarjetas equipo (solo jugadores y en juego),Malaga 2 or more,17,1.24,1.29,Malaga - Almeria,2026-06-14 19:02:16,,2,,13,True,-0.03875968992248077,drifter,False
33890306,Saves (Star Substitute),Paradas Eloy Room (Suplente Estrella),6 or more,11,1.98,2.06,Germany - Curaçao,2026-06-14 17:01:45,793.5799999999999,1,EUR,8,False,-0.03883495145631073,drifter,False
33890313,Home-side combo (bet builder),España,Spain win y Oyarzabal first goalscorer,7,3.7,3.85,Spain - Cape Verde,2026-06-15 16:01:07,111.19,1,EUR,7,False,-0.038961038961038905,drifter,False
37312355,Anytime goalscorer (Star Substitute),Goleador durante el partido (Suplente Estrella),Chupe,5,2.71,2.82,Almeria - Malaga,2026-06-20 19:32:16,31.67,1,EUR,5,False,-0.03900709219858152,drifter,False
36966485,Match shots on target,Remates a puerta durante el partido,12 or more,8,1.97,2.05,Brazil - Haiti,2026-06-20 00:32:31,12.41,1,EUR,8,False,-0.039024390243902286,drifter,False
36024491,Match shots on target,Remates a puerta durante el partido,7 or more,5,1.23,1.28,Canada - Bosnia And Herzegovina,2026-06-12 19:02:13,,2,,5,True,-0.03906249999999998,drifter,False
33890416,Match shots on target,Remates a puerta durante el partido,8 or more,10,1.23,1.28,France - Senegal,2026-06-16 19:02:47,,2,,10,True,-0.03906249999999998,drifter,False
33890299,To score or assist (Star Substitute),Marcar gol o asistir (Suplente Estrella),Tielemans,6,2.95,3.07,Belgium - Egypt,2026-06-15 19:00:29,18.87,1,EUR,6,False,-0.039087947882736014,drifter,False
36966640,Team shots on target,Remates a puerta equipo,Uzbekistan 3 or more,5,2.21,2.3,Portugal - Uzbekistan,2026-06-23 17:00:06,28.93,1,EUR,3,False,-0.0391304347826086,drifter,False
36024518,Anytime goalscorer (Star Substitute),Goleador durante el partido (Suplente Estrella),Odegaard,8,3.68,3.83,Iraq - Norway,2026-06-16 22:00:57,19.740000000000002,1,EUR,6,False,-0.03916449086161885,drifter,False
36966638,Saves (Star Substitute),Paradas Benjamin Asare (Suplente Estrella),6 or more,7,3.43,3.57,England - Ghana,2026-06-23 20:00:08,180.0,1,EUR,7,False,-0.03921568627450966,drifter,False
33890416,Hat trick (three or more goals) (Star Substitute),Hat trick (tres o más goles) (Suplente Estrella),Ousmane Dembele,9,49.0,51.0,France - Senegal,2026-06-16 19:02:47,27.689999999999998,1,EUR,4,False,-0.03921568627450974,drifter,False
33890291,Home-side combo (bet builder),Brasil,"Brazil win, Both teams to score y Vinícius to score",8,6.85,7.13,Brazil - Morocco,2026-06-13 22:04:18,32.730000000000004,1,EUR,5,False,-0.03927068723702678,drifter,False
33890210,Team corners,Corners equipo,Austria 6 or more,20,1.71,1.78,Austria - Jordan,2026-06-17 04:02:52,,2,,20,True,-0.039325842696629094,drifter,False
36024520,Home-side combo (bet builder),Portugal,Portugal win y Cristiano Ronaldo 4 or more shots,11,1.71,1.78,Portugal - Democratic Republic of the Congo,2026-06-17 17:01:15,28.82,1,EUR,10,False,-0.039325842696629094,drifter,False
33890309,1-X-2 / 2 goals Up,1-X-2 / Ventaja 2 goles,1,314,1.95,2.03,Usa - Paraguay,2026-06-13 01:02:10,,2,,182,True,-0.039408866995073885,drifter,False
33890444,1st half: Team corners,1º tiempo: Corners equipo,Croatia 4 or more,6,8.5,8.85,England - Croatia,2026-06-17 20:00:04,104.0,1,EUR,5,False,-0.039548022598870046,drifter,False
36966550,1st half: Team corners,1º tiempo: Corners equipo,Curaçao 1 or more,10,1.7,1.77,Ecuador - Curaçao,2026-06-21 00:00:04,,2,,5,True,-0.03954802259887007,drifter,False
33890211,Match throw-ins,Saques de banda durante el partido,32 or more,6,1.7,1.77,Argentina - Algeria,2026-06-17 01:02:37,,2,,6,True,-0.03954802259887007,drifter,False
36966591,goal scorer (Star Substitute),Jugador en meter el 1º gol (Suplente Estrella),Oyarzabal,42,3.63,3.78,Spain - Saudi Arabia,2026-06-21 16:00:48,,2,,39,True,-0.03968253968253956,drifter,False
36966469,Anytime goalscorer (Star Substitute),Goleador durante el partido (Suplente Estrella),Patrik Schick,35,2.42,2.52,Czech Republic - South Africa,2026-06-18 16:00:09,594.2,1,EUR,28,False,-0.039682539682539764,drifter,False
33890220,To score 2 or more goals (Star Substitute),Marcar 2 goles o más (Suplente Estrella),Luis Suárez,34,7.25,7.55,Uzbekistan - Colombia,2026-06-18 02:00:00,,2,,23,True,-0.039735099337748256,drifter,False
33890220,To score 2 or more goals (Star Substitute),Marcar 2 goles o más (Suplente Estrella),Luis Diaz,64,7.25,7.55,Uzbekistan - Colombia,2026-06-18 02:00:00,,2,,41,True,-0.039735099337748256,drifter,False
36966486,Away-side combo (bet builder),Marruecos,Morocco win y A goal in both halves,14,2.9,3.02,Scotland - Morocco,2026-06-19 22:00:07,48.85,1,EUR,13,False,-0.03973509933774833,drifter,False
33890313,Shots on target outside the box (Star Substitute),Remates a puerta desde fuera del área Fabián Ruiz (Suplente Estrella),1 or more,8,3.62,3.77,Spain - Cape Verde,2026-06-15 16:01:07,108.84,1,EUR,7,False,-0.03978779840848803,drifter,False
37312355,Match,Partido,Over 2.5 goals y Over 7.5 corners,10,2.41,2.51,Almeria - Malaga,2026-06-20 19:32:16,54.09,1,EUR,8,False,-0.03984063745019905,drifter,False
36024492,Anytime goalscorer (Star Substitute),Goleador durante el partido (Suplente Estrella),Akturkoglu,8,2.65,2.76,Australia - Turkey,2026-06-14 04:00:30,,2,,6,True,-0.03985507246376804,drifter,False
36971426,Match,Partido,Both teams to score y A goal in both halves,5,2.16,2.25,Turkey - Paraguay,2026-06-20 03:00:03,,2,,5,True,-0.039999999999999945,drifter,False
36966611,Team corners,Corners equipo,Senegal 4 or more,31,1.68,1.75,Norway - Senegal,2026-06-23 00:00:05,,2,,25,True,-0.04000000000000004,drifter,False
36966593,Home-side combo (bet builder),Bélgica,"Belgium win, Over 8.5 corners y Lukaku 2 or more shots on target",6,3.84,4.0,Belgium - Iran,2026-06-21 19:00:03,1.34,1,EUR,4,False,-0.04000000000000007,drifter,False
37275587,1st half: Team corners,1º tiempo: Corners equipo,Almeria 3 or more,6,2.39,2.49,Malaga - Almeria,2026-06-14 19:02:16,34.83,1,EUR,4,False,-0.04016064257028122,drifter,False
36966485,Match,Partido,A goal in both halves y More than 4 corners in each half,6,2.62,2.73,Brazil - Haiti,2026-06-20 00:32:31,114.42,1,EUR,4,False,-0.04029304029304028,drifter,False
33890313,Shots on target outside the box (Star Substitute),Remates a puerta desde fuera del área Oyarzabal (Suplente Estrella),1 or more,8,3.33,3.47,Spain - Cape Verde,2026-06-15 16:01:07,181.07999999999998,1,EUR,5,False,-0.040345821325648415,drifter,False
33890304,2nd half: Team Corners,2º tiempo: Corners equipo,Netherlands 3 or more,5,1.9,1.98,Netherlands - Japan,2026-06-14 20:00:08,101.18,1,EUR,4,False,-0.04040404040404029,drifter,False
33890238,Team corners,Corners equipo,South Africa 5 or more,8,3.55,3.7,Mexico - South Africa,2026-06-11 19:05:51,15.54,1,EUR,7,False,-0.04054054054054073,drifter,False
36966611,Player to score in 1st half,Jugador en meter gol en el 1º tiempo,Haaland,12,3.55,3.7,Norway - Senegal,2026-06-23 00:00:05,16.71,1,EUR,11,False,-0.04054054054054073,drifter,False
36966480,Home-side combo (bet builder),Estados Unidos,"Usa win, Over 2.5 goals y Over 10.5 corners",6,7.05,7.35,Usa - Australia,2026-06-19 19:00:27,58.45,1,EUR,3,False,-0.04081632653061223,drifter,False
36966469,Match,Partido,Both teams to score y Over 7.5 corners,22,2.58,2.69,Czech Republic - South Africa,2026-06-18 16:00:09,15.45,1,EUR,8,False,-0.040892193308550026,drifter,False
36024480,Match corners,Corners durante el partido,13 or more,9,4.22,4.4,South Korea - Czech Republic,2026-06-12 02:00:54,,2,,8,True,-0.04090909090909096,drifter,False
36024493,Shots on target (Star Substitute),Remates a puerta Viktor Gyokeres (Suplente Estrella),2 or more,14,2.1,2.19,Sweden - Tunisia,2026-06-15 02:00:33,,2,,14,True,-0.04109589041095879,drifter,False
36966593,To score or assist (Star Substitute),Marcar gol o asistir (Suplente Estrella),Taremi,6,3.02,3.15,Belgium - Iran,2026-06-21 19:00:03,,2,,5,True,-0.0412698412698414,drifter,False
36024480,Match corners,Corners durante el partido,10 or more,11,2.09,2.18,South Korea - Czech Republic,2026-06-12 02:00:54,,2,,10,True,-0.04128440366972494,drifter,False
36966638,Player to score a penalty (No penalty shootout),Marcar gol de penalti (No tanda de penaltis),Harry Kane,13,4.4,4.59,England - Ghana,2026-06-23 20:00:08,,2,,13,True,-0.04139433551198248,drifter,False
33890416,To be carded (only players and in play)(Star Substitute),Recibir tarjeta (sólo jugadores y en juego)(Suplente Estrella),Pathe Ciss,20,3.47,3.62,France - Senegal,2026-06-16 19:02:47,300.57,1,EUR,3,False,-0.04143646408839775,drifter,False
36966592,Away-side combo (bet builder),Egipto,Egypt win y Over 2.5 goals,6,2.54,2.65,New Zealand - Egypt,2026-06-22 01:00:05,34.97,1,EUR,6,False,-0.041509433962264,drifter,False
36966611,Hat trick (three or more goals) (Star Substitute),Hat trick (tres o más goles) (Suplente Estrella),Haaland,35,23.0,24.0,Norway - Senegal,2026-06-23 00:00:05,,2,,21,True,-0.04166666666666669,drifter,False
33890312,To score or assist (Star Substitute),Marcar gol o asistir (Suplente Estrella),Valverde,50,2.29,2.39,Saudi Arabia - Uruguay,2026-06-15 22:03:57,,2,,42,True,-0.0418410041841005,drifter,False
36966550,To score or assist (Star Substitute),Marcar gol o asistir (Suplente Estrella),Enner Valencia,28,1.37,1.43,Ecuador - Curaçao,2026-06-21 00:00:04,,2,,25,True,-0.04195804195804185,drifter,False
33890238,Saves (Star Substitute),Paradas Ronwen Hayden Williams (Suplente Estrella),3 or more,8,1.37,1.43,Mexico - South Africa,2026-06-11 19:05:51,167.25,1,EUR,8,False,-0.04195804195804185,drifter,False
33890313,To score or assist (Star Substitute),Marcar gol o asistir (Suplente Estrella),Ferran,50,1.37,1.43,Spain - Cape Verde,2026-06-15 16:01:07,,2,,48,True,-0.04195804195804185,drifter,False
33890305,Match,Partido,Over 2.5 goals y Over 7.5 corners,16,3.85,4.02,Ivory Coast - Ecuador,2026-06-14 23:03:23,11.33,1,EUR,10,False,-0.04228855721393013,drifter,False
33890220,To score or assist (Star Substitute),Marcar gol o asistir (Suplente Estrella),Luis Diaz,168,1.58,1.65,Uzbekistan - Colombia,2026-06-18 02:00:00,,2,,143,True,-0.042424242424242295,drifter,False
33890291,1st half: Corners,1º tiempo: Corners,4 or more,16,1.58,1.65,Brazil - Morocco,2026-06-13 22:04:18,,2,,6,True,-0.042424242424242295,drifter,False
33890238,Home-side combo (bet builder),México,Mexico win y Over 2.5 goals,6,2.48,2.59,Mexico - South Africa,2026-06-11 19:05:51,108.1,1,EUR,6,False,-0.04247104247104253,drifter,False
33890313,Home-side combo (bet builder),España,"Spain win, Over 10.5 corners y Oyarzabal to score a Hat trick (three or more goals)",6,19.15,20.0,Spain - Cape Verde,2026-06-15 16:01:07,25.5,1,EUR,6,False,-0.042500000000000024,drifter,False
36966472,Team shots on target,Remates a puerta equipo,Qatar 5 or more,6,4.73,4.94,Canada - Qatar,2026-06-18 22:00:44,17.259999999999998,1,EUR,5,False,-0.04251012145748981,drifter,False
36966550,Team exact bookings (only players and in play),Número de tarjetas equipo (solo jugadores y en juego),Curaçao 2 or more,14,1.35,1.41,Ecuador - Curaçao,2026-06-21 00:00:04,,2,,10,True,-0.04255319148936162,drifter,False
33890299,Team shots on target,Remates a puerta equipo,Egypt 4 or more,5,1.8,1.88,Belgium - Egypt,2026-06-15 19:00:29,8.72,1,EUR,3,False,-0.042553191489361764,drifter,False
36966611,To score or assist (Star Substitute),Marcar gol o asistir (Suplente Estrella),Odegaard,7,2.46,2.57,Norway - Senegal,2026-06-23 00:00:05,6.5,1,EUR,5,False,-0.04280155642023343,drifter,False
37238914,Team exact bookings (only players and in play),Número de tarjetas equipo (solo jugadores y en juego),Las Palmas 4 or more,5,2.46,2.57,Malaga - Las Palmas,2026-06-10 19:01:06,58.78,1,EUR,4,False,-0.04280155642023343,drifter,False
33890291,1st half: Team corners,1º tiempo: Corners equipo,Morocco 2 or more,13,1.78,1.86,Brazil - Morocco,2026-06-13 22:04:18,13.82,1,EUR,4,False,-0.04301075268817217,drifter,False
33890211,Anytime goalscorer (Star Substitute),Goleador durante el partido (Suplente Estrella),Lautaro Martínez,26,2.22,2.32,Argentina - Algeria,2026-06-17 01:02:37,140.04,1,EUR,23,False,-0.0431034482758619,drifter,False
36966638,To score or assist (Star Substitute),Marcar gol o asistir (Suplente Estrella),Antoine Semenyo,7,4.2,4.39,England - Ghana,2026-06-23 20:00:08,32.57,1,EUR,7,False,-0.043280182232346094,drifter,False
33890291,Player to win a penalty,Jugador en provocar un penalti,Vinícius,18,22.0,23.0,Brazil - Morocco,2026-06-13 22:04:18,97.67,1,EUR,14,False,-0.04347826086956527,drifter,False
36966486,Player to score in 1st half,Jugador en meter gol en el 1º tiempo,Ismael Saibari,7,5.5,5.75,Scotland - Morocco,2026-06-19 22:00:07,18.3,1,EUR,3,False,-0.04347826086956527,drifter,False
36966593,Home-side combo (bet builder),Bélgica,Lukaku to score y Kevin De Bruyne 1 or more assists,5,3.72,3.89,Belgium - Iran,2026-06-21 19:00:03,1.37,1,EUR,3,False,-0.04370179948586117,drifter,False
37238914,goal scorer (Star Substitute),Jugador en meter el 1º gol (Suplente Estrella),Jese,5,7.65,8.0,Malaga - Las Palmas,2026-06-10 19:01:06,22.7,1,EUR,4,False,-0.04375000000000005,drifter,False
33890306,1st half: Corners,1º tiempo: Corners,4 or more,14,1.31,1.37,Germany - Curaçao,2026-06-14 17:01:45,,2,,7,True,-0.04379562043795613,drifter,False
36966609,Match shots on target,Remates a puerta durante el partido,8 or more,5,1.31,1.37,Argentina - Austria,2026-06-22 17:00:58,74.75,1,EUR,5,False,-0.04379562043795613,drifter,False
36024520,1-X-2 / 2 goals Up,1-X-2 / Ventaja 2 goles,2,9,9.6,10.04,Portugal - Democratic Republic of the Congo,2026-06-17 17:01:15,3.59,1,EUR,1,False,-0.043824701195219085,drifter,False
36966486,1st half: Team corners,1º tiempo: Corners equipo,Scotland 2 or more,6,2.18,2.28,Scotland - Morocco,2026-06-19 22:00:07,110.18,1,EUR,4,False,-0.04385964912280689,drifter,False
36966612,To score 2 or more goals (Star Substitute),Marcar 2 goles o más (Suplente Estrella),Michael Olise,60,7.6,7.95,France - Iraq,2026-06-22 21:00:42,,2,,48,True,-0.04402515723270435,drifter,False
33890304,1-X-2 / 2 goals Up,1-X-2 / Ventaja 2 goles,2,48,3.47,3.63,Netherlands - Japan,2026-06-14 20:00:08,,2,,35,True,-0.04407713498622588,drifter,False
33890304,1st half: Team corners,1º tiempo: Corners equipo,Netherlands 2 or more,6,1.3,1.36,Netherlands - Japan,2026-06-14 20:00:08,12.67,1,EUR,5,False,-0.04411764705882352,drifter,False
37312355,To score or assist (Star Substitute),Marcar gol o asistir (Suplente Estrella),Sergio Arribas,14,1.95,2.04,Almeria - Malaga,2026-06-20 19:32:16,24.71,1,EUR,13,False,-0.04411764705882369,drifter,False
33890419,Match,Partido,Both teams to score y A goal in both halves,12,2.38,2.49,Ghana - Panama,2026-06-17 23:00:50,25.11,1,EUR,11,False,-0.04417670682730939,drifter,False
33890259,To score or assist (Star Substitute),Marcar gol o asistir (Suplente Estrella),Akram Afif,5,3.23,3.38,Qatar - Switzerland,2026-06-13 19:04:43,29.83,1,EUR,5,False,-0.044378698224852096,drifter,False
33890211,1st half: Team corners,1º tiempo: Corners equipo,Argentina 2 or more,9,1.29,1.35,Argentina - Algeria,2026-06-17 01:02:37,,2,,9,True,-0.04444444444444442,drifter,False
36966480,Most Saves - vs (both starters),Más paradas - Matthew Freese vs Mathew Ryan (Ambos titulares o se anula),Mathew Ryan,14,1.72,1.8,Usa - Australia,2026-06-19 19:00:27,703.9,1,EUR,6,False,-0.04444444444444446,drifter,False
36966486,Anytime goalscorer (Star Substitute),Goleador durante el partido (Suplente Estrella),Brahim,30,3.22,3.37,Scotland - Morocco,2026-06-19 22:00:07,,2,,26,True,-0.04451038575667656,drifter,False
36966486,To score or assist (Star Substitute),Marcar gol o asistir (Suplente Estrella),John McGinn,13,3.86,4.04,Scotland - Morocco,2026-06-19 22:00:07,9.030000000000001,1,EUR,5,False,-0.044554455445544684,drifter,False
33890238,Match corners,Corners durante el partido,8 or more,27,1.5,1.57,Mexico - South Africa,2026-06-11 19:05:51,,2,,24,True,-0.04458598726114649,drifter,False
36966473,Shots on target (Star Substitute),Remates a puerta Dzeko (Suplente Estrella),2 or more,6,3.42,3.58,Switzerland - Bosnia And Herzegovina,2026-06-18 19:00:01,38.67,1,EUR,6,False,-0.044692737430167606,drifter,False
36966469,Team corners,Corners equipo,South Africa 4 or more,13,1.92,2.01,Czech Republic - South Africa,2026-06-18 16:00:09,,2,,11,True,-0.044776119402985017,drifter,False
33890312,Match,Partido,Both teams to score y A goal in both halves,5,2.56,2.68,Saudi Arabia - Uruguay,2026-06-15 22:03:57,106.67,1,EUR,5,False,-0.04477611940298516,drifter,False
36966549,goal scorer (Star Substitute),Jugador en meter el 1º gol (Suplente Estrella),Viktor Gyokeres,10,6.4,6.7,Netherlands - Sweden,2026-06-20 17:00:05,18.189999999999998,1,EUR,5,False,-0.04477611940298516,drifter,False
33890312,Saves (Star Substitute),Paradas Mohammed Al-Owais (Suplente Estrella),3 or more,15,1.49,1.56,Saudi Arabia - Uruguay,2026-06-15 22:03:57,,2,,10,True,-0.044871794871795,drifter,False
33890211,Team exact bookings (only players and in play),Número de tarjetas equipo (solo jugadores y en juego),Algeria 2 or more,13,1.27,1.33,Argentina - Algeria,2026-06-17 01:02:37,,2,,13,True,-0.04511278195488719,drifter,False
33890416,Player to score in both halves (Star Substitute),Jugador en meter gol en el 1º y 2º tiempo (Suplente Estrella),Mbappe,5,7.4,7.75,France - Senegal,2026-06-16 19:02:47,21.5,1,EUR,5,False,-0.04516129032258053,drifter,False
36966592,Away-side combo (bet builder),Egipto,Egypt win y Omar Marmoush 2 or more shots on target,8,3.17,3.32,New Zealand - Egypt,2026-06-22 01:00:05,59.65,1,EUR,8,False,-0.045180722891566126,drifter,False
33890313,Match,Partido,Over 3.5 goals y Oyarzabal to score,7,2.11,2.21,Spain - Cape Verde,2026-06-15 16:01:07,56.5,1,EUR,6,False,-0.045248868778280556,drifter,False
36966612,Home-side combo (bet builder),Francia,"France win, Over 8.5 corners y Mbappe to score",22,2.11,2.21,France - Iraq,2026-06-22 21:00:42,95.35,1,EUR,18,False,-0.045248868778280556,drifter,False
33890313,Home-side combo (bet builder),España,"Spain win, Over 3.5 goals y Oyarzabal first goalscorer",8,6.3,6.6,Spain - Cape Verde,2026-06-15 16:01:07,43.67,1,EUR,8,False,-0.04545454545454537,drifter,False
33890444,Anytime goalscorer (Star Substitute),Goleador durante el partido (Suplente Estrella),Ivan Perisic,9,6.3,6.6,England - Croatia,2026-06-17 20:00:04,0.43000000000000005,1,EUR,3,False,-0.04545454545454537,drifter,False
36966591,Home-side combo (bet builder),España,"Spain win, Over 8.5 corners y Oyarzabal to score 2 or more goals",6,4.41,4.62,Spain - Saudi Arabia,2026-06-21 16:00:48,38.019999999999996,1,EUR,5,False,-0.04545454545454539,drifter,False
36024520,Home-side combo (bet builder),Portugal,Portugal win y Over 2.5 goals,41,1.89,1.98,Portugal - Democratic Republic of the Congo,2026-06-17 17:01:15,,2,,31,True,-0.04545454545454554,drifter,False
36024493,1-X-2 / 2 goals Up,1-X-2 / Ventaja 2 goles,2,15,4.19,4.39,Sweden - Tunisia,2026-06-15 02:00:33,,2,,8,True,-0.045558086560364315,drifter,False
36024520,Anytime goalscorer (Star Substitute),Goleador durante el partido (Suplente Estrella),Bernardo Silva,8,3.56,3.73,Portugal - Democratic Republic of the Congo,2026-06-17 17:01:15,60.5,1,EUR,7,False,-0.045576407506702436,drifter,False
33890259,Away-side combo (bet builder),Suiza,"Switzerland win, Over 8.5 corners y Breel Embolo to score",5,3.14,3.29,Qatar - Switzerland,2026-06-13 19:04:43,10.83,1,EUR,4,False,-0.04559270516717325,drifter,False
36966480,Team corners,Corners equipo,Usa 8 or more,5,3.13,3.28,Usa - Australia,2026-06-19 19:00:27,,2,,4,True,-0.04573170731707315,drifter,False
36024491,Anytime goalscorer (Star Substitute),Goleador durante el partido (Suplente Estrella),Jonathan David,38,2.5,2.62,Canada - Bosnia And Herzegovina,2026-06-12 19:02:13,375.59,1,EUR,36,False,-0.045801526717557384,drifter,False
33890416,Team exact bookings (only players and in play),Número de tarjetas equipo (solo jugadores y en juego),France 2 or more,5,1.87,1.96,France - Senegal,2026-06-16 19:02:47,,2,,5,True,-0.045918367346938604,drifter,False
36966611,1-X-2 / 2 goals Up,1-X-2 / Ventaja 2 goles,1,129,2.28,2.39,Norway - Senegal,2026-06-23 00:00:05,,2,,80,True,-0.04602510460251057,drifter,False
36966612,To score 2 or more goals (Star Substitute),Marcar 2 goles o más (Suplente Estrella),Ousmane Dembele,36,6.2,6.5,France - Iraq,2026-06-22 21:00:42,,2,,34,True,-0.04615384615384607,drifter,False
36024518,To Score a Header (Star Substitute),Marcar gol con la cabeza (Suplente Estrella),Haaland,14,4.33,4.54,Iraq - Norway,2026-06-16 22:00:57,,2,,13,True,-0.04625550660792952,drifter,False
37237611,Home-side combo (bet builder),Almería,Almeria win y Sergio Arribas to score,7,4.32,4.53,Almeria - Castellón,2026-06-09 19:02:30,8.75,1,EUR,5,False,-0.046357615894039673,drifter,False
36966480,1st half: Team corners,1º tiempo: Corners equipo,Australia 2 or more,6,2.26,2.37,Usa - Australia,2026-06-19 19:00:27,,2,,6,True,-0.04641350210970479,drifter,False
36966609,To score and Assist,Marcar gol y asistir,Lionel Messi,10,5.1,5.35,Argentina - Austria,2026-06-22 17:00:58,,2,,10,True,-0.04672897196261684,drifter,False
36966609,Match corners,Corners durante el partido,8 or more,49,1.63,1.71,Argentina - Austria,2026-06-22 17:00:58,,2,,39,True,-0.04678362573099422,drifter,False
36966486,Match throw-ins,Saques de banda durante el partido,36 or more,5,1.83,1.92,Scotland - Morocco,2026-06-19 22:00:07,242.15,1,EUR,5,False,-0.046874999999999827,drifter,False
37238914,Saves (Star Substitute),Paradas Alfonso Herrero (Suplente Estrella),3 or more,12,1.62,1.7,Malaga - Las Palmas,2026-06-10 19:01:06,555.66,1,EUR,10,False,-0.04705882352941168,drifter,False
36024520,Shots (Star Substitute),Remates Cristiano Ronaldo (Suplente Estrella),6 or more,10,2.42,2.54,Portugal - Democratic Republic of the Congo,2026-06-17 17:01:15,,2,,7,True,-0.04724409448818908,drifter,False
36024518,Player to score in both halves (Star Substitute),Jugador en meter gol en el 1º y 2º tiempo (Suplente Estrella),Haaland,7,4.02,4.22,Iraq - Norway,2026-06-16 22:00:57,,2,,4,True,-0.04739336492891006,drifter,False
36966611,Match,Partido,Over 2.5 goals y Haaland to score,9,2.61,2.74,Norway - Senegal,2026-06-23 00:00:05,,2,,9,True,-0.047445255474452594,drifter,False
36966473,Shots on target (Star Substitute),Remates a puerta Dan Ndoye (Suplente Estrella),2 or more,6,2.81,2.95,Switzerland - Bosnia And Herzegovina,2026-06-18 19:00:01,102.5,1,EUR,6,False,-0.047457627118644166,drifter,False
36966469,Match,Partido,Over 7.5 corners y Patrik Schick to score,5,3.41,3.58,Czech Republic - South Africa,2026-06-18 16:00:09,,2,,4,True,-0.04748603351955301,drifter,False
36966469,Home-side combo (bet builder),República Checa,"Czech Republic win, Over 2.5 goals y Patrik Schick to score",5,4.81,5.05,Czech Republic - South Africa,2026-06-18 16:00:09,13.52,1,EUR,5,False,-0.04752475247524753,drifter,False
33890309,Team corners,Corners equipo,Paraguay 5 or more,10,2.2,2.31,Usa - Paraguay,2026-06-13 01:02:10,,2,,9,True,-0.047619047619047596,drifter,False
37238914,To score 2 or more goals (Star Substitute),Marcar 2 goles o más (Suplente Estrella),Jese,7,20.0,21.0,Malaga - Las Palmas,2026-06-10 19:01:06,33.6,1,EUR,7,False,-0.04761904761904773,drifter,False
33890444,Home-side combo (bet builder),Inglaterra,"England win, Over 10.5 corners y Harry Kane to score 2 or more goals",18,20.0,21.0,England - Croatia,2026-06-17 20:00:04,149.06,1,EUR,15,False,-0.04761904761904773,drifter,False
33890306,Team goals,Goles equipo,Germany 7 or more,6,7.95,8.35,Germany - Curaçao,2026-06-14 17:01:45,,2,,6,True,-0.04790419161676646,drifter,False
36966485,Match corners,Corners durante el partido,11 or more,16,2.18,2.29,Brazil - Haiti,2026-06-20 00:32:31,,2,,15,True,-0.04803493449781649,drifter,False
36024491,Team corners,Corners equipo,Bosnia And Herzegovina 5 or more,7,2.97,3.12,Canada - Bosnia And Herzegovina,2026-06-12 19:02:13,,2,,7,True,-0.048076923076923066,drifter,False
33890312,Shots on target outside the box (Star Substitute),Remates a puerta desde fuera del área Valverde (Suplente Estrella),1 or more,7,1.98,2.08,Saudi Arabia - Uruguay,2026-06-15 22:03:57,102.23,1,EUR,7,False,-0.048076923076923225,drifter,False
36966591,Home-side combo (bet builder),España,"Lamine Yamal to score, Álex Baena to be booked y Musab Fahz Al Al Juwayr to be booked",5,36.0,37.82,Spain - Saudi Arabia,2026-06-21 16:00:48,70.5,1,EUR,5,False,-0.04812268640930725,drifter,False
36024480,Match corners,Corners durante el partido,11 or more,8,2.57,2.7,South Korea - Czech Republic,2026-06-12 02:00:54,,2,,8,True,-0.04814814814814822,drifter,False
33890304,Match,Partido,Both teams to score y Over 11.5 corners,5,5.52,5.8,Netherlands - Japan,2026-06-14 20:00:08,41.07,1,EUR,5,False,-0.0482758620689656,drifter,False
36966480,1st half: Team corners,1º tiempo: Corners equipo,Usa 3 or more,5,1.57,1.65,Usa - Australia,2026-06-19 19:00:27,17.689999999999998,1,EUR,4,False,-0.048484848484848415,drifter,False
36966612,To score from outside the box (Star Substitute),Marcar gol desde fuera del área (Suplente Estrella),Michael Olise,17,6.85,7.2,France - Iraq,2026-06-22 21:00:42,,2,,15,True,-0.048611111111111174,drifter,False
36024518,goal scorer (Star Substitute),Jugador en meter el 1º gol (Suplente Estrella),Haaland,31,2.54,2.67,Iraq - Norway,2026-06-16 22:00:57,,2,,21,True,-0.04868913857677888,drifter,False
36966473,1st half: Team corners,1º tiempo: Corners equipo,Bosnia And Herzegovina 2 or more,11,2.54,2.67,Switzerland - Bosnia And Herzegovina,2026-06-18 19:00:01,,2,,9,True,-0.04868913857677888,drifter,False
37275587,Home-side combo (bet builder),Málaga,Malaga win y Chupe to score,6,3.51,3.69,Malaga - Almeria,2026-06-14 19:02:16,193.67000000000002,1,EUR,4,False,-0.04878048780487796,drifter,False
33890304,Away-side combo (bet builder),Japón,Japan win y Over 2.5 goals,21,5.85,6.15,Netherlands - Japan,2026-06-14 20:00:08,322.1,1,EUR,1,False,-0.048780487804878085,drifter,False
36966593,Match,Partido,Over 2.5 goals y Over 9.5 corners,5,3.31,3.48,Belgium - Iran,2026-06-21 19:00:03,11.64,1,EUR,5,False,-0.04885057471264368,drifter,False
36966591,First to score for their team (Star Substitute),Jugador en meter el 1º gol del equipo (Suplente Estrella),Oyarzabal,6,2.92,3.07,Spain - Saudi Arabia,2026-06-21 16:00:48,16.65,1,EUR,5,False,-0.048859934853420044,drifter,False
33890306,Team goals,Goles equipo,Germany 4 or more,17,1.75,1.84,Germany - Curaçao,2026-06-14 17:01:45,450.16,1,EUR,12,False,-0.048913043478260865,drifter,False
37275587,Match,Partido,Over 2.5 goals y Over 7.5 corners,9,2.33,2.45,Malaga - Almeria,2026-06-14 19:02:16,9.1,1,EUR,6,False,-0.04897959183673483,drifter,False
33890210,Anytime goalscorer (Star Substitute),Goleador durante el partido (Suplente Estrella),Arnautovic,19,1.94,2.04,Austria - Jordan,2026-06-17 04:02:52,81.67,1,EUR,16,False,-0.0490196078431374,drifter,False
33890211,Home-side combo (bet builder),Argentina,Argentina win y Lautaro Martínez to score,25,2.52,2.65,Argentina - Algeria,2026-06-17 01:02:37,37.980000000000004,1,EUR,20,False,-0.049056603773584784,drifter,False
36966473,To be carded (only players and in play)(Star Substitute),Recibir tarjeta (sólo jugadores y en juego) (Suplente Estrella),Xhaka,5,4.04,4.25,Switzerland - Bosnia And Herzegovina,2026-06-18 19:00:01,32.05,1,EUR,4,False,-0.049411764705882356,drifter,False
36024518,Hat trick (three or more goals) (Star Substitute),Hat trick (tres o más goles) (Suplente Estrella),Haaland,49,7.65,8.05,Iraq - Norway,2026-06-16 22:00:57,,2,,40,True,-0.04968944099378899,drifter,False
33890210,To score or assist (Star Substitute),Marcar gol o asistir (Suplente Estrella),Sabitzer,19,1.72,1.81,Austria - Jordan,2026-06-17 04:02:52,,2,,18,True,-0.049723756906077346,drifter,False
33890211,Hat trick (three or more goals) (Star Substitute),Hat trick (tres o más goles) (Suplente Estrella),Lionel Messi,19,19.0,20.0,Argentina - Algeria,2026-06-17 01:02:37,,2,,13,True,-0.04999999999999989,drifter,False
33890419,To score 2 or more goals (Star Substitute),Marcar 2 goles o más (Suplente Estrella),Jordan Ayew,5,19.0,20.0,Ghana - Panama,2026-06-17 23:00:50,18.05,1,EUR,4,False,-0.04999999999999989,drifter,False
37275587,Match,Partido,Both teams to score y Over 7.5 corners,42,2.09,2.2,Malaga - Almeria,2026-06-14 19:02:16,43.61,1,EUR,28,False,-0.05000000000000014,drifter,False
33890210,Home-side combo (bet builder),Austria,Austria win y Arnautovic to score,11,2.27,2.39,Austria - Jordan,2026-06-17 04:02:52,,2,,9,True,-0.05020920502092051,drifter,False
33890312,Team exact bookings (only players and in play),Número de tarjetas equipo (solo jugadores y en juego),Uruguay 2 or more,15,1.51,1.59,Saudi Arabia - Uruguay,2026-06-15 22:03:57,,2,,14,True,-0.050314465408805145,drifter,False
33890306,goal scorer (Star Substitute),Jugador en meter el 1º gol (Suplente Estrella),Havertz,19,3.58,3.77,Germany - Curaçao,2026-06-14 17:01:45,48.21,1,EUR,15,False,-0.05039787798408473,drifter,False
33890291,Team exact bookings (only players and in play),Número de tarjetas equipo (solo jugadores y en juego),Morocco 2 or more,20,1.31,1.38,Brazil - Morocco,2026-06-13 22:04:18,64.37,1,EUR,17,False,-0.0507246376811592,drifter,False
33890299,Anytime goalscorer (Star Substitute),Goleador durante el partido (Suplente Estrella),Kevin De Bruyne,12,3.18,3.35,Belgium - Egypt,2026-06-15 19:00:29,164.89,1,EUR,12,False,-0.050746268656716456,drifter,False
36966550,Match corners,Corners durante el partido,9 or more,47,1.68,1.77,Ecuador - Curaçao,2026-06-21 00:00:04,,2,,42,True,-0.05084745762711861,drifter,False
36966612,Home-side combo (bet builder),Francia,"Barcola to score, Adrien Rabiot to be booked y Hussein Ali Haidar to be booked",6,61.0,64.28,France - Iraq,2026-06-22 21:00:42,31.0,1,EUR,5,False,-0.051026757934038616,drifter,False
36966485,1st half: Team corners,1º tiempo: Corners equipo,Brazil 3 or more,8,1.3,1.37,Brazil - Haiti,2026-06-20 00:32:31,,2,,6,True,-0.05109489051094882,drifter,False
33890291,Match,Partido,Both teams to score y A goal in both halves,9,2.41,2.54,Brazil - Morocco,2026-06-13 22:04:18,105.6,1,EUR,7,False,-0.05118110236220473,drifter,False
36966485,Match corners,Corners durante el partido,13 or more,11,3.32,3.5,Brazil - Haiti,2026-06-20 00:32:31,,2,,9,True,-0.051428571428571566,drifter,False
36966612,To score 2 or more goals (Star Substitute),Marcar 2 goles o más (Suplente Estrella),Désiré Doué,6,6.45,6.8,France - Iraq,2026-06-22 21:00:42,,2,,6,True,-0.051470588235294074,drifter,False
37183511,To score or assist (Star Substitute),Marcar gol o asistir (Suplente Estrella),Harry Kane,12,1.29,1.36,England - Costa Rica,2026-06-10 21:03:46,,2,,8,True,-0.051470588235294115,drifter,False
37233850,Team corners,Corners equipo,Argentina 6 or more,8,1.47,1.55,Argentina - Iceland,2026-06-10 01:09:18,,2,,6,True,-0.051612903225806445,drifter,False
36966553,1st half: Team corners,1º tiempo: Corners equipo,Germany 5 or more,5,3.11,3.28,Germany - Ivory Coast,2026-06-20 20:00:00,43.17,1,EUR,5,False,-0.051829268292682966,drifter,False
36966553,1st half: Team corners,1º tiempo: Corners equipo,Germany 3 or more,14,1.46,1.54,Germany - Ivory Coast,2026-06-20 20:00:00,125.08,1,EUR,11,False,-0.0519480519480519,drifter,False
36966640,To score from outside the box (Star Substitute),Marcar gol desde fuera del área (Suplente Estrella),Bruno Fernandes,5,7.3,7.7,Portugal - Uzbekistan,2026-06-23 17:00:06,184.0,1,EUR,5,False,-0.051948051948051986,drifter,False
36024518,Away-side combo (bet builder),Noruega,Norway win y Over 2.5 goals,18,1.64,1.73,Iraq - Norway,2026-06-16 22:00:57,17.810000000000002,1,EUR,10,False,-0.05202312138728314,drifter,False
33890304,1st half: Corners,1º tiempo: Corners,5 or more,7,2.0,2.11,Netherlands - Japan,2026-06-14 20:00:08,,2,,6,True,-0.05213270142180093,drifter,False
36966486,1st half: Team corners,1º tiempo: Corners equipo,Scotland 3 or more,13,4.54,4.79,Scotland - Morocco,2026-06-19 22:00:07,27.38,1,EUR,7,False,-0.05219206680584549,drifter,False
36966480,Home-side combo (bet builder),Estados Unidos,Usa win y Pulisic to score,6,3.44,3.63,Usa - Australia,2026-06-19 19:00:27,1.8,1,EUR,5,False,-0.05234159779614328,drifter,False
33890304,To score or assist (Star Substitute),Marcar gol o asistir (Suplente Estrella),Ayase Ueda,5,2.71,2.86,Netherlands - Japan,2026-06-14 20:00:08,152.03,1,EUR,5,False,-0.05244755244755234,drifter,False
36966592,Away-side combo (bet builder),Egipto,"Egypt win, Omar Marmoush 2 or more shots on target y Mohamed Salah 2 or more shots on target",5,6.5,6.86,New Zealand - Egypt,2026-06-22 01:00:05,3.2,1,EUR,3,False,-0.05247813411078736,drifter,False
33890313,Shots on target (Star Substitute),Remates a puerta Fabián Ruiz (Suplente Estrella),2 or more,15,3.43,3.62,Spain - Cape Verde,2026-06-15 16:01:07,238.5,1,EUR,15,False,-0.05248618784530368,drifter,False
36966590,To score 2 or more goals (Star Substitute),Marcar 2 goles o más (Suplente Estrella),Valverde,30,18.0,19.0,Uruguay - Cape Verde,2026-06-21 22:00:33,,2,,21,True,-0.05263157894736842,drifter,False
36966612,To score or assist (Star Substitute),Marcar gol o asistir (Suplente Estrella),Michael Olise,80,1.26,1.33,France - Iraq,2026-06-22 21:00:42,,2,,65,True,-0.05263157894736842,drifter,False
36024520,Player to Score Free-Kick,Marcar gol de falta directa,Cristiano Ronaldo,15,18.0,19.0,Portugal - Democratic Republic of the Congo,2026-06-17 17:01:15,51.21,1,EUR,10,False,-0.05263157894736842,drifter,False
36966480,Match shots,Remates durante el partido,26 or more,5,1.8,1.9,Usa - Australia,2026-06-19 19:00:27,,2,,5,True,-0.052631578947368515,drifter,False
33890305,Team corners,Corners equipo,Ecuador 6 or more,8,2.87,3.03,Ivory Coast - Ecuador,2026-06-14 23:03:23,,2,,7,True,-0.05280528052805273,drifter,False
36966550,Anytime goalscorer (Star Substitute),Goleador durante el partido (Suplente Estrella),John Yeboah,6,2.33,2.46,Ecuador - Curaçao,2026-06-21 00:00:04,26.47,1,EUR,5,False,-0.052845528455284604,drifter,False
33890291,Most shots on target - vs (both starters),Más remates a puerta - Raphinha vs Brahim (Ambos titulares o se anula),Raphinha,7,2.15,2.27,Brazil - Morocco,2026-06-13 22:04:18,64.24,1,EUR,7,False,-0.05286343612334805,drifter,False
36966469,Team goals,Goles equipo,Czech Republic 2 or more,5,2.14,2.26,Czech Republic - South Africa,2026-06-18 16:00:09,,2,,5,True,-0.05309734513274331,drifter,False
36966486,Team corners,Corners equipo,Scotland 3 or more,38,1.42,1.5,Scotland - Morocco,2026-06-19 22:00:07,,2,,25,True,-0.05333333333333347,drifter,False
33890313,Home-side combo (bet builder),España,"Spain win, Over 8.5 corners y Oyarzabal to score",11,2.12,2.24,Spain - Cape Verde,2026-06-15 16:01:07,15.799999999999999,1,EUR,8,False,-0.05357142857142854,drifter,False
36966591,Match shots on target,Remates a puerta durante el partido,10 or more,7,1.23,1.3,Spain - Saudi Arabia,2026-06-21 16:00:48,,2,,7,True,-0.05384615384615391,drifter,False
33890306,To score 2 or more goals (Star Substitute),Marcar 2 goles o más (Suplente Estrella),Havertz,106,3.15,3.33,Germany - Curaçao,2026-06-14 17:01:45,,2,,86,True,-0.05405405405405399,drifter,False
36966480,Home-side combo (bet builder),Estados Unidos,Usa win y Balogun to score,27,2.8,2.96,Usa - Australia,2026-06-19 19:00:27,99.02000000000001,1,EUR,19,False,-0.0540540540540541,drifter,False
37233850,To score 2 or more goals (Star Substitute),Marcar 2 goles o más (Suplente Estrella),Julian Alvarez,7,6.1,6.45,Argentina - Iceland,2026-06-10 01:09:18,4.46,1,EUR,4,False,-0.05426356589147297,drifter,False
36966611,Match corners,Corners durante el partido,10 or more,9,2.09,2.21,Norway - Senegal,2026-06-23 00:00:05,,2,,9,True,-0.05429864253393676,drifter,False
33890211,Team corners,Corners equipo,Argentina 8 or more,12,3.48,3.68,Argentina - Algeria,2026-06-17 01:02:37,,2,,9,True,-0.05434782608695651,drifter,False
36966550,1st half: Team corners,1º tiempo: Corners equipo,Curaçao 3 or more,8,9.55,10.1,Ecuador - Curaçao,2026-06-21 00:00:04,17.11,1,EUR,7,False,-0.05445544554455428,drifter,False
33890211,Anytime goalscorer (Star Substitute),Goleador durante el partido (Suplente Estrella),Julian Alvarez,24,2.43,2.57,Argentina - Algeria,2026-06-17 01:02:37,29.130000000000003,1,EUR,17,False,-0.054474708171206115,drifter,False
33890304,Match,Partido,Over 2.5 goals y Over 9.5 corners,8,3.46,3.66,Netherlands - Japan,2026-06-14 20:00:08,,2,,8,True,-0.05464480874316958,drifter,False
36966592,Away-side combo (bet builder),Egipto,"Egypt win, Over 2.5 goals y Over 8.5 corners",9,4.32,4.57,New Zealand - Egypt,2026-06-22 01:00:05,13.39,1,EUR,6,False,-0.05470459518599552,drifter,False
33890312,1-X-2 / 2 goals Up,1-X-2 / Ventaja 2 goles,2,364,1.38,1.46,Saudi Arabia - Uruguay,2026-06-15 22:03:57,,3,,177,True,-0.054794520547945404,drifter,False
37312355,Team Shots,Remates equipo,Malaga 11 or more,6,1.72,1.82,Almeria - Malaga,2026-06-20 19:32:16,171.79,1,EUR,5,False,-0.05494505494505511,drifter,False
33890313,Shots on target outside the box (Star Substitute),Remates a puerta desde fuera del área Ferran (Suplente Estrella),1 or more,5,3.57,3.78,Spain - Cape Verde,2026-06-15 16:01:07,,2,,5,True,-0.05555555555555542,drifter,False
33890299,To score 2 or more goals (Star Substitute),Marcar 2 goles o más (Suplente Estrella),Doku,10,17.0,18.0,Belgium - Egypt,2026-06-15 19:00:29,83.0,1,EUR,9,False,-0.055555555555555594,drifter,False
37342957,Match,Partido,Ibv Vestmannaeyjar win y Both teams to score in both halves,8,17.0,18.0,Ibv Vestmannaeyjar - Stjarnan,2026-06-21 18:00:49,,2,,2,True,-0.055555555555555594,drifter,False
36966593,Player to Score Free-Kick,Marcar gol de falta directa,Kevin De Bruyne,7,17.0,18.0,Belgium - Iran,2026-06-21 19:00:03,15.129999999999999,1,EUR,7,False,-0.055555555555555594,drifter,False
33890419,To score 2 or more goals (Star Substitute),Marcar 2 goles o más (Suplente Estrella),Iñaki Williams,9,17.0,18.0,Ghana - Panama,2026-06-17 23:00:50,2.84,1,EUR,3,False,-0.055555555555555594,drifter,False
33890306,To score 2 or more goals (Star Substitute),Marcar 2 goles o más (Suplente Estrella),Florian Wirtz,17,4.58,4.85,Germany - Curaçao,2026-06-14 17:01:45,104.03,1,EUR,11,False,-0.05567010309278347,drifter,False
36024480,Match,Partido,Both teams to score y Over 7.5 corners,17,2.37,2.51,South Korea - Czech Republic,2026-06-12 02:00:54,27.19,1,EUR,14,False,-0.055776892430278696,drifter,False
36966473,1st half: Team corners,1º tiempo: Corners equipo,Switzerland 4 or more,7,2.2,2.33,Switzerland - Bosnia And Herzegovina,2026-06-18 19:00:01,101.13,1,EUR,6,False,-0.055793991416308954,drifter,False
33890304,1st half: Team corners,1º tiempo: Corners equipo,Japan 5 or more,6,9.3,9.85,Netherlands - Japan,2026-06-14 20:00:08,35.2,1,EUR,6,False,-0.05583756345177655,drifter,False
36966486,Anytime goalscorer (Star Substitute),Goleador durante el partido (Suplente Estrella),Ismael Saibari,31,2.86,3.03,Scotland - Morocco,2026-06-19 22:00:07,,2,,23,True,-0.05610561056105622,drifter,False
36966485,1st half: Team corners,1º tiempo: Corners equipo,Brazil 4 or more,5,1.68,1.78,Brazil - Haiti,2026-06-20 00:32:31,,2,,5,True,-0.0561797752808988,drifter,False
33890304,Team corners,Corners equipo,Japan 8 or more,6,7.55,8.0,Netherlands - Japan,2026-06-14 20:00:08,,2,,6,True,-0.05625000000000007,drifter,False
36966592,To score or assist (Star Substitute),Marcar gol o asistir (Suplente Estrella),Chris Wood,7,2.85,3.02,New Zealand - Egypt,2026-06-22 01:00:05,,2,,7,True,-0.05629139072847669,drifter,False
33890298,Anytime goalscorer (Star Substitute),Goleador durante el partido (Suplente Estrella),Chris Wood,8,3.52,3.73,Iran - New Zealand,2026-06-16 01:03:48,71.33,1,EUR,8,False,-0.05630026809651479,drifter,False
36024518,Anytime goalscorer (Star Substitute),Goleador durante el partido (Suplente Estrella),Haaland,129,1.34,1.42,Iraq - Norway,2026-06-16 22:00:57,,2,,100,True,-0.05633802816901392,drifter,False
36966528,Player to score in 1st half,Jugador en meter gol en el 1º tiempo,Daizen Maeda,9,6.7,7.1,Tunisia - Japan,2026-06-21 04:00:01,0.45,1,EUR,1,False,-0.056338028169013954,drifter,False
36024491,To score or assist (Star Substitute),Marcar gol o asistir (Suplente Estrella),Jonathan David,58,1.84,1.95,Canada - Bosnia And Herzegovina,2026-06-12 19:02:13,,2,,42,True,-0.05641025641025624,drifter,False
36966486,Team corners,Corners equipo,Scotland 5 or more,8,3.0,3.18,Scotland - Morocco,2026-06-19 22:00:07,20.96,1,EUR,8,False,-0.05660377358490565,drifter,False
33890211,goal scorer (Star Substitute),Jugador en meter el 1º gol (Suplente Estrella),Julian Alvarez,6,5.0,5.3,Argentina - Algeria,2026-06-17 01:02:37,32.480000000000004,1,EUR,6,False,-0.05660377358490565,drifter,False
36966550,Match corners,Corners durante el partido,10 or more,26,2.0,2.12,Ecuador - Curaçao,2026-06-21 00:00:04,,2,,20,True,-0.05660377358490576,drifter,False
36966550,1st half: Team corners,1º tiempo: Corners equipo,Curaçao 2 or more,8,4.0,4.24,Ecuador - Curaçao,2026-06-21 00:00:04,,2,,6,True,-0.05660377358490576,drifter,False
37233850,To score 2 or more goals (Star Substitute),Marcar 2 goles o más (Suplente Estrella),Lautaro Martínez,5,4.33,4.59,Argentina - Iceland,2026-06-10 01:09:18,26.91,1,EUR,4,False,-0.056644880174291846,drifter,False
36966466,Match corners,Corners durante el partido,9 or more,25,1.83,1.94,Mexico - South Korea,2026-06-19 01:00:38,,2,,22,True,-0.05670103092783484,drifter,False
33890211,Team exact bookings (only players and in play),Número de tarjetas equipo (solo jugadores y en juego),Algeria 3 or more,10,1.83,1.94,Argentina - Algeria,2026-06-17 01:02:37,,2,,8,True,-0.05670103092783484,drifter,False
33890299,Player most passes (voiding in case of tie),Jugador en dar más pases,Nathan Ngoy,31,6.65,7.05,Belgium - Egypt,2026-06-15 19:00:29,796.0,1,EUR,9,False,-0.05673758865248215,drifter,False
33890304,To score or assist (Star Substitute),Marcar gol o asistir (Suplente Estrella),Malen,11,1.99,2.11,Netherlands - Japan,2026-06-14 20:00:08,35.44,1,EUR,10,False,-0.05687203791469184,drifter,False
36966473,Home-side combo (bet builder),Suiza,Switzerland win y Breel Embolo to score,28,2.64,2.8,Switzerland - Bosnia And Herzegovina,2026-06-18 19:00:01,163.0,1,EUR,21,False,-0.05714285714285711,drifter,False
33890305,1st half: Corners,1º tiempo: Corners,4 or more,11,1.65,1.75,Ivory Coast - Ecuador,2026-06-14 23:03:23,,2,,6,True,-0.057142857142857224,drifter,False
36966549,Away-side combo (bet builder),Suecia,Sweden win y Isak to score,5,7.92,8.4,Netherlands - Sweden,2026-06-20 17:00:05,53.42,1,EUR,3,False,-0.05714285714285726,drifter,False
36966609,Home-side combo (bet builder),Argentina,"Argentina win, Over 10.5 corners y Lionel Messi to score",6,9.05,9.6,Argentina - Austria,2026-06-22 17:00:58,5.53,1,EUR,3,False,-0.05729166666666659,drifter,False
33890290,1-X-2 / 2 goals Up,1-X-2 / Ventaja 2 goles,2,678,1.48,1.57,Haiti - Scotland,2026-06-14 01:02:33,,2,,358,True,-0.05732484076433123,drifter,False
36966549,1st Half: Team Cards (only players and in play),1º tiempo: Tarjetas equipo (solo jugadores y en juego),Netherlands 1 or more,9,2.3,2.44,Netherlands - Sweden,2026-06-20 17:00:05,57.8,1,EUR,8,False,-0.05737704918032794,drifter,False
36966486,To score or assist (Star Substitute),Marcar gol o asistir (Suplente Estrella),McTominay,9,3.61,3.83,Scotland - Morocco,2026-06-19 22:00:07,15.8,1,EUR,9,False,-0.05744125326370774,drifter,False
36966612,Player anytime not to score,No marcará ningún gol,Jean-Philippe Mateta,5,1.64,1.74,France - Iraq,2026-06-22 21:00:42,102.5,1,EUR,3,False,-0.05747126436781613,drifter,False
36966593,Match corners,Corners durante el partido,12 or more,16,3.28,3.48,Belgium - Iran,2026-06-21 19:00:03,,2,,14,True,-0.05747126436781613,drifter,False
33890416,Team exact bookings (only players and in play),Número de tarjetas equipo (solo jugadores y en juego),Senegal 2 or more,17,1.31,1.39,France - Senegal,2026-06-16 19:02:47,,2,,16,True,-0.0575539568345322,drifter,False
36966609,1st half: Team corners,1º tiempo: Corners equipo,Argentina 4 or more,7,3.6,3.82,Argentina - Austria,2026-06-22 17:00:58,75.22,1,EUR,7,False,-0.05759162303664926,drifter,False
33890299,1st Half: Team Cards (only players and in play),1º tiempo: Tarjetas equipo (solo jugadores y en juego),Egypt 2 or more,7,3.75,3.98,Belgium - Egypt,2026-06-15 19:00:29,27.31,1,EUR,5,False,-0.05778894472361816,drifter,False
33890444,Match corners,Corners durante el partido,8 or more,80,1.3,1.38,England - Croatia,2026-06-17 20:00:04,,3,,70,True,-0.057971014492753395,drifter,False
36966593,Anytime goalscorer (Star Substitute),Goleador durante el partido (Suplente Estrella),Lukaku,58,1.95,2.07,Belgium - Iran,2026-06-21 19:00:03,377.38,1,EUR,39,False,-0.05797101449275367,drifter,False
36024491,Shots on target (Star Substitute),Remates a puerta Esmir Bajraktarevic (Suplente Estrella),1 or more,5,2.27,2.41,Canada - Bosnia And Herzegovina,2026-06-12 19:02:13,85.1,1,EUR,5,False,-0.05809128630705397,drifter,False
36966593,To score or assist (Star Substitute),Marcar gol o asistir (Suplente Estrella),Doku,21,1.78,1.89,Belgium - Iran,2026-06-21 19:00:03,,2,,18,True,-0.05820105820105812,drifter,False
36966592,Match,Partido,Both teams to score y Over 7.5 corners,7,2.91,3.09,New Zealand - Egypt,2026-06-22 01:00:05,28.439999999999998,1,EUR,6,False,-0.0582524271844659,drifter,False
37238914,Saves (Star Substitute),Paradas Alfonso Herrero (Suplente Estrella),5 or more,5,4.85,5.15,Malaga - Las Palmas,2026-06-10 19:01:06,49.33,1,EUR,5,False,-0.05825242718446611,drifter,False
33890210,1-X-2 / 2 goals Up,1-X-2 / Ventaja 2 goles,1,223,1.29,1.37,Austria - Jordan,2026-06-17 04:02:52,,2,,165,True,-0.05839416058394153,drifter,False
37233846,Anytime goalscorer (Star Substitute),Goleador durante el partido (Suplente Estrella),Cristiano Ronaldo,14,1.45,1.54,Portugal - Nigeria,2026-06-10 19:49:08,,2,,13,True,-0.05844155844155851,drifter,False
33890210,Team corners,Corners equipo,Austria 8 or more,8,2.9,3.08,Austria - Jordan,2026-06-17 04:02:52,28.91,1,EUR,7,False,-0.05844155844155851,drifter,False
36966480,1st half: Corners,1º tiempo: Corners,5 or more,9,2.09,2.22,Usa - Australia,2026-06-19 19:00:27,,2,,9,True,-0.058558558558558765,drifter,False
33890309,1st half: Team corners,1º tiempo: Corners equipo,Paraguay 3 or more,8,2.73,2.9,Usa - Paraguay,2026-06-13 01:02:10,36.46,1,EUR,4,False,-0.05862068965517229,drifter,False
36966609,Team corners,Corners equipo,Argentina 6 or more,25,2.08,2.21,Argentina - Austria,2026-06-22 17:00:58,275.7,1,EUR,24,False,-0.058823529411764615,drifter,False
33890299,1-X-2 / 2 goals Up,1-X-2 / Ventaja 2 goles,2,24,5.6,5.95,Belgium - Egypt,2026-06-15 19:00:29,,2,,11,True,-0.05882352941176481,drifter,False
33890238,Match corners,Corners durante el partido,9 or more,34,1.75,1.86,Mexico - South Africa,2026-06-11 19:05:51,,2,,28,True,-0.05913978494623656,drifter,False
33890313,Home-side combo (bet builder),España,Spain win y Ferran to score,18,1.75,1.86,Spain - Cape Verde,2026-06-15 16:01:07,41.89,1,EUR,16,False,-0.05913978494623656,drifter,False
37233846,1-X-2 / 2 goals Up,1-X-2 / Ventaja 2 goles,1,48,1.27,1.35,Portugal - Nigeria,2026-06-10 19:49:08,,2,,40,True,-0.059259259259259234,drifter,False
36966550,Home-side combo (bet builder),Ecuador,"Ecuador win, Over 2.5 goals y Over 8.5 corners",14,2.38,2.53,Ecuador - Curaçao,2026-06-21 00:00:04,40.620000000000005,1,EUR,7,False,-0.05928853754940701,drifter,False
33890444,Match,Partido,2-1 y Harry Kane to score,5,14.11,15.0,England - Croatia,2026-06-17 20:00:04,17.5,1,EUR,5,False,-0.0593333333333333,drifter,False
36966553,Anytime goalscorer (Star Substitute),Goleador durante el partido (Suplente Estrella),Florian Wirtz,9,2.85,3.03,Germany - Ivory Coast,2026-06-20 20:00:00,72.53999999999999,1,EUR,9,False,-0.05940594059405936,drifter,False
36971426,Anytime goalscorer (Star Substitute),Goleador durante el partido (Suplente Estrella),Arda Güler,24,3.32,3.53,Turkey - Paraguay,2026-06-20 03:00:03,81.39,1,EUR,15,False,-0.05949008498583576,drifter,False
36966485,Anytime goalscorer (Star Substitute),Goleador durante el partido (Suplente Estrella),Matheus Cunha,12,2.05,2.18,Brazil - Haiti,2026-06-20 00:32:31,,2,,12,True,-0.05963302752293593,drifter,False
36966485,2nd Half: Team Cards (only players and in play),2º tiempo: Tarjetas equipo (solo jugadores y en juego),Brazil 1 or more,10,1.73,1.84,Brazil - Haiti,2026-06-20 00:32:31,8.08,1,EUR,3,False,-0.059782608695652294,drifter,False
33890304,Match,Partido,Both teams to score y A goal in both halves,15,2.04,2.17,Netherlands - Japan,2026-06-14 20:00:08,16.61,1,EUR,10,False,-0.059907834101382444,drifter,False
36966592,Anytime goalscorer (Star Substitute),Goleador durante el partido (Suplente Estrella),Omar Marmoush,30,2.51,2.67,New Zealand - Egypt,2026-06-22 01:00:05,,2,,18,True,-0.059925093632958816,drifter,False
33890290,Anytime goalscorer (Star Substitute),Goleador durante el partido (Suplente Estrella),Lawrence Shankland,9,1.88,2.0,Haiti - Scotland,2026-06-14 01:02:33,98.38,1,EUR,8,False,-0.059999999999999984,drifter,False
36966591,Shots handicap - vs (both starters),Hándicap remates - Dani Olmo vs Salem Al-Dawsari (Ambos titulares o se anula),Dani Olmo(-1.5),5,1.72,1.83,Spain - Saudi Arabia,2026-06-21 16:00:48,234.0,1,EUR,3,False,-0.060109289617486496,drifter,False
33890305,Team exact bookings (only players and in play),Número de tarjetas equipo (solo jugadores y en juego),Ecuador 2 or more,15,1.56,1.66,Ivory Coast - Ecuador,2026-06-14 23:03:23,,2,,14,True,-0.06024096385542152,drifter,False
36024518,goal scorer (Star Substitute),Jugador en meter el 1º gol (Suplente Estrella),Sorloth,5,4.5,4.79,Iraq - Norway,2026-06-16 22:00:57,,2,,5,True,-0.06054279749478075,drifter,False
33890416,1st Half: Team Cards (only players and in play),1º tiempo: Tarjetas equipo (solo jugadores y en juego),France 1 or more,5,1.86,1.98,France - Senegal,2026-06-16 19:02:47,,2,,3,True,-0.06060606060606049,drifter,False
36966591,goal scorer (Star Substitute),Jugador en meter el 1º gol (Suplente Estrella),Dani Olmo,15,5.4,5.75,Spain - Saudi Arabia,2026-06-21 16:00:48,,2,,11,True,-0.06086956521739128,drifter,False
36966549,Team exact bookings (only players and in play),Número de tarjetas equipo (solo jugadores y en juego),Netherlands 2 or more,9,1.85,1.97,Netherlands - Sweden,2026-06-20 17:00:05,,2,,9,True,-0.060913705583756264,drifter,False
36966473,Match,Partido,Both teams to score y Over 11.5 corners,6,6.01,6.4,Switzerland - Bosnia And Herzegovina,2026-06-18 19:00:01,2.8,1,EUR,3,False,-0.0609375000000001,drifter,False
33890298,Match corners,Corners durante el partido,12 or more,7,4.3,4.58,Iran - New Zealand,2026-06-16 01:03:48,136.59,1,EUR,3,False,-0.06113537117903925,drifter,False
33890298,Match,Partido,Both teams to score y A goal in both halves,5,2.61,2.78,Iran - New Zealand,2026-06-16 01:03:48,,2,,5,True,-0.06115107913669058,drifter,False
36966472,Home-side combo (bet builder),Canadá,Canada win y Cyle Larin to score,15,2.3,2.45,Canada - Qatar,2026-06-18 22:00:44,11.41,1,EUR,8,False,-0.06122448979591857,drifter,False
33890238,To score 2 or more goals (Star Substitute),Marcar 2 goles o más (Suplente Estrella),Raúl Jiménez,35,8.4,8.95,Mexico - South Africa,2026-06-11 19:05:51,,2,,31,True,-0.061452513966480334,drifter,False
33890419,Home-side combo (bet builder),Ghana,Ghana win y Over 2.5 goals,7,3.97,4.23,Ghana - Panama,2026-06-17 23:00:50,2.4299999999999997,1,EUR,4,False,-0.061465721040189214,drifter,False
36966611,Match corners,Corners durante el partido,11 or more,9,2.59,2.76,Norway - Senegal,2026-06-23 00:00:05,,2,,7,True,-0.061594202898550596,drifter,False
36966612,Anytime goalscorer (Star Substitute),Goleador durante el partido (Suplente Estrella),Mbappe,293,1.37,1.46,France - Iraq,2026-06-22 21:00:42,,2,,240,True,-0.0616438356164384,drifter,False
37316389,1-X-2 / 2 goals Up,1-X-2 / Ventaja 2 goles,1,9,1.82,1.94,Universidad de Chile - O'higgins FC,2026-06-19 00:00:57,,2,,7,True,-0.06185567010309257,drifter,False
33890291,Match,Partido,Over 2.5 goals y Over 7.5 corners,43,2.72,2.9,Brazil - Morocco,2026-06-13 22:04:18,,2,,36,True,-0.06206896551724124,drifter,False
36966611,goal scorer (Star Substitute),Jugador en meter el 1º gol (Suplente Estrella),Nicolas Jackson,8,6.8,7.25,Norway - Senegal,2026-06-23 00:00:05,23.259999999999998,1,EUR,5,False,-0.06206896551724143,drifter,False
36966611,Anytime goalscorer (Star Substitute),Goleador durante el partido (Suplente Estrella),Nicolas Jackson,7,3.17,3.38,Norway - Senegal,2026-06-23 00:00:05,27.02,1,EUR,7,False,-0.06213017751479281,drifter,False
36966480,Match corners,Corners durante el partido,8 or more,46,1.5,1.6,Usa - Australia,2026-06-19 19:00:27,,2,,43,True,-0.062499999999999944,drifter,False
36966485,Team shots on target,Remates a puerta equipo,Haiti 2 or more,5,1.35,1.44,Brazil - Haiti,2026-06-20 00:32:31,,2,,4,True,-0.06249999999999998,drifter,False
33890290,1st half: Team corners,1º tiempo: Corners equipo,Haiti 3 or more,9,2.7,2.88,Haiti - Scotland,2026-06-14 01:02:33,0.8200000000000001,1,EUR,3,False,-0.06249999999999998,drifter,False
33890211,To score 2 or more goals (Star Substitute),Marcar 2 goles o más (Suplente Estrella),Lautaro Martínez,13,7.5,8.0,Argentina - Algeria,2026-06-17 01:02:37,,2,,12,True,-0.062499999999999986,drifter,False
36966593,To score 2 or more goals (Star Substitute),Marcar 2 goles o más (Suplente Estrella),Doku,9,15.0,16.0,Belgium - Iran,2026-06-21 19:00:03,6.87,1,EUR,7,False,-0.062499999999999986,drifter,False
36024493,Team corners,Corners equipo,Sweden 4 or more,7,1.2,1.28,Sweden - Tunisia,2026-06-15 02:00:33,,2,,4,True,-0.06250000000000004,drifter,False
36024520,1st Half: Team Cards (only players and in play),1º tiempo: Tarjetas equipo (solo jugadores y en juego),Democratic Republic of the Congo 2 or more,8,4.49,4.79,Portugal - Democratic Republic of the Congo,2026-06-17 17:01:15,50.6,1,EUR,5,False,-0.06263048016701457,drifter,False
33890419,Home-side combo (bet builder),Ghana,Ghana win y A goal in both halves,5,3.89,4.15,Ghana - Panama,2026-06-17 23:00:50,2.18,1,EUR,4,False,-0.06265060240963861,drifter,False
36971426,Home-side combo (bet builder),Turquía,Turkey win y Arda Güler to score,20,4.78,5.1,Turkey - Paraguay,2026-06-20 03:00:03,43.6,1,EUR,17,False,-0.06274509803921552,drifter,False
36966466,1st half: Team corners,1º tiempo: Corners equipo,South Korea 2 or more,7,1.94,2.07,Mexico - South Korea,2026-06-19 01:00:38,,2,,7,True,-0.06280193236714979,drifter,False
36024520,Shots (Star Substitute),Remates Cristiano Ronaldo (Suplente Estrella),7 or more,10,3.73,3.98,Portugal - Democratic Republic of the Congo,2026-06-17 17:01:15,,2,,10,True,-0.06281407035175891,drifter,False
36966486,Shots on target (Star Substitute),Remates a puerta Azzedine Ounahi (Suplente Estrella),2 or more,11,4.17,4.45,Scotland - Morocco,2026-06-19 22:00:07,123.67,1,EUR,4,False,-0.0629213483146068,drifter,False
36024518,Anytime goalscorer (Star Substitute),Goleador durante el partido (Suplente Estrella),Antonio Nusa,12,2.68,2.86,Iraq - Norway,2026-06-16 22:00:57,,2,,8,True,-0.06293706293706275,drifter,False
33890259,Saves (Star Substitute),Paradas Mahmud Abunada (Suplente Estrella),4 or more,12,1.78,1.9,Qatar - Switzerland,2026-06-13 19:04:43,110.75999999999999,1,EUR,7,False,-0.06315789473684222,drifter,False
36024491,To score or assist (Star Substitute),Marcar gol o asistir (Suplente Estrella),Dzeko,10,2.51,2.68,Canada - Bosnia And Herzegovina,2026-06-12 19:02:13,69.27,1,EUR,10,False,-0.06343283582089569,drifter,False
36966480,Home-side combo (bet builder),Estados Unidos,Usa win y A goal in both halves,13,2.51,2.68,Usa - Australia,2026-06-19 19:00:27,75.58,1,EUR,11,False,-0.06343283582089569,drifter,False
36966591,To score or assist (Star Substitute),Marcar gol o asistir (Suplente Estrella),Marc Cucurella,9,2.51,2.68,Spain - Saudi Arabia,2026-06-21 16:00:48,25.85,1,EUR,8,False,-0.06343283582089569,drifter,False
33890304,Home-side combo (bet builder),Países Bajos,Netherlands win y Cody Gakpo 2 or more shots on target,5,4.87,5.2,Netherlands - Japan,2026-06-14 20:00:08,0.53,1,EUR,2,False,-0.0634615384615385,drifter,False
36966593,Home-side combo (bet builder),Bélgica,Belgium win y Lukaku to score,26,2.21,2.36,Belgium - Iran,2026-06-21 19:00:03,220.28,1,EUR,19,False,-0.06355932203389823,drifter,False
36024520,Match,Partido,Over 7.5 corners y Cristiano Ronaldo to score,10,2.06,2.2,Portugal - Democratic Republic of the Congo,2026-06-17 17:01:15,17.66,1,EUR,10,False,-0.06363636363636369,drifter,False
36966591,To score or assist (Star Substitute),Marcar gol o asistir (Suplente Estrella),Pedri,20,1.91,2.04,Spain - Saudi Arabia,2026-06-21 16:00:48,35.27,1,EUR,19,False,-0.06372549019607847,drifter,False
33890211,Home-side combo (bet builder),Argentina,Argentina win y Julian Alvarez to score,17,2.79,2.98,Argentina - Algeria,2026-06-17 01:02:37,29.73,1,EUR,17,False,-0.06375838926174492,drifter,False
36966612,Home-side combo (bet builder),Francia,"France win, France to score in both halves y Over 8.5 corners",6,2.2,2.35,France - Iraq,2026-06-22 21:00:42,37.39,1,EUR,5,False,-0.06382978723404252,drifter,False
36966485,Saves (Star Substitute),Paradas Johny Placide (Suplente Estrella),7 or more,6,4.25,4.54,Brazil - Haiti,2026-06-20 00:32:31,89.0,1,EUR,6,False,-0.06387665198237888,drifter,False
36966473,goal scorer (Star Substitute),Jugador en meter el 1º gol (Suplente Estrella),Breel Embolo,5,4.25,4.54,Switzerland - Bosnia And Herzegovina,2026-06-18 19:00:01,61.0,1,EUR,5,False,-0.06387665198237888,drifter,False
36966469,Team corners,Corners equipo,South Africa 6 or more,6,4.68,5.0,Czech Republic - South Africa,2026-06-18 16:00:09,,2,,5,True,-0.06400000000000003,drifter,False
36024493,Home-side combo (bet builder),Suecia,Sweden win y A goal in both halves,6,3.07,3.28,Sweden - Tunisia,2026-06-15 02:00:33,6.1899999999999995,1,EUR,4,False,-0.06402439024390255,drifter,False
36966612,goal scorer (Star Substitute),Jugador en meter el 1º gol (Suplente Estrella),Ousmane Dembele,5,5.1,5.45,France - Iraq,2026-06-22 21:00:42,,2,,5,True,-0.06422018348623874,drifter,False
36966480,Hat trick (three or more goals) (Star Substitute),Hat trick (tres o más goles) (Suplente Estrella),Balogun,16,29.0,31.0,Usa - Australia,2026-06-19 19:00:27,,2,,9,True,-0.06451612903225808,drifter,False
36966480,To score 2 or more goals (Star Substitute),Marcar 2 goles o más (Suplente Estrella),Balogun,47,7.25,7.75,Usa - Australia,2026-06-19 19:00:27,,2,,40,True,-0.06451612903225808,drifter,False
37312355,Match,Partido,Over 2.5 goals y Over 9.5 corners,5,3.47,3.71,Almeria - Malaga,2026-06-20 19:32:16,7.46,1,EUR,4,False,-0.06469002695417798,drifter,False
36024520,Home-side combo (bet builder),Portugal,Portugal to win both halves y Over 3.5 goals,10,4.77,5.1,Portugal - Democratic Republic of the Congo,2026-06-17 17:01:15,55.04,1,EUR,9,False,-0.06470588235294114,drifter,False
33890305,Team exact bookings (only players and in play),Número de tarjetas equipo (solo jugadores y en juego),Ivory Coast 3 or more,8,2.45,2.62,Ivory Coast - Ecuador,2026-06-14 23:03:23,21.55,1,EUR,8,False,-0.06488549618320608,drifter,False
36966591,Team exact bookings (only players and in play),Número de tarjetas equipo (solo jugadores y en juego),Spain 2 or more,10,2.87,3.07,Spain - Saudi Arabia,2026-06-21 16:00:48,,2,,10,True,-0.06514657980456008,drifter,False
36966592,Team corners,Corners equipo,New Zealand 6 or more,5,4.3,4.6,New Zealand - Egypt,2026-06-22 01:00:05,,2,,5,True,-0.06521739130434771,drifter,False
36966553,Most shots - vs (both starters),Más remates - Sane vs Amad Diallo (Ambos titulares o se anula),Sane,5,2.0,2.14,Germany - Ivory Coast,2026-06-20 20:00:00,50.3,1,EUR,5,False,-0.06542056074766356,drifter,False
36966609,Home-side combo (bet builder),Argentina,"Argentina win, Both teams to score y Lionel Messi to score",19,4.57,4.89,Argentina - Austria,2026-06-22 17:00:58,15.66,1,EUR,5,False,-0.06543967280163597,drifter,False
33890313,Player to score in 1st half,Jugador en meter gol en el 1º tiempo,Ferran,8,2.85,3.05,Spain - Cape Verde,2026-06-15 16:01:07,83.48,1,EUR,5,False,-0.06557377049180314,drifter,False
36966473,Team shots on target,Remates a puerta equipo,Bosnia And Herzegovina 5 or more,6,3.13,3.35,Switzerland - Bosnia And Herzegovina,2026-06-18 19:00:01,53.47,1,EUR,6,False,-0.06567164179104482,drifter,False
36966480,Team corners,Corners equipo,Australia 6 or more,20,6.4,6.85,Usa - Australia,2026-06-19 19:00:27,,2,,16,True,-0.0656934306569342,drifter,False
36024520,Match,Partido,Over 2.5 goals y Cristiano Ronaldo to score,12,2.13,2.28,Portugal - Democratic Republic of the Congo,2026-06-17 17:01:15,13.99,1,EUR,9,False,-0.06578947368421047,drifter,False
36966610,To score 2 or more goals (Star Substitute),Marcar 2 goles o más (Suplente Estrella),Amine Gouiri,16,8.5,9.1,Jordan - Algeria,2026-06-23 03:00:21,,2,,14,True,-0.06593406593406594,drifter,False
33890416,To be carded (only players and in play)(Star Substitute),Recibir tarjeta (sólo jugadores y en juego)(Suplente Estrella),Tchouameni,6,4.1,4.39,France - Senegal,2026-06-16 19:02:47,41.78,1,EUR,6,False,-0.06605922551252846,drifter,False
36966612,Anytime goalscorer (Star Substitute),Goleador durante el partido (Suplente Estrella),Barcola,15,2.12,2.27,France - Iraq,2026-06-22 21:00:42,,2,,12,True,-0.06607929515418497,drifter,False
36966480,Anytime goalscorer (Star Substitute),Goleador durante el partido (Suplente Estrella),Balogun,74,2.26,2.42,Usa - Australia,2026-06-19 19:00:27,695.89,1,EUR,57,False,-0.06611570247933886,drifter,False
36966550,Match corners,Corners durante el partido,11 or more,5,2.4,2.57,Ecuador - Curaçao,2026-06-21 00:00:04,,2,,5,True,-0.06614785992217902,drifter,False
36966466,Shots on target (Star Substitute),Remates a puerta Julián Quiñones (Suplente Estrella),2 or more,25,2.54,2.72,Mexico - South Korea,2026-06-19 01:00:38,104.72,1,EUR,16,False,-0.0661764705882353,drifter,False
33890291,Team corners,Corners equipo,Brazil 7 or more,13,2.54,2.72,Brazil - Morocco,2026-06-13 22:04:18,51.99,1,EUR,13,False,-0.0661764705882353,drifter,False
36024491,Shots on target (Star Substitute),Remates a puerta Tanitoluwa Oluwaseyi (Suplente Estrella),2 or more,6,2.82,3.02,Canada - Bosnia And Herzegovina,2026-06-12 19:02:13,84.0,1,EUR,5,False,-0.06622516556291387,drifter,False
33890309,Match,Partido,Over 2.5 goals y Over 7.5 corners,17,2.96,3.17,Usa - Paraguay,2026-06-13 01:02:10,,2,,17,True,-0.06624605678233442,drifter,False
33890211,Home-side combo (bet builder),Argentina,Argentina win y A goal in both halves,32,2.11,2.26,Argentina - Algeria,2026-06-17 01:02:37,65.84,1,EUR,29,False,-0.06637168141592917,drifter,False
36966592,Match,Partido,Over 2.5 goals y Over 7.5 corners,9,2.67,2.86,New Zealand - Egypt,2026-06-22 01:00:05,,2,,8,True,-0.06643356643356639,drifter,False
33890238,Match,Partido,Both teams to score y Over 7.5 corners,10,2.95,3.16,Mexico - South Africa,2026-06-11 19:05:51,,2,,10,True,-0.06645569620253171,drifter,False
36966486,To score 2 or more goals (Star Substitute),Marcar 2 goles o más (Suplente Estrella),Brahim,16,14.0,15.0,Scotland - Morocco,2026-06-19 22:00:07,199.07999999999998,1,EUR,14,False,-0.06666666666666662,drifter,False
36024480,To score 2 or more goals (Star Substitute),Marcar 2 goles o más (Suplente Estrella),Heung-Min Son,8,14.0,15.0,South Korea - Czech Republic,2026-06-12 02:00:54,115.18,1,EUR,8,False,-0.06666666666666662,drifter,False
36966593,Home-side combo (bet builder),Bélgica,"Belgium win, Over 2.5 goals y Lukaku to score",7,2.93,3.14,Belgium - Iran,2026-06-21 19:00:03,8.67,1,EUR,4,False,-0.0668789808917197,drifter,False
33890312,Saves (Star Substitute),Paradas Mohammed Al-Owais (Suplente Estrella),4 or more,11,2.23,2.39,Saudi Arabia - Uruguay,2026-06-15 22:03:57,158.95,1,EUR,11,False,-0.06694560669456075,drifter,False
33890313,Shots on target (Star Substitute),Remates a puerta Fabián Ruiz (Suplente Estrella),1 or more,12,1.53,1.64,Spain - Cape Verde,2026-06-15 16:01:07,407.21,1,EUR,11,False,-0.06707317073170735,drifter,False
33890305,Anytime goalscorer (Star Substitute),Goleador durante el partido (Suplente Estrella),Jordy Caicedo,7,3.47,3.72,Ivory Coast - Ecuador,2026-06-14 23:03:23,,2,,6,True,-0.06720430107526888,drifter,False
36966550,Home-side combo (bet builder),Ecuador,Ecuador win y A goal in both halves,23,1.52,1.63,Ecuador - Curaçao,2026-06-21 00:00:04,,2,,16,True,-0.06748466257668717,drifter,False
33890313,Shots on target (Star Substitute),Remates a puerta Oyarzabal (Suplente Estrella),2 or more,25,1.52,1.63,Spain - Cape Verde,2026-06-15 16:01:07,458.06,1,EUR,25,False,-0.06748466257668717,drifter,False
36024520,Match,Partido,Over 2.5 goals y Over 7.5 corners,29,2.07,2.22,Portugal - Democratic Republic of the Congo,2026-06-17 17:01:15,,2,,21,True,-0.06756756756756774,drifter,False
36966609,Match corners,Corners durante el partido,9 or more,21,1.92,2.06,Argentina - Austria,2026-06-22 17:00:58,,2,,17,True,-0.06796116504854374,drifter,False
36966609,Team corners,Corners equipo,Argentina 7 or more,12,2.87,3.08,Argentina - Austria,2026-06-22 17:00:58,146.59,1,EUR,12,False,-0.06818181818181811,drifter,False
36024520,Team corners,Corners equipo,Democratic Republic of the Congo 3 or more,8,1.5,1.61,Portugal - Democratic Republic of the Congo,2026-06-17 17:01:15,,2,,7,True,-0.06832298136645965,drifter,False
36966486,Match,Partido,Over 7.5 corners y Ismael Saibari to score,5,3.95,4.24,Scotland - Morocco,2026-06-19 22:00:07,14.65,1,EUR,5,False,-0.0683962264150943,drifter,False
36966611,Match,Partido,Over 2.5 goals y Over 7.5 corners,28,2.45,2.63,Norway - Senegal,2026-06-23 00:00:05,31.35,1,EUR,21,False,-0.06844106463878309,drifter,False
36966609,Match,Partido,Both teams to score y Lionel Messi to score,6,3.4,3.65,Argentina - Austria,2026-06-22 17:00:58,6.97,1,EUR,2,False,-0.06849315068493159,drifter,False
33890290,Match throw-ins,Saques de banda durante el partido,38 or more,5,1.9,2.04,Haiti - Scotland,2026-06-14 01:02:33,,2,,5,True,-0.06862745098039215,drifter,False
36966486,Away-side combo (bet builder),Marruecos,Morocco win y Brahim to score,16,4.07,4.37,Scotland - Morocco,2026-06-19 22:00:07,37.91,1,EUR,15,False,-0.068649885583524,drifter,False
36966593,Player to score in 1st half,Jugador en meter gol en el 1º tiempo,Trossard,9,6.1,6.55,Belgium - Iran,2026-06-21 19:00:03,12.4,1,EUR,2,False,-0.06870229007633594,drifter,False
36966485,Home-side combo (bet builder),Brasil,"Brazil win, Over 8.5 corners y Vinícius to score",11,2.44,2.62,Brazil - Haiti,2026-06-20 00:32:31,32.540000000000006,1,EUR,9,False,-0.06870229007633598,drifter,False
33890313,Home-side combo (bet builder),España,Spain wins at half time / Spain wins full time y Ferran to score,6,2.03,2.18,Spain - Cape Verde,2026-06-15 16:01:07,15.55,1,EUR,6,False,-0.06880733944954147,drifter,False
36966480,Anytime goalscorer (Star Substitute),Goleador durante el partido (Suplente Estrella),Pulisic,17,2.7,2.9,Usa - Australia,2026-06-19 19:00:27,16.07,1,EUR,7,False,-0.0689655172413792,drifter,False
37312355,Match corners,Corners durante el partido,10 or more,7,1.89,2.03,Almeria - Malaga,2026-06-20 19:32:16,114.36,1,EUR,7,False,-0.06896551724137934,drifter,False
37183511,Team corners,Corners equipo,Costa Rica 4 or more,8,3.9,4.19,England - Costa Rica,2026-06-10 21:03:46,,2,,8,True,-0.06921241050119349,drifter,False
33890444,Team corners,Corners equipo,Croatia 3 or more,8,1.21,1.3,England - Croatia,2026-06-17 20:00:04,,2,,8,True,-0.06923076923076935,drifter,False
33890259,Team exact bookings (only players and in play),Número de tarjetas equipo (solo jugadores y en juego),Switzerland 1 or more,9,1.21,1.3,Qatar - Switzerland,2026-06-13 19:04:43,12.83,1,EUR,9,False,-0.06923076923076935,drifter,False
36966486,Match shots on target,Remates a puerta durante el partido,10 or more,5,2.15,2.31,Scotland - Morocco,2026-06-19 22:00:07,,2,,5,True,-0.06926406926406926,drifter,False
36966640,To score 2 or more goals (Star Substitute),Marcar 2 goles o más (Suplente Estrella),Bruno Fernandes,8,9.4,10.1,Portugal - Uzbekistan,2026-06-23 17:00:06,18.8,1,EUR,7,False,-0.06930693069306927,drifter,False
36966611,Home-side combo (bet builder),Noruega,"Norway win, Over 2.5 goals y Haaland to score",13,4.56,4.9,Norway - Senegal,2026-06-23 00:00:05,,2,,9,True,-0.06938775510204098,drifter,False
33890211,To score or assist (Star Substitute),Marcar gol o asistir (Suplente Estrella),Lautaro Martínez,29,1.74,1.87,Argentina - Algeria,2026-06-17 01:02:37,,2,,25,True,-0.06951871657754019,drifter,False
37183511,Team corners,Corners equipo,Costa Rica 2 or more,11,1.47,1.58,England - Costa Rica,2026-06-10 21:03:46,20.41,1,EUR,8,False,-0.06962025316455703,drifter,False
36024518,Match penalty missed,Penalti fallado durante el partido,Yes,5,9.35,10.05,Iraq - Norway,2026-06-16 22:00:57,16.5,1,EUR,5,False,-0.0696517412935324,drifter,False
36024491,To score 2 or more goals (Star Substitute),Marcar 2 goles o más (Suplente Estrella),Jonathan David,14,9.35,10.05,Canada - Bosnia And Herzegovina,2026-06-12 19:02:13,,2,,14,True,-0.0696517412935324,drifter,False
33890298,Match corners,Corners durante el partido,10 or more,12,2.4,2.58,Iran - New Zealand,2026-06-16 01:03:48,,2,,11,True,-0.06976744186046524,drifter,False
37330423,1-X-2 / 2 goals Up,1-X-2 / Ventaja 2 goles,2,5,1.73,1.86,Ponte Preta - Gremio Novorizontino SP,2026-06-22 23:01:43,,2,,5,True,-0.0698924731182797,drifter,False
36966638,Match corners,Corners durante el partido,8 or more,56,1.46,1.57,England - Ghana,2026-06-23 20:00:08,,2,,46,True,-0.07006369426751592,drifter,False
33890220,Team corners,Corners equipo,Uzbekistan 3 or more,16,1.59,1.71,Uzbekistan - Colombia,2026-06-18 02:00:00,,2,,15,True,-0.07017543859649124,drifter,False
33890298,Match corners,Corners durante el partido,9 or more,17,1.85,1.99,Iran - New Zealand,2026-06-16 01:03:48,,2,,16,True,-0.07035175879396979,drifter,False
33890306,Match,Partido,Over 2.5 goals y Over 9.5 corners,8,1.71,1.84,Germany - Curaçao,2026-06-14 17:01:45,20.75,1,EUR,6,False,-0.07065217391304347,drifter,False
36966550,Match,Partido,Over 2.5 goals y Over 7.5 corners,10,1.84,1.98,Ecuador - Curaçao,2026-06-21 00:00:04,,2,,9,True,-0.0707070707070706,drifter,False
33890291,Home-side combo (bet builder),Brasil,"Brazil win, Over 2.5 goals y Vinícius to score",6,5.25,5.65,Brazil - Morocco,2026-06-13 22:04:18,36.5,1,EUR,6,False,-0.07079646017699111,drifter,False
33890238,Match corners,Corners durante el partido,11 or more,18,2.62,2.82,Mexico - South Africa,2026-06-11 19:05:51,,2,,18,True,-0.07092198581560273,drifter,False
36966640,Match,Partido,2-0 y Cristiano Ronaldo to score,6,8.5,9.15,Portugal - Uzbekistan,2026-06-23 17:00:06,10.25,1,EUR,4,False,-0.07103825136612024,drifter,False
36024518,Away-side combo (bet builder),Noruega,"Norway win, Over 2.5 goals y Haaland to score",27,1.83,1.97,Iraq - Norway,2026-06-16 22:00:57,,2,,21,True,-0.0710659898477157,drifter,False
36966485,Team corners,Corners equipo,Brazil 9 or more,11,2.22,2.39,Brazil - Haiti,2026-06-20 00:32:31,,2,,10,True,-0.07112970711297065,drifter,False
36024491,Shots on target (Star Substitute),Remates a puerta Ermedin Demirovic (Suplente Estrella),2 or more,7,4.17,4.49,Canada - Bosnia And Herzegovina,2026-06-12 19:02:13,182.26999999999998,1,EUR,7,False,-0.07126948775055689,drifter,False
36966550,goal scorer (Star Substitute),Jugador en meter el 1º gol (Suplente Estrella),Enner Valencia,8,3.51,3.78,Ecuador - Curaçao,2026-06-21 00:00:04,,2,,8,True,-0.0714285714285713,drifter,False
33890309,Match shots on target,Remates a puerta durante el partido,8 or more,5,1.3,1.4,Usa - Paraguay,2026-06-13 01:02:10,,2,,5,True,-0.07142857142857133,drifter,False
36024518,Away-side combo (bet builder),Noruega,Norway win y Sorloth to score,16,2.08,2.24,Iraq - Norway,2026-06-16 22:00:57,26.049999999999997,1,EUR,14,False,-0.07142857142857141,drifter,False
36966591,To score 2 or more goals (Star Substitute),Marcar 2 goles o más (Suplente Estrella),Pedri,6,26.0,28.0,Spain - Saudi Arabia,2026-06-21 16:00:48,68.5,1,EUR,6,False,-0.07142857142857154,drifter,False
33890304,1st half: Team corners,1º tiempo: Corners equipo,Netherlands 3 or more,5,1.8,1.94,Netherlands - Japan,2026-06-14 20:00:08,36.5,1,EUR,5,False,-0.07216494845360819,drifter,False
36966640,To score from outside the box (Star Substitute),Marcar gol desde fuera del área (Suplente Estrella),Cristiano Ronaldo,9,7.7,8.3,Portugal - Uzbekistan,2026-06-23 17:00:06,160.22,1,EUR,8,False,-0.07228915662650605,drifter,False
36966480,1st half: Corners,1º tiempo: Corners,7 or more,7,4.49,4.84,Usa - Australia,2026-06-19 19:00:27,107.0,1,EUR,7,False,-0.07231404958677677,drifter,False
36024491,1st half: Team corners,1º tiempo: Corners equipo,Bosnia And Herzegovina 2 or more,7,2.05,2.21,Canada - Bosnia And Herzegovina,2026-06-12 19:02:13,,2,,5,True,-0.07239819004524894,drifter,False
36966469,Home-side combo (bet builder),República Checa,Czech Republic win y Patrik Schick to score,21,3.2,3.45,Czech Republic - South Africa,2026-06-18 16:00:09,91.88,1,EUR,17,False,-0.07246376811594199,drifter,False
36966480,Home-side combo (bet builder),Estados Unidos,Usa win y Over 2.5 goals,49,2.55,2.75,Usa - Australia,2026-06-19 19:00:27,386.55,1,EUR,29,False,-0.07272727272727282,drifter,False
37275587,Team corners,Corners equipo,Malaga 5 or more,20,1.4,1.51,Malaga - Almeria,2026-06-14 19:02:16,122.95,1,EUR,17,False,-0.07284768211920524,drifter,False
37275587,Team corners,Corners equipo,Almeria 4 or more,19,1.4,1.51,Malaga - Almeria,2026-06-14 19:02:16,,2,,14,True,-0.07284768211920524,drifter,False
37275587,Match corners,Corners durante el partido,9 or more,15,1.4,1.51,Malaga - Almeria,2026-06-14 19:02:16,359.9,1,EUR,14,False,-0.07284768211920524,drifter,False
36966612,Home-side combo (bet builder),Francia,"France win, Over 8.5 corners y Tchouameni to be booked",5,11.65,12.57,France - Iraq,2026-06-22 21:00:42,7.25,1,EUR,5,False,-0.0731901352426412,drifter,False
37278935,Home-side combo (bet builder),Tampereen Ilves,Tampereen Ilves to win both halves y Over 3.5 goals,13,5.93,6.4,Tampereen Ilves - FF Jaro,2026-06-17 15:00:54,0.63,1,EUR,2,False,-0.07343750000000006,drifter,False
33890304,1st half: Team corners,1º tiempo: Corners equipo,Netherlands 4 or more,7,2.9,3.13,Netherlands - Japan,2026-06-14 20:00:08,52.29,1,EUR,5,False,-0.07348242811501607,drifter,False
33890309,To score or assist (Star Substitute),Marcar gol o asistir (Suplente Estrella),Weston McKennie,7,2.9,3.13,Usa - Paraguay,2026-06-13 01:02:10,47.27,1,EUR,7,False,-0.07348242811501607,drifter,False
36024520,Match,Partido,"Over 2.5 goals, Over 8.5 corners y Cristiano Ronaldo to score",5,3.15,3.4,Portugal - Democratic Republic of the Congo,2026-06-17 17:01:15,11.36,1,EUR,4,False,-0.0735294117647058,drifter,False
33890291,Home-side combo (bet builder),Brasil,"Brazil win, Both teams to score y Over 8.5 corners",5,5.65,6.1,Brazil - Morocco,2026-06-13 22:04:18,13.84,1,EUR,4,False,-0.07377049180327859,drifter,False
36966593,goal scorer (Star Substitute),Jugador en meter el 1º gol (Suplente Estrella),Lukaku,14,3.88,4.19,Belgium - Iran,2026-06-21 19:00:03,486.41999999999996,1,EUR,12,False,-0.07398568019093094,drifter,False
36024518,Match,Partido,Over 2.5 goals y Haaland to score,12,1.75,1.89,Iraq - Norway,2026-06-16 22:00:57,25.02,1,EUR,11,False,-0.07407407407407388,drifter,False
36024492,1st half: Team corners,1º tiempo: Corners equipo,Australia 2 or more,7,1.75,1.89,Australia - Turkey,2026-06-14 04:00:30,,2,,2,True,-0.07407407407407388,drifter,False
33890309,goal scorer (Star Substitute),Jugador en meter el 1º gol (Suplente Estrella),Tonny Sanabria,5,8.1,8.75,Usa - Paraguay,2026-06-13 01:02:10,20.8,1,EUR,2,False,-0.07428571428571437,drifter,False
36966486,goal scorer (Star Substitute),Jugador en meter el 1º gol (Suplente Estrella),Ismael Saibari,9,5.6,6.05,Scotland - Morocco,2026-06-19 22:00:07,121.0,1,EUR,8,False,-0.07438016528925619,drifter,False
36024520,To score or assist (Star Substitute),Marcar gol o asistir (Suplente Estrella),Bruno Fernandes,73,1.61,1.74,Portugal - Democratic Republic of the Congo,2026-06-17 17:01:15,,2,,50,True,-0.0747126436781609,drifter,False
33890416,Team Shots,Remates equipo,France 16 or more,7,1.48,1.6,France - Senegal,2026-06-16 19:02:47,,2,,6,True,-0.07499999999999997,drifter,False
33890305,Match penalty missed,Penalti fallado durante el partido,Yes,9,11.1,12.0,Ivory Coast - Ecuador,2026-06-14 23:03:23,,2,,7,True,-0.07500000000000015,drifter,False
33890304,To Score a Header (Star Substitute),Marcar gol con la cabeza (Suplente Estrella),Virgil Van Dijk,7,11.1,12.0,Netherlands - Japan,2026-06-14 20:00:08,70.38,1,EUR,6,False,-0.07500000000000015,drifter,False
33890211,Team goals,Goles equipo,Argentina 2 or more,7,1.6,1.73,Argentina - Algeria,2026-06-17 01:02:37,9.0,1,EUR,7,False,-0.07514450867052017,drifter,False
33890444,1st half: Team corners,1º tiempo: Corners equipo,Croatia 3 or more,6,3.78,4.09,England - Croatia,2026-06-17 20:00:04,44.75,1,EUR,5,False,-0.07579462102689495,drifter,False
33890312,To score 2 or more goals (Star Substitute),Marcar 2 goles o más (Suplente Estrella),Darwin Nunez,12,6.7,7.25,Saudi Arabia - Uruguay,2026-06-15 22:03:57,,2,,10,True,-0.07586206896551717,drifter,False
36966549,Match corners,Corners durante el partido,11 or more,19,2.31,2.5,Netherlands - Sweden,2026-06-20 17:00:05,,2,,12,True,-0.07599999999999994,drifter,False
36024520,Home-side combo (bet builder),Portugal,Portugal wins at half time / Portugal wins full time y Cristiano Ronaldo to score,7,2.31,2.5,Portugal - Democratic Republic of the Congo,2026-06-17 17:01:15,12.07,1,EUR,7,False,-0.07599999999999994,drifter,False
36966550,Team corners,Corners equipo,Ecuador 6 or more,41,1.33,1.44,Ecuador - Curaçao,2026-06-21 00:00:04,,2,,39,True,-0.07638888888888887,drifter,False
36966610,Match,Partido,Over 2.5 goals y Over 7.5 corners,8,2.66,2.88,Jordan - Algeria,2026-06-23 03:00:21,42.519999999999996,1,EUR,7,False,-0.07638888888888887,drifter,False
33890299,To score or assist (Star Substitute),Marcar gol o asistir (Suplente Estrella),Doku,86,1.81,1.96,Belgium - Egypt,2026-06-15 19:00:29,,2,,66,True,-0.07653061224489799,drifter,False
33890291,1st half: Corners,1º tiempo: Corners,5 or more,6,2.05,2.22,Brazil - Morocco,2026-06-13 22:04:18,37.2,1,EUR,5,False,-0.07657657657657677,drifter,False
37233846,To score 2 or more goals (Star Substitute),Marcar 2 goles o más (Suplente Estrella),Bruno Fernandes,6,12.0,13.0,Portugal - Nigeria,2026-06-10 19:49:08,1.88,1,EUR,3,False,-0.07692307692307682,drifter,False
36971426,To score 2 or more goals (Star Substitute),Marcar 2 goles o más (Suplente Estrella),Akturkoglu,9,12.0,13.0,Turkey - Paraguay,2026-06-20 03:00:03,,2,,7,True,-0.07692307692307682,drifter,False
36966611,Player to score in fisrt ten minutes (from 0:00 to 9:59),Jugador en meter gol en los 10 primeros minutos (del 0:00 al 9:59),Haaland,15,12.0,13.0,Norway - Senegal,2026-06-23 00:00:05,43.4,1,EUR,14,False,-0.07692307692307682,drifter,False
36966549,To score 2 or more goals (Star Substitute),Marcar 2 goles o más (Suplente Estrella),Isak,13,12.0,13.0,Netherlands - Sweden,2026-06-20 17:00:05,93.19999999999999,1,EUR,9,False,-0.07692307692307682,drifter,False
33890291,To score 2 or more goals (Star Substitute),Marcar 2 goles o más (Suplente Estrella),Endrick,5,12.0,13.0,Brazil - Morocco,2026-06-13 22:04:18,27.65,1,EUR,5,False,-0.07692307692307682,drifter,False
36024520,Player headed shots on target (Star Substitute),Remates a puerta con la cabeza Cristiano Ronaldo (Suplente Estrella),2 or more,13,12.0,13.0,Portugal - Democratic Republic of the Congo,2026-06-17 17:01:15,37.4,1,EUR,12,False,-0.07692307692307682,drifter,False
33890312,Team exact bookings (only players and in play),Número de tarjetas equipo (solo jugadores y en juego),Saudi Arabia 2 or more,13,1.32,1.43,Saudi Arabia - Uruguay,2026-06-15 22:03:57,,2,,11,True,-0.07692307692307682,drifter,False
36024520,To score 2 or more goals (Star Substitute),Marcar 2 goles o más (Suplente Estrella),Bruno Fernandes,9,12.0,13.0,Portugal - Democratic Republic of the Congo,2026-06-17 17:01:15,5.9399999999999995,1,EUR,8,False,-0.07692307692307682,drifter,False
33890416,Team exact bookings (only players and in play),Número de tarjetas equipo (solo jugadores y en juego),France 3 or more,10,3.6,3.9,France - Senegal,2026-06-16 19:02:47,4.73,1,EUR,3,False,-0.07692307692307684,drifter,False
33890304,Home-side combo (bet builder),Países Bajos,Netherlands win y Ayase Ueda to score,6,10.8,11.7,Netherlands - Japan,2026-06-14 20:00:08,3.3899999999999997,1,EUR,2,False,-0.07692307692307686,drifter,False
37312355,Match,Partido,Both teams to score y Over 7.5 corners,28,2.04,2.21,Almeria - Malaga,2026-06-20 19:32:16,25.71,1,EUR,22,False,-0.07692307692307689,drifter,False
33890306,Home-side combo (bet builder),Alemania,"Germany win, Over 2.5 goals y Over 8.5 corners",12,1.44,1.56,Germany - Curaçao,2026-06-14 17:01:45,,2,,11,True,-0.07692307692307697,drifter,False
33890312,Away-side combo (bet builder),Uruguay,Uruguay to win 1st half y Uruguay to win 2nd half,6,3.82,4.14,Saudi Arabia - Uruguay,2026-06-15 22:03:57,,2,,6,True,-0.07729468599033809,drifter,False
33890313,Anytime goalscorer (Star Substitute),Goleador durante el partido (Suplente Estrella),Ferran,75,1.67,1.81,Spain - Cape Verde,2026-06-15 16:01:07,,2,,66,True,-0.07734806629834258,drifter,False
36966591,Shots on target (Star Substitute),Remates a puerta Lamine Yamal (Suplente Estrella),2 or more,40,1.55,1.68,Spain - Saudi Arabia,2026-06-21 16:00:48,,2,,39,True,-0.07738095238095237,drifter,False
37238914,Anytime goalscorer (Star Substitute),Goleador durante el partido (Suplente Estrella),Jese,15,3.57,3.87,Malaga - Las Palmas,2026-06-10 19:01:06,134.14,1,EUR,12,False,-0.07751937984496134,drifter,False
33890305,Team corners,Corners equipo,Ecuador 5 or more,9,1.9,2.06,Ivory Coast - Ecuador,2026-06-14 23:03:23,,2,,8,True,-0.0776699029126213,drifter,False
33890211,Home-side combo (bet builder),Argentina,Argentina to win 1st half y Argentina to win 2nd half,15,3.56,3.86,Argentina - Algeria,2026-06-17 01:02:37,10.56,1,EUR,8,False,-0.07772020725388597,drifter,False
36971426,To score or assist (Star Substitute),Marcar gol o asistir (Suplente Estrella),Kenan Yildiz,5,2.37,2.57,Turkey - Paraguay,2026-06-20 03:00:03,2.98,1,EUR,5,False,-0.07782101167315164,drifter,False
33890306,Team goals,Goles equipo,Germany 5 or more,7,2.6,2.82,Germany - Curaçao,2026-06-14 17:01:45,,2,,5,True,-0.07801418439716301,drifter,False
36966640,To score 2 or more goals (Star Substitute),Marcar 2 goles o más (Suplente Estrella),João Félix,8,4.84,5.25,Portugal - Uzbekistan,2026-06-23 17:00:06,32.42,1,EUR,8,False,-0.07809523809523818,drifter,False
36024520,Home-side combo (bet builder),Portugal,Portugal win y Cristiano Ronaldo to score,77,1.77,1.92,Portugal - Democratic Republic of the Congo,2026-06-17 17:01:15,,2,,63,True,-0.07812499999999996,drifter,False
36966593,1-X-2 / 2 goals Up,1-X-2 / Ventaja 2 goles,2,28,6.96,7.55,Belgium - Iran,2026-06-21 19:00:03,54.92,1,EUR,4,False,-0.07814569536423828,drifter,False
33890419,Match penalty missed,Penalti fallado durante el partido,Yes,6,10.0,10.85,Ghana - Panama,2026-06-17 23:00:50,12.15,1,EUR,6,False,-0.07834101382488481,drifter,False
33890211,Match,Partido,Over 2.5 goals y Over 7.5 corners,43,2.7,2.93,Argentina - Algeria,2026-06-17 01:02:37,60.65,1,EUR,23,False,-0.07849829351535839,drifter,False
33890305,Team corners,Corners equipo,Ivory Coast 3 or more,16,1.29,1.4,Ivory Coast - Ecuador,2026-06-14 23:03:23,,2,,16,True,-0.07857142857142847,drifter,False
33890313,Home-side combo (bet builder),España,A goal in both halves y Oyarzabal 2 or more shots on target,8,1.87,2.03,Spain - Cape Verde,2026-06-15 16:01:07,91.82,1,EUR,8,False,-0.07881773399014752,drifter,False
36966480,Match corners,Corners durante el partido,9 or more,30,1.75,1.9,Usa - Australia,2026-06-19 19:00:27,,2,,29,True,-0.07894736842105263,drifter,False
36966591,Hat trick (three or more goals) (Star Substitute),Hat trick (tres o más goles) (Suplente Estrella),Oyarzabal,30,11.05,12.0,Spain - Saudi Arabia,2026-06-21 16:00:48,,2,,22,True,-0.07916666666666669,drifter,False
36966466,To score 2 or more goals (Star Substitute),Marcar 2 goles o más (Suplente Estrella),Raúl Jiménez,17,11.05,12.0,Mexico - South Korea,2026-06-19 01:00:38,,2,,12,True,-0.07916666666666669,drifter,False
36966609,Home-side combo (bet builder),Argentina,"Argentina win, Over 2.5 goals y Over 8.5 corners",28,4.52,4.91,Argentina - Austria,2026-06-22 17:00:58,225.01,1,EUR,21,False,-0.079429735234216,drifter,False
36024520,1st half: Team corners,1º tiempo: Corners equipo,Democratic Republic of the Congo 3 or more,8,6.95,7.55,Portugal - Democratic Republic of the Congo,2026-06-17 17:01:15,52.75,1,EUR,8,False,-0.07947019867549658,drifter,False
36024520,1st half: Team corners,1º tiempo: Corners equipo,Democratic Republic of the Congo 2 or more,10,2.88,3.13,Portugal - Democratic Republic of the Congo,2026-06-17 17:01:15,178.95,1,EUR,7,False,-0.07987220447284346,drifter,False
36024480,1st half: Team corners,1º tiempo: Corners equipo,Czech Republic 2 or more,5,1.61,1.75,South Korea - Czech Republic,2026-06-12 02:00:54,38.19,1,EUR,4,False,-0.07999999999999997,drifter,False
36966550,Team corners,Corners equipo,Curaçao 5 or more,5,6.3,6.85,Ecuador - Curaçao,2026-06-21 00:00:04,9.75,1,EUR,5,False,-0.08029197080291955,drifter,False
33890312,Team exact bookings (only players and in play),Número de tarjetas equipo (solo jugadores y en juego),Saudi Arabia 3 or more,5,2.06,2.24,Saudi Arabia - Uruguay,2026-06-15 22:03:57,,2,,5,True,-0.08035714285714293,drifter,False
36024492,Match corners,Corners durante el partido,11 or more,6,2.4,2.61,Australia - Turkey,2026-06-14 04:00:30,,2,,5,True,-0.08045977011494254,drifter,False
33890312,Anytime goalscorer (Star Substitute),Goleador durante el partido (Suplente Estrella),Valverde,35,3.65,3.97,Saudi Arabia - Uruguay,2026-06-15 22:03:57,,2,,28,True,-0.08060453400503773,drifter,False
33890313,1st half: Shots on target,Oyarzabal,1 or more,8,1.48,1.61,Spain - Cape Verde,2026-06-15 16:01:07,,2,,8,True,-0.08074534161490687,drifter,False
33890313,1st Half: Team Cards (only players and in play),1º tiempo: Tarjetas equipo (solo jugadores y en juego),Cape Verde 1 or more,6,1.59,1.73,Spain - Cape Verde,2026-06-15 16:01:07,28.229999999999997,1,EUR,5,False,-0.08092485549132937,drifter,False
36024520,To score or assist (Star Substitute),Marcar gol o asistir (Suplente Estrella),João Félix,5,1.7,1.85,Portugal - Democratic Republic of the Congo,2026-06-17 17:01:15,,2,,5,True,-0.08108108108108125,drifter,False
36024520,Home-side combo (bet builder),Portugal,Portugal win y Cristiano Ronaldo first goalscorer,5,3.51,3.82,Portugal - Democratic Republic of the Congo,2026-06-17 17:01:15,2.7800000000000002,1,EUR,5,False,-0.081151832460733,drifter,False
33890416,To score 2 or more goals (Star Substitute),Marcar 2 goles o más (Suplente Estrella),Ousmane Dembele,14,10.75,11.7,France - Senegal,2026-06-16 19:02:47,,2,,12,True,-0.08119658119658117,drifter,False
36966638,Anytime goalscorer (Star Substitute),Goleador durante el partido (Suplente Estrella),Antoine Semenyo,13,6.2,6.75,England - Ghana,2026-06-23 20:00:08,91.45,1,EUR,13,False,-0.0814814814814815,drifter,False
33890211,1st half: Team corners,1º tiempo: Corners equipo,Argentina 5 or more,7,5.05,5.5,Argentina - Algeria,2026-06-17 01:02:37,,2,,7,True,-0.08181818181818183,drifter,False
33890291,Match,Partido,2-1 y Vinícius to score,5,18.36,20.0,Brazil - Morocco,2026-06-13 22:04:18,26.0,1,EUR,5,False,-0.082,drifter,False
33890309,Match,Partido,Both teams to score y Over 9.5 corners,5,4.03,4.39,Usa - Paraguay,2026-06-13 01:02:10,30.37,1,EUR,5,False,-0.08200455580865589,drifter,False
36966591,goal scorer (Star Substitute),Jugador en meter el 1º gol (Suplente Estrella),Lamine Yamal,30,4.35,4.74,Spain - Saudi Arabia,2026-06-21 16:00:48,,2,,26,True,-0.08227848101265843,drifter,False
36966466,Match corners,Corners durante el partido,10 or more,8,2.23,2.43,Mexico - South Korea,2026-06-19 01:00:38,,2,,8,True,-0.08230452674897132,drifter,False
33890238,Match corners,Corners durante el partido,12 or more,12,3.33,3.63,Mexico - South Africa,2026-06-11 19:05:51,271.0,1,EUR,12,False,-0.08264462809917354,drifter,False
36966486,Team exact bookings (only players and in play),Número de tarjetas equipo (solo jugadores y en juego),Scotland 2 or more,7,1.33,1.45,Scotland - Morocco,2026-06-19 22:00:07,,2,,5,True,-0.08275862068965506,drifter,False
36966486,Team exact bookings (only players and in play),Número de tarjetas equipo (solo jugadores y en juego),Scotland 4 or more,5,3.98,4.34,Scotland - Morocco,2026-06-19 22:00:07,49.34,1,EUR,5,False,-0.08294930875576029,drifter,False
33890304,Anytime goalscorer (Star Substitute),Goleador durante el partido (Suplente Estrella),Malen,25,2.87,3.13,Netherlands - Japan,2026-06-14 20:00:08,155.07,1,EUR,22,False,-0.08306709265175714,drifter,False
36966593,Anytime goalscorer (Star Substitute),Goleador durante el partido (Suplente Estrella),Trossard,12,2.98,3.25,Belgium - Iran,2026-06-21 19:00:03,,2,,12,True,-0.08307692307692306,drifter,False
36024492,To score 2 or more goals (Star Substitute),Marcar 2 goles o más (Suplente Estrella),Akturkoglu,7,11.0,12.0,Australia - Turkey,2026-06-14 04:00:30,,2,,5,True,-0.08333333333333341,drifter,False
33890312,Player to score with left foot,Marcar gol con la pierna izquierda,Maximiliano Araújo,8,5.5,6.0,Saudi Arabia - Uruguay,2026-06-15 22:03:57,0.4,1,EUR,1,False,-0.08333333333333341,drifter,False
33890304,To score or assist (Star Substitute),Marcar gol o asistir (Suplente Estrella),Memphis Depay,14,1.86,2.03,Netherlands - Japan,2026-06-14 20:00:08,127.05,1,EUR,12,False,-0.08374384236453185,drifter,False
33890210,Home-side combo (bet builder),Austria,Austria win y Over 2.5 goals,24,1.96,2.14,Austria - Jordan,2026-06-17 04:02:52,4.05,1,EUR,8,False,-0.0841121495327103,drifter,False
36024518,Team corners,Corners equipo,Iraq 4 or more,17,3.7,4.04,Iraq - Norway,2026-06-16 22:00:57,116.83000000000001,1,EUR,15,False,-0.08415841584158402,drifter,False
33890210,goal scorer (Star Substitute),Jugador en meter el 1º gol (Suplente Estrella),Arnautovic,5,3.91,4.27,Austria - Jordan,2026-06-17 04:02:52,,2,,5,True,-0.08430913348946137,drifter,False
36966466,Match corners,Corners durante el partido,8 or more,42,1.52,1.66,Mexico - South Korea,2026-06-19 01:00:38,,2,,39,True,-0.08433734939759034,drifter,False
36966550,Team corners,Corners equipo,Ecuador 9 or more,22,2.49,2.72,Ecuador - Curaçao,2026-06-21 00:00:04,269.98,1,EUR,7,False,-0.0845588235294117,drifter,False
33890298,Match corners,Corners durante el partido,8 or more,41,1.51,1.65,Iran - New Zealand,2026-06-16 01:03:48,,2,,39,True,-0.0848484848484849,drifter,False
33890309,Team corners,Corners equipo,Paraguay 6 or more,8,3.23,3.53,Usa - Paraguay,2026-06-13 01:02:10,407.97,1,EUR,7,False,-0.08498583569405103,drifter,False
36966612,Home-side combo (bet builder),Francia,France win y Michael Olise 1 or more assists,25,1.83,2.0,France - Iraq,2026-06-22 21:00:42,38.47,1,EUR,19,False,-0.0849999999999999,drifter,False
36024520,Anytime goalscorer (Star Substitute),Goleador durante el partido (Suplente Estrella),Cristiano Ronaldo,218,1.61,1.76,Portugal - Democratic Republic of the Congo,2026-06-17 17:01:15,,3,,192,True,-0.08522727272727257,drifter,False
36966480,Saves (Star Substitute),Paradas Mathew Ryan (Suplente Estrella),4 or more,5,1.93,2.11,Usa - Australia,2026-06-19 19:00:27,30.060000000000002,1,EUR,4,False,-0.08530805687203802,drifter,False
36024520,Match corners,Corners durante el partido,9 or more,80,1.5,1.64,Portugal - Democratic Republic of the Congo,2026-06-17 17:01:15,,2,,70,True,-0.08536585365853655,drifter,False
36966591,Match corners,Corners durante el partido,10 or more,91,1.5,1.64,Spain - Saudi Arabia,2026-06-21 16:00:48,,2,,78,True,-0.08536585365853655,drifter,False
33890313,Team exact bookings (only players and in play),Número de tarjetas equipo (solo jugadores y en juego),Spain 1 or more,10,1.5,1.64,Spain - Cape Verde,2026-06-15 16:01:07,,2,,9,True,-0.08536585365853655,drifter,False
33890306,Hat trick (three or more goals) (Star Substitute),Hat trick (tres o más goles) (Suplente Estrella),Havertz,36,8.55,9.35,Germany - Curaçao,2026-06-14 17:01:45,467.44,1,EUR,32,False,-0.08556149732620318,drifter,False
36024493,Team corners,Corners equipo,Tunisia 4 or more,17,1.6,1.75,Sweden - Tunisia,2026-06-15 02:00:33,,2,,13,True,-0.08571428571428577,drifter,False
33890299,To score 2 or more goals (Star Substitute),Marcar 2 goles o más (Suplente Estrella),Lukaku,10,6.9,7.55,Belgium - Egypt,2026-06-15 19:00:29,71.35,1,EUR,9,False,-0.08609271523178805,drifter,False
36024518,Away-side combo (bet builder),Noruega,Norway win y Merchas Doski to be booked,5,4.35,4.76,Iraq - Norway,2026-06-16 22:00:57,11.06,1,EUR,2,False,-0.08613445378151269,drifter,False
36966591,To score 2 or more goals (Star Substitute),Marcar 2 goles o más (Suplente Estrella),Lamine Yamal,93,4.98,5.45,Spain - Saudi Arabia,2026-06-21 16:00:48,,2,,83,True,-0.08623853211009169,drifter,False
33890290,Team exact bookings (only players and in play),Número de tarjetas equipo (solo jugadores y en juego),Haiti 2 or more,10,1.27,1.39,Haiti - Scotland,2026-06-14 01:02:33,,2,,10,True,-0.08633093525179839,drifter,False
36024491,Team corners,Corners equipo,Bosnia And Herzegovina 6 or more,9,4.75,5.2,Canada - Bosnia And Herzegovina,2026-06-12 19:02:13,,2,,9,True,-0.08653846153846156,drifter,False
33890444,To score 2 or more goals (Star Substitute),Marcar 2 goles o más (Suplente Estrella),Bellingham,8,21.0,23.0,England - Croatia,2026-06-17 20:00:04,45.3,1,EUR,8,False,-0.0869565217391304,drifter,False
36966640,Player to win a penalty,Jugador en provocar un penalti,Cristiano Ronaldo,9,21.0,23.0,Portugal - Uzbekistan,2026-06-23 17:00:06,,2,,8,True,-0.0869565217391304,drifter,False
33890444,To score 2 or more goals (Star Substitute),Marcar 2 goles o más (Suplente Estrella),Budimir,7,21.0,23.0,England - Croatia,2026-06-17 20:00:04,28.8,1,EUR,6,False,-0.0869565217391304,drifter,False
36024491,Player to score in fisrt ten minutes (from 0:00 to 9:59),Jugador en meter gol en los 10 primeros minutos (del 0:00 al 9:59),Ermedin Demirovic,5,21.0,23.0,Canada - Bosnia And Herzegovina,2026-06-12 19:02:13,49.05,1,EUR,5,False,-0.0869565217391304,drifter,False
36966485,Shots on target (Star Substitute),Remates a puerta Raphinha (Suplente Estrella),2 or more,48,1.89,2.07,Brazil - Haiti,2026-06-20 00:32:31,,2,,33,True,-0.0869565217391305,drifter,False
33890444,Home-side combo (bet builder),Inglaterra,"England win, Over 8.5 corners y Harry Kane to score a Hat trick (three or more goals)",5,47.64,52.18,England - Croatia,2026-06-17 20:00:04,7.8,1,EUR,5,False,-0.08700651590647761,drifter,False
36966591,Match corners,Corners durante el partido,11 or more,25,1.78,1.95,Spain - Saudi Arabia,2026-06-21 16:00:48,,2,,24,True,-0.08717948717948713,drifter,False
36966612,Home-side combo (bet builder),Francia,Mbappe to score y Barcola to score,6,2.92,3.2,France - Iraq,2026-06-22 21:00:42,53.54,1,EUR,6,False,-0.08749999999999995,drifter,False
36966480,Match penalty missed,Penalti fallado durante el partido,Yes,11,9.9,10.85,Usa - Australia,2026-06-19 19:00:27,,2,,9,True,-0.0875576036866359,drifter,False
33890309,Match penalty missed,Penalti fallado durante el partido,Yes,8,9.9,10.85,Usa - Paraguay,2026-06-13 01:02:10,,2,,7,True,-0.0875576036866359,drifter,False
36024493,Home-side combo (bet builder),Suecia,Sweden win y Viktor Gyokeres 2 or more shots on target,11,3.12,3.42,Sweden - Tunisia,2026-06-15 02:00:33,,2,,9,True,-0.087719298245614,drifter,False
33890304,2nd Half: Team Cards (only players and in play),2º tiempo: Tarjetas equipo (solo jugadores y en juego),Japan 2 or more,6,2.07,2.27,Netherlands - Japan,2026-06-14 20:00:08,1.25,1,EUR,2,False,-0.0881057268722468,drifter,False
36966469,To score 2 or more goals (Star Substitute),Marcar 2 goles o más (Suplente Estrella),Patrik Schick,36,8.75,9.6,Czech Republic - South Africa,2026-06-18 16:00:09,,2,,27,True,-0.0885416666666666,drifter,False
33890306,To score 2 or more goals (Star Substitute),Marcar 2 goles o más (Suplente Estrella),Deniz Undav,10,3.08,3.38,Germany - Curaçao,2026-06-14 17:01:45,73.82,1,EUR,8,False,-0.0887573964497041,drifter,False
37238914,1-X-2 / 2 goals Up,1-X-2 / Ventaja 2 goles,2,7,3.28,3.6,Malaga - Las Palmas,2026-06-10 19:01:06,183.71,1,EUR,6,False,-0.08888888888888882,drifter,False
36966485,Team to score a penalty,Equipo en marcar gol de penalti durante el partido,Brazil,13,3.17,3.48,Brazil - Haiti,2026-06-20 00:32:31,,2,,12,True,-0.08908045977011494,drifter,False
36966466,goal scorer (Star Substitute),Jugador en meter el 1º gol (Suplente Estrella),Raúl Jiménez,6,5.1,5.6,Mexico - South Korea,2026-06-19 01:00:38,49.5,1,EUR,5,False,-0.08928571428571438,drifter,False
36024520,Home-side combo (bet builder),Portugal,"Portugal win, Over 3.5 goals y Cristiano Ronaldo to score",8,3.77,4.14,Portugal - Democratic Republic of the Congo,2026-06-17 17:01:15,20.58,1,EUR,6,False,-0.08937198067632852,drifter,False
36966486,1-X-2 / 2 goals Up,1-X-2 / Ventaja 2 goles,1,21,4.89,5.37,Scotland - Morocco,2026-06-19 22:00:07,,2,,15,True,-0.08938547486033523,drifter,False
37312355,Match corners,Corners durante el partido,12 or more,6,2.85,3.13,Almeria - Malaga,2026-06-20 19:32:16,19.07,1,EUR,6,False,-0.08945686900958465,drifter,False
36966591,Team exact bookings (only players and in play),Número de tarjetas equipo (solo jugadores y en juego),Spain 3 or more,9,7.1,7.8,Spain - Saudi Arabia,2026-06-21 16:00:48,17.97,1,EUR,6,False,-0.08974358974358967,drifter,False
36966480,Team goals,Goles equipo,Usa 2 or more,12,1.82,2.0,Usa - Australia,2026-06-19 19:00:27,,2,,10,True,-0.0899999999999999,drifter,False
33890306,Team corners,Corners equipo,Curaçao 3 or more,49,2.93,3.22,Germany - Curaçao,2026-06-14 17:01:45,,2,,45,True,-0.09006211180124223,drifter,False
36966591,1st Half: Team Cards (only players and in play),1º tiempo: Tarjetas equipo (solo jugadores y en juego),Saudi Arabia 1 or more,5,1.51,1.66,Spain - Saudi Arabia,2026-06-21 16:00:48,,2,,5,True,-0.09036144578313252,drifter,False
36024491,Home-side combo (bet builder),Canadá,Canada win y Jonathan David to score,15,3.12,3.43,Canada - Bosnia And Herzegovina,2026-06-12 19:02:13,58.64,1,EUR,14,False,-0.09037900874635574,drifter,False
33890313,1st half: Team corners,1º tiempo: Corners equipo,Cape Verde 1 or more,15,1.61,1.77,Spain - Cape Verde,2026-06-15 16:01:07,,2,,10,True,-0.0903954802259886,drifter,False
33890305,Match corners,Corners durante el partido,9 or more,17,1.9,2.09,Ivory Coast - Ecuador,2026-06-14 23:03:23,,2,,16,True,-0.09090909090909076,drifter,False
33890291,Team goals,Goles equipo,Brazil 2 or more,8,1.9,2.09,Brazil - Morocco,2026-06-13 22:04:18,,2,,8,True,-0.09090909090909076,drifter,False
33890291,1st half: Corners,1º tiempo: Corners,7 or more,5,4.4,4.84,Brazil - Morocco,2026-06-13 22:04:18,19.16,1,EUR,3,False,-0.09090909090909086,drifter,False
33890419,1-X-2 / 2 goals Up,1-X-2 / Ventaja 2 goles,1,228,2.1,2.31,Ghana - Panama,2026-06-17 23:00:50,,2,,135,True,-0.09090909090909087,drifter,False
36966485,Team corners,Corners equipo,Brazil 10 or more,6,2.8,3.08,Brazil - Haiti,2026-06-20 00:32:31,,2,,6,True,-0.09090909090909094,drifter,False
36024492,Shots on target (Star Substitute),Remates a puerta Calhanoglu (Suplente Estrella),2 or more,6,4.3,4.73,Australia - Turkey,2026-06-14 04:00:30,0.92,1,EUR,2,False,-0.09090909090909098,drifter,False
33890291,Match,Partido,Over 2.5 goals y Over 9.5 corners,9,3.99,4.39,Brazil - Morocco,2026-06-13 22:04:18,272.2,1,EUR,8,False,-0.0911161731207288,drifter,False
33890298,To score or assist (Star Substitute),Marcar gol o asistir (Suplente Estrella),Taremi,24,1.99,2.19,Iran - New Zealand,2026-06-16 01:03:48,152.87,1,EUR,18,False,-0.09132420091324187,drifter,False
36966466,Match corners,Corners durante el partido,11 or more,11,2.88,3.17,Mexico - South Korea,2026-06-19 01:00:38,,2,,11,True,-0.09148264984227131,drifter,False
36966609,Match,Partido,Over 2.5 goals y Over 7.5 corners,13,2.87,3.16,Argentina - Austria,2026-06-22 17:00:58,45.769999999999996,1,EUR,13,False,-0.0917721518987342,drifter,False
36966480,Home-side combo (bet builder),Estados Unidos,"Usa win, Over 2.5 goals y Over 8.5 corners",13,4.25,4.68,Usa - Australia,2026-06-19 19:00:27,117.11,1,EUR,12,False,-0.09188034188034179,drifter,False
33890211,Team corners,Corners equipo,Argentina 7 or more,14,2.47,2.72,Argentina - Algeria,2026-06-17 01:02:37,,3,,13,True,-0.0919117647058824,drifter,False
36024491,To score or assist (Star Substitute),Marcar gol o asistir (Suplente Estrella),Tajon Buchanan,14,2.56,2.82,Canada - Bosnia And Herzegovina,2026-06-12 19:02:13,,2,,14,True,-0.09219858156028365,drifter,False
36966593,1st half: Team corners,1º tiempo: Corners equipo,Iran 2 or more,7,2.56,2.82,Belgium - Iran,2026-06-21 19:00:03,,2,,7,True,-0.09219858156028365,drifter,False
33890211,Home-side combo (bet builder),Argentina,"Argentina win, Over 8.5 corners y Julian Alvarez 2 or more shots on target",7,4.81,5.3,Argentina - Algeria,2026-06-17 01:02:37,11.55,1,EUR,5,False,-0.09245283018867922,drifter,False
33890416,Team exact bookings (only players and in play),Número de tarjetas equipo (solo jugadores y en juego),France 4 or more,6,8.3,9.15,France - Senegal,2026-06-16 19:02:47,36.33,1,EUR,6,False,-0.0928961748633879,drifter,False
33890238,Match corners,Corners durante el partido,10 or more,28,2.05,2.26,Mexico - South Africa,2026-06-11 19:05:51,,2,,27,True,-0.09292035398230092,drifter,False
37275587,goal scorer (Star Substitute),Jugador en meter el 1º gol (Suplente Estrella),Chupe,5,4.58,5.05,Malaga - Almeria,2026-06-14 19:02:16,61.83,1,EUR,4,False,-0.09306930693069307,drifter,False
33890259,Match shots on target,Remates a puerta durante el partido,9 or more,8,1.46,1.61,Qatar - Switzerland,2026-06-13 19:04:43,,2,,6,True,-0.09316770186335406,drifter,False
33890238,Home-side combo (bet builder),México,Mexico win y A goal in both halves,17,2.43,2.68,Mexico - South Africa,2026-06-11 19:05:51,,2,,14,True,-0.09328358208955223,drifter,False
36966486,Shots on target (Star Substitute),Remates a puerta Achraf (Suplente Estrella),1 or more,14,1.94,2.14,Scotland - Morocco,2026-06-19 22:00:07,430.05,1,EUR,12,False,-0.09345794392523375,drifter,False
33890238,Home-side combo (bet builder),México,"Mexico win, Over 8.5 corners y Raúl Jiménez to score",6,4.15,4.58,Mexico - South Africa,2026-06-11 19:05:51,,2,,6,True,-0.09388646288209593,drifter,False
33890210,Match penalty missed,Penalti fallado durante el partido,Yes,5,9.15,10.1,Austria - Jordan,2026-06-17 04:02:52,9.3,1,EUR,5,False,-0.09405940594059399,drifter,False
36966486,Team exact bookings (only players and in play),Número de tarjetas equipo (solo jugadores y en juego),Morocco 2 or more,5,1.54,1.7,Scotland - Morocco,2026-06-19 22:00:07,14.24,1,EUR,5,False,-0.09411764705882349,drifter,False
36966611,Home-side combo (bet builder),Noruega,Norway win y Haaland to score,52,3.33,3.68,Norway - Senegal,2026-06-23 00:00:05,,2,,47,True,-0.09510869565217397,drifter,False
36966472,Hat trick (three or more goals) (Star Substitute),Hat trick (tres o más goles) (Suplente Estrella),Jonathan David,6,19.0,21.0,Canada - Qatar,2026-06-18 22:00:44,9.129999999999999,1,EUR,3,False,-0.09523809523809523,drifter,False
36966638,Team corners,Corners equipo,Ghana 3 or more,29,1.9,2.1,England - Ghana,2026-06-23 20:00:08,1955.04,1,EUR,23,False,-0.09523809523809523,drifter,False
36966593,To score 2 or more goals (Star Substitute),Marcar 2 goles o más (Suplente Estrella),Lukaku,82,5.7,6.3,Belgium - Iran,2026-06-21 19:00:03,739.04,1,EUR,61,False,-0.09523809523809523,drifter,False
33890304,Home-side combo (bet builder),Países Bajos,Netherlands win y Malen to score,6,4.27,4.72,Netherlands - Japan,2026-06-14 20:00:08,15.07,1,EUR,5,False,-0.09533898305084743,drifter,False
36966550,To score 2 or more goals (Star Substitute),Marcar 2 goles o más (Suplente Estrella),Enner Valencia,32,3.6,3.98,Ecuador - Curaçao,2026-06-21 00:00:04,,2,,28,True,-0.09547738693467349,drifter,False
33890291,2nd half: Team Corners,2º tiempo: Corners equipo,Morocco 2 or more,10,1.61,1.78,Brazil - Morocco,2026-06-13 22:04:18,,2,,5,True,-0.09550561797752795,drifter,False
36966486,Anytime goalscorer (Star Substitute),Goleador durante el partido (Suplente Estrella),McTominay,11,5.2,5.75,Scotland - Morocco,2026-06-19 22:00:07,110.19,1,EUR,8,False,-0.09565217391304343,drifter,False
33890220,Team corners,Corners equipo,Uzbekistan 4 or more,17,2.36,2.61,Uzbekistan - Colombia,2026-06-18 02:00:00,,2,,16,True,-0.09578544061302686,drifter,False
36966528,Match,Partido,Both teams to score y Over 7.5 corners,8,2.72,3.01,Tunisia - Japan,2026-06-21 04:00:01,5.2700000000000005,1,EUR,8,False,-0.09634551495016601,drifter,False
33890309,1st half: Team corners,1º tiempo: Corners equipo,Paraguay 4 or more,15,5.15,5.7,Usa - Paraguay,2026-06-13 01:02:10,21.18,1,EUR,4,False,-0.09649122807017547,drifter,False
36966550,Team corners,Corners equipo,Ecuador 10 or more,81,3.37,3.73,Ecuador - Curaçao,2026-06-21 00:00:04,749.04,1,EUR,3,False,-0.09651474530831088,drifter,False
33890210,Match,Partido,Over 2.5 goals y Over 7.5 corners,27,2.15,2.38,Austria - Jordan,2026-06-17 04:02:52,44.730000000000004,1,EUR,18,False,-0.09663865546218485,drifter,False
33890220,Hat trick (three or more goals) (Star Substitute),Hat trick (tres o más goles) (Suplente Estrella),Luis Diaz,8,28.0,31.0,Uzbekistan - Colombia,2026-06-18 02:00:00,,2,,7,True,-0.09677419354838707,drifter,False
36966612,Match,Partido,Over 7.5 corners y Mbappe to score,17,1.68,1.86,France - Iraq,2026-06-22 21:00:42,31.85,1,EUR,15,False,-0.09677419354838715,drifter,False
33890298,Team corners,Corners equipo,Iran 4 or more,33,1.3,1.44,Iran - New Zealand,2026-06-16 01:03:48,,2,,27,True,-0.09722222222222217,drifter,False
36024520,Home-side combo (bet builder),Portugal,Portugal win y Chancel Mbemba to be booked,6,6.0,6.65,Portugal - Democratic Republic of the Congo,2026-06-17 17:01:15,,2,,3,True,-0.09774436090225563,drifter,False
33890299,To score or assist (Star Substitute),Marcar gol o asistir (Suplente Estrella),Mohamed Salah,19,2.4,2.66,Belgium - Egypt,2026-06-15 19:00:29,,2,,18,True,-0.09774436090225573,drifter,False
33890313,Home-side combo (bet builder),España,"Spain win, Over 8.5 corners y Oyarzabal 2 or more shots on target",7,2.12,2.35,Spain - Cape Verde,2026-06-15 16:01:07,31.479999999999997,1,EUR,5,False,-0.0978723404255318,drifter,False
36966591,First to score for their team (Star Substitute),Jugador en meter el 1º gol del equipo (Suplente Estrella),Lamine Yamal,5,3.5,3.88,Spain - Saudi Arabia,2026-06-21 16:00:48,26.35,1,EUR,4,False,-0.09793814432989675,drifter,False
33890298,Home-side combo (bet builder),Irán,Iran win y Taremi to score,8,3.86,4.28,Iran - New Zealand,2026-06-16 01:03:48,7.12,1,EUR,7,False,-0.09813084112149545,drifter,False
36966469,Home-side combo (bet builder),República Checa,Czech Republic win y Over 2.5 goals,18,2.94,3.26,Czech Republic - South Africa,2026-06-18 16:00:09,214.33,1,EUR,13,False,-0.09815950920245395,drifter,False
36024480,Match penalty missed,Penalti fallado durante el partido,Yes,7,9.1,10.1,South Korea - Czech Republic,2026-06-12 02:00:54,,2,,7,True,-0.09900990099009896,drifter,False
33890291,Home-side combo (bet builder),Brasil,"Brazil win, Over 8.5 corners y Vinícius to score a Hat trick (three or more goals)",5,91.0,101.0,Brazil - Morocco,2026-06-13 22:04:18,8.5,1,EUR,4,False,-0.09900990099009907,drifter,False
33890312,Match penalty missed,Penalti fallado durante el partido,Yes,6,10.0,11.1,Saudi Arabia - Uruguay,2026-06-15 22:03:57,,2,,6,True,-0.09909909909909906,drifter,False
36966486,1st half: Team corners,1º tiempo: Corners equipo,Scotland 4 or more,9,10.0,11.1,Scotland - Morocco,2026-06-19 22:00:07,48.4,1,EUR,9,False,-0.09909909909909906,drifter,False
36966480,1st half: Team corners,1º tiempo: Corners equipo,Australia 4 or more,7,10.0,11.1,Usa - Australia,2026-06-19 19:00:27,27.18,1,EUR,5,False,-0.09909909909909906,drifter,False
36966592,goal scorer (Star Substitute),Jugador en meter el 1º gol (Suplente Estrella),Omar Marmoush,5,5.0,5.55,New Zealand - Egypt,2026-06-22 01:00:05,42.1,1,EUR,5,False,-0.09909909909909906,drifter,False
33890444,Match penalty missed,Penalti fallado durante el partido,Yes,12,10.0,11.1,England - Croatia,2026-06-17 20:00:04,,2,,11,True,-0.09909909909909906,drifter,False
37183511,To score 2 or more goals (Star Substitute),Marcar 2 goles o más (Suplente Estrella),Bellingham,8,10.0,11.1,England - Costa Rica,2026-06-10 21:03:46,12.879999999999999,1,EUR,5,False,-0.09909909909909906,drifter,False
33890211,1st half: Team corners,1º tiempo: Corners equipo,Algeria 4 or more,5,10.0,11.1,Argentina - Algeria,2026-06-17 01:02:37,5.8100000000000005,1,EUR,4,False,-0.09909909909909906,drifter,False
33890416,goal scorer (Star Substitute),Jugador en meter el 1º gol (Suplente Estrella),Michael Olise,11,6.35,7.05,France - Senegal,2026-06-16 19:02:47,,2,,7,True,-0.09929078014184389,drifter,False
33890313,Saves (Star Substitute),Paradas Unai Simón (Suplente Estrella),4 or more,7,9.0,10.0,Spain - Cape Verde,2026-06-15 16:01:07,35.5,1,EUR,7,False,-0.0999999999999999,drifter,False
33890444,To score 2 or more goals (Star Substitute),Marcar 2 goles o más (Suplente Estrella),Anthony Gordon,7,18.0,20.0,England - Croatia,2026-06-17 20:00:04,107.5,1,EUR,6,False,-0.0999999999999999,drifter,False
36966640,To score 2 or more goals (Star Substitute),Marcar 2 goles o más (Suplente Estrella),Pedro Neto,5,11.7,13.0,Portugal - Uzbekistan,2026-06-23 17:00:06,4.62,1,EUR,3,False,-0.09999999999999996,drifter,False
33890299,Team exact bookings (only players and in play),Número de tarjetas equipo (solo jugadores y en juego),Belgium 2 or more,15,1.71,1.9,Belgium - Egypt,2026-06-15 19:00:29,,2,,15,True,-0.1,drifter,False
36024492,Team exact bookings (only players and in play),Número de tarjetas equipo (solo jugadores y en juego),Australia 2 or more,7,1.35,1.5,Australia - Turkey,2026-06-14 04:00:30,,2,,7,True,-0.1,drifter,False
36966609,Team corners,Corners equipo,Argentina 5 or more,35,1.52,1.69,Argentina - Austria,2026-06-22 17:00:58,,2,,32,True,-0.10059171597633139,drifter,False
33890312,Away-side combo (bet builder),Uruguay,Uruguay win y Federico Viñas to score,7,2.95,3.28,Saudi Arabia - Uruguay,2026-06-15 22:03:57,1.9700000000000002,1,EUR,4,False,-0.10060975609756095,drifter,False
36966609,1-X-2 / 2 goals Up,1-X-2 / Ventaja 2 goles,2,37,6.07,6.75,Argentina - Austria,2026-06-22 17:00:58,180.46,1,EUR,8,False,-0.10074074074074071,drifter,False
36966591,1-X-2 / 2 goals Up,1-X-2 / Ventaja 2 goles,X,6,9.35,10.4,Spain - Saudi Arabia,2026-06-21 16:00:48,60.02,1,EUR,6,False,-0.10096153846153852,drifter,False
36966480,1st half: Team corners,1º tiempo: Corners equipo,Australia 3 or more,15,4.54,5.05,Usa - Australia,2026-06-19 19:00:27,30.08,1,EUR,8,False,-0.10099009900990091,drifter,False
33890313,Home-side combo (bet builder),España,"Spain win, Over 8.5 corners y Álex Baena to be booked",6,8.45,9.4,Spain - Cape Verde,2026-06-15 16:01:07,10.18,1,EUR,2,False,-0.10106382978723409,drifter,False
33890259,Match penalty missed,Penalti fallado durante el partido,Yes,6,8.85,9.85,Qatar - Switzerland,2026-06-13 19:04:43,,2,,5,True,-0.10152284263959391,drifter,False
33890259,1-X-2 / 2 goals Up,1-X-2 / Ventaja 2 goles,1,17,12.0,13.36,Qatar - Switzerland,2026-06-13 19:04:43,,2,,17,True,-0.1017964071856286,drifter,False
37238914,Team corners,Corners equipo,Las Palmas 8 or more,9,4.85,5.4,Malaga - Las Palmas,2026-06-10 19:01:06,348.0,1,EUR,8,False,-0.10185185185185197,drifter,False
33890238,Home-side combo (bet builder),México,"Mexico win, Over 2.5 goals y Over 8.5 corners",7,3.88,4.32,Mexico - South Africa,2026-06-11 19:05:51,68.83,1,EUR,7,False,-0.10185185185185205,drifter,False
33890313,Home-side combo (bet builder),España,"Spain win, Over 8.5 corners y Ferran to score 2 or more goals",14,6.15,6.85,Spain - Cape Verde,2026-06-15 16:01:07,26.05,1,EUR,10,False,-0.10218978102189769,drifter,False
33890291,Away-side combo (bet builder),Marruecos,Morocco win y Both teams to score,5,10.1,11.25,Brazil - Morocco,2026-06-13 22:04:18,9.99,1,EUR,5,False,-0.10222222222222223,drifter,False
33890210,Match corners,Corners durante el partido,9 or more,49,1.58,1.76,Austria - Jordan,2026-06-17 04:02:52,,2,,38,True,-0.1022727272727271,drifter,False
33890304,Team corners,Corners equipo,Netherlands 7 or more,10,2.72,3.03,Netherlands - Japan,2026-06-14 20:00:08,66.61,1,EUR,10,False,-0.10231023102310224,drifter,False
36966610,Team corners,Corners equipo,Jordan 5 or more,6,2.71,3.02,Jordan - Algeria,2026-06-23 03:00:21,,2,,6,True,-0.10264900662251648,drifter,False
33890259,Team corners,Corners equipo,Qatar 3 or more,56,1.66,1.85,Qatar - Switzerland,2026-06-13 19:04:43,,2,,46,True,-0.10270270270270292,drifter,False
33890210,Home-side combo (bet builder),Austria,"Austria win, Over 2.5 goals y Over 8.5 corners",17,3.05,3.4,Austria - Jordan,2026-06-17 04:02:52,23.03,1,EUR,11,False,-0.10294117647058829,drifter,False
36966638,goal scorer (Star Substitute),Jugador en meter el 1º gol (Suplente Estrella),Bellingham,5,6.5,7.25,England - Ghana,2026-06-23 20:00:08,28.59,1,EUR,4,False,-0.10344827586206903,drifter,False
33890306,Team shots on target,Remates a puerta equipo,Germany 11 or more,5,1.64,1.83,Germany - Curaçao,2026-06-14 17:01:45,,2,,5,True,-0.10382513661202193,drifter,False
36024480,Team corners,Corners equipo,Czech Republic 4 or more,25,1.55,1.73,South Korea - Czech Republic,2026-06-12 02:00:54,,2,,20,True,-0.10404624277456638,drifter,False
36966485,Match corners,Corners durante el partido,10 or more,60,1.71,1.91,Brazil - Haiti,2026-06-20 00:32:31,,2,,49,True,-0.10471204188481671,drifter,False
33890416,Team Shots,Remates equipo,France 17 or more,6,1.62,1.81,France - Senegal,2026-06-16 19:02:47,435.1,1,EUR,6,False,-0.10497237569060763,drifter,False
36966593,Home-side combo (bet builder),Bélgica,"Belgium win, Over 8.5 corners y Lukaku to score",12,3.49,3.9,Belgium - Iran,2026-06-21 19:00:03,6.0,1,EUR,3,False,-0.10512820512820496,drifter,False
36966466,To score 2 or more goals (Star Substitute),Marcar 2 goles o más (Suplente Estrella),Heung-Min Son,11,17.0,19.0,Mexico - South Korea,2026-06-19 01:00:38,,2,,8,True,-0.10526315789473688,drifter,False
33890304,To score 2 or more goals (Star Substitute),Marcar 2 goles o más (Suplente Estrella),Ayase Ueda,5,17.0,19.0,Netherlands - Japan,2026-06-14 20:00:08,16.38,1,EUR,5,False,-0.10526315789473688,drifter,False
36966528,Team exact bookings (only players and in play),Número de tarjetas equipo (solo jugadores y en juego),Tunisia 2 or more,5,1.53,1.71,Tunisia - Japan,2026-06-21 04:00:01,,2,,4,True,-0.1052631578947369,drifter,False
36966485,Team corners,Corners equipo,Brazil 8 or more,21,1.7,1.9,Brazil - Haiti,2026-06-20 00:32:31,,2,,19,True,-0.10526315789473692,drifter,False
36966593,Match,Partido,Over 2.5 goals y Over 7.5 corners,26,2.37,2.65,Belgium - Iran,2026-06-21 19:00:03,,2,,24,True,-0.1056603773584904,drifter,False
36024520,Home-side combo (bet builder),Portugal,"Portugal win, Over 2.5 goals y Cristiano Ronaldo to score",47,2.28,2.55,Portugal - Democratic Republic of the Congo,2026-06-17 17:01:15,,2,,30,True,-0.10588235294117641,drifter,False
36024491,1st half: Team corners,1º tiempo: Corners equipo,Bosnia And Herzegovina 3 or more,5,4.05,4.53,Canada - Bosnia And Herzegovina,2026-06-12 19:02:13,56.44,1,EUR,4,False,-0.10596026490066235,drifter,False
36966612,Home-side combo (bet builder),Francia,"France win, Mbappe to score y Barcola to score",5,2.95,3.3,France - Iraq,2026-06-22 21:00:42,21.91,1,EUR,4,False,-0.106060606060606,drifter,False
33890313,Shots on target (Star Substitute),Remates a puerta Oyarzabal (Suplente Estrella),3 or more,8,2.34,2.62,Spain - Cape Verde,2026-06-15 16:01:07,68.19,1,EUR,7,False,-0.10687022900763374,drifter,False
36966612,Team exact bookings (only players and in play),Número de tarjetas equipo (solo jugadores y en juego),Iraq 2 or more,16,1.5,1.68,France - Iraq,2026-06-22 21:00:42,,2,,14,True,-0.1071428571428571,drifter,False
33890211,Match corners,Corners durante el partido,13 or more,26,5.0,5.6,Argentina - Algeria,2026-06-17 01:02:37,,2,,12,True,-0.10714285714285718,drifter,False
33890304,Home-side combo (bet builder),Países Bajos,Netherlands win y Over 2.5 goals,14,3.08,3.45,Netherlands - Japan,2026-06-14 20:00:08,64.83,1,EUR,13,False,-0.10724637681159416,drifter,False
36024520,goal scorer (Star Substitute),Jugador en meter el 1º gol (Suplente Estrella),Cristiano Ronaldo,44,3.08,3.45,Portugal - Democratic Republic of the Congo,2026-06-17 17:01:15,,2,,38,True,-0.10724637681159416,drifter,False
33890304,Player to score in 1st half,Jugador en meter gol en el 1º tiempo,Malen,5,5.8,6.5,Netherlands - Japan,2026-06-14 20:00:08,0.25,1,EUR,2,False,-0.1076923076923077,drifter,False
33890304,Team exact bookings (only players and in play),Número de tarjetas equipo (solo jugadores y en juego),Netherlands 1 or more,15,1.16,1.3,Netherlands - Japan,2026-06-14 20:00:08,,2,,11,True,-0.10769230769230784,drifter,False
36024491,Shots on target (Star Substitute),Remates a puerta Esmir Bajraktarevic (Suplente Estrella),2 or more,5,7.45,8.35,Canada - Bosnia And Herzegovina,2026-06-12 19:02:13,27.25,1,EUR,5,False,-0.10778443113772455,drifter,False
33890291,Home-side combo (bet builder),Brasil,Brazil win y Over 2.5 goals,20,2.73,3.06,Brazil - Morocco,2026-06-13 22:04:18,,2,,14,True,-0.10784313725490188,drifter,False
33890304,1st half: Team corners,1º tiempo: Corners equipo,Netherlands 5 or more,6,4.95,5.55,Netherlands - Japan,2026-06-14 20:00:08,52.75,1,EUR,5,False,-0.108108108108108,drifter,False
33890304,Home-side combo (bet builder),Países Bajos,Netherlands win y A goal in both halves,6,3.12,3.5,Netherlands - Japan,2026-06-14 20:00:08,42.5,1,EUR,6,False,-0.10857142857142854,drifter,False
33890211,Match penalty missed,Penalti fallado durante el partido,Yes,7,9.8,11.0,Argentina - Algeria,2026-06-17 01:02:37,,2,,6,True,-0.10909090909090896,drifter,False
36966473,Anytime goalscorer (Star Substitute),Goleador durante el partido (Suplente Estrella),Dzeko,8,3.92,4.4,Switzerland - Bosnia And Herzegovina,2026-06-18 19:00:01,42.21,1,EUR,8,False,-0.10909090909090914,drifter,False
36966609,Team corners,Corners equipo,Argentina 8 or more,13,4.0,4.49,Argentina - Austria,2026-06-22 17:00:58,,2,,13,True,-0.10913140311804015,drifter,False
36966486,Shots on target (Star Substitute),Remates a puerta Achraf (Suplente Estrella),2 or more,33,5.3,5.95,Scotland - Morocco,2026-06-19 22:00:07,181.05,1,EUR,7,False,-0.10924369747899174,drifter,False
36966640,Team corners,Corners equipo,Uzbekistan 3 or more,22,1.79,2.01,Portugal - Uzbekistan,2026-06-23 17:00:06,,2,,18,True,-0.10945273631840778,drifter,False
33890299,Team corners,Corners equipo,Egypt 3 or more,26,1.3,1.46,Belgium - Egypt,2026-06-15 19:00:29,,2,,24,True,-0.10958904109589038,drifter,False
33890304,Anytime goalscorer (Star Substitute),Goleador durante el partido (Suplente Estrella),Memphis Depay,7,2.6,2.92,Netherlands - Japan,2026-06-14 20:00:08,30.46,1,EUR,7,False,-0.10958904109589038,drifter,False
33890238,Match corners,Corners durante el partido,13 or more,15,4.22,4.74,Mexico - South Africa,2026-06-11 19:05:51,,2,,13,True,-0.10970464135021109,drifter,False
33890299,Match shots,Remates durante el partido,24 or more,5,1.46,1.64,Belgium - Egypt,2026-06-15 19:00:29,,2,,5,True,-0.10975609756097558,drifter,False
33890291,Hat trick (three or more goals) (Star Substitute),Hat trick (tres o más goles) (Suplente Estrella),Raphinha,6,81.0,91.0,Brazil - Morocco,2026-06-13 22:04:18,,2,,6,True,-0.10989010989010978,drifter,False
33890309,To score or assist (Star Substitute),Marcar gol o asistir (Suplente Estrella),Pulisic,46,2.02,2.27,Usa - Paraguay,2026-06-13 01:02:10,,2,,38,True,-0.1101321585903084,drifter,False
36966609,1st half: Team corners,1º tiempo: Corners equipo,Argentina 5 or more,6,6.45,7.25,Argentina - Austria,2026-06-22 17:00:58,59.0,1,EUR,6,False,-0.1103448275862069,drifter,False
33890313,Team corners,Corners equipo,Cape Verde 2 or more,72,1.61,1.81,Spain - Cape Verde,2026-06-15 16:01:07,,2,,60,True,-0.11049723756906066,drifter,False
36966611,Home-side combo (bet builder),Noruega,"Norway win, Over 8.5 corners y Haaland to score 2 or more goals",8,12.23,13.75,Norway - Senegal,2026-06-23 00:00:05,3.77,1,EUR,6,False,-0.1105454545454546,drifter,False
33890305,2nd Half: Team Cards (only players and in play),2º tiempo: Tarjetas equipo (solo jugadores y en juego),Ecuador 2 or more,8,2.33,2.62,Ivory Coast - Ecuador,2026-06-14 23:03:23,41.83,1,EUR,4,False,-0.11068702290076346,drifter,False
33890313,Team corners,Corners equipo,Cape Verde 4 or more,18,4.98,5.6,Spain - Cape Verde,2026-06-15 16:01:07,118.9,1,EUR,18,False,-0.11071428571428557,drifter,False
36966638,1st half: Team corners,1º tiempo: Corners equipo,Ghana 2 or more,11,3.45,3.88,England - Ghana,2026-06-23 20:00:08,244.3,1,EUR,9,False,-0.11082474226804118,drifter,False
33890312,Away-side combo (bet builder),Uruguay,"Uruguay win, Over 2.5 goals y Over 8.5 corners",8,3.69,4.15,Saudi Arabia - Uruguay,2026-06-15 22:03:57,28.35,1,EUR,7,False,-0.11084337349397612,drifter,False
36024491,Away-side combo (bet builder),Bosnia Y Herzegovina,Bosnia And Herzegovina win y Dzeko to score,5,8.18,9.2,Canada - Bosnia And Herzegovina,2026-06-12 19:02:13,23.519999999999996,1,EUR,5,False,-0.11086956521739127,drifter,False
36966485,Team corners,Corners equipo,Brazil 11or more,5,3.68,4.14,Brazil - Haiti,2026-06-20 00:32:31,13.58,1,EUR,4,False,-0.111111111111111,drifter,False
36966480,1-X-2 / 2 goals Up,1-X-2 / Ventaja 2 goles,2,19,5.2,5.85,Usa - Australia,2026-06-19 19:00:27,,2,,18,True,-0.11111111111111102,drifter,False
36966550,Home-side combo (bet builder),Ecuador,Ecuador win y Over 2.5 goals,13,1.44,1.62,Ecuador - Curaçao,2026-06-21 00:00:04,15.920000000000002,1,EUR,12,False,-0.11111111111111113,drifter,False
33890259,Team exact bookings (only players and in play),Número de tarjetas equipo (solo jugadores y en juego),Qatar 2 or more,11,1.28,1.44,Qatar - Switzerland,2026-06-13 19:04:43,,2,,10,True,-0.11111111111111115,drifter,False
36966591,Hat trick (three or more goals) (Star Substitute),Hat trick (tres o más goles) (Suplente Estrella),Lamine Yamal,27,16.0,18.0,Spain - Saudi Arabia,2026-06-21 16:00:48,,2,,24,True,-0.11111111111111116,drifter,False
33890416,Player to score in fisrt ten minutes (from 0:00 to 9:59),Jugador en meter gol en los 10 primeros minutos (del 0:00 al 9:59),Ousmane Dembele,8,16.0,18.0,France - Senegal,2026-06-16 19:02:47,27.2,1,EUR,8,False,-0.11111111111111116,drifter,False
36966466,To score 2 or more goals (Star Substitute),Marcar 2 goles o más (Suplente Estrella),Julián Quiñones,6,16.0,18.0,Mexico - South Korea,2026-06-19 01:00:38,,2,,5,True,-0.11111111111111116,drifter,False
36966611,Home-side combo (bet builder),Noruega,Norway win y Haaland 2 or more shots on target,14,3.04,3.42,Norway - Senegal,2026-06-23 00:00:05,,2,,10,True,-0.11111111111111123,drifter,False
36966480,Home-side combo (bet builder),Estados Unidos,"Usa win, Over 8.5 corners y Balogun to score",7,4.53,5.1,Usa - Australia,2026-06-19 19:00:27,4.79,1,EUR,4,False,-0.11176470588235278,drifter,False
33890309,To score or assist (Star Substitute),Marcar gol o asistir (Suplente Estrella),Balogun,13,1.98,2.23,Usa - Paraguay,2026-06-13 01:02:10,120.62,1,EUR,12,False,-0.11210762331838567,drifter,False
36966528,1st half: Team corners,1º tiempo: Corners equipo,Tunisia 2 or more,5,2.21,2.49,Tunisia - Japan,2026-06-21 04:00:01,,2,,4,True,-0.11244979919678728,drifter,False
37275587,Team exact bookings (only players and in play),Número de tarjetas equipo (solo jugadores y en juego),Almeria 3 or more,7,1.42,1.6,Malaga - Almeria,2026-06-14 19:02:16,,2,,7,True,-0.11250000000000007,drifter,False
33890313,Shots on target (Star Substitute),Remates a puerta Ferran (Suplente Estrella),2 or more,13,1.57,1.77,Spain - Cape Verde,2026-06-15 16:01:07,246.2,1,EUR,11,False,-0.11299435028248582,drifter,False
33890309,Home-side combo (bet builder),Estados Unidos,Usa win y Over 2.5 goals,5,3.68,4.15,Usa - Paraguay,2026-06-13 01:02:10,3.75,1,EUR,5,False,-0.11325301204819282,drifter,False
36966640,Home-side combo (bet builder),Portugal,"Portugal win, Over 8.5 corners y Bruno Fernandes to score 2 or more goals",5,15.0,16.92,Portugal - Uzbekistan,2026-06-23 17:00:06,27.529999999999998,1,EUR,4,False,-0.1134751773049646,drifter,False
36966480,Player to score in 1st half,Jugador en meter gol en el 1º tiempo,Mohamed Toure,9,9.75,11.0,Usa - Australia,2026-06-19 19:00:27,1.9100000000000001,1,EUR,3,False,-0.11363636363636358,drifter,False
36966593,1st half: Team corners,1º tiempo: Corners equipo,Iran 3 or more,10,5.85,6.6,Belgium - Iran,2026-06-21 19:00:03,381.03,1,EUR,7,False,-0.11363636363636363,drifter,False
36966611,Match penalty scored,Gol de penalti durante el partido,Yes,10,3.35,3.78,Norway - Senegal,2026-06-23 00:00:05,,2,,9,True,-0.11375661375661354,drifter,False
33890309,Team exact bookings (only players and in play),Número de tarjetas equipo (solo jugadores y en juego),Paraguay 2 or more,21,1.32,1.49,Usa - Paraguay,2026-06-13 01:02:10,,2,,21,True,-0.11409395973154357,drifter,False
33890416,goal scorer (Star Substitute),Jugador en meter el 1º gol (Suplente Estrella),Ousmane Dembele,5,5.8,6.55,France - Senegal,2026-06-16 19:02:47,21.83,1,EUR,5,False,-0.11450381679389317,drifter,False
36966593,Home-side combo (bet builder),Bélgica,"Belgium win, Over 2.5 goals y Over 8.5 corners",19,3.47,3.92,Belgium - Iran,2026-06-21 19:00:03,133.45,1,EUR,16,False,-0.11479591836734693,drifter,False
33890313,Home-side combo (bet builder),España,"Spain win, Over 8.5 corners y Oyarzabal to score a Hat trick (three or more goals)",5,12.0,13.56,Spain - Cape Verde,2026-06-15 16:01:07,27.8,1,EUR,5,False,-0.11504424778761058,drifter,False
33890416,Team Shots,Remates equipo,Senegal 9 or more,5,1.53,1.73,France - Senegal,2026-06-16 19:02:47,368.33,1,EUR,5,False,-0.11560693641618491,drifter,False
37275587,Match corners,Corners durante el partido,10 or more,12,1.6,1.81,Malaga - Almeria,2026-06-14 19:02:16,63.22,1,EUR,9,False,-0.11602209944751377,drifter,False
33890305,Team exact bookings (only players and in play),Número de tarjetas equipo (solo jugadores y en juego),Ivory Coast 2 or more,23,1.37,1.55,Ivory Coast - Ecuador,2026-06-14 23:03:23,,2,,17,True,-0.11612903225806454,drifter,False
36024518,1st half: Team corners,1º tiempo: Corners equipo,Iraq 2 or more,17,3.12,3.53,Iraq - Norway,2026-06-16 22:00:57,,2,,9,True,-0.1161473087818696,drifter,False
33890306,Match,Partido,Over 2.5 goals y Over 7.5 corners,12,1.29,1.46,Germany - Curaçao,2026-06-14 17:01:45,,2,,12,True,-0.11643835616438354,drifter,False
33890416,Match shots,Remates durante el partido,27 or more,5,1.74,1.97,France - Senegal,2026-06-16 19:02:47,,2,,5,True,-0.116751269035533,drifter,False
33890313,Match corners,Corners durante el partido,10 or more,33,1.51,1.71,Spain - Cape Verde,2026-06-15 16:01:07,,2,,31,True,-0.1169590643274855,drifter,False
37233846,To score 2 or more goals (Star Substitute),Marcar 2 goles o más (Suplente Estrella),Cristiano Ronaldo,18,3.02,3.42,Portugal - Nigeria,2026-06-10 19:49:08,,2,,16,True,-0.1169590643274855,drifter,False
33890313,Shots on target (Star Substitute),Remates a puerta Ferran (Suplente Estrella),3 or more,8,2.7,3.06,Spain - Cape Verde,2026-06-15 16:01:07,65.3,1,EUR,8,False,-0.11764705882352935,drifter,False
36971426,To score 2 or more goals (Star Substitute),Marcar 2 goles o más (Suplente Estrella),Arda Güler,13,15.0,17.0,Turkey - Paraguay,2026-06-20 03:00:03,33.04,1,EUR,10,False,-0.11764705882352941,drifter,False
33890416,Match penalty missed,Penalti fallado durante el partido,Yes,20,8.6,9.75,France - Senegal,2026-06-16 19:02:47,,2,,13,True,-0.11794871794871797,drifter,False
36024491,Match penalty missed,Penalti fallado durante el partido,Yes,9,8.6,9.75,Canada - Bosnia And Herzegovina,2026-06-12 19:02:13,,2,,8,True,-0.11794871794871797,drifter,False
37233850,Match corners,Corners durante el partido,9 or more,5,1.42,1.61,Argentina - Iceland,2026-06-10 01:09:18,,2,,4,True,-0.11801242236024859,drifter,False
36966549,Team exact bookings (only players and in play),Número de tarjetas equipo (solo jugadores y en juego),Netherlands 3 or more,11,3.66,4.15,Netherlands - Sweden,2026-06-20 17:00:05,214.13,1,EUR,7,False,-0.11807228915662651,drifter,False
36966485,Home-side combo (bet builder),Brasil,Brazil win y Raphinha 2 or more shots on target,7,1.94,2.2,Brazil - Haiti,2026-06-20 00:32:31,,2,,7,True,-0.1181818181818183,drifter,False
36966590,Team corners,Corners equipo,Cape Verde 6 or more,5,7.45,8.45,Uruguay - Cape Verde,2026-06-21 22:00:33,40.6,1,EUR,4,False,-0.11834319526627214,drifter,False
36966466,Team corners,Corners equipo,South Korea 3 or more,37,1.41,1.6,Mexico - South Korea,2026-06-19 01:00:38,,3,,33,True,-0.11875000000000004,drifter,False
36024493,Match corners,Corners durante el partido,11 or more,6,2.07,2.35,Sweden - Tunisia,2026-06-15 02:00:33,,2,,6,True,-0.11914893617021283,drifter,False
36024493,Match corners,Corners durante el partido,10 or more,16,1.7,1.93,Sweden - Tunisia,2026-06-15 02:00:33,,2,,15,True,-0.11917098445595847,drifter,False
33890304,Team exact bookings (only players and in play),Número de tarjetas equipo (solo jugadores y en juego),Netherlands 3 or more,7,3.6,4.09,Netherlands - Japan,2026-06-14 20:00:08,62.730000000000004,1,EUR,7,False,-0.11980440097799509,drifter,False
36024491,1st half: Team corners,1º tiempo: Corners equipo,Bosnia And Herzegovina 4 or more,5,8.8,10.0,Canada - Bosnia And Herzegovina,2026-06-12 19:02:13,,2,,4,True,-0.11999999999999993,drifter,False
33890313,Shots on target (Star Substitute),Remates a puerta Pedri (Suplente Estrella),2 or more,7,4.0,4.55,Spain - Cape Verde,2026-06-15 16:01:07,184.2,1,EUR,7,False,-0.1208791208791209,drifter,False
36966480,Match,Partido,Both teams to score y Over 7.5 corners,22,2.54,2.89,Usa - Australia,2026-06-19 19:00:27,,2,,21,True,-0.12110726643598616,drifter,False
36024480,Team corners,Corners equipo,Czech Republic 5 or more,12,2.1,2.39,South Korea - Czech Republic,2026-06-12 02:00:54,109.22,1,EUR,10,False,-0.1213389121338912,drifter,False
33890291,To score 2 or more goals (Star Substitute),Marcar 2 goles o más (Suplente Estrella),Igor Thiago,11,9.75,11.1,Brazil - Morocco,2026-06-13 22:04:18,55.37,1,EUR,8,False,-0.1216216216216215,drifter,False
33890210,To score 2 or more goals (Star Substitute),Marcar 2 goles o más (Suplente Estrella),Sabitzer,7,9.75,11.1,Austria - Jordan,2026-06-17 04:02:52,,2,,6,True,-0.1216216216216215,drifter,False
33890298,Team corners,Corners equipo,New Zealand 3 or more,21,1.3,1.48,Iran - New Zealand,2026-06-16 01:03:48,,2,,17,True,-0.12162162162162157,drifter,False
36966486,Away-side combo (bet builder),Marruecos,"Morocco win, Over 10.5 corners y Brahim to score 2 or more goals",11,36.0,41.0,Scotland - Morocco,2026-06-19 22:00:07,13.25,1,EUR,3,False,-0.12195121951219504,drifter,False
36966469,Hat trick (three or more goals) (Star Substitute),Hat trick (tres o más goles) (Suplente Estrella),Patrik Schick,9,36.0,41.0,Czech Republic - South Africa,2026-06-18 16:00:09,53.129999999999995,1,EUR,4,False,-0.12195121951219504,drifter,False
36966640,Shots on target (Star Substitute),Remates a puerta João Neves (Suplente Estrella),1 or more,7,1.79,2.04,Portugal - Uzbekistan,2026-06-23 17:00:06,107.96000000000001,1,EUR,6,False,-0.12254901960784312,drifter,False
33890313,goal scorer (Star Substitute),Jugador en meter el 1º gol (Suplente Estrella),Ferran,13,4.15,4.73,Spain - Cape Verde,2026-06-15 16:01:07,84.9,1,EUR,13,False,-0.12262156448202957,drifter,False
33890291,Team exact bookings (only players and in play),Número de tarjetas equipo (solo jugadores y en juego),Morocco 3 or more,26,1.86,2.12,Brazil - Morocco,2026-06-13 22:04:18,,2,,23,True,-0.1226415094339623,drifter,False
33890416,Team corners,Corners equipo,Senegal 5 or more,74,3.0,3.42,France - Senegal,2026-06-16 19:02:47,,2,,21,True,-0.12280701754385964,drifter,False
36966638,Team exact bookings (only players and in play),Número de tarjetas equipo (solo jugadores y en juego),Ghana 2 or more,14,1.5,1.71,England - Ghana,2026-06-23 20:00:08,217.42000000000002,1,EUR,12,False,-0.12280701754385964,drifter,False
36024491,Match,Partido,4 or more cards during the match y Ismael Kone 2 or more shots on target,5,11.4,13.0,Canada - Bosnia And Herzegovina,2026-06-12 19:02:13,11.18,1,EUR,3,False,-0.12307692307692297,drifter,False
33890210,Match corners,Corners durante el partido,10 or more,14,1.85,2.11,Austria - Jordan,2026-06-17 04:02:52,,2,,13,True,-0.12322274881516573,drifter,False
33890259,Team exact bookings (only players and in play),Número de tarjetas equipo (solo jugadores y en juego),Qatar 3 or more,11,1.92,2.19,Qatar - Switzerland,2026-06-13 19:04:43,98.94,1,EUR,10,False,-0.12328767123287672,drifter,False
36966591,Home-side combo (bet builder),España,"Pedri to score, Álex Baena to be booked y Musab Fahz Al Al Juwayr to be booked",8,71.0,81.0,Spain - Saudi Arabia,2026-06-21 16:00:48,14.3,1,EUR,7,False,-0.12345679012345685,drifter,False
36966485,1st half: Team corners,1º tiempo: Corners equipo,Brazil 5 or more,5,2.2,2.51,Brazil - Haiti,2026-06-20 00:32:31,63.78,1,EUR,5,False,-0.12350597609561742,drifter,False
37275587,Team corners,Corners equipo,Malaga 6 or more,8,1.76,2.01,Malaga - Almeria,2026-06-14 19:02:16,34.15,1,EUR,8,False,-0.12437810945273628,drifter,False
33890211,1-X-2 / 2 goals Up,1-X-2 / Ventaja 2 goles,1,399,1.33,1.52,Argentina - Algeria,2026-06-17 01:02:37,,3,,259,True,-0.12499999999999989,drifter,False
36971426,Anytime goalscorer (Star Substitute),Goleador durante el partido (Suplente Estrella),Akturkoglu,7,2.87,3.28,Turkey - Paraguay,2026-06-20 03:00:03,228.05,1,EUR,7,False,-0.12499999999999994,drifter,False
36966590,1st half: Team corners,1º tiempo: Corners equipo,Cape Verde 2 or more,8,2.52,2.88,Uruguay - Cape Verde,2026-06-21 22:00:33,10.49,1,EUR,8,False,-0.12499999999999999,drifter,False
33890306,Match corners,Corners durante el partido,10 or more,38,1.4,1.6,Germany - Curaçao,2026-06-14 17:01:45,,2,,35,True,-0.12500000000000003,drifter,False
36024491,Anytime goalscorer (Star Substitute),Goleador durante el partido (Suplente Estrella),Dzeko,6,3.35,3.83,Canada - Bosnia And Herzegovina,2026-06-12 19:02:13,43.05,1,EUR,6,False,-0.12532637075718017,drifter,False
36024520,Team shots on target,Remates a puerta equipo,Portugal 7 or more,17,1.51,1.73,Portugal - Democratic Republic of the Congo,2026-06-17 17:01:15,,2,,15,True,-0.12716763005780346,drifter,False
36024520,Player to score in 1st half,Jugador en meter gol en el 1º tiempo,Cristiano Ronaldo,12,2.81,3.22,Portugal - Democratic Republic of the Congo,2026-06-17 17:01:15,,2,,12,True,-0.12732919254658398,drifter,False
36966609,Match,Partido,Over 2.5 goals y Over 11.5 corners,5,9.25,10.6,Argentina - Austria,2026-06-22 17:00:58,16.5,1,EUR,5,False,-0.1273584905660377,drifter,False
36966638,Player to Score Free-Kick,Marcar gol de falta directa,Harry Kane,5,41.0,47.0,England - Ghana,2026-06-23 20:00:08,9.5,1,EUR,5,False,-0.12765957446808515,drifter,False
36971426,Home-side combo (bet builder),Turquía,Turkey win y Akturkoglu to score,8,4.03,4.62,Turkey - Paraguay,2026-06-20 03:00:03,13.83,1,EUR,4,False,-0.12770562770562766,drifter,False
36966469,goal scorer (Star Substitute),Jugador en meter el 1º gol (Suplente Estrella),Patrik Schick,9,4.49,5.15,Czech Republic - South Africa,2026-06-18 16:00:09,36.83,1,EUR,9,False,-0.1281553398058252,drifter,False
36024518,To score or assist (Star Substitute),Marcar gol o asistir (Suplente Estrella),Antonio Nusa,15,1.56,1.79,Iraq - Norway,2026-06-16 22:00:57,,2,,13,True,-0.12849162011173182,drifter,False
33890291,Team throw-ins,Saques de banda equipo,Brazil 19 or more,5,2.1,2.41,Brazil - Morocco,2026-06-13 22:04:18,,2,,5,True,-0.1286307053941909,drifter,False
36966593,Team corners,Corners equipo,Iran 5 or more,16,3.52,4.04,Belgium - Iran,2026-06-21 19:00:03,,2,,8,True,-0.1287128712871288,drifter,False
33890211,1st half: Team corners,1º tiempo: Corners equipo,Algeria 2 or more,6,2.09,2.4,Argentina - Algeria,2026-06-17 01:02:37,38.36,1,EUR,6,False,-0.12916666666666674,drifter,False
33890416,Match shots,Remates durante el partido,24 or more,8,1.28,1.47,France - Senegal,2026-06-16 19:02:47,156.8,1,EUR,6,False,-0.12925170068027214,drifter,False
36966609,Home-side combo (bet builder),Argentina,"Argentina win, Over 8.5 corners y Lionel Messi to score",20,4.44,5.1,Argentina - Austria,2026-06-22 17:00:58,51.21,1,EUR,17,False,-0.12941176470588214,drifter,False
36966486,goal scorer (Star Substitute),Jugador en meter el 1º gol (Suplente Estrella),Brahim,5,6.05,6.95,Scotland - Morocco,2026-06-19 22:00:07,54.83,1,EUR,4,False,-0.1294964028776979,drifter,False
37275587,Team corners,Corners equipo,Malaga 7 or more,5,2.41,2.77,Malaga - Almeria,2026-06-14 19:02:16,5.78,1,EUR,4,False,-0.12996389891696739,drifter,False
33890305,Team exact bookings (only players and in play),Número de tarjetas equipo (solo jugadores y en juego),Ecuador 3 or more,7,2.54,2.92,Ivory Coast - Ecuador,2026-06-14 23:03:23,511.9,1,EUR,7,False,-0.13013698630136983,drifter,False
33890259,Team corners,Corners equipo,Qatar 5 or more,7,5.0,5.75,Qatar - Switzerland,2026-06-13 19:04:43,37.32,1,EUR,7,False,-0.13043478260869573,drifter,False
33890312,Saves (Star Substitute),Paradas Mohammed Al-Owais (Suplente Estrella),6 or more,5,6.9,7.95,Saudi Arabia - Uruguay,2026-06-15 22:03:57,96.0,1,EUR,4,False,-0.13207547169811323,drifter,False
36966480,Home-side combo (bet builder),Estados Unidos,"Usa win, Over 2.5 goals y Balogun to score",12,3.74,4.31,Usa - Australia,2026-06-19 19:00:27,35.78,1,EUR,11,False,-0.1322505800464035,drifter,False
33890211,Team corners,Corners equipo,Argentina 6 or more,27,1.7,1.96,Argentina - Algeria,2026-06-17 01:02:37,,2,,26,True,-0.1326530612244898,drifter,False
33890299,Anytime goalscorer (Star Substitute),Goleador durante el partido (Suplente Estrella),Mohamed Salah,20,3.53,4.07,Belgium - Egypt,2026-06-15 19:00:29,152.0,1,EUR,16,False,-0.13267813267813278,drifter,False
33890291,Home-side combo (bet builder),Brasil,"Brazil win, Over 2.5 goals y Over 8.5 corners",10,4.3,4.96,Brazil - Morocco,2026-06-13 22:04:18,47.96,1,EUR,8,False,-0.13306451612903217,drifter,False
36966612,Player to score in fisrt ten minutes (from 0:00 to 9:59),Jugador en meter gol en los 10 primeros minutos (del 0:00 al 9:59),Michael Olise,8,13.0,15.0,France - Iraq,2026-06-22 21:00:42,,2,,8,True,-0.1333333333333334,drifter,False
33890304,To score 2 or more goals (Star Substitute),Marcar 2 goles o más (Suplente Estrella),Cody Gakpo,18,13.0,15.0,Netherlands - Japan,2026-06-14 20:00:08,70.21000000000001,1,EUR,15,False,-0.1333333333333334,drifter,False
36966553,To Score a Header (Star Substitute),Marcar gol con la cabeza (Suplente Estrella),Schlotterbeck,8,13.0,15.0,Germany - Ivory Coast,2026-06-20 20:00:00,43.55,1,EUR,5,False,-0.1333333333333334,drifter,False
33890238,Team to miss a penalty,Equipo en fallar penalti durante el partido,Mexico,5,13.0,15.0,Mexico - South Africa,2026-06-11 19:05:51,,2,,5,True,-0.1333333333333334,drifter,False
36024492,To score 2 or more goals (Star Substitute),Marcar 2 goles o más (Suplente Estrella),Arda Güler,9,13.0,15.0,Australia - Turkey,2026-06-14 04:00:30,15.73,1,EUR,7,False,-0.1333333333333334,drifter,False
33890299,To score 2 or more goals (Star Substitute),Marcar 2 goles o más (Suplente Estrella),Kevin De Bruyne,11,13.0,15.0,Belgium - Egypt,2026-06-15 19:00:29,156.49,1,EUR,6,False,-0.1333333333333334,drifter,False
33890416,Team to miss a penalty,Equipo en fallar penalti durante el partido,France,7,13.0,15.0,France - Senegal,2026-06-16 19:02:47,,2,,6,True,-0.1333333333333334,drifter,False
36024480,To score 2 or more goals (Star Substitute),Marcar 2 goles o más (Suplente Estrella),Patrik Schick,9,13.0,15.0,South Korea - Czech Republic,2026-06-12 02:00:54,13.58,1,EUR,9,False,-0.1333333333333334,drifter,False
33890416,To score from outside the box (Star Substitute),Marcar gol desde fuera del área (Suplente Estrella),Ousmane Dembele,6,13.0,15.0,France - Senegal,2026-06-16 19:02:47,,2,,6,True,-0.1333333333333334,drifter,False
33890416,To score 2 or more goals (Star Substitute),Marcar 2 goles o más (Suplente Estrella),Nicolas Jackson,5,26.0,30.0,France - Senegal,2026-06-16 19:02:47,26.05,1,EUR,4,False,-0.1333333333333334,drifter,False
36966611,To score 2 or more goals (Star Substitute),Marcar 2 goles o más (Suplente Estrella),Sorloth,6,13.0,15.0,Norway - Senegal,2026-06-23 00:00:05,28.83,1,EUR,5,False,-0.1333333333333334,drifter,False
33890416,To score 2 or more goals (Star Substitute),Marcar 2 goles o más (Suplente Estrella),Michael Olise,36,13.0,15.0,France - Senegal,2026-06-16 19:02:47,,2,,28,True,-0.1333333333333334,drifter,False
33890299,To score 2 or more goals (Star Substitute),Marcar 2 goles o más (Suplente Estrella),Trossard,6,13.0,15.0,Belgium - Egypt,2026-06-15 19:00:29,19.17,1,EUR,5,False,-0.1333333333333334,drifter,False
33890299,Match penalty missed,Penalti fallado durante el partido,Yes,11,8.75,10.1,Belgium - Egypt,2026-06-15 19:00:29,38.34,1,EUR,9,False,-0.1336633663366336,drifter,False
33890416,Team Shots,Remates equipo,France 18 or more,5,1.81,2.09,France - Senegal,2026-06-16 19:02:47,,2,,5,True,-0.13397129186602866,drifter,False
33890299,To score or assist (Star Substitute),Marcar gol o asistir (Suplente Estrella),Omar Marmoush,7,2.71,3.13,Belgium - Egypt,2026-06-15 19:00:29,,2,,6,True,-0.13418530351437702,drifter,False
36966480,Match,Partido,Over 2.5 goals y Over 7.5 corners,40,2.51,2.9,Usa - Australia,2026-06-19 19:00:27,,2,,31,True,-0.13448275862068967,drifter,False
33890211,Home-side combo (bet builder),Argentina,Argentina win y Bensebaini to be booked,5,3.92,4.53,Argentina - Algeria,2026-06-17 01:02:37,0.44000000000000006,1,EUR,2,False,-0.13465783664459166,drifter,False
33890299,Team exact bookings (only players and in play),Número de tarjetas equipo (solo jugadores y en juego),Egypt 2 or more,14,1.27,1.47,Belgium - Egypt,2026-06-15 19:00:29,,2,,11,True,-0.13605442176870744,drifter,False
37275587,Match corners,Corners durante el partido,11 or more,5,1.9,2.2,Malaga - Almeria,2026-06-14 19:02:16,2.5,1,EUR,3,False,-0.13636363636363635,drifter,False
33890444,Team exact bookings (only players and in play),Número de tarjetas equipo (solo jugadores y en juego),England 1 or more,13,1.2,1.39,England - Croatia,2026-06-17 20:00:04,,2,,10,True,-0.13669064748201434,drifter,False
33890306,Team shots on target,Remates a puerta equipo,Curaçao 2 or more,10,1.51,1.75,Germany - Curaçao,2026-06-14 17:01:45,,2,,10,True,-0.13714285714285726,drifter,False
36024518,Team corners,Corners equipo,Iraq 5 or more,19,6.6,7.65,Iraq - Norway,2026-06-16 22:00:57,,2,,12,True,-0.1372549019607843,drifter,False
36966553,Team exact bookings (only players and in play),Número de tarjetas equipo (solo jugadores y en juego),Ivory Coast 2 or more,20,1.38,1.6,Germany - Ivory Coast,2026-06-20 20:00:00,,2,,18,True,-0.13750000000000012,drifter,False
36024518,Away-side combo (bet builder),Noruega,Norway win y Amir Al-Ammari to be booked,5,5.0,5.8,Iraq - Norway,2026-06-16 22:00:57,6.18,1,EUR,3,False,-0.13793103448275862,drifter,False
33890416,Match shots,Remates durante el partido,32 or more,5,3.12,3.62,France - Senegal,2026-06-16 19:02:47,,2,,5,True,-0.13812154696132584,drifter,False
36966466,Team corners,Corners equipo,South Korea 5 or more,12,3.12,3.62,Mexico - South Korea,2026-06-19 01:00:38,,2,,11,True,-0.13812154696132584,drifter,False
36966550,Home-side combo (bet builder),Ecuador,Ecuador to win 1st half y Ecuador to win 2nd half,29,1.93,2.24,Ecuador - Curaçao,2026-06-21 00:00:04,33.93,1,EUR,12,False,-0.13839285714285732,drifter,False
36966609,To score 2 or more goals (Star Substitute),Marcar 2 goles o más (Suplente Estrella),Julian Alvarez,10,8.7,10.1,Argentina - Austria,2026-06-22 17:00:58,,2,,10,True,-0.13861386138613865,drifter,False
36966612,Home-side combo (bet builder),Francia,"France win, Over 10.5 corners y Michael Olise to score a Hat trick (three or more goals)",8,61.0,70.83,France - Iraq,2026-06-22 21:00:42,54.0,1,EUR,8,False,-0.13878300155301423,drifter,False
33890291,Home-side combo (bet builder),Brasil,"Brazil win, Over 10.5 corners y Vinícius to score 2 or more goals",5,31.0,36.0,Brazil - Morocco,2026-06-13 22:04:18,13.0,1,EUR,5,False,-0.13888888888888892,drifter,False
33890291,Match,Partido,Brazil win y Both teams to score in both halves,6,31.0,36.0,Brazil - Morocco,2026-06-13 22:04:18,,2,,6,True,-0.13888888888888892,drifter,False
33890211,Home-side combo (bet builder),Argentina,"Argentina win, Over 2.5 goals y Over 8.5 corners",24,3.71,4.31,Argentina - Algeria,2026-06-17 01:02:37,24.189999999999998,1,EUR,17,False,-0.13921113689095113,drifter,False
36024480,Away-side combo (bet builder),República Checa,Czech Republic win y Patrik Schick to score,5,4.39,5.1,South Korea - Czech Republic,2026-06-12 02:00:54,1.9100000000000001,1,EUR,5,False,-0.13921568627450978,drifter,False
33890211,Team corners,Corners equipo,Argentina 5 or more,65,1.36,1.58,Argentina - Algeria,2026-06-17 01:02:37,,2,,56,True,-0.13924050632911394,drifter,False
33890312,Match corners,Corners durante el partido,10 or more,16,1.85,2.15,Saudi Arabia - Uruguay,2026-06-15 22:03:57,,2,,14,True,-0.13953488372093012,drifter,False
36024520,To score or assist (Star Substitute),Marcar gol o asistir (Suplente Estrella),Rafael Leão,6,1.66,1.93,Portugal - Democratic Republic of the Congo,2026-06-17 17:01:15,10.45,1,EUR,6,False,-0.1398963730569948,drifter,False
33890211,Match corners,Corners durante el partido,11 or more,18,2.95,3.43,Argentina - Algeria,2026-06-17 01:02:37,,2,,11,True,-0.1399416909620992,drifter,False
36966609,Match,Partido,Both teams to score y A goal in both halves,10,2.27,2.64,Argentina - Austria,2026-06-22 17:00:58,21.01,1,EUR,6,False,-0.1401515151515151,drifter,False
33890304,Team exact bookings (only players and in play),Número de tarjetas equipo (solo jugadores y en juego),Japan 2 or more,7,1.47,1.71,Netherlands - Japan,2026-06-14 20:00:08,,2,,7,True,-0.14035087719298248,drifter,False
36966611,Team exact bookings (only players and in play),Número de tarjetas equipo (solo jugadores y en juego),Norway 2 or more,5,1.77,2.06,Norway - Senegal,2026-06-23 00:00:05,,2,,5,True,-0.1407766990291262,drifter,False
36024520,Player to score in fisrt ten minutes (from 0:00 to 9:59),Jugador en meter gol en los 10 primeros minutos (del 0:00 al 9:59),Cristiano Ronaldo,59,9.45,11.0,Portugal - Democratic Republic of the Congo,2026-06-17 17:01:15,,2,,51,True,-0.14090909090909096,drifter,False
33890211,Team exact bookings (only players and in play),Número de tarjetas equipo (solo jugadores y en juego),Argentina 2 or more,14,1.52,1.77,Argentina - Algeria,2026-06-17 01:02:37,,2,,12,True,-0.14124293785310738,drifter,False
36966480,Home-side combo (bet builder),Estados Unidos,Usa win y Both teams to score,6,3.34,3.89,Usa - Australia,2026-06-19 19:00:27,14.84,1,EUR,5,False,-0.14138817480719806,drifter,False
36024520,Team shots on target,Remates a puerta equipo,Portugal 6 or more,14,1.21,1.41,Portugal - Democratic Republic of the Congo,2026-06-17 17:01:15,,2,,13,True,-0.14184397163120566,drifter,False
33890211,Home-side combo (bet builder),Argentina,"Argentina win, Over 10.5 corners y Julian Alvarez to score",5,8.15,9.5,Argentina - Algeria,2026-06-17 01:02:37,6.86,1,EUR,5,False,-0.1421052631578948,drifter,False
36024491,To score 2 or more goals (Star Substitute),Marcar 2 goles o más (Suplente Estrella),Dzeko,6,18.0,21.0,Canada - Bosnia And Herzegovina,2026-06-12 19:02:13,40.0,1,EUR,6,False,-0.14285714285714285,drifter,False
33890298,Anytime goalscorer (Star Substitute),Goleador durante el partido (Suplente Estrella),Taremi,20,2.76,3.22,Iran - New Zealand,2026-06-16 01:03:48,,2,,15,True,-0.14285714285714304,drifter,False
36966550,Anytime goalscorer (Star Substitute),Goleador durante el partido (Suplente Estrella),Enner Valencia,39,1.55,1.81,Ecuador - Curaçao,2026-06-21 00:00:04,,2,,31,True,-0.14364640883977894,drifter,False
33890313,Shots on target each half (Star Substitute),Remates a puerta en cada tiempo Oyarzabal (Suplente Estrella),2 or more,5,5.95,6.95,Spain - Cape Verde,2026-06-15 16:01:07,20.45,1,EUR,5,False,-0.1438848920863309,drifter,False
33890416,Team corners,Corners equipo,Senegal 4 or more,57,1.9,2.22,France - Senegal,2026-06-16 19:02:47,,2,,42,True,-0.1441441441441442,drifter,False
36966480,To be carded (only players and in play)(Star Substitute),Recibir tarjeta (sólo jugadores y en juego) (Suplente Estrella),Tyler Adams,6,3.85,4.5,Usa - Australia,2026-06-19 19:00:27,100.96000000000001,1,EUR,5,False,-0.1444444444444444,drifter,False
36966593,To Score a Header (Star Substitute),Marcar gol con la cabeza (Suplente Estrella),Lukaku,9,6.8,7.95,Belgium - Iran,2026-06-21 19:00:03,41.129999999999995,1,EUR,8,False,-0.1446540880503145,drifter,False
36966592,Team exact bookings (only players and in play),Número de tarjetas equipo (solo jugadores y en juego),New Zealand 2 or more,6,1.65,1.93,New Zealand - Egypt,2026-06-22 01:00:05,,2,,5,True,-0.1450777202072538,drifter,False
36966528,1-X-2 / 2 goals Up,1-X-2 / Ventaja 2 goles,1,10,6.04,7.07,Tunisia - Japan,2026-06-21 04:00:01,65.48,1,EUR,9,False,-0.14568599717114575,drifter,False
36966638,1st half: Team corners,1º tiempo: Corners equipo,Ghana 3 or more,10,8.5,9.95,England - Ghana,2026-06-23 20:00:08,135.03,1,EUR,8,False,-0.14572864321608034,drifter,False
33890309,Shots on target (Star Substitute),Remates a puerta Balogun (Suplente Estrella),2 or more,6,2.45,2.87,Usa - Paraguay,2026-06-13 01:02:10,65.53999999999999,1,EUR,5,False,-0.14634146341463414,drifter,False
36024493,Match corners,Corners durante el partido,9 or more,18,1.4,1.64,Sweden - Tunisia,2026-06-15 02:00:33,,2,,16,True,-0.1463414634146342,drifter,False
36966593,Team exact bookings (only players and in play),Número de tarjetas equipo (solo jugadores y en juego),Belgium 2 or more,8,1.86,2.18,Belgium - Iran,2026-06-21 19:00:03,,2,,7,True,-0.14678899082568808,drifter,False
33890416,Team Shots,Remates equipo,Senegal 10 or more,8,1.8,2.11,France - Senegal,2026-06-16 19:02:47,,2,,8,True,-0.14691943127962087,drifter,False
36024520,Team corners,Corners equipo,Democratic Republic of the Congo 6 or more,6,7.8,9.15,Portugal - Democratic Republic of the Congo,2026-06-17 17:01:15,52.0,1,EUR,6,False,-0.1475409836065575,drifter,False
33890211,Home-side combo (bet builder),Argentina,"Argentina win, Over 2.5 goals y Over 10.5 corners",7,6.35,7.45,Argentina - Algeria,2026-06-17 01:02:37,6.35,1,EUR,6,False,-0.14765100671140938,drifter,False
33890416,Team corners,Corners equipo,Senegal 6 or more,21,4.9,5.75,France - Senegal,2026-06-16 19:02:47,,2,,19,True,-0.14782608695652166,drifter,False
33890312,goal scorer (Star Substitute),Jugador en meter el 1º gol (Suplente Estrella),Valverde,5,7.2,8.45,Saudi Arabia - Uruguay,2026-06-15 22:03:57,99.73,1,EUR,5,False,-0.14792899408284022,drifter,False
36024518,Match shots,Remates durante el partido,24 or more,6,1.15,1.35,Iraq - Norway,2026-06-16 22:00:57,,2,,5,True,-0.14814814814814828,drifter,False
33890306,Home-side combo (bet builder),Alemania,"Germany win, Over 2.5 goals y Over 10.5 corners",12,1.94,2.28,Germany - Curaçao,2026-06-14 17:01:45,106.75,1,EUR,9,False,-0.14912280701754388,drifter,False
36966590,1st half: Team corners,1º tiempo: Corners equipo,Cape Verde 3 or more,6,6.25,7.35,Uruguay - Cape Verde,2026-06-21 22:00:33,47.03,1,EUR,5,False,-0.14965986394557818,drifter,False
36024492,Team corners,Corners equipo,Australia 5 or more,6,2.55,3.0,Australia - Turkey,2026-06-14 04:00:30,1.67,1,EUR,5,False,-0.15000000000000016,drifter,False
36966528,Team exact bookings (only players and in play),Número de tarjetas equipo (solo jugadores y en juego),Tunisia 3 or more,5,2.66,3.13,Tunisia - Japan,2026-06-21 04:00:01,,2,,4,True,-0.15015974440894567,drifter,False
33890313,To score 2 or more goals (Star Substitute),Marcar 2 goles o más (Suplente Estrella),Ferran,73,4.29,5.05,Spain - Cape Verde,2026-06-15 16:01:07,,2,,68,True,-0.1504950495049504,drifter,False
33890309,Home-side combo (bet builder),Estados Unidos,Usa win y Pulisic to score,8,4.12,4.85,Usa - Paraguay,2026-06-13 01:02:10,26.33,1,EUR,5,False,-0.1505154639175257,drifter,False
36024520,Home-side combo (bet builder),Portugal,"Portugal win, Over 8.5 corners y Cristiano Ronaldo to score 2 or more goals",23,6.2,7.3,Portugal - Democratic Republic of the Congo,2026-06-17 17:01:15,65.98,1,EUR,20,False,-0.15068493150684933,drifter,False
36966549,Team exact bookings (only players and in play),Número de tarjetas equipo (solo jugadores y en juego),Sweden 2 or more,6,1.46,1.72,Netherlands - Sweden,2026-06-20 17:00:05,42.57,1,EUR,5,False,-0.15116279069767433,drifter,False
36966612,1st Half: Team Cards (only players and in play),1º tiempo: Tarjetas equipo (solo jugadores y en juego),Iraq 2 or more,5,4.15,4.89,France - Iraq,2026-06-22 21:00:42,134.0,1,EUR,5,False,-0.15132924335378312,drifter,False
33890309,Anytime goalscorer (Star Substitute),Goleador durante el partido (Suplente Estrella),Pulisic,18,2.95,3.48,Usa - Paraguay,2026-06-13 01:02:10,32.17,1,EUR,14,False,-0.15229885057471265,drifter,False
36966592,To score 2 or more goals (Star Substitute),Marcar 2 goles o más (Suplente Estrella),Omar Marmoush,23,9.4,11.1,New Zealand - Egypt,2026-06-22 01:00:05,,2,,16,True,-0.15315315315315306,drifter,False
33890238,Match penalty missed,Penalti fallado durante el partido,Yes,13,9.4,11.1,Mexico - South Africa,2026-06-11 19:05:51,,2,,13,True,-0.15315315315315306,drifter,False
36024492,Match penalty missed,Penalti fallado durante el partido,Yes,5,8.55,10.1,Australia - Turkey,2026-06-14 04:00:30,,2,,5,True,-0.15346534653465338,drifter,False
33890305,Match fouls,Faltas durante el partido,30 or more,12,2.3,2.72,Ivory Coast - Ecuador,2026-06-14 23:03:23,5.46,1,EUR,2,False,-0.1544117647058825,drifter,False
36966549,goal scorer (Star Substitute),Jugador en meter el 1º gol (Suplente Estrella),Malen,6,5.2,6.15,Netherlands - Sweden,2026-06-20 17:00:05,,2,,6,True,-0.1544715447154471,drifter,False
36024492,Team corners,Corners equipo,Australia 3 or more,29,1.36,1.61,Australia - Turkey,2026-06-14 04:00:30,,2,,22,True,-0.15527950310559005,drifter,False
36966553,Home-side combo (bet builder),Alemania,"Musiala to score, Jonathan Tah to be booked y Franck Kessie to be booked",8,41.0,48.58,Germany - Ivory Coast,2026-06-20 20:00:00,23.5,1,EUR,6,False,-0.15603128859613014,drifter,False
36966528,Match shots on target,Remates a puerta durante el partido,9 or more,5,1.51,1.79,Tunisia - Japan,2026-06-21 04:00:01,,2,,4,True,-0.1564245810055867,drifter,False
33890312,Match corners,Corners durante el partido,9 or more,42,1.51,1.79,Saudi Arabia - Uruguay,2026-06-15 22:03:57,,2,,40,True,-0.1564245810055867,drifter,False
33890444,Team corners,Corners equipo,Croatia 5 or more,19,2.64,3.13,England - Croatia,2026-06-17 20:00:04,121.2,1,EUR,18,False,-0.1565495207667732,drifter,False
36966480,Match,Partido,Both teams to score y A goal in both halves,5,2.26,2.68,Usa - Australia,2026-06-19 19:00:27,57.95,1,EUR,5,False,-0.15671641791044788,drifter,False
33890306,Team exact bookings (only players and in play),Número de tarjetas equipo (solo jugadores y en juego),Germany 2 or more,8,3.0,3.56,Germany - Curaçao,2026-06-14 17:01:45,26.27,1,EUR,8,False,-0.15730337078651674,drifter,False
36024520,Anytime goalscorer (Star Substitute),Goleador durante el partido (Suplente Estrella),João Félix,7,2.14,2.54,Portugal - Democratic Republic of the Congo,2026-06-17 17:01:15,4.28,1,EUR,5,False,-0.15748031496062997,drifter,False
36024491,Team exact bookings (only players and in play),Número de tarjetas equipo (solo jugadores y en juego),Bosnia And Herzegovina 3 or more,5,1.55,1.84,Canada - Bosnia And Herzegovina,2026-06-12 19:02:13,55.55,1,EUR,4,False,-0.15760869565217395,drifter,False
33890306,To score or assist (Star Substitute),Marcar gol o asistir (Suplente Estrella),Kenji Gorré,21,4.0,4.75,Germany - Curaçao,2026-06-14 17:01:45,111.88,1,EUR,1,False,-0.1578947368421053,drifter,False
36966480,Team exact bookings (only players and in play),Número de tarjetas equipo (solo jugadores y en juego),Australia 2 or more,6,1.33,1.58,Usa - Australia,2026-06-19 19:00:27,13.02,1,EUR,6,False,-0.15822784810126586,drifter,False
33890211,To score 2 or more goals (Star Substitute),Marcar 2 goles o más (Suplente Estrella),Julian Alvarez,11,8.5,10.1,Argentina - Algeria,2026-06-17 01:02:37,33.31,1,EUR,9,False,-0.15841584158415836,drifter,False
33890259,Saves (Star Substitute),Paradas Gregor Kobel (Suplente Estrella),3 or more,5,2.76,3.28,Qatar - Switzerland,2026-06-13 19:04:43,62.67,1,EUR,5,False,-0.1585365853658538,drifter,False
33890305,Team corners,Corners equipo,Ivory Coast 5 or more,10,2.22,2.64,Ivory Coast - Ecuador,2026-06-14 23:03:23,,2,,10,True,-0.159090909090909,drifter,False
36024520,Player to score in both halves (Star Substitute),Jugador en meter gol en el 1º y 2º tiempo (Suplente Estrella),Cristiano Ronaldo,21,5.8,6.9,Portugal - Democratic Republic of the Congo,2026-06-17 17:01:15,81.25,1,EUR,11,False,-0.15942028985507248,drifter,False
36024518,Team corners,Corners equipo,Iraq 3 or more,61,1.95,2.32,Iraq - Norway,2026-06-16 22:00:57,,2,,52,True,-0.1594827586206897,drifter,False
33890304,Match goal kicks,Saques de puerta durante el partido,15 or more,23,1.95,2.32,Netherlands - Japan,2026-06-14 20:00:08,13.620000000000001,1,EUR,2,False,-0.1594827586206897,drifter,False
36966469,Home-side combo (bet builder),República Checa,"Czech Republic win, Over 8.5 corners y Patrik Schick to score 2 or more goals",7,15.79,18.8,Czech Republic - South Africa,2026-06-18 16:00:09,4.46,1,EUR,3,False,-0.16010638297872343,drifter,False
36024518,Team exact bookings (only players and in play),Número de tarjetas equipo (solo jugadores y en juego),Iraq 3 or more,11,2.25,2.68,Iraq - Norway,2026-06-16 22:00:57,13.88,1,EUR,7,False,-0.16044776119402987,drifter,False
36024518,Player to win a penalty,Jugador en provocar un penalti,Haaland,12,26.0,31.0,Iraq - Norway,2026-06-16 22:00:57,,2,,5,True,-0.16129032258064524,drifter,False
36024520,Home-side combo (bet builder),Portugal,"Portugal win, Over 10.5 corners y Cristiano Ronaldo to score a Hat trick (three or more goals)",10,26.0,31.0,Portugal - Democratic Republic of the Congo,2026-06-17 17:01:15,21.5,1,EUR,10,False,-0.16129032258064524,drifter,False
36966486,To score 2 or more goals (Star Substitute),Marcar 2 goles o más (Suplente Estrella),Che Adams,7,26.0,31.0,Scotland - Morocco,2026-06-19 22:00:07,2.88,1,EUR,4,False,-0.16129032258064524,drifter,False
36966473,Home-side combo (bet builder),Suiza,"Switzerland win, Over 8.5 corners y Akanji to be booked",6,13.0,15.51,Switzerland - Bosnia And Herzegovina,2026-06-18 19:00:01,14.51,1,EUR,4,False,-0.16183107672469374,drifter,False
33890313,Home-side combo (bet builder),España,Spain win y Laporte to be booked,9,7.75,9.25,Spain - Cape Verde,2026-06-15 16:01:07,31.0,1,EUR,8,False,-0.1621621621621621,drifter,False
36966593,Home-side combo (bet builder),Bélgica,Belgium win y Both teams to score,5,2.99,3.57,Belgium - Iran,2026-06-21 19:00:03,8.57,1,EUR,5,False,-0.16246498599439774,drifter,False
33890298,Match penalty missed,Penalti fallado durante el partido,Yes,7,9.2,11.0,Iran - New Zealand,2026-06-16 01:03:48,,2,,5,True,-0.1636363636363637,drifter,False
36966593,Hat trick (three or more goals) (Star Substitute),Hat trick (tres o más goles) (Suplente Estrella),Kevin De Bruyne,7,51.0,61.0,Belgium - Iran,2026-06-21 19:00:03,12.46,1,EUR,3,False,-0.16393442622950813,drifter,False
37275587,Team exact bookings (only players and in play),Número de tarjetas equipo (solo jugadores y en juego),Almeria 4 or more,8,2.04,2.44,Malaga - Almeria,2026-06-14 19:02:16,4.13,1,EUR,6,False,-0.16393442622950813,drifter,False
36966466,Team corners,Corners equipo,South Korea 6 or more,8,5.1,6.1,Mexico - South Korea,2026-06-19 01:00:38,,2,,8,True,-0.1639344262295082,drifter,False
37233846,Hat trick (three or more goals) (Star Substitute),Hat trick (tres o más goles) (Suplente Estrella),Cristiano Ronaldo,8,8.4,10.05,Portugal - Nigeria,2026-06-10 19:49:08,,2,,6,True,-0.16417910447761197,drifter,False
33890309,Team exact bookings (only players and in play),Número de tarjetas equipo (solo jugadores y en juego),Usa 2 or more,5,1.42,1.7,Usa - Paraguay,2026-06-13 01:02:10,,2,,4,True,-0.16470588235294123,drifter,False
33890211,Team corners,Corners equipo,Algeria 5 or more,17,4.3,5.15,Argentina - Algeria,2026-06-17 01:02:37,,2,,15,True,-0.1650485436893204,drifter,False
36966640,To be carded (only players and in play)(Star Substitute),Recibir tarjeta (sólo jugadores y en juego) (Suplente Estrella),Khusanov,6,3.28,3.93,Portugal - Uzbekistan,2026-06-23 17:00:06,78.67,1,EUR,6,False,-0.1653944020356234,drifter,False
36966590,Team exact bookings (only players and in play),Número de tarjetas equipo (solo jugadores y en juego),Cape Verde 2 or more,7,1.36,1.63,Uruguay - Cape Verde,2026-06-21 22:00:33,,2,,7,True,-0.16564417177914104,drifter,False
36966640,Team corners,Corners equipo,Uzbekistan 4 or more,9,2.92,3.5,Portugal - Uzbekistan,2026-06-23 17:00:06,,2,,8,True,-0.1657142857142857,drifter,False
33890211,Player to score in fisrt ten minutes (from 0:00 to 9:59),Jugador en meter gol en los 10 primeros minutos (del 0:00 al 9:59),Julian Alvarez,7,15.0,18.0,Argentina - Algeria,2026-06-17 01:02:37,,2,,6,True,-0.1666666666666667,drifter,False
36966550,Hat trick (three or more goals) (Star Substitute),Hat trick (tres o más goles) (Suplente Estrella),Enner Valencia,10,10.0,12.0,Ecuador - Curaçao,2026-06-21 00:00:04,,2,,10,True,-0.16666666666666677,drifter,False
36966553,Team exact bookings (only players and in play),Número de tarjetas equipo (solo jugadores y en juego),Ivory Coast 3 or more,12,2.39,2.87,Germany - Ivory Coast,2026-06-20 20:00:00,49.230000000000004,1,EUR,12,False,-0.16724738675958192,drifter,False
36966466,Team corners,Corners equipo,South Korea 4 or more,44,1.89,2.27,Mexico - South Korea,2026-06-19 01:00:38,,2,,36,True,-0.16740088105726889,drifter,False
33890313,Home-side combo (bet builder),España,"Spain win, Over 10.5 corners y Ferran to score a Hat trick (three or more goals)",6,25.81,31.0,Spain - Cape Verde,2026-06-15 16:01:07,9.2,1,EUR,6,False,-0.16741935483870973,drifter,False
33890299,Anytime goalscorer (Star Substitute),Goleador durante el partido (Suplente Estrella),Tielemans,9,5.2,6.25,Belgium - Egypt,2026-06-15 19:00:29,12.4,1,EUR,2,False,-0.1679999999999999,drifter,False
36966480,Home-side combo (bet builder),Estados Unidos,Usa to win both halves y Over 3.5 goals,6,7.55,9.08,Usa - Australia,2026-06-19 19:00:27,18.0,1,EUR,2,False,-0.1685022026431719,drifter,False
36024518,To score 2 or more goals (Star Substitute),Marcar 2 goles o más (Suplente Estrella),Sorloth,21,5.4,6.5,Iraq - Norway,2026-06-16 22:00:57,,2,,18,True,-0.16923076923076913,drifter,False
33890298,Team corners,Corners equipo,New Zealand 4 or more,13,1.71,2.06,Iran - New Zealand,2026-06-16 01:03:48,,2,,10,True,-0.16990291262135918,drifter,False
36966485,Match penalty scored,Gol de penalti durante el partido,Yes,29,2.49,3.0,Brazil - Haiti,2026-06-20 00:32:31,,2,,27,True,-0.16999999999999993,drifter,False
33890211,Home-side combo (bet builder),Argentina,"Argentina win, Argentina to score in both halves y Over 8.5 corners",5,4.12,4.97,Argentina - Algeria,2026-06-17 01:02:37,6.72,1,EUR,5,False,-0.17102615694164985,drifter,False
33890305,Match corners,Corners durante el partido,10 or more,15,2.17,2.62,Ivory Coast - Ecuador,2026-06-14 23:03:23,,2,,13,True,-0.17175572519083976,drifter,False
36966638,Team corners,Corners equipo,Ghana 5 or more,9,6.5,7.85,England - Ghana,2026-06-23 20:00:08,,2,,9,True,-0.17197452229299368,drifter,False
36966480,Match,Partido,A goal in both halves y More than 4 corners in each half,10,3.88,4.69,Usa - Australia,2026-06-19 19:00:27,,2,,8,True,-0.1727078891257997,drifter,False
36966591,Team corners,Corners equipo,Spain 8 or more,47,1.38,1.67,Spain - Saudi Arabia,2026-06-21 16:00:48,642.74,1,EUR,40,False,-0.17365269461077848,drifter,False
36024491,To score or assist (Star Substitute),Marcar gol o asistir (Suplente Estrella),Ermedin Demirovic,8,2.71,3.28,Canada - Bosnia And Herzegovina,2026-06-12 19:02:13,45.96,1,EUR,7,False,-0.17378048780487806,drifter,False
33890416,Team to miss a penalty,Equipo en fallar penalti durante el partido,Senegal,8,19.0,23.0,France - Senegal,2026-06-16 19:02:47,,2,,8,True,-0.17391304347826084,drifter,False
36966549,Team to miss a penalty,Equipo en fallar penalti durante el partido,Sweden,8,19.0,23.0,Netherlands - Sweden,2026-06-20 17:00:05,,2,,8,True,-0.17391304347826084,drifter,False
36024518,Hat trick (three or more goals) (Star Substitute),Hat trick (tres o más goles) (Suplente Estrella),Sorloth,8,19.0,23.0,Iraq - Norway,2026-06-16 22:00:57,,2,,4,True,-0.17391304347826084,drifter,False
36966480,Anytime goalscorer (Star Substitute),Goleador durante el partido (Suplente Estrella),Mohamed Toure,5,4.58,5.55,Usa - Australia,2026-06-19 19:00:27,43.15,1,EUR,5,False,-0.1747747747747747,drifter,False
36024520,To score 2 or more goals (Star Substitute),Marcar 2 goles o más (Suplente Estrella),Cristiano Ronaldo,304,3.87,4.69,Portugal - Democratic Republic of the Congo,2026-06-17 17:01:15,,2,,263,True,-0.17484008528784645,drifter,False
33890312,To score or assist (Star Substitute),Marcar gol o asistir (Suplente Estrella),Federico Viñas,11,1.74,2.11,Saudi Arabia - Uruguay,2026-06-15 22:03:57,14.21,1,EUR,10,False,-0.17535545023696675,drifter,False
33890305,Match corners,Corners durante el partido,8 or more,37,1.41,1.71,Ivory Coast - Ecuador,2026-06-14 23:03:23,,2,,31,True,-0.17543859649122814,drifter,False
36966553,Team to score a penalty,Equipo en marcar gol de penalti durante el partido,Germany,17,3.66,4.44,Germany - Ivory Coast,2026-06-20 20:00:00,,2,,8,True,-0.17567567567567569,drifter,False
33890306,Team to score a penalty,Equipo en marcar gol de penalti durante el partido,Germany,24,2.2,2.67,Germany - Curaçao,2026-06-14 17:01:45,91.78,1,EUR,16,False,-0.17602996254681638,drifter,False
33890416,Player to win a penalty,Jugador en provocar un penalti,Mbappe,9,14.0,17.0,France - Senegal,2026-06-16 19:02:47,31.659999999999997,1,EUR,4,False,-0.17647058823529407,drifter,False
36966612,Team exact bookings (only players and in play),Número de tarjetas equipo (solo jugadores y en juego),Iraq 3 or more,10,2.47,3.0,France - Iraq,2026-06-22 21:00:42,26.009999999999998,1,EUR,7,False,-0.1766666666666667,drifter,False
33890259,Team corners,Corners equipo,Qatar 6 or more,8,8.85,10.75,Qatar - Switzerland,2026-06-13 19:04:43,,2,,8,True,-0.17674418604651163,drifter,False
33890309,Home-side combo (bet builder),Estados Unidos,Usa win y Balogun to score,5,3.58,4.35,Usa - Paraguay,2026-06-13 01:02:10,8.280000000000001,1,EUR,5,False,-0.17701149425287344,drifter,False
33890444,Team corners,Corners equipo,Croatia 6 or more,21,4.44,5.4,England - Croatia,2026-06-17 20:00:04,,2,,15,True,-0.17777777777777773,drifter,False
36966612,Team to score a penalty,Equipo en marcar gol de penalti durante el partido,France,16,2.77,3.37,France - Iraq,2026-06-22 21:00:42,,2,,13,True,-0.17804154302670636,drifter,False
36024493,Match goal kicks,Saques de puerta durante el partido,16 or more,23,1.92,2.34,Sweden - Tunisia,2026-06-15 02:00:33,13.620000000000001,1,EUR,2,False,-0.1794871794871795,drifter,False
33890306,1st Half: Team Cards (only players and in play),1º tiempo: Tarjetas equipo (solo jugadores y en juego),Curaçao 1 or more,9,1.32,1.61,Germany - Curaçao,2026-06-14 17:01:45,11.91,1,EUR,6,False,-0.18012422360248453,drifter,False
36966593,Anytime goalscorer (Star Substitute),Goleador durante el partido (Suplente Estrella),Tielemans,8,4.55,5.55,Belgium - Iran,2026-06-21 19:00:03,15.71,1,EUR,4,False,-0.1801801801801801,drifter,False
36024480,1st half: Team corners,1º tiempo: Corners equipo,Czech Republic 4 or more,7,5.0,6.1,South Korea - Czech Republic,2026-06-12 02:00:54,,2,,6,True,-0.180327868852459,drifter,False
36966593,Team exact bookings (only players and in play),Número de tarjetas equipo (solo jugadores y en juego),Iran 3 or more,6,2.18,2.66,Belgium - Iran,2026-06-21 19:00:03,,2,,6,True,-0.18045112781954886,drifter,False
36024480,Team corners,Corners equipo,Czech Republic 6 or more,14,2.97,3.63,South Korea - Czech Republic,2026-06-12 02:00:54,106.08,1,EUR,7,False,-0.1818181818181817,drifter,False
33890309,Anytime goalscorer (Star Substitute),Goleador durante el partido (Suplente Estrella),Balogun,18,2.56,3.13,Usa - Paraguay,2026-06-13 01:02:10,,2,,13,True,-0.1821086261980831,drifter,False
36966638,Team corners,Corners equipo,Ghana 4 or more,7,3.3,4.04,England - Ghana,2026-06-23 20:00:08,,2,,7,True,-0.1831683168316832,drifter,False
33890416,Team exact bookings (only players and in play),Número de tarjetas equipo (solo jugadores y en juego),Senegal 3 or more,16,1.82,2.23,France - Senegal,2026-06-16 19:02:47,91.81,1,EUR,14,False,-0.18385650224215233,drifter,False
33890211,Team corners,Corners equipo,Algeria 6 or more,8,8.2,10.05,Argentina - Algeria,2026-06-17 01:02:37,,2,,5,True,-0.18407960199004988,drifter,False
36966640,Team exact bookings (only players and in play),Número de tarjetas equipo (solo jugadores y en juego),Uzbekistan 2 or more,5,1.37,1.68,Portugal - Uzbekistan,2026-06-23 17:00:06,,2,,5,True,-0.18452380952380953,drifter,False
36024493,Match penalty missed,Penalti fallado durante el partido,Yes,8,9.05,11.1,Sweden - Tunisia,2026-06-15 02:00:33,17.0,1,EUR,6,False,-0.18468468468468457,drifter,False
36966593,Team corners,Corners equipo,Iran 6 or more,6,6.1,7.5,Belgium - Iran,2026-06-21 19:00:03,31.740000000000002,1,EUR,6,False,-0.18666666666666676,drifter,False
36966485,1st half: Shots on target,Vinícius,2 or more,7,2.92,3.6,Brazil - Haiti,2026-06-20 00:32:31,33.91,1,EUR,7,False,-0.1888888888888888,drifter,False
36966612,Home-side combo (bet builder),Francia,France win y Tchouameni to be booked,13,6.85,8.45,France - Iraq,2026-06-22 21:00:42,6.75,1,EUR,4,False,-0.18934911242603553,drifter,False
33890312,Team corners,Corners equipo,Saudi Arabia 5 or more,13,3.46,4.27,Saudi Arabia - Uruguay,2026-06-15 22:03:57,,2,,10,True,-0.18969555035128807,drifter,False
36966593,Hat trick (three or more goals) (Star Substitute),Hat trick (tres o más goles) (Suplente Estrella),Lukaku,13,17.0,21.0,Belgium - Iran,2026-06-21 19:00:03,201.66,1,EUR,8,False,-0.19047619047619052,drifter,False
33890211,Match corners,Corners durante el partido,8 or more,55,1.4,1.73,Argentina - Algeria,2026-06-17 01:02:37,,2,,53,True,-0.19075144508670516,drifter,False
33890211,Team corners,Corners equipo,Algeria 3 or more,43,1.56,1.93,Argentina - Algeria,2026-06-17 01:02:37,,2,,40,True,-0.1917098445595853,drifter,False
33890238,Team to miss a penalty,Equipo en fallar penalti durante el partido,South Africa,7,21.0,26.0,Mexico - South Africa,2026-06-11 19:05:51,,2,,7,True,-0.1923076923076922,drifter,False
36966473,Anytime goalscorer (Star Substitute),Goleador durante el partido (Suplente Estrella),Ermedin Demirovic,12,4.88,6.05,Switzerland - Bosnia And Herzegovina,2026-06-18 19:00:01,71.7,1,EUR,9,False,-0.1933884297520661,drifter,False
33890305,Team corners,Corners equipo,Ivory Coast 4 or more,14,1.5,1.86,Ivory Coast - Ecuador,2026-06-14 23:03:23,,2,,13,True,-0.1935483870967742,drifter,False
36024520,Team exact bookings (only players and in play),Número de tarjetas equipo (solo jugadores y en juego),Democratic Republic of the Congo 2 or more,10,1.37,1.7,Portugal - Democratic Republic of the Congo,2026-06-17 17:01:15,,2,,10,True,-0.1941176470588235,drifter,False
36966528,Team to score a penalty,Equipo en marcar gol de penalti durante el partido,Japan,10,4.35,5.4,Tunisia - Japan,2026-06-21 04:00:01,,2,,3,True,-0.1944444444444446,drifter,False
36024480,1st half: Team corners,1º tiempo: Corners equipo,Czech Republic 5 or more,11,9.65,12.0,South Korea - Czech Republic,2026-06-12 02:00:54,,2,,5,True,-0.19583333333333333,drifter,False
36966638,To score 2 or more goals (Star Substitute),Marcar 2 goles o más (Suplente Estrella),Antoine Semenyo,7,41.0,51.0,England - Ghana,2026-06-23 20:00:08,43.1,1,EUR,7,False,-0.19607843137254907,drifter,False
36024518,Match penalty scored,Gol de penalti durante el partido,Yes,27,2.67,3.33,Iraq - Norway,2026-06-16 22:00:57,,2,,24,True,-0.19819819819819826,drifter,False
36966612,Match penalty scored,Gol de penalti durante el partido,Yes,58,2.38,2.97,France - Iraq,2026-06-22 21:00:42,,2,,43,True,-0.19865319865319875,drifter,False
33890306,Hat trick (three or more goals) (Star Substitute),Hat trick (tres o más goles) (Suplente Estrella),Florian Wirtz,8,12.0,15.0,Germany - Curaçao,2026-06-14 17:01:45,12.46,1,EUR,4,False,-0.19999999999999996,drifter,False
36966593,To score 2 or more goals (Star Substitute),Marcar 2 goles o más (Suplente Estrella),Trossard,7,12.0,15.0,Belgium - Iran,2026-06-21 19:00:03,26.92,1,EUR,4,False,-0.19999999999999996,drifter,False
33890305,2nd Half: Team Cards (only players and in play),2º tiempo: Tarjetas equipo (solo jugadores y en juego),Ivory Coast 2 or more,5,1.84,2.31,Ivory Coast - Ecuador,2026-06-14 23:03:23,7.07,1,EUR,4,False,-0.20346320346320343,drifter,False
36966485,1st Half: Team Cards (only players and in play),1º tiempo: Tarjetas equipo (solo jugadores y en juego),Haiti 1 or more,6,1.37,1.72,Brazil - Haiti,2026-06-20 00:32:31,,2,,6,True,-0.2034883720930232,drifter,False
36966553,Match penalty scored,Gol de penalti durante el partido,Yes,33,2.77,3.48,Germany - Ivory Coast,2026-06-20 20:00:00,,2,,31,True,-0.20402298850574724,drifter,False
36024520,Home-side combo (bet builder),Portugal,"Portugal win, Over 10.5 corners y Cristiano Ronaldo to score 2 or more goals",17,9.15,11.5,Portugal - Democratic Republic of the Congo,2026-06-17 17:01:15,94.1,1,EUR,15,False,-0.2043478260869565,drifter,False
33890211,Match corners,Corners durante el partido,10 or more,17,1.98,2.49,Argentina - Algeria,2026-06-17 01:02:37,,2,,16,True,-0.2048192771084339,drifter,False
36966480,Match,Partido,Over 2.5 goals y Over 9.5 corners,8,3.87,4.87,Usa - Australia,2026-06-19 19:00:27,46.74,1,EUR,7,False,-0.20533880903490756,drifter,False
36966590,1-X-2 / 2 goals Up,1-X-2 / Ventaja 2 goles,2,30,6.79,8.55,Uruguay - Cape Verde,2026-06-21 22:00:33,8.379999999999999,1,EUR,6,False,-0.20584795321637434,drifter,False
36024493,Team Fouls,Faltas Equipo,Tunisia 15 or more,6,1.77,2.23,Sweden - Tunisia,2026-06-15 02:00:33,,2,,5,True,-0.20627802690582958,drifter,False
36966609,Match,Partido,Both teams to score y Over 7.5 corners,6,2.82,3.56,Argentina - Austria,2026-06-22 17:00:58,35.22,1,EUR,6,False,-0.20786516853932582,drifter,False
36966553,Team exact bookings (only players and in play),Número de tarjetas equipo (solo jugadores y en juego),Germany 2 or more,8,1.9,2.4,Germany - Ivory Coast,2026-06-20 20:00:00,91.75999999999999,1,EUR,7,False,-0.20833333333333326,drifter,False
36966592,To score 2 or more goals (Star Substitute),Marcar 2 goles o más (Suplente Estrella),Mohamed Salah,34,7.0,8.85,New Zealand - Egypt,2026-06-22 01:00:05,,2,,18,True,-0.20903954802259883,drifter,False
33890304,Team to miss a penalty,Equipo en fallar penalti durante el partido,Netherlands,6,15.0,19.0,Netherlands - Japan,2026-06-14 20:00:08,,2,,4,True,-0.21052631578947373,drifter,False
33890309,Team exact bookings (only players and in play),Número de tarjetas equipo (solo jugadores y en juego),Paraguay 3 or more,10,1.91,2.42,Usa - Paraguay,2026-06-13 01:02:10,642.5,1,EUR,9,False,-0.21074380165289253,drifter,False
36966640,Shots on target outside the box (Star Substitute),Remates a puerta desde fuera del área Cristiano Ronaldo (Suplente Estrella),1 or more,10,2.47,3.13,Portugal - Uzbekistan,2026-06-23 17:00:06,131.42000000000002,1,EUR,9,False,-0.21086261980830673,drifter,False
33890313,Team to score a penalty,Equipo en marcar gol de penalti durante el partido,Spain,34,2.54,3.22,Spain - Cape Verde,2026-06-15 16:01:07,349.82,1,EUR,26,False,-0.21118012422360247,drifter,False
33890259,1st half: Team corners,1º tiempo: Corners equipo,Qatar 3 or more,8,5.2,6.6,Qatar - Switzerland,2026-06-13 19:04:43,75.94,1,EUR,6,False,-0.21212121212121202,drifter,False
33890312,Team corners,Corners equipo,Saudi Arabia 3 or more,33,1.36,1.73,Saudi Arabia - Uruguay,2026-06-15 22:03:57,,2,,33,True,-0.21387283236994206,drifter,False
36966640,1st half: Team corners,1º tiempo: Corners equipo,Uzbekistan 2 or more,6,2.42,3.08,Portugal - Uzbekistan,2026-06-23 17:00:06,225.0,1,EUR,6,False,-0.2142857142857143,drifter,False
33890299,Anytime goalscorer (Star Substitute),Goleador durante el partido (Suplente Estrella),Omar Marmoush,11,4.12,5.25,Belgium - Egypt,2026-06-15 19:00:29,44.72,1,EUR,11,False,-0.21523809523809528,drifter,False
33890312,Anytime goalscorer (Star Substitute),Goleador durante el partido (Suplente Estrella),Federico Viñas,5,2.29,2.92,Saudi Arabia - Uruguay,2026-06-15 22:03:57,127.19000000000001,1,EUR,5,False,-0.21575342465753433,drifter,False
33890290,Match penalty scored,Gol de penalti durante el partido,Yes,14,2.72,3.47,Haiti - Scotland,2026-06-14 01:02:33,,2,,14,True,-0.2161383285302593,drifter,False
36966609,Team to score a penalty,Equipo en marcar gol de penalti durante el partido,Argentina,21,4.27,5.45,Argentina - Austria,2026-06-22 17:00:58,57.35,1,EUR,10,False,-0.21651376146789003,drifter,False
36024491,Team exact bookings (only players and in play),Número de tarjetas equipo (solo jugadores y en juego),Canada 2 or more,6,1.32,1.69,Canada - Bosnia And Herzegovina,2026-06-12 19:02:13,155.04,1,EUR,6,False,-0.2189349112426035,drifter,False
36966593,Shots on target outside the box (Star Substitute),Remates a puerta desde fuera del área Kevin De Bruyne (Suplente Estrella),2 or more,5,5.35,6.85,Belgium - Iran,2026-06-21 19:00:03,21.5,1,EUR,5,False,-0.21897810218978103,drifter,False
33890309,Player to score in 1st half,Jugador en meter gol en el 1º tiempo,Balogun,8,6.4,8.2,Usa - Paraguay,2026-06-13 01:02:10,1.06,1,EUR,3,False,-0.21951219512195114,drifter,False
33890259,1st half: Team corners,1º tiempo: Corners equipo,Qatar 4 or more,7,11.7,15.0,Qatar - Switzerland,2026-06-13 19:04:43,25.67,1,EUR,7,False,-0.22000000000000003,drifter,False
36966480,Match,Partido,Over 2.5 goals y Over 11.5 corners,9,6.55,8.4,Usa - Australia,2026-06-19 19:00:27,28.589999999999996,1,EUR,8,False,-0.22023809523809532,drifter,False
33890211,Team corners,Corners equipo,Algeria 4 or more,29,2.44,3.13,Argentina - Algeria,2026-06-17 01:02:37,,2,,27,True,-0.22044728434504798,drifter,False
33890290,To score 2 or more goals (Star Substitute),Marcar 2 goles o más (Suplente Estrella),Che Adams,5,8.65,11.1,Haiti - Scotland,2026-06-14 01:02:33,,2,,5,True,-0.22072072072072063,drifter,False
36024491,Anytime goalscorer (Star Substitute),Goleador durante el partido (Suplente Estrella),Ermedin Demirovic,10,3.77,4.84,Canada - Bosnia And Herzegovina,2026-06-12 19:02:13,62.47,1,EUR,9,False,-0.22107438016528932,drifter,False
33890312,Team corners,Corners equipo,Saudi Arabia 6 or more,6,5.8,7.45,Saudi Arabia - Uruguay,2026-06-15 22:03:57,,2,,5,True,-0.22147651006711414,drifter,False
36024518,Team exact bookings (only players and in play),Número de tarjetas equipo (solo jugadores y en juego),Iraq 2 or more,26,1.33,1.71,Iraq - Norway,2026-06-16 22:00:57,,2,,22,True,-0.2222222222222222,drifter,False
36966591,Team exact bookings (only players and in play),Número de tarjetas equipo (solo jugadores y en juego),Saudi Arabia 2 or more,23,1.32,1.7,Spain - Saudi Arabia,2026-06-21 16:00:48,,2,,23,True,-0.22352941176470584,drifter,False
36024520,Team to score a penalty,Equipo en marcar gol de penalti durante el partido,Portugal,20,3.43,4.43,Portugal - Democratic Republic of the Congo,2026-06-17 17:01:15,,2,,17,True,-0.22573363431151222,drifter,False
36966466,Team exact bookings (only players and in play),Número de tarjetas equipo (solo jugadores y en juego),Mexico 2 or more,8,1.33,1.72,Mexico - South Korea,2026-06-19 01:00:38,,2,,8,True,-0.22674418604651153,drifter,False
33890259,Team corners,Corners equipo,Qatar 4 or more,36,2.34,3.03,Qatar - Switzerland,2026-06-13 19:04:43,,2,,28,True,-0.2277227722772278,drifter,False
36966590,Match penalty scored,Gol de penalti durante el partido,Yes,15,3.16,4.1,Uruguay - Cape Verde,2026-06-21 22:00:33,,2,,13,True,-0.22926829268292667,drifter,False
33890259,Team to score a penalty,Equipo en marcar gol de penalti durante el partido,Switzerland,16,3.05,3.96,Qatar - Switzerland,2026-06-13 19:04:43,47.8,1,EUR,7,False,-0.22979797979797983,drifter,False
36024492,Team exact bookings (only players and in play),Número de tarjetas equipo (solo jugadores y en juego),Turkey 2 or more,18,1.34,1.74,Australia - Turkey,2026-06-14 04:00:30,,2,,17,True,-0.22988505747126434,drifter,False
36966528,Team corners,Corners equipo,Tunisia 4 or more,13,1.7,2.21,Tunisia - Japan,2026-06-21 04:00:01,,2,,12,True,-0.23076923076923078,drifter,False
36024492,Team corners,Corners equipo,Australia 4 or more,19,1.78,2.32,Australia - Turkey,2026-06-14 04:00:30,,2,,17,True,-0.23275862068965517,drifter,False
36966591,Team corners,Corners equipo,Saudi Arabia 5 or more,21,2.67,3.48,Spain - Saudi Arabia,2026-06-21 16:00:48,23.79,1,EUR,10,False,-0.23275862068965528,drifter,False
33890220,Match penalty scored,Gol de penalti durante el partido,Yes,7,2.85,3.72,Uzbekistan - Colombia,2026-06-18 02:00:00,,2,,7,True,-0.2338709677419355,drifter,False
33890211,Match corners,Corners durante el partido,9 or more,45,1.56,2.04,Argentina - Algeria,2026-06-17 01:02:37,,2,,40,True,-0.2352941176470588,drifter,False
33890313,Hat trick (three or more goals) (Star Substitute),Hat trick (tres o más goles) (Suplente Estrella),Ferran,32,13.0,17.0,Spain - Cape Verde,2026-06-15 16:01:07,264.46,1,EUR,32,False,-0.23529411764705888,drifter,False
33890306,Hat trick (three or more goals) (Star Substitute),Hat trick (tres o más goles) (Suplente Estrella),Musiala,9,13.0,17.0,Germany - Curaçao,2026-06-14 17:01:45,,2,,6,True,-0.23529411764705888,drifter,False
36966609,Match penalty scored,Gol de penalti durante el partido,Yes,38,2.95,3.86,Argentina - Austria,2026-06-22 17:00:58,,2,,31,True,-0.23575129533678743,drifter,False
36966591,Team corners,Corners equipo,Saudi Arabia 4 or more,7,1.71,2.24,Spain - Saudi Arabia,2026-06-21 16:00:48,,2,,6,True,-0.23660714285714288,drifter,False
33890259,1st half: Team corners,1º tiempo: Corners equipo,Qatar 2 or more,7,2.15,2.82,Qatar - Switzerland,2026-06-13 19:04:43,,2,,6,True,-0.23758865248226946,drifter,False
33890444,Team exact bookings (only players and in play),Número de tarjetas equipo (solo jugadores y en juego),Croatia 2 or more,6,1.31,1.72,England - Croatia,2026-06-17 20:00:04,,2,,6,True,-0.2383720930232557,drifter,False
36971426,Match penalty scored,Gol de penalti durante el partido,Yes,13,2.98,3.92,Turkey - Paraguay,2026-06-20 03:00:03,,2,,11,True,-0.23979591836734696,drifter,False
36966591,Team to score a penalty,Equipo en marcar gol de penalti durante el partido,Spain,25,2.52,3.32,Spain - Saudi Arabia,2026-06-21 16:00:48,108.12,1,EUR,18,False,-0.24096385542168663,drifter,False
33890306,1st half: Team corners,1º tiempo: Corners equipo,Curaçao 1 or more,5,1.44,1.9,Germany - Curaçao,2026-06-14 17:01:45,13.67,1,EUR,5,False,-0.24210526315789474,drifter,False
36024520,Home-side combo (bet builder),Portugal,"Portugal win, Over 8.5 corners y Cristiano Ronaldo to score a Hat trick (three or more goals)",6,17.0,22.44,Portugal - Democratic Republic of the Congo,2026-06-17 17:01:15,17.08,1,EUR,6,False,-0.2424242424242424,drifter,False
33890306,Team exact bookings (only players and in play),Número de tarjetas equipo (solo jugadores y en juego),Germany 1 or more,9,1.21,1.6,Germany - Curaçao,2026-06-14 17:01:45,,2,,9,True,-0.24375000000000002,drifter,False
33890290,Hat trick (three or more goals) (Star Substitute),Hat trick (tres o más goles) (Suplente Estrella),Che Adams,8,31.0,41.0,Haiti - Scotland,2026-06-14 01:02:33,,2,,2,True,-0.24390243902439018,drifter,False
33890210,Match penalty scored,Gol de penalti durante el partido,Yes,16,2.82,3.73,Austria - Jordan,2026-06-17 04:02:52,79.62,1,EUR,12,False,-0.24396782841823056,drifter,False
37275587,To score or assist (Star Substitute),Marcar gol o asistir (Suplente Estrella),Embarba,5,1.94,2.57,Malaga - Almeria,2026-06-14 19:02:16,10.78,1,EUR,5,False,-0.2451361867704281,drifter,False
33890313,Match penalty scored,Gol de penalti durante el partido,Yes,63,2.2,2.92,Spain - Cape Verde,2026-06-15 16:01:07,,2,,51,True,-0.24657534246575344,drifter,False
36966480,Match corners,Corners durante el partido,12 or more,15,2.83,3.76,Usa - Australia,2026-06-19 19:00:27,,2,,13,True,-0.24734042553191493,drifter,False
36966480,Match corners,Corners durante el partido,10 or more,18,1.76,2.35,Usa - Australia,2026-06-19 19:00:27,,2,,15,True,-0.2510638297872341,drifter,True
33890298,Match penalty scored,Gol de penalti durante el partido,Yes,7,3.25,4.35,Iran - New Zealand,2026-06-16 01:03:48,,2,,7,True,-0.2528735632183908,drifter,True
36966528,Match penalty scored,Gol de penalti durante el partido,Yes,11,2.95,3.95,Tunisia - Japan,2026-06-21 04:00:01,,2,,9,True,-0.2531645569620254,drifter,True
33890259,Team exact bookings (only players and in play),Número de tarjetas equipo (solo jugadores y en juego),Switzerland 2 or more,15,1.67,2.24,Qatar - Switzerland,2026-06-13 19:04:43,,2,,9,True,-0.25446428571428586,drifter,True
36966472,Match penalty scored,Gol de penalti durante el partido,Yes,11,2.55,3.43,Canada - Qatar,2026-06-18 22:00:44,40.11,1,EUR,10,False,-0.2565597667638486,drifter,True
33890305,Team corners,Corners equipo,Ivory Coast 6 or more,6,3.1,4.17,Ivory Coast - Ecuador,2026-06-14 23:03:23,,2,,6,True,-0.25659472422062346,drifter,True
36966549,Match penalty scored,Gol de penalti durante el partido,Yes,36,2.62,3.53,Netherlands - Sweden,2026-06-20 17:00:05,,2,,30,True,-0.2577903682719546,drifter,True
33890306,Match shots on target,Remates a puerta durante el partido,13 or more,5,1.38,1.86,Germany - Curaçao,2026-06-14 17:01:45,,2,,5,True,-0.2580645161290324,drifter,True
36966592,To score 2 or more goals (Star Substitute),Marcar 2 goles o más (Suplente Estrella),Chris Wood,12,17.0,23.0,New Zealand - Egypt,2026-06-22 01:00:05,3.23,1,EUR,4,False,-0.2608695652173913,drifter,True
33890299,To score 2 or more goals (Star Substitute),Marcar 2 goles o más (Suplente Estrella),Mohamed Salah,10,17.0,23.0,Belgium - Egypt,2026-06-15 19:00:29,39.75,1,EUR,10,False,-0.2608695652173913,drifter,True
33890313,Home-side combo (bet builder),España,"Spain win, Over 8.5 corners y Ferran to score a Hat trick (three or more goals)",10,17.0,23.0,Spain - Cape Verde,2026-06-15 16:01:07,50.15,1,EUR,8,False,-0.2608695652173913,drifter,True
33890210,Team to score a penalty,Equipo en marcar gol de penalti durante el partido,Austria,6,3.6,4.88,Austria - Jordan,2026-06-17 04:02:52,67.89,1,EUR,4,False,-0.26229508196721313,drifter,True
33890306,Match penalty scored,Gol de penalti durante el partido,Yes,43,1.91,2.59,Germany - Curaçao,2026-06-14 17:01:45,,2,,36,True,-0.2625482625482625,drifter,True
33890419,Team exact bookings (only players and in play),Número de tarjetas equipo (solo jugadores y en juego),Panama 2 or more,6,1.32,1.79,Ghana - Panama,2026-06-17 23:00:50,9.83,1,EUR,6,False,-0.2625698324022347,drifter,True
33890298,To score 2 or more goals (Star Substitute),Marcar 2 goles o más (Suplente Estrella),Taremi,5,11.05,15.0,Iran - New Zealand,2026-06-16 01:03:48,,2,,4,True,-0.2633333333333333,drifter,True
33890304,To score 2 or more goals (Star Substitute),Marcar 2 goles o más (Suplente Estrella),Malen,14,11.05,15.0,Netherlands - Japan,2026-06-14 20:00:08,82.21000000000001,1,EUR,14,False,-0.2633333333333333,drifter,True
36966640,Team to score a penalty,Equipo en marcar gol de penalti durante el partido,Portugal,10,2.71,3.68,Portugal - Uzbekistan,2026-06-23 17:00:06,58.980000000000004,1,EUR,9,False,-0.2635869565217392,drifter,True
36024520,Hat trick (three or more goals) (Star Substitute),Hat trick (tres o más goles) (Suplente Estrella),Cristiano Ronaldo,150,11.0,15.0,Portugal - Democratic Republic of the Congo,2026-06-17 17:01:15,,2,,125,True,-0.2666666666666667,drifter,True
36966480,Match penalty scored,Gol de penalti durante el partido,Yes,21,2.88,3.93,Usa - Australia,2026-06-19 19:00:27,340.1,1,EUR,19,False,-0.26717557251908397,drifter,True
36966640,Match penalty scored,Gol de penalti durante el partido,Yes,26,2.32,3.17,Portugal - Uzbekistan,2026-06-23 17:00:06,,2,,22,True,-0.26813880126182976,drifter,True
33890312,Team corners,Corners equipo,Saudi Arabia 4 or more,27,1.91,2.61,Saudi Arabia - Uruguay,2026-06-15 22:03:57,,2,,22,True,-0.2681992337164751,drifter,True
36966591,Match penalty scored,Gol de penalti durante el partido,Yes,54,2.11,2.9,Spain - Saudi Arabia,2026-06-21 16:00:48,,2,,53,True,-0.27241379310344827,drifter,True
33890291,Team goal kicks,Saques de puerta equipo,Morocco 8 or more,12,1.93,2.66,Brazil - Morocco,2026-06-13 22:04:18,,2,,7,True,-0.27443609022556403,drifter,True
36966609,Team exact bookings (only players and in play),Número de tarjetas equipo (solo jugadores y en juego),Austria 3 or more,8,1.82,2.52,Argentina - Austria,2026-06-22 17:00:58,16.509999999999998,1,EUR,7,False,-0.27777777777777773,drifter,True
33890416,Match penalty scored,Gol de penalti durante el partido,Yes,50,2.49,3.45,France - Senegal,2026-06-16 19:02:47,,2,,46,True,-0.2782608695652173,drifter,True
33890306,Team corners,Corners equipo,Curaçao 2 or more,54,1.23,1.71,Germany - Curaçao,2026-06-14 17:01:45,,2,,48,True,-0.28070175438596495,drifter,True
33890444,Team exact bookings (only players and in play),Número de tarjetas equipo (solo jugadores y en juego),England 2 or more,7,1.9,2.65,England - Croatia,2026-06-17 20:00:04,89.5,1,EUR,7,False,-0.2830188679245282,drifter,True
36024520,Player to win a penalty,Jugador en provocar un penalti,Cristiano Ronaldo,20,25.0,35.0,Portugal - Democratic Republic of the Congo,2026-06-17 17:01:15,,2,,17,True,-0.28571428571428575,drifter,True
33890312,To score 2 or more goals (Star Substitute),Marcar 2 goles o más (Suplente Estrella),Valverde,13,15.0,21.0,Saudi Arabia - Uruguay,2026-06-15 22:03:57,,2,,9,True,-0.28571428571428575,drifter,True
33890238,Team to score a penalty,Equipo en marcar gol de penalti durante el partido,Mexico,19,3.23,4.54,Mexico - South Africa,2026-06-11 19:05:51,,2,,12,True,-0.288546255506608,drifter,True
33890259,Match penalty scored,Gol de penalti durante el partido,Yes,19,2.41,3.4,Qatar - Switzerland,2026-06-13 19:04:43,,2,,18,True,-0.2911764705882352,drifter,True
33890313,Team exact bookings (only players and in play),Número de tarjetas equipo (solo jugadores y en juego),Cape Verde 4 or more,12,3.71,5.25,Spain - Cape Verde,2026-06-15 16:01:07,,2,,9,True,-0.29333333333333333,drifter,True
36966593,Team to score a penalty,Equipo en marcar gol de penalti durante el partido,Belgium,14,3.41,4.84,Belgium - Iran,2026-06-21 19:00:03,72.46000000000001,1,EUR,7,False,-0.29545454545454536,drifter,True
36024520,Match penalty scored,Gol de penalti durante el partido,Yes,39,2.52,3.58,Portugal - Democratic Republic of the Congo,2026-06-17 17:01:15,,2,,38,True,-0.29608938547486036,drifter,True
36024493,Team to score a penalty,Equipo en marcar gol de penalti durante el partido,Sweden,9,4.25,6.05,Sweden - Tunisia,2026-06-15 02:00:33,5.82,1,EUR,2,False,-0.29752066115702475,drifter,True
36024492,Team to score a penalty,Equipo en marcar gol de penalti durante el partido,Turkey,13,3.96,5.65,Australia - Turkey,2026-06-14 04:00:30,24.32,1,EUR,4,False,-0.2991150442477877,drifter,True
36024491,Team to score a penalty,Equipo en marcar gol de penalti durante el partido,Bosnia And Herzegovina,16,6.25,8.95,Canada - Bosnia And Herzegovina,2026-06-12 19:02:13,13.74,1,EUR,4,False,-0.30167597765363124,drifter,True
33890238,Match penalty scored,Gol de penalti durante el partido,Yes,43,2.5,3.6,Mexico - South Africa,2026-06-11 19:05:51,,2,,37,True,-0.3055555555555556,drifter,True
36966593,Match penalty scored,Gol de penalti durante el partido,Yes,27,2.59,3.73,Belgium - Iran,2026-06-21 19:00:03,,2,,27,True,-0.30563002680965146,drifter,True
36966638,Match penalty scored,Gol de penalti durante el partido,Yes,23,2.22,3.2,England - Ghana,2026-06-23 20:00:08,,2,,19,True,-0.3062499999999999,drifter,True
33890313,To be carded (only players and in play)(Star Substitute),Recibir tarjeta (sólo jugadores y en juego)(Suplente Estrella),Gavi,18,3.52,5.1,Spain - Cape Verde,2026-06-15 16:01:07,669.4,1,EUR,17,False,-0.3098039215686274,drifter,True
36966591,Team to miss a penalty,Equipo en fallar penalti durante el partido,Saudi Arabia,9,20.0,29.0,Spain - Saudi Arabia,2026-06-21 16:00:48,46.6,1,EUR,9,False,-0.31034482758620696,drifter,True
36966473,Match penalty scored,Gol de penalti durante el partido,Yes,13,2.57,3.73,Switzerland - Bosnia And Herzegovina,2026-06-18 19:00:01,93.8,1,EUR,11,False,-0.3109919571045576,drifter,True
33890211,Team to score a penalty,Equipo en marcar gol de penalti durante el partido,Argentina,15,3.65,5.3,Argentina - Algeria,2026-06-17 01:02:37,,2,,12,True,-0.31132075471698106,drifter,True
36024492,Match penalty scored,Gol de penalti durante el partido,Yes,8,2.7,3.93,Australia - Turkey,2026-06-14 04:00:30,,2,,8,True,-0.3129770992366412,drifter,True
33890291,Team to score a penalty,Equipo en marcar gol de penalti durante el partido,Brazil,15,3.91,5.7,Brazil - Morocco,2026-06-13 22:04:18,76.77,1,EUR,7,False,-0.31403508771929833,drifter,True
36966550,Team to score a penalty,Equipo en marcar gol de penalti durante el partido,Ecuador,11,2.49,3.63,Ecuador - Curaçao,2026-06-21 00:00:04,19.07,1,EUR,4,False,-0.3140495867768594,drifter,True
36024520,Team exact bookings (only players and in play),Número de tarjetas equipo (solo jugadores y en juego),Democratic Republic of the Congo 3 or more,6,2.11,3.08,Portugal - Democratic Republic of the Congo,2026-06-17 17:01:15,97.45,1,EUR,6,False,-0.31493506493506496,drifter,True
36024480,Match penalty scored,Gol de penalti durante el partido,Yes,14,2.5,3.65,South Korea - Czech Republic,2026-06-12 02:00:54,,2,,14,True,-0.315068493150685,drifter,True
33890299,Team to score a penalty,Equipo en marcar gol de penalti durante el partido,Belgium,22,3.56,5.2,Belgium - Egypt,2026-06-15 19:00:29,,2,,8,True,-0.3153846153846155,drifter,True
33890444,Match penalty scored,Gol de penalti durante el partido,Yes,26,2.47,3.61,England - Croatia,2026-06-17 20:00:04,,2,,25,True,-0.31578947368421045,drifter,True
36966486,Match penalty scored,Gol de penalti durante el partido,Yes,19,2.68,3.92,Scotland - Morocco,2026-06-19 22:00:07,,2,,19,True,-0.3163265306122448,drifter,True
33890304,Match penalty scored,Gol de penalti durante el partido,Yes,14,2.59,3.81,Netherlands - Japan,2026-06-14 20:00:08,38.66,1,EUR,13,False,-0.32020997375328086,drifter,True
33890313,Team exact bookings (only players and in play),Número de tarjetas equipo (solo jugadores y en juego),Cape Verde 3 or more,18,1.77,2.61,Spain - Cape Verde,2026-06-15 16:01:07,223.84,1,EUR,15,False,-0.3218390804597701,drifter,True
36024491,To score 2 or more goals (Star Substitute),Marcar 2 goles o más (Suplente Estrella),Ermedin Demirovic,8,21.0,31.0,Canada - Bosnia And Herzegovina,2026-06-12 19:02:13,20.72,1,EUR,8,False,-0.3225806451612903,drifter,True
36966609,Team exact bookings (only players and in play),Número de tarjetas equipo (solo jugadores y en juego),Argentina 2 or more,12,1.55,2.29,Argentina - Austria,2026-06-22 17:00:58,,2,,12,True,-0.3231441048034934,drifter,True
36966549,Team to score a penalty,Equipo en marcar gol de penalti durante el partido,Sweden,13,5.8,8.6,Netherlands - Sweden,2026-06-20 17:00:05,,2,,6,True,-0.3255813953488373,drifter,True
33890299,Match penalty scored,Gol de penalti durante el partido,Yes,38,2.5,3.72,Belgium - Egypt,2026-06-15 19:00:29,,2,,27,True,-0.3279569892473119,drifter,True
36966550,Match penalty scored,Gol de penalti durante el partido,Yes,16,2.1,3.13,Ecuador - Curaçao,2026-06-21 00:00:04,,2,,14,True,-0.329073482428115,drifter,True
33890416,Team to score a penalty,Equipo en marcar gol de penalti durante el partido,France,15,3.24,4.83,France - Senegal,2026-06-16 19:02:47,,2,,14,True,-0.32919254658385094,drifter,True
36966466,Match penalty scored,Gol de penalti durante el partido,Yes,20,2.83,4.22,Mexico - South Korea,2026-06-19 01:00:38,,2,,19,True,-0.3293838862559242,drifter,True
36966549,Team to score a penalty,Equipo en marcar gol de penalti durante el partido,Netherlands,13,3.52,5.25,Netherlands - Sweden,2026-06-20 17:00:05,,2,,6,True,-0.3295238095238096,drifter,True
36024492,Team exact bookings (only players and in play),Número de tarjetas equipo (solo jugadores y en juego),Turkey 3 or more,5,2.13,3.18,Australia - Turkey,2026-06-14 04:00:30,2.1,1,EUR,3,False,-0.33018867924528306,drifter,True
33890211,Team Shots,Remates equipo,Argentina 17 or more,5,1.68,2.51,Argentina - Algeria,2026-06-17 01:02:37,,2,,5,True,-0.3306772908366533,drifter,True
36966480,Team exact bookings (only players and in play),Número de tarjetas equipo (solo jugadores y en juego),Usa 3 or more,6,3.45,5.2,Usa - Australia,2026-06-19 19:00:27,116.0,1,EUR,5,False,-0.3365384615384616,drifter,True
36966591,Team exact bookings (only players and in play),Número de tarjetas equipo (solo jugadores y en juego),Saudi Arabia 3 or more,16,2.07,3.13,Spain - Saudi Arabia,2026-06-21 16:00:48,394.67,1,EUR,16,False,-0.3386581469648563,drifter,True
33890304,Team to score a penalty,Equipo en marcar gol de penalti durante el partido,Netherlands,11,4.1,6.2,Netherlands - Japan,2026-06-14 20:00:08,,2,,4,True,-0.3387096774193549,drifter,True
36024493,Team exact bookings (only players and in play),Número de tarjetas equipo (solo jugadores y en juego),Tunisia 3 or more,10,1.75,2.65,Sweden - Tunisia,2026-06-15 02:00:33,4.67,1,EUR,7,False,-0.3396226415094339,drifter,True
33890304,Team to score a penalty,Equipo en marcar gol de penalti durante el partido,Japan,10,5.55,8.45,Netherlands - Japan,2026-06-14 20:00:08,6.52,1,EUR,3,False,-0.3431952662721894,drifter,True
33890309,To score 2 or more goals (Star Substitute),Marcar 2 goles o más (Suplente Estrella),Balogun,11,9.85,15.0,Usa - Paraguay,2026-06-13 01:02:10,26.5,1,EUR,10,False,-0.3433333333333333,drifter,True
33890309,Match penalty scored,Gol de penalti durante el partido,Yes,20,2.62,4.02,Usa - Paraguay,2026-06-13 01:02:10,,2,,17,True,-0.34825870646766155,drifter,True
33890306,Team exact bookings (only players and in play),Número de tarjetas equipo (solo jugadores y en juego),Curaçao 3 or more,31,1.73,2.71,Germany - Curaçao,2026-06-14 17:01:45,,2,,19,True,-0.3616236162361624,drifter,True
33890291,Match penalty scored,Gol de penalti durante el partido,Yes,29,2.43,3.83,Brazil - Morocco,2026-06-13 22:04:18,,2,,27,True,-0.36553524804177545,drifter,True
36024491,Match penalty scored,Gol de penalti durante el partido,Yes,24,2.47,3.92,Canada - Bosnia And Herzegovina,2026-06-12 19:02:13,,2,,18,True,-0.36989795918367346,drifter,True
33890419,Match penalty scored,Gol de penalti durante el partido,Yes,6,2.68,4.29,Ghana - Panama,2026-06-17 23:00:50,34.5,1,EUR,5,False,-0.37529137529137524,drifter,True
36966591,Team exact bookings (only players and in play),Número de tarjetas equipo (solo jugadores y en juego),Saudi Arabia 4 or more,5,4.15,6.65,Spain - Saudi Arabia,2026-06-21 16:00:48,42.43,1,EUR,5,False,-0.37593984962406013,drifter,True
36024491,Team to score a penalty,Equipo en marcar gol de penalti durante el partido,Canada,20,3.23,5.2,Canada - Bosnia And Herzegovina,2026-06-12 19:02:13,53.84,1,EUR,5,False,-0.37884615384615394,drifter,True
33890290,Team to score a penalty,Equipo en marcar gol de penalti durante el partido,Haiti,14,5.55,8.95,Haiti - Scotland,2026-06-14 01:02:33,9.120000000000001,1,EUR,3,False,-0.3798882681564246,drifter,True
36024493,Match penalty scored,Gol de penalti durante el partido,Yes,6,2.46,3.97,Sweden - Tunisia,2026-06-15 02:00:33,,2,,6,True,-0.380352644836272,drifter,True
33890211,Match penalty scored,Gol de penalti durante el partido,Yes,31,2.42,3.92,Argentina - Algeria,2026-06-17 01:02:37,,2,,29,True,-0.3826530612244898,drifter,True
33890305,Match penalty scored,Gol de penalti durante el partido,Yes,11,2.95,4.79,Ivory Coast - Ecuador,2026-06-14 23:03:23,,2,,9,True,-0.38413361169102295,drifter,True
33890312,Match penalty scored,Gol de penalti durante el partido,Yes,22,2.46,4.04,Saudi Arabia - Uruguay,2026-06-15 22:03:57,,2,,19,True,-0.3910891089108911,drifter,True
36966473,Team exact bookings (only players and in play),Número de tarjetas equipo (solo jugadores y en juego),Bosnia And Herzegovina 3 or more,7,1.65,2.75,Switzerland - Bosnia And Herzegovina,2026-06-18 19:00:01,54.56,1,EUR,6,False,-0.4,drifter,True
36966640,Team exact bookings (only players and in play),Número de tarjetas equipo (solo jugadores y en juego),Uzbekistan 4 or more,5,3.75,6.35,Portugal - Uzbekistan,2026-06-23 17:00:06,22.3,1,EUR,4,False,-0.4094488188976378,drifter,True
33890313,Team corners,Corners equipo,Cape Verde 3 or more,37,1.9,3.23,Spain - Cape Verde,2026-06-15 16:01:07,,2,,34,True,-0.41176470588235287,drifter,True
33890312,To score 2 or more goals (Star Substitute),Marcar 2 goles o más (Suplente Estrella),Federico Viñas,5,7.5,13.0,Saudi Arabia - Uruguay,2026-06-15 22:03:57,38.8,1,EUR,5,False,-0.423076923076923,drifter,True
36966593,Team to score a penalty,Equipo en marcar gol de penalti durante el partido,Iran,10,6.8,12.0,Belgium - Iran,2026-06-21 19:00:03,6.7,1,EUR,3,False,-0.4333333333333334,drifter,True
33890309,Team to score a penalty,Equipo en marcar gol de penalti durante el partido,Usa,14,3.52,6.25,Usa - Paraguay,2026-06-13 01:02:10,16.77,1,EUR,4,False,-0.4368,drifter,True
33890238,Team to score a penalty,Equipo en marcar gol de penalti durante el partido,South Africa,15,6.05,11.05,Mexico - South Africa,2026-06-11 19:05:51,,2,,6,True,-0.45248868778280543,drifter,True
36966591,Team to score a penalty,Equipo en marcar gol de penalti durante el partido,Saudi Arabia,9,7.0,13.0,Spain - Saudi Arabia,2026-06-21 16:00:48,7.32,1,EUR,2,False,-0.46153846153846145,drifter,True
33890299,Team to score a penalty,Equipo en marcar gol de penalti durante el partido,Egypt,13,4.95,9.9,Belgium - Egypt,2026-06-15 19:00:29,,2,,6,True,-0.5,drifter,True
33890259,Team to score a penalty,Equipo en marcar gol de penalti durante el partido,Qatar,15,6.45,13.0,Qatar - Switzerland,2026-06-13 19:04:43,5.7,1,EUR,3,False,-0.5038461538461538,drifter,True
36966550,Team to score a penalty,Equipo en marcar gol de penalti durante el partido,Curaçao,9,7.4,15.0,Ecuador - Curaçao,2026-06-21 00:00:04,25.32,1,EUR,2,False,-0.5066666666666666,drifter,True
33890313,Team to score a penalty,Equipo en marcar gol de penalti durante el partido,Cape Verde,12,6.2,13.0,Spain - Cape Verde,2026-06-15 16:01:07,12.07,1,EUR,4,False,-0.523076923076923,drifter,True
33890291,Team to score a penalty,Equipo en marcar gol de penalti durante el partido,Morocco,16,4.2,9.05,Brazil - Morocco,2026-06-13 22:04:18,25.52,1,EUR,6,False,-0.5359116022099447,drifter,True
33890313,Team exact bookings (only players and in play),Número de tarjetas equipo (solo jugadores y en juego),Spain 2 or more,10,1.74,3.76,Spain - Cape Verde,2026-06-15 16:01:07,,2,,10,True,-0.5372340425531915,drifter,True
36966591,Home-side combo (bet builder),España,Spain win y Firas Al-Buraikan to be sent off,6,36.0,81.0,Spain - Saudi Arabia,2026-06-21 16:00:48,15.65,1,EUR,6,False,-0.5555555555555556,drifter,True
