Uid,MatchId,market_normalised,Player,Option,betslips,legs,fixture,currency,first_price,last_price,first_seen,last_seen,includes_key_collision,uid_format,stake,mean_price_value,span_minutes
MAH-03-03660,36966550,Team corners,Corners equipo,Ecuador 10 or more,79,79,Ecuador - Curaçao,EUR,3.37,3.37,2026-06-20 16:27:22,2026-06-20 18:44:21,False,string,746.71,-0.09651474530831095,136.98333333333332
MAH-05-13001,36966612,Home-side combo (bet builder),Francia,France win y Michael Olise to score,72,72,France - Iraq,EUR,2.17,2.17,2026-06-21 18:15:37,2026-06-22 12:05:02,False,string,54.050000000000004,-0.018099547511312264,1069.4166666666667
MAH-03-03660,36966590,Team Shots,Remates equipo,Uruguay 17 or more,67,67,Uruguay - Cape Verde,EUR,1.69,1.69,2026-06-21 11:37:02,2026-06-21 11:52:48,False,string,334.5,0.01807228915662651,15.766666666666667
MAH-03-03660,36966592,Team goal kicks,Saques de puerta equipo,New Zealand 8 or more,67,67,New Zealand - Egypt,EUR,1.47,1.47,2026-06-21 11:37:02,2026-06-21 11:52:48,False,string,334.5,-0.026490066225165587,15.766666666666667
MAH-03-03660,36966611,Team corners,Corners equipo,Senegal 5 or more,55,55,Norway - Senegal,EUR,2.4,2.4,2026-06-22 16:40:52,2026-06-22 16:52:38,False,string,365.98,-0.004149377593361092,11.766666666666667
MAH-03-03660,36966609,Match goal kicks,Saques de puerta durante el partido,14 or more,55,55,Argentina - Austria,EUR,1.86,1.86,2026-06-22 16:40:52,2026-06-22 16:52:38,False,string,365.98,0.00440440440440436,11.766666666666667
MAH-03-03660,33890238,Team corners,Corners equipo,Mexico 9 or more,51,51,Mexico - South Africa,EUR,3.91,4.15,2026-06-11 14:53:51,2026-06-11 15:07:34,False,string,336.3,-0.043532166965146536,13.716666666666667
MAH-03-03660,36966553,Team corners,Corners equipo,Germany 8 or more,50,50,Germany - Ivory Coast,EUR,2.83,2.54,2026-06-20 18:24:59,2026-06-20 18:44:21,False,string,450.05,-0.0182222222222223,19.366666666666667
MAH-03-03660,36966485,Team goal kicks,Saques de puerta equipo,Haiti 10 or more,50,50,Brazil - Haiti,EUR,1.59,1.59,2026-06-19 14:49:24,2026-06-19 15:00:28,False,string,250.0,-0.036363636363636265,11.066666666666666
MAH-03-03660,36966640,Team corners,Corners equipo,Portugal 9 or more,50,50,Portugal - Uzbekistan,EUR,3.03,3.03,2026-06-23 11:59:04,2026-06-23 12:12:52,False,string,250.0,0.3060344827586208,13.8
MAH-03-03660,36966480,Team goal kicks,Saques de puerta equipo,Australia 10 or more,50,50,Usa - Australia,EUR,2.35,2.35,2026-06-19 14:49:24,2026-06-19 15:00:28,False,string,250.0,0.0,11.066666666666666
MAH-03-03660,36971426,Team corners,Corners equipo,Turkey 6 or more,50,50,Turkey - Paraguay,EUR,2.25,2.25,2026-06-19 14:49:24,2026-06-19 15:00:28,False,string,250.0,0.11386138613861396,11.066666666666666
1442420,33890313,Home-side combo (bet builder),España,Spain win y A goal in both halves,50,50,Spain - Cape Verde,EUR,1.44,1.41,2026-06-12 13:12:42,2026-06-13 21:28:33,False,numeric,15.12,0.012571428571428562,1935.85
MAH-03-03660,33890416,Team corners,Corners equipo,Senegal 5 or more,50,50,France - Senegal,EUR,3.42,3.42,2026-06-16 16:45:21,2026-06-16 17:01:16,False,string,291.75,0.0,15.916666666666666
MAH-05-13001,36966609,Home-side combo (bet builder),Argentina,Argentina win y Lionel Messi to score,48,48,Argentina - Austria,EUR,2.25,2.25,2026-06-21 18:15:37,2026-06-22 11:54:34,False,string,22.44,-0.012445887445887427,1058.95
MAH-05-15182,36966593,1-X-2 / 2 goals Up,1-X-2 / Ventaja 2 goles,1,48,48,Belgium - Iran,EUR,1.41,1.41,2026-06-19 16:02:24,2026-06-21 08:18:11,False,string,180.17000000000002,-0.00014775413711583946,2415.7833333333333
MAH-03-03660,33890259,Team goal kicks,Saques de puerta equipo,Qatar 10 or more,43,43,Qatar - Switzerland,EUR,1.97,1.97,2026-06-13 16:22:53,2026-06-13 16:37:11,False,string,245.06,0.0018129079042784285,14.3
MAH-03-03660,33890309,Team corners,Corners equipo,Usa 8 or more,43,43,Usa - Paraguay,EUR,4.4,4.4,2026-06-12 13:59:56,2026-06-12 14:09:38,False,string,430.0,-0.022222222222222143,9.7
1929736,36966593,1-X-2 / 2 goals Up,1-X-2 / Ventaja 2 goles,1,39,39,Belgium - Iran,EUR,1.41,1.41,2026-06-20 22:03:33,2026-06-21 18:20:50,False,numeric,894.0600000000001,-0.0007274049827241327,1217.2833333333333
MAH-21-14002,36966553,1-X-2 / 2 goals Up,1-X-2 / Ventaja 2 goles,1,37,37,Germany - Ivory Coast,EUR,1.52,1.52,2026-06-15 21:20:47,2026-06-18 17:41:50,False,string,155.53,0.10988360623397118,4101.05
MAH-21-14002,36966528,1-X-2 / 2 goals Up,1-X-2 / Ventaja 2 goles,2,36,36,Tunisia - Japan,EUR,1.5,1.52,2026-06-15 21:20:47,2026-06-18 17:41:50,False,string,138.86,0.07742316784869978,4101.05
MAH-05-15182,36966610,1-X-2 / 2 goals Up,1-X-2 / Ventaja 2 goles,2,36,36,Jordan - Algeria,EUR,1.5,1.5,2026-06-22 18:08:40,2026-06-22 23:34:04,False,string,296.99,0.0,325.4
MAH-21-14002,36966486,1-X-2 / 2 goals Up,1-X-2 / Ventaja 2 goles,2,36,36,Scotland - Morocco,EUR,1.71,1.71,2026-06-15 21:20:47,2026-06-18 17:41:50,False,string,138.86,0.04942058623040212,4101.05
MAH-21-14002,36966593,1-X-2 / 2 goals Up,1-X-2 / Ventaja 2 goles,1,35,35,Belgium - Iran,EUR,1.4,1.4,2026-06-17 19:20:00,2026-06-18 17:41:50,False,string,137.5,-0.007092198581560294,1341.8333333333333
MAH-21-14002,36966473,1-X-2 / 2 goals Up,1-X-2 / Ventaja 2 goles,1,34,34,Switzerland - Bosnia And Herzegovina,EUR,1.52,1.52,2026-06-18 17:36:14,2026-06-18 17:41:50,False,string,125.0,-0.006535947712418277,5.6
MAH-21-14002,36966609,1-X-2 / 2 goals Up,1-X-2 / Ventaja 2 goles,1,34,34,Argentina - Austria,EUR,1.58,1.58,2026-06-18 17:36:14,2026-06-18 17:41:50,False,string,125.0,0.12056737588652489,5.6
MAH-21-14002,36971426,1-X-2 / 2 goals Up,1-X-2 / Ventaja 2 goles,1,34,34,Turkey - Paraguay,EUR,2.0,2.0,2026-06-18 17:36:14,2026-06-18 17:41:50,False,string,125.0,-0.024246771879483413,5.6
MAH-21-14002,36966640,1-X-2 / 2 goals Up,1-X-2 / Ventaja 2 goles,1,34,34,Portugal - Uzbekistan,EUR,1.17,1.18,2026-06-18 17:36:14,2026-06-18 17:41:50,False,string,125.0,0.047006302521008236,5.6
MAH-05-15182,36966553,1-X-2 / 2 goals Up,1-X-2 / Ventaja 2 goles,1,33,33,Germany - Ivory Coast,EUR,1.5,1.5,2026-06-19 15:34:27,2026-06-20 12:56:27,False,string,118.64999999999999,0.08825481088254807,1282.0
MAH-03-03660,36966466,Match goal kicks,Saques de puerta durante el partido,15 or more,33,33,Mexico - South Korea,EUR,1.76,1.76,2026-06-18 16:50:53,2026-06-18 17:15:47,False,string,216.77,-0.027624309392265234,24.9
MAH-05-13001,36966638,Home-side combo (bet builder),Inglaterra,"England win, Over 2.5 goals y Over 8.5 corners",31,31,England - Ghana,EUR,3.18,3.18,2026-06-21 18:17:24,2026-06-21 18:32:40,False,string,16.54,0.0476293570036805,15.266666666666667
1442420,33890259,Away-side combo (bet builder),Suiza,Switzerland win y A goal in both halves,30,30,Qatar - Switzerland,EUR,1.78,1.78,2026-06-12 13:12:42,2026-06-12 18:54:49,False,numeric,6.26,0.017142857142857126,342.1166666666667
1929736,36966640,1-X-2 / 2 goals Up,1-X-2 / Ventaja 2 goles,1,30,30,Portugal - Uzbekistan,EUR,1.18,1.18,2026-06-20 22:03:33,2026-06-20 22:07:28,False,numeric,750.0,0.05357142857142838,3.9166666666666665
MAH-21-14002,33890220,1-X-2 / 2 goals Up,1-X-2 / Ventaja 2 goles,2,28,28,Uzbekistan - Colombia,EUR,1.36,1.35,2026-06-13 23:18:14,2026-06-17 20:34:29,False,string,168.97,0.05370985603543753,5596.25
MAH-21-14002,36024520,1-X-2 / 2 goals Up,1-X-2 / Ventaja 2 goles,1,27,27,Portugal - Democratic Republic of the Congo,EUR,1.26,1.26,2026-06-12 21:33:14,2026-06-15 21:20:47,False,string,151.47,0.0002939447383891818,4307.55
MAH-05-15373,33890309,1-X-2 / 2 goals Up,1-X-2 / Ventaja 2 goles,1,27,27,Usa - Paraguay,EUR,1.9,1.9,2026-06-11 12:14:05,2026-06-11 12:24:43,False,string,6.9,-0.064039408866995,10.633333333333333
MAH-21-14002,33890312,1-X-2 / 2 goals Up,1-X-2 / Ventaja 2 goles,2,27,27,Saudi Arabia - Uruguay,EUR,1.43,1.43,2026-06-12 21:25:45,2026-06-15 21:20:47,False,string,163.14,-0.02105530187721966,4315.033333333334
MAH-21-14002,36024492,1-X-2 / 2 goals Up,1-X-2 / Ventaja 2 goles,2,27,27,Australia - Turkey,EUR,1.69,1.69,2026-06-12 21:33:14,2026-06-13 23:31:40,False,string,183.44,0.005511463844797159,1558.4333333333334
MAH-21-14002,33890290,1-X-2 / 2 goals Up,1-X-2 / Ventaja 2 goles,2,27,27,Haiti - Scotland,EUR,1.51,1.51,2026-06-12 21:25:45,2026-06-13 23:31:40,False,string,166.78,-0.03727294173154045,1565.9166666666667
1624919,36024520,Player most passes (voiding in case of tie),Jugador en dar más pases,Vitinha,26,71,Portugal - Democratic Republic of the Congo,EUR,4.54,4.54,2026-06-16 02:25:59,2026-06-16 11:30:36,True,numeric,141.62,0.3511904761904763,544.6166666666667
MAH-05-15182,36966611,1-X-2 / 2 goals Up,1-X-2 / Ventaja 2 goles,1,26,26,Norway - Senegal,EUR,2.23,2.23,2026-06-22 16:38:38,2026-06-22 23:32:54,False,string,232.41,-0.07499195365304158,414.26666666666665
MAH-07-04002,36024491,Match goal kicks,Saques de puerta durante el partido,16 or more,26,26,Canada - Bosnia And Herzegovina,EUR,1.82,1.82,2026-06-11 18:09:33,2026-06-11 18:35:08,False,string,1.26,-0.005464480874316946,25.583333333333332
1624919,36024518,Player most passes (voiding in case of tie),Jugador en dar más pases,Sander Berge,26,55,Iraq - Norway,EUR,4.49,4.49,2026-06-16 02:25:59,2026-06-16 11:30:36,True,numeric,148.12,0.3773006134969328,544.6166666666667
MAH-03-03660,33890211,Saves (Star Substitute),Paradas Luca Zidane (Suplente Estrella),4 or more,25,25,Argentina - Algeria,EUR,1.79,1.79,2026-06-16 16:55:08,2026-06-16 17:01:16,False,string,125.0,-0.02717391304347827,6.133333333333334
MAH-01-13431,36966593,Match corners,Corners durante el partido,9 or more,24,24,Belgium - Iran,EUR,1.78,1.72,2026-06-21 15:38:15,2026-06-21 18:51:41,False,string,1428.3,0.026252408477842038,193.43333333333334
MAH-19-64003,33890299,1-X-2 / 2 goals Up,1-X-2 / Ventaja 2 goles,1,24,24,Belgium - Egypt,EUR,1.57,1.57,2026-06-15 11:13:20,2026-06-15 12:43:02,False,string,239.48,0.039735099337748325,89.7
MAH-21-14002,36024493,1-X-2 / 2 goals Up,1-X-2 / Ventaja 2 goles,1,24,24,Sweden - Tunisia,EUR,1.89,1.89,2026-06-12 21:23:31,2026-06-13 23:22:06,False,string,132.25,0.016129032258064502,1558.5833333333333
MAH-21-14002,33890299,1-X-2 / 2 goals Up,1-X-2 / Ventaja 2 goles,1,23,23,Belgium - Egypt,EUR,1.59,1.59,2026-06-13 23:18:14,2026-06-13 23:22:06,False,string,125.11,0.052980132450331174,3.8666666666666667
1768913,37275587,1-X-2 / 2 goals Up,1-X-2 / Ventaja 2 goles,1,23,23,Malaga - Almeria,EUR,2.25,2.25,2026-06-12 16:31:19,2026-06-14 14:10:33,False,numeric,5.8100000000000005,0.04227053140096608,2739.233333333333
MAH-21-14002,33890313,1-X-2 / 2 goals Up,1-X-2 / Ventaja 2 goles,1,23,23,Spain - Cape Verde,EUR,1.09,1.09,2026-06-13 23:18:14,2026-06-13 23:22:06,False,string,125.11,0.03809523809523818,3.8666666666666667
MAH-07-04002,33890259,Match goal kicks,Saques de puerta durante el partido,16 or more,22,22,Qatar - Switzerland,EUR,1.98,1.98,2026-06-11 18:09:33,2026-06-11 18:23:10,False,string,1.12,0.0,13.616666666666667
MAH-07-04002,33890238,Match goal kicks,Saques de puerta durante el partido,16 or more,22,22,Mexico - South Africa,EUR,1.88,1.88,2026-06-11 18:09:33,2026-06-11 18:23:10,False,string,1.12,0.0036460865337869315,13.616666666666667
MAH-07-04002,36024492,Match goal kicks,Saques de puerta durante el partido,16 or more,22,22,Australia - Turkey,EUR,2.1,2.1,2026-06-11 18:09:33,2026-06-11 18:23:10,False,string,1.12,0.0,13.616666666666667
MAH-07-04002,33890309,Match goal kicks,Saques de puerta durante el partido,16 or more,22,22,Usa - Paraguay,EUR,2.12,2.12,2026-06-11 18:09:33,2026-06-11 18:23:10,False,string,1.12,0.0,13.616666666666667
MAH-07-04002,33890290,Match goal kicks,Saques de puerta durante el partido,17 or more,22,22,Haiti - Scotland,EUR,1.92,1.92,2026-06-11 18:09:33,2026-06-11 18:23:10,False,string,1.12,0.0,13.616666666666667
MAH-07-04002,33890305,Match goal kicks,Saques de puerta durante el partido,16 or more,22,22,Ivory Coast - Ecuador,EUR,2.27,2.27,2026-06-11 18:09:33,2026-06-11 18:23:10,False,string,1.12,0.0,13.616666666666667
MAH-07-04002,33890304,Match goal kicks,Saques de puerta durante el partido,15 or more,22,22,Netherlands - Japan,EUR,1.95,1.95,2026-06-11 18:09:33,2026-06-11 18:23:10,False,string,1.12,-0.1594827586206896,13.616666666666667
MAH-07-04002,36024480,Match goal kicks,Saques de puerta durante el partido,15 or more,22,22,South Korea - Czech Republic,EUR,2.11,2.11,2026-06-11 18:09:33,2026-06-11 18:23:10,False,string,1.12,-0.009389671361502372,13.616666666666667
MAH-07-04002,36024493,Match goal kicks,Saques de puerta durante el partido,16 or more,22,22,Sweden - Tunisia,EUR,1.92,1.92,2026-06-11 18:09:33,2026-06-11 18:23:10,False,string,1.12,-0.17948717948717952,13.616666666666667
1382013,36966611,Match corners,Corners durante el partido,12 or more,21,21,Norway - Senegal,EUR,3.52,3.52,2026-06-22 19:51:05,2026-06-22 22:00:47,False,numeric,2.65,0.0,129.7
MAH-01-55212,33890306,To score or assist (Star Substitute),Marcar gol o asistir (Suplente Estrella),Kenji Gorré,21,21,Germany - Curaçao,EUR,4.75,4.55,2026-06-12 16:19:07,2026-06-14 11:54:24,False,string,111.88,-0.06894736842105266,2615.2833333333333
MAH-11-09015,33890211,To score or assist (Star Substitute),Marcar gol o asistir (Suplente Estrella),Julian Alvarez,21,21,Argentina - Algeria,EUR,1.89,1.89,2026-06-15 19:49:12,2026-06-16 15:38:54,False,string,12.450000000000001,-0.020725388601036343,1189.7
MAH-03-02570,33890304,Away-side combo (bet builder),Japón,Japan win y Over 2.5 goals,21,21,Netherlands - Japan,EUR,6.1,6.1,2026-06-13 11:40:07,2026-06-14 18:52:02,False,string,322.1,-0.01504065040650417,1871.9166666666667
MAH-11-09015,36024520,To score or assist (Star Substitute),Marcar gol o asistir (Suplente Estrella),Bruno Fernandes,20,20,Portugal - Democratic Republic of the Congo,EUR,1.75,1.75,2026-06-15 19:49:12,2026-06-15 19:51:42,False,string,11.200000000000001,0.005747126436781658,2.5
MAH-05-15182,36971426,1-X-2 / 2 goals Up,1-X-2 / Ventaja 2 goles,1,20,20,Turkey - Paraguay,EUR,2.0,2.0,2026-06-19 15:34:27,2026-06-19 16:14:40,False,string,34.39,-0.024390243902438935,40.21666666666667
MAH-11-09015,33890416,Home-side combo (bet builder),Francia,France win y Michael Olise 2 or more shots on target,20,20,France - Senegal,EUR,3.26,3.26,2026-06-15 19:49:12,2026-06-15 19:51:42,False,string,11.200000000000001,0.0830564784053156,2.5
MAH-08-39001,33890312,1-X-2 / 2 goals Up,1-X-2 / Ventaja 2 goles,2,20,20,Saudi Arabia - Uruguay,EUR,1.41,1.41,2026-06-15 10:35:54,2026-06-15 10:39:21,False,string,25.0,-0.03356164383561646,3.45
MAH-07-04002,33890291,Match goal kicks,Saques de puerta durante el partido,15 or more,19,19,Brazil - Morocco,EUR,2.08,2.08,2026-06-11 18:09:33,2026-06-11 18:35:08,False,string,0.74,0.02970297029702973,25.583333333333332
MAH-19-00602,33890290,1-X-2 / 2 goals Up,1-X-2 / Ventaja 2 goles,2,19,19,Haiti - Scotland,EUR,1.54,1.54,2026-06-13 15:57:59,2026-06-13 21:55:28,False,string,305.0,-0.019108280254777066,357.48333333333335
MAH-19-00602,36024492,1-X-2 / 2 goals Up,1-X-2 / Ventaja 2 goles,2,19,19,Australia - Turkey,EUR,1.7,1.7,2026-06-13 15:57:59,2026-06-13 21:55:28,False,string,305.0,0.011904761904761862,357.48333333333335
MAH-03-27832,36966480,Home-side combo (bet builder),Estados Unidos,Usa win y Over 2.5 goals,19,19,Usa - Australia,EUR,2.44,2.44,2026-06-19 09:19:47,2026-06-19 09:53:25,False,string,2.58,-0.11157894736842111,33.63333333333333
MAH-03-02602,33890304,1-X-2 / 2 goals Up,1-X-2 / Ventaja 2 goles,1,19,19,Netherlands - Japan,EUR,1.95,1.94,2026-06-12 18:05:10,2026-06-14 09:46:14,False,string,24.43,-0.022480825178524188,2381.0666666666666
1442420,36966591,Home-side combo (bet builder),España,Spain win y A goal in both halves,19,19,Spain - Saudi Arabia,EUR,1.52,1.52,2026-06-17 19:10:01,2026-06-20 16:59:48,False,numeric,10.27,0.0048797490414778915,4189.783333333334
MAH-05-13001,36966550,Home-side combo (bet builder),Ecuador,Ecuador to win 1st half y Ecuador to win 2nd half,18,18,Ecuador - Curaçao,EUR,2.03,2.03,2026-06-20 11:06:50,2026-06-20 16:15:27,False,string,7.87,-0.09325396825396846,308.6166666666667
MAH-04-64055,36971426,Shots on target (Star Substitute),Remates a puerta Arda Güler (Suplente Estrella),2 or more,18,18,Turkey - Paraguay,EUR,3.72,2.86,2026-06-17 10:37:25,2026-06-19 11:58:46,False,string,275.62,0.18880980624752858,2961.35
MAH-05-15182,36966480,1-X-2 / 2 goals Up,1-X-2 / Ventaja 2 goles,1,18,18,Usa - Australia,EUR,1.58,1.59,2026-06-18 12:21:19,2026-06-19 16:05:24,False,string,90.63,0.03631082062454621,1664.0833333333333
MAH-03-02602,36966553,1-X-2 / 2 goals Up,1-X-2 / Ventaja 2 goles,1,18,18,Germany - Ivory Coast,EUR,1.46,1.46,2026-06-18 09:36:33,2026-06-20 18:15:30,False,string,15.57,0.05961070559610696,3398.95
1638658,36966549,Match,Partido,Over 2.5 goals y Over 7.5 corners,18,38,Netherlands - Sweden,EUR,2.06,2.06,2026-06-20 08:44:38,2026-06-20 15:55:06,True,numeric,10.81,-0.0006325910931174096,430.46666666666664
MAH-05-15182,36966486,1-X-2 / 2 goals Up,1-X-2 / Ventaja 2 goles,2,17,17,Scotland - Morocco,EUR,1.63,1.63,2026-06-19 15:34:27,2026-06-19 16:05:24,False,string,28.58,0.0,30.95
MAH-04-07398,36966609,Match,Partido,Over 9.5 corners y Lionel Messi to score,17,17,Argentina - Austria,EUR,5.4,5.8,2026-06-22 14:58:08,2026-06-22 15:03:45,False,string,5.27,0.055585536967080275,5.616666666666666
MAH-25-00002,36024518,Match fouls,Faltas durante el partido,22 or more,17,17,Iraq - Norway,EUR,1.5,1.5,2026-06-16 09:48:43,2026-06-16 09:51:22,False,string,1041.51,-0.0066225165562914245,2.65
1768913,33890444,1-X-2 / 2 goals Up,1-X-2 / Ventaja 2 goles,1,17,17,England - Croatia,EUR,1.73,1.73,2026-06-14 22:19:17,2026-06-17 17:59:53,False,numeric,4.57,0.03933380581148129,4060.6
MAH-03-03660,36966550,Team corners,Corners equipo,Ecuador 9 or more,16,16,Ecuador - Curaçao,EUR,2.59,2.59,2026-06-20 18:37:37,2026-06-20 18:44:06,False,string,146.68,-0.04779411764705899,6.483333333333333
MAH-01-13431,36966591,Team shots on target,Remates a puerta equipo,Spain 10 or more,16,16,Spain - Saudi Arabia,EUR,1.87,1.87,2026-06-21 15:38:15,2026-06-21 15:46:52,False,string,628.3,0.0,8.616666666666667
1624919,33890416,Player most passes (voiding in case of tie),Jugador en dar más pases,Upamecano,16,36,France - Senegal,EUR,6.35,6.35,2026-06-16 02:25:59,2026-06-16 10:09:34,True,numeric,42.19,0.0,463.5833333333333
MAH-08-37003,33890299,1-X-2 / 2 goals Up,1-X-2 / Ventaja 2 goles,1,16,16,Belgium - Egypt,EUR,1.59,1.54,2026-06-12 10:17:16,2026-06-15 18:16:53,False,string,12.1,0.03435430463576161,4799.616666666667
MAH-05-15182,36966549,1-X-2 / 2 goals Up,1-X-2 / Ventaja 2 goles,2,16,16,Netherlands - Sweden,EUR,4.52,4.39,2026-06-20 12:38:51,2026-06-20 12:53:24,False,string,27.38,-0.018422489082969555,14.55
MAH-03-03835,33890304,1st half: Team corners,1º tiempo: Corners equipo,Japan 2 or more,16,16,Netherlands - Japan,EUR,1.65,1.65,2026-06-12 15:49:16,2026-06-12 17:15:40,False,string,5.04,0.012269938650306678,86.4
MAH-04-07248,36024491,Match,Partido,Both teams to score y Over 9.5 corners,16,16,Canada - Bosnia And Herzegovina,EUR,4.03,4.03,2026-06-12 13:20:48,2026-06-12 13:24:32,False,string,1.6600000000000001,0.007500000000000062,3.7333333333333334
MAH-03-27415,33890238,Team corners,Corners equipo,South Africa 3 or more,16,16,Mexico - South Africa,EUR,1.46,1.46,2026-06-11 16:03:25,2026-06-11 16:14:26,False,string,3546.45,0.02216312056737587,11.016666666666667
MAH-21-14001,36024480,1-X-2 / 2 goals Up,1-X-2 / Ventaja 2 goles,1,16,16,South Korea - Czech Republic,EUR,2.52,2.56,2026-06-10 08:00:16,2026-06-12 00:54:13,False,string,2911.67,0.010128458498023851,2453.95
MAH-05-15182,33890298,1-X-2 / 2 goals Up,1-X-2 / Ventaja 2 goles,1,16,16,Iran - New Zealand,EUR,1.74,1.74,2026-06-15 13:56:40,2026-06-15 20:02:41,False,string,265.18,-0.026243093922651978,366.01666666666665
MAH-03-03835,36024491,Team corners,Corners equipo,Bosnia And Herzegovina 3 or more,15,15,Canada - Bosnia And Herzegovina,EUR,1.36,1.36,2026-06-12 15:50:41,2026-06-12 17:15:40,False,string,3.61,-0.030732860520094406,84.98333333333333
2084843,33890291,Saves (Star Substitute),Paradas Yassine Bounou (Suplente Estrella),1 or more,15,15,Brazil - Morocco,EUR,1.04,1.04,2026-06-13 17:51:31,2026-06-13 21:56:42,False,numeric,377.65,-0.004807692307692291,245.18333333333334
1469880,33890416,1-X-2 / 2 goals Up,1-X-2 / Ventaja 2 goles,1,15,15,France - Senegal,EUR,1.47,1.49,2026-06-13 12:23:53,2026-06-15 21:16:57,False,numeric,5.290000000000001,-0.01126126126126128,3413.0666666666666
MAH-25-02003,33890313,Saves (Star Substitute),Paradas Vozinha (Suplente Estrella),4 or more,15,15,Spain - Cape Verde,EUR,1.41,1.41,2026-06-15 15:11:11,2026-06-15 15:13:16,False,string,1445.7,-0.02758620689655178,2.0833333333333335
1382013,33890211,Match corners,Corners durante el partido,13 or more,15,15,Argentina - Algeria,EUR,5.2,6.1,2026-06-16 10:11:19,2026-06-16 22:06:04,False,numeric,1.68,-0.019047619047618973,714.75
MAH-04-07781,36966553,Match,Partido,Over 2.5 goals y Over 9.5 corners,15,15,Germany - Ivory Coast,EUR,2.99,2.94,2026-06-20 14:18:42,2026-06-20 14:22:52,False,string,1.37,0.013698630136986401,4.166666666666667
MAH-19-45003,36966553,1-X-2 / 2 goals Up,1-X-2 / Ventaja 2 goles,1,15,15,Germany - Ivory Coast,EUR,1.53,1.54,2026-06-17 00:08:16,2026-06-18 19:02:46,False,string,463.0,0.11922141119221401,2574.5
MAH-04-07248,36966472,Match,Partido,Over 2.5 goals y Over 7.5 corners,15,15,Canada - Qatar,EUR,2.0,2.0,2026-06-18 12:45:28,2026-06-18 19:18:55,False,string,2.43,0.0003333333333333262,393.45
MAH-03-27862,36966485,To score 2 or more goals (Star Substitute),Marcar 2 goles o más (Suplente Estrella),Vinícius,15,15,Brazil - Haiti,EUR,4.64,4.49,2026-06-18 08:59:27,2026-06-19 08:15:54,False,string,5.65,-0.03164556962025322,1396.45
MAH-05-15184,33890259,1-X-2 / 2 goals Up,1-X-2 / Ventaja 2 goles,2,15,15,Qatar - Switzerland,EUR,1.19,1.19,2026-06-12 07:32:26,2026-06-12 07:45:49,False,string,57.87,0.017094017094017033,13.383333333333333
MAH-04-07398,36966611,Match,Partido,Both teams to score y Over 7.5 corners,15,15,Norway - Senegal,EUR,2.34,2.34,2026-06-22 14:58:08,2026-06-22 15:01:29,False,string,1.9300000000000002,-0.004255319148936287,3.35
MAH-04-07781,36966549,Match,Partido,Both teams to score y Over 7.5 corners,15,15,Netherlands - Sweden,EUR,2.02,2.07,2026-06-20 14:18:42,2026-06-20 14:22:52,False,string,1.37,-0.011217948717948789,4.166666666666667
1768913,36966553,1-X-2 / 2 goals Up,1-X-2 / Ventaja 2 goles,1,15,15,Germany - Ivory Coast,EUR,1.53,1.5,2026-06-19 17:09:10,2026-06-20 14:50:51,False,numeric,3.13,0.10802919708029186,1301.6833333333334
MAH-05-15184,33890290,1-X-2 / 2 goals Up,1-X-2 / Ventaja 2 goles,2,15,15,Haiti - Scotland,EUR,1.53,1.53,2026-06-12 07:32:26,2026-06-12 07:45:49,False,string,57.87,-0.02547770700636942,13.383333333333333
MAH-05-15184,36024492,1-X-2 / 2 goals Up,1-X-2 / Ventaja 2 goles,2,15,15,Australia - Turkey,EUR,1.66,1.66,2026-06-12 07:32:26,2026-06-12 07:45:49,False,string,57.87,-0.011904761904761862,13.383333333333333
MAH-03-02602,36024493,1-X-2 / 2 goals Up,1-X-2 / Ventaja 2 goles,1,15,15,Sweden - Tunisia,EUR,1.85,1.85,2026-06-12 18:06:53,2026-06-14 09:46:14,False,string,15.38,-0.011469534050179201,2379.35
MAH-05-15184,33890291,1-X-2 / 2 goals Up,1-X-2 / Ventaja 2 goles,1,15,15,Brazil - Morocco,EUR,1.61,1.61,2026-06-12 07:32:26,2026-06-12 07:45:49,False,string,57.87,-0.024242424242424176,13.383333333333333
MAH-05-15182,36966611,1-X-2 / 2 goals Up,1-X-2 / Ventaja 2 goles,2,15,15,Norway - Senegal,EUR,3.07,2.86,2026-06-22 16:34:39,2026-06-22 23:34:04,False,string,101.51,0.09890109890109901,419.4166666666667
MAH-03-27832,36966549,Home-side combo (bet builder),Países Bajos,Netherlands win y Both teams to score,15,15,Netherlands - Sweden,EUR,3.33,3.33,2026-06-19 09:19:47,2026-06-19 09:53:25,False,string,2.15,0.09180327868852478,33.63333333333333
MAH-04-07781,33890211,Match,Partido,Over 2.5 goals y Over 7.5 corners,15,15,Argentina - Algeria,EUR,2.7,2.7,2026-06-16 15:33:50,2026-06-16 15:37:15,False,string,1.7200000000000002,-0.0784982935153583,3.4166666666666665
MAH-04-64055,36966591,Shots on target (Star Substitute),Remates a puerta Fabián Ruiz (Suplente Estrella),2 or more,15,15,Spain - Saudi Arabia,EUR,3.12,3.12,2026-06-19 11:46:33,2026-06-19 11:58:46,False,string,580.2,-0.0031948881789136685,12.216666666666667
MAH-05-13001,36966609,Home-side combo (bet builder),Argentina,"Argentina win, Both teams to score y Lionel Messi to score",14,14,Argentina - Austria,EUR,4.57,4.83,2026-06-21 18:21:03,2026-06-22 12:05:02,False,string,9.15,-0.061641834647969504,1063.9833333333333
1638658,36966473,Match,Partido,Both teams to score y Over 7.5 corners,14,54,Switzerland - Bosnia And Herzegovina,EUR,2.46,2.46,2026-06-18 08:47:02,2026-06-18 08:55:18,True,numeric,3.96,0.04237288135593231,8.266666666666667
1442420,36966485,Home-side combo (bet builder),Brasil,Brazil win y A goal in both halves,14,14,Brazil - Haiti,EUR,1.44,1.45,2026-06-17 19:10:01,2026-06-19 13:58:59,False,numeric,6.12,-0.004926108374384246,2568.9666666666667
MAH-04-07248,36966469,Match,Partido,Both teams to score y Over 7.5 corners,14,14,Czech Republic - South Africa,EUR,2.7,2.7,2026-06-18 12:45:28,2026-06-18 12:49:06,False,string,1.5,0.003717472118959231,3.6333333333333333
MAH-11-10003,33890444,1-X-2 / 2 goals Up,1-X-2 / Ventaja 2 goles,1,14,14,England - Croatia,EUR,1.7,1.7,2026-06-13 14:31:40,2026-06-13 14:41:02,False,string,3.0100000000000002,0.024096385542168752,9.366666666666667
1442420,33890259,Away-side combo (bet builder),Suiza,Switzerland win y Over 2.5 goals,14,14,Qatar - Switzerland,EUR,1.83,1.74,2026-06-13 03:51:49,2026-06-13 17:07:02,False,numeric,6.699999999999999,0.02216748768472906,795.2166666666667
MAH-11-10003,33890416,1-X-2 / 2 goals Up,1-X-2 / Ventaja 2 goles,1,14,14,France - Senegal,EUR,1.44,1.44,2026-06-13 14:31:40,2026-06-13 14:41:02,False,string,3.0100000000000002,-0.027027027027027084,9.366666666666667
MAH-01-11002,33890299,1-X-2 / 2 goals Up,1-X-2 / Ventaja 2 goles,1,14,14,Belgium - Egypt,EUR,1.56,1.56,2026-06-15 13:50:16,2026-06-15 13:53:03,False,string,605.75,0.0331125827814569,2.783333333333333
MAH-05-15184,33890305,1-X-2 / 2 goals Up,1-X-2 / Ventaja 2 goles,2,14,14,Ivory Coast - Ecuador,EUR,2.37,2.37,2026-06-14 19:34:14,2026-06-14 22:36:44,False,string,691.67,0.02252519264967393,182.5
1768913,33890312,1-X-2 / 2 goals Up,1-X-2 / Ventaja 2 goles,2,14,14,Saudi Arabia - Uruguay,EUR,1.44,1.45,2026-06-14 14:47:54,2026-06-15 17:54:12,False,numeric,4.37,-0.0044031311154599006,1626.3
MAH-11-10003,33890312,1-X-2 / 2 goals Up,1-X-2 / Ventaja 2 goles,2,14,14,Saudi Arabia - Uruguay,EUR,1.43,1.43,2026-06-13 14:31:40,2026-06-13 14:41:02,False,string,3.0100000000000002,-0.020547945205479423,9.366666666666667
MAH-19-00141,36024492,1-X-2 / 2 goals Up,1-X-2 / Ventaja 2 goles,2,14,14,Australia - Turkey,EUR,1.7,1.7,2026-06-13 18:38:01,2026-06-13 19:03:05,False,string,3806.67,0.011904761904761862,25.066666666666666
MAH-03-02602,37275587,1-X-2 / 2 goals Up,1-X-2 / Ventaja 2 goles,1,13,13,Malaga - Almeria,EUR,2.28,2.18,2026-06-12 18:08:31,2026-06-14 09:46:14,False,string,13.66,0.01994301994301993,2377.7166666666667
2141796,33890304,1-X-2 / 2 goals Up,1-X-2 / Ventaja 2 goles,1,13,13,Netherlands - Japan,EUR,2.07,2.03,2026-06-11 18:19:46,2026-06-14 14:50:48,False,numeric,30.94,0.032470042520293695,4111.033333333334
MAH-03-02569,33890312,Shots on target (Star Substitute),Remates a puerta Valverde (Suplente Estrella),1 or more,13,13,Saudi Arabia - Uruguay,EUR,1.54,1.54,2026-06-15 19:55:11,2026-06-15 20:46:16,False,string,67.01,-0.025316455696202556,51.083333333333336
1624919,33890313,Player most passes (voiding in case of tie),Jugador en dar más pases,Cubarsi,13,13,Spain - Cape Verde,EUR,4.49,4.49,2026-06-15 15:51:56,2026-06-15 15:53:45,True,numeric,325.0,0.0,1.8166666666666667
MAH-19-00602,33890298,1-X-2 / 2 goals Up,1-X-2 / Ventaja 2 goles,1,13,13,Iran - New Zealand,EUR,1.77,1.75,2026-06-15 22:49:06,2026-06-15 23:03:48,False,string,551.66,-0.02549936251593715,14.7
1624919,33890313,Player most passes (voiding in case of tie),Jugador en dar más pases,Laporte,13,13,Spain - Cape Verde,EUR,4.69,4.69,2026-06-15 15:51:56,2026-06-15 15:53:45,True,numeric,325.0,0.0,1.8166666666666667
MAH-04-07213,37183144,1-X-2 / 2 goals Up,1-X-2 / Ventaja 2 goles,1,13,13,Nautico - Fortaleza CE,EUR,2.28,2.28,2026-06-09 21:55:30,2026-06-09 21:59:51,False,string,86.71,0.0,4.35
MAH-03-24955,33890259,1-X-2 / 2 goals Up,1-X-2 / Ventaja 2 goles,2,13,13,Qatar - Switzerland,EUR,1.17,1.17,2026-06-13 14:42:15,2026-06-13 14:53:21,False,string,20.0,0.0,11.1
1624919,33890299,Player most passes (voiding in case of tie),Jugador en dar más pases,Nathan Ngoy,13,13,Belgium - Egypt,EUR,7.05,7.05,2026-06-15 18:27:45,2026-06-15 18:29:39,True,numeric,325.0,0.0,1.9
1624919,33890299,Player most passes (voiding in case of tie),Jugador en dar más pases,Brandon Mechele,13,13,Belgium - Egypt,EUR,6.25,6.25,2026-06-15 18:27:45,2026-06-15 18:29:39,True,numeric,325.0,0.0,1.9
MAH-05-15184,36966528,1-X-2 / 2 goals Up,1-X-2 / Ventaja 2 goles,2,13,13,Tunisia - Japan,EUR,1.5,1.43,2026-06-20 17:01:11,2026-06-20 21:07:00,False,string,112.0,0.0409165302782324,245.81666666666666
MAH-04-07044,37275587,Saves (Star Substitute),Paradas Andres Fernandez (Suplente Estrella),3 or more,13,13,Malaga - Almeria,EUR,1.65,1.65,2026-06-14 16:54:35,2026-06-14 16:59:21,False,string,192.5,0.0,4.766666666666667
MAH-03-24236,36966609,Anytime goalscorer (Star Substitute),Goleador durante el partido (Suplente Estrella),Lionel Messi,13,13,Argentina - Austria,EUR,1.85,1.91,2026-06-22 15:35:11,2026-06-22 16:05:22,False,string,8.98,-0.004832863471606932,30.183333333333334
MAH-11-07008,33890238,To score or assist (Star Substitute),Marcar gol o asistir (Suplente Estrella),Raúl Jiménez,13,13,Mexico - South Africa,EUR,1.84,1.84,2026-06-10 18:58:51,2026-06-11 09:28:02,False,string,7.44,-0.010339123242349039,869.1833333333333
MAH-08-37003,36966473,1-X-2 / 2 goals Up,1-X-2 / Ventaja 2 goles,1,13,13,Switzerland - Bosnia And Herzegovina,EUR,1.51,1.52,2026-06-15 05:09:13,2026-06-18 10:35:42,False,string,5.62,-0.005530417295123184,4646.483333333334
MAH-16-16003,36024520,1st half: Corners,1º tiempo: Corners,4 or more,13,13,Portugal - Democratic Republic of the Congo,EUR,1.48,1.48,2026-06-17 16:48:56,2026-06-17 16:56:15,False,string,1300.0,-0.006711409395973145,7.316666666666666
MAH-05-15182,33890312,1-X-2 / 2 goals Up,1-X-2 / Ventaja 2 goles,2,13,13,Saudi Arabia - Uruguay,EUR,1.41,1.41,2026-06-15 13:58:27,2026-06-15 20:02:41,False,string,232.93,-0.03530031612223396,364.23333333333335
MAH-11-07007,33890298,1-X-2 / 2 goals Up,1-X-2 / Ventaja 2 goles,1,12,12,Iran - New Zealand,EUR,1.76,1.76,2026-06-15 17:58:18,2026-06-15 20:26:03,False,string,1.83,-0.027624309392265234,147.75
MAH-04-08210,36966591,Team corners,Corners equipo,Saudi Arabia 5 or more,12,12,Spain - Saudi Arabia,EUR,3.42,3.42,2026-06-21 12:05:47,2026-06-21 12:08:23,False,string,1.1600000000000001,-0.017241379310344862,2.6
MAH-03-24952,33890299,1-X-2 / 2 goals Up,1-X-2 / Ventaja 2 goles,2,12,12,Belgium - Egypt,EUR,5.5,5.5,2026-06-15 11:35:02,2026-06-15 11:40:28,False,string,195.6,-0.0756302521008404,5.433333333333334
1624919,33890210,Player most passes (voiding in case of tie),Jugador en dar más pases,Philipp Lienhart,12,38,Austria - Jordan,EUR,4.44,4.44,2026-06-16 02:25:59,2026-06-16 10:09:34,True,numeric,28.27,0.0,463.5833333333333
1468146,37172927,Saves handicap - vs (both starters),Hándicap paradas - Unai Simón vs Jalal Hassan (Ambos titulares o se anula),Jalal Hassan(-2.5),12,12,Spain - Iraq,EUR,1.66,1.66,2026-06-04 13:15:17,2026-06-04 13:30:09,False,numeric,17.41,0.0,14.866666666666667
MAH-11-07008,33890290,To score or assist (Star Substitute),Marcar gol o asistir (Suplente Estrella),McTominay,12,12,Haiti - Scotland,EUR,2.14,2.14,2026-06-10 18:58:51,2026-06-11 09:28:02,False,string,2.04,0.09829059829059839,869.1833333333333
MAH-11-07008,36024491,To score or assist (Star Substitute),Marcar gol o asistir (Suplente Estrella),Jonathan David,12,12,Canada - Bosnia And Herzegovina,EUR,1.86,1.86,2026-06-10 18:58:51,2026-06-11 09:28:02,False,string,2.04,-0.04529914529914525,869.1833333333333
MAH-04-07419,36966590,To score from outside the box (Star Substitute),Marcar gol desde fuera del área (Suplente Estrella),Valverde,12,14,Uruguay - Cape Verde,EUR,8.25,8.25,2026-06-21 15:16:33,2026-06-21 21:59:00,True,string,2.18,0.07871720116618085,402.45
MAH-11-07008,36024480,To score or assist (Star Substitute),Marcar gol o asistir (Suplente Estrella),Heung-Min Son,12,12,South Korea - Czech Republic,EUR,2.11,2.11,2026-06-10 18:58:51,2026-06-11 09:28:02,False,string,2.04,0.028861788617886203,869.1833333333333
MAH-05-15184,36966466,1-X-2 / 2 goals Up,1-X-2 / Ventaja 2 goles,1,12,12,Mexico - South Korea,EUR,2.01,2.01,2026-06-18 20:11:39,2026-06-18 20:51:41,False,string,193.35000000000002,-0.004950495049505066,40.03333333333333
MAH-19-00901,33890416,1-X-2 / 2 goals Up,1-X-2 / Ventaja 2 goles,1,12,12,France - Senegal,EUR,1.47,1.47,2026-06-12 11:00:02,2026-06-16 18:31:10,False,string,11.45,-0.014076576576576608,6211.133333333333
MAH-19-00901,36024520,1-X-2 / 2 goals Up,1-X-2 / Ventaja 2 goles,1,12,12,Portugal - Democratic Republic of the Congo,EUR,1.26,1.27,2026-06-12 11:00:02,2026-06-16 18:31:10,False,string,11.45,0.008597883597883568,6211.133333333333
MAH-11-10006,36966593,Home-side combo (bet builder),Bélgica,Belgium win y Over 2.5 goals,12,12,Belgium - Iran,EUR,2.15,2.15,2026-06-21 11:42:49,2026-06-21 12:07:22,False,string,26.44,-0.06113537117903933,24.55
1353770,36024493,1-X-2 / 2 goals Up,1-X-2 / Ventaja 2 goles,1,12,12,Sweden - Tunisia,EUR,1.83,1.83,2026-06-14 19:17:40,2026-06-15 01:53:24,True,numeric,448.82,0.0,395.73333333333335
MAH-11-07008,33890291,To score or assist (Star Substitute),Marcar gol o asistir (Suplente Estrella),Raphinha,12,12,Brazil - Morocco,EUR,2.0,2.0,2026-06-10 18:58:51,2026-06-11 09:28:02,False,string,2.04,0.025641025641025772,869.1833333333333
1768913,33890298,1-X-2 / 2 goals Up,1-X-2 / Ventaja 2 goles,1,12,12,Iran - New Zealand,EUR,1.82,1.94,2026-06-14 13:48:12,2026-06-15 17:54:12,False,numeric,3.83,0.011510128913443857,1686.0
MAH-11-07008,36024492,To score or assist (Star Substitute),Marcar gol o asistir (Suplente Estrella),Arda Güler,12,12,Australia - Turkey,EUR,1.9,1.9,2026-06-10 18:58:51,2026-06-11 09:28:02,False,string,2.04,0.0382513661202184,869.1833333333333
MAH-04-07398,36966612,Match,Partido,Over 2.5 goals y Mbappe to score,12,12,France - Iraq,EUR,1.59,1.68,2026-06-20 08:59:07,2026-06-22 09:05:29,False,string,1.46,-0.01656626506024091,2886.366666666667
MAH-01-55368,36966638,To score 2 or more goals (Star Substitute),Marcar 2 goles o más (Suplente Estrella),Harry Kane,12,12,England - Ghana,EUR,2.9,2.9,2026-06-23 16:55:47,2026-06-23 17:02:52,False,string,228.51,0.05454545454545445,7.083333333333333
MAH-03-27313,33890416,Home-side combo (bet builder),Francia,A goal in both halves y Mbappe 2 or more shots on target,12,12,France - Senegal,EUR,2.28,2.14,2026-06-16 15:00:36,2026-06-16 15:03:20,False,string,7.04,0.004545454545454408,2.7333333333333334
1468146,37238914,Shots on target (Star Substitute),Remates a puerta Chupe (Suplente Estrella),1 or more,12,12,Malaga - Las Palmas,EUR,1.21,1.21,2026-06-09 15:50:11,2026-06-09 15:52:04,False,numeric,13.399999999999999,0.0,1.8833333333333333
1469880,33890444,1-X-2 / 2 goals Up,1-X-2 / Ventaja 2 goles,1,12,12,England - Croatia,EUR,1.69,1.73,2026-06-13 15:16:07,2026-06-15 21:12:30,False,numeric,1.78,0.027108433734939763,3236.383333333333
MAH-03-03008,33890306,Team exact bookings (only players and in play),Número de tarjetas equipo (solo jugadores y en juego),Curaçao 2 or more,12,12,Germany - Curaçao,EUR,1.6,1.6,2026-06-14 15:14:28,2026-06-14 15:17:31,False,string,230.0,0.0062893081761006275,3.05
MAH-05-15182,36966590,1-X-2 / 2 goals Up,1-X-2 / Ventaja 2 goles,1,12,12,Uruguay - Cape Verde,EUR,1.44,1.44,2026-06-21 08:21:08,2026-06-21 08:27:38,False,string,133.35,0.04347826086956519,6.5
MAH-05-15182,36966528,1-X-2 / 2 goals Up,1-X-2 / Ventaja 2 goles,2,12,12,Tunisia - Japan,EUR,1.5,1.5,2026-06-20 12:33:19,2026-06-20 12:59:27,False,string,35.38,0.06382978723404253,26.133333333333333
MAH-01-49851,36966609,To score 2 or more goals (Star Substitute),Marcar 2 goles o más (Suplente Estrella),Lionel Messi,12,58,Argentina - Austria,EUR,5.8,5.8,2026-06-22 09:22:39,2026-06-22 09:24:53,True,string,5.87,-0.07200000000000006,2.2333333333333334
MAH-05-13001,33890259,Away-side combo (bet builder),Suiza,Switzerland win y A goal in both halves,12,12,Qatar - Switzerland,EUR,1.75,1.79,2026-06-12 16:32:04,2026-06-13 12:05:59,False,string,31.52,0.017142857142857182,1173.9166666666667
MAH-01-49851,36966611,To score 2 or more goals (Star Substitute),Marcar 2 goles o más (Suplente Estrella),Haaland,12,58,Norway - Senegal,EUR,5.7,5.7,2026-06-22 09:22:39,2026-06-22 09:24:53,True,string,5.83,-0.10236220472440938,2.2333333333333334
MAH-01-49851,36966612,To score 2 or more goals (Star Substitute),Marcar 2 goles o más (Suplente Estrella),Mbappe,12,58,France - Iraq,EUR,3.05,3.05,2026-06-22 09:22:39,2026-06-22 09:24:53,True,string,5.92,0.08540925266903908,2.2333333333333334
MAH-04-64055,36966549,Shots on target (Star Substitute),Remates a puerta Viktor Gyokeres (Suplente Estrella),2 or more,11,11,Netherlands - Sweden,EUR,2.81,2.81,2026-06-17 15:06:48,2026-06-19 12:00:36,False,string,356.87,0.12400000000000011,2693.8
MAH-19-64003,33890312,1-X-2 / 2 goals Up,1-X-2 / Ventaja 2 goles,2,11,11,Saudi Arabia - Uruguay,EUR,1.46,1.46,2026-06-15 11:13:20,2026-06-15 11:17:23,False,string,72.85,0.0,4.05
MAH-11-09014,36966486,1-X-2 / 2 goals Up,1-X-2 / Ventaja 2 goles,2,11,11,Scotland - Morocco,EUR,1.71,1.65,2026-06-18 21:00:35,2026-06-19 19:19:09,False,string,5472.0,0.03234802007808136,1338.5666666666666
MAH-05-15373,33890419,1-X-2 / 2 goals Up,1-X-2 / Ventaja 2 goles,1,11,11,Ghana - Panama,EUR,2.3,2.3,2026-06-17 13:57:04,2026-06-17 14:02:13,False,string,8.9,-0.0043290043290044045,5.15
MAH-03-24951,36966611,1-X-2 / 2 goals Up,1-X-2 / Ventaja 2 goles,2,11,11,Norway - Senegal,EUR,3.18,3.18,2026-06-22 12:07:55,2026-06-22 12:22:29,False,string,2312.75,0.1118881118881121,14.566666666666666
1382013,33890416,Match corners,Corners durante el partido,13 or more,11,11,France - Senegal,EUR,4.22,4.22,2026-06-15 23:38:35,2026-06-16 14:30:18,False,numeric,2.42,0.24370208105147864,891.7166666666667
MAH-05-15373,36966469,1-X-2 / 2 goals Up,1-X-2 / Ventaja 2 goles,1,11,11,Czech Republic - South Africa,EUR,1.73,1.73,2026-06-17 13:57:04,2026-06-17 14:02:13,False,string,8.9,-0.028089887640449507,5.15
2394163,36966593,1-X-2 / 2 goals Up,1-X-2 / Ventaja 2 goles,1,11,11,Belgium - Iran,EUR,1.41,1.4,2026-06-21 09:01:46,2026-06-21 18:30:03,False,numeric,108.53,-0.0019342359767892013,568.2833333333333
MAH-11-07003,33890290,1-X-2 / 2 goals Up,1-X-2 / Ventaja 2 goles,2,11,11,Haiti - Scotland,EUR,1.55,1.55,2026-06-11 13:21:18,2026-06-12 15:05:17,False,string,1.6800000000000002,-0.01273885350318471,1543.9833333333333
MAH-01-55102,33890313,1-X-2 / 2 goals Up,1-X-2 / Ventaja 2 goles,1,11,11,Spain - Cape Verde,EUR,1.09,1.09,2026-06-14 16:18:37,2026-06-14 21:52:22,False,string,1.5300000000000002,0.03809523809523818,333.75
MAH-07-04002,36024493,Match fouls,Faltas durante el partido,32 or more,11,11,Sweden - Tunisia,EUR,3.0,3.0,2026-06-11 18:34:34,2026-06-11 20:39:40,False,string,0.46,0.0,125.1
1768913,36966549,1-X-2 / 2 goals Up,1-X-2 / Ventaja 2 goles,1,11,11,Netherlands - Sweden,EUR,1.74,1.71,2026-06-19 17:09:10,2026-06-20 13:06:48,False,numeric,2.37,0.02939575394665214,1197.6333333333334
1768913,33890238,1-X-2 / 2 goals Up,1-X-2 / Ventaja 2 goles,1,11,11,Mexico - South Africa,EUR,1.42,1.42,2026-06-08 13:38:14,2026-06-10 17:41:00,False,numeric,2.65,0.01962066710268153,3122.766666666667
MAH-05-15181,36024492,1-X-2 / 2 goals Up,1-X-2 / Ventaja 2 goles,2,11,11,Australia - Turkey,EUR,1.67,1.67,2026-06-13 16:38:37,2026-06-13 16:46:53,False,string,98.75999999999999,-0.005952380952380931,8.266666666666667
MAH-04-07542,36966609,Team to score a penalty,Equipo en marcar gol de penalti durante el partido,Argentina,11,11,Argentina - Austria,EUR,4.27,4.27,2026-06-21 00:26:58,2026-06-21 00:31:19,False,string,5.33,-0.21651376146789003,4.35
MAH-05-15184,36024491,1-X-2 / 2 goals Up,1-X-2 / Ventaja 2 goles,1,11,11,Canada - Bosnia And Herzegovina,EUR,1.8,1.8,2026-06-12 07:32:26,2026-06-12 07:45:49,False,string,46.370000000000005,0.034482758620689724,13.383333333333333
MAH-07-04002,36024492,Match fouls,Faltas durante el partido,25 or more,11,11,Australia - Turkey,EUR,2.2,2.2,2026-06-11 18:34:34,2026-06-11 20:39:40,False,string,0.46,0.3664596273291927,125.1
1639909,36966611,Anytime goalscorer (Star Substitute),Goleador durante el partido (Suplente Estrella),Haaland,11,11,Norway - Senegal,EUR,1.95,1.95,2026-06-20 19:08:51,2026-06-22 16:08:14,False,numeric,17.17,-0.012791228871630917,2699.383333333333
MAH-07-04002,33890309,Match fouls,Faltas durante el partido,27 or more,11,11,Usa - Paraguay,EUR,2.6,2.6,2026-06-11 18:34:34,2026-06-11 20:39:40,False,string,0.46,0.23222748815165886,125.1
MAH-11-07003,33890444,To score 2 or more goals (Star Substitute),Marcar 2 goles o más (Suplente Estrella),Harry Kane,11,11,England - Croatia,EUR,7.3,7.3,2026-06-16 16:11:05,2026-06-16 16:13:55,False,string,5.33,0.006896551724137945,2.8333333333333335
MAH-03-03679,36966469,1-X-2 / 2 goals Up,1-X-2 / Ventaja 2 goles,1,11,11,Czech Republic - South Africa,EUR,1.75,1.75,2026-06-18 14:53:10,2026-06-18 14:58:00,False,string,55.0,-0.016853932584269704,4.833333333333333
2394163,36966553,1-X-2 / 2 goals Up,1-X-2 / Ventaja 2 goles,1,11,11,Germany - Ivory Coast,EUR,1.51,1.51,2026-06-20 09:41:31,2026-06-20 15:13:52,False,numeric,93.5,0.10019907100199062,332.35
MAH-19-39003,33890299,1-X-2 / 2 goals Up,1-X-2 / Ventaja 2 goles,1,11,11,Belgium - Egypt,EUR,1.57,1.53,2026-06-11 16:55:52,2026-06-15 18:19:41,False,string,22.02,0.04274533413606263,5843.816666666667
MAH-05-15184,33890419,1-X-2 / 2 goals Up,1-X-2 / Ventaja 2 goles,1,11,11,Ghana - Panama,EUR,2.3,2.3,2026-06-17 16:55:48,2026-06-17 17:05:44,False,string,49.34,-0.0043290043290044045,9.933333333333334
1624919,33890220,Player most passes (voiding in case of tie),Jugador en dar más pases,Jhon Lucumi,11,23,Uzbekistan - Colombia,EUR,5.65,5.65,2026-06-16 02:25:59,2026-06-16 11:30:36,False,numeric,46.54,0.3294117647058825,544.6166666666667
MAH-04-07248,33890419,Match,Partido,Both teams to score y Over 7.5 corners,11,11,Ghana - Panama,EUR,2.66,2.66,2026-06-17 13:24:32,2026-06-17 13:27:00,False,string,1.32,0.01526717557251911,2.466666666666667
MAH-01-00906,36966637,1st half: Team corners,1º tiempo: Corners equipo,Panama 1 or more,11,11,Panama - Croatia,EUR,1.29,1.3,2026-06-23 19:12:04,2026-06-23 19:15:29,False,string,347.84999999999997,-0.006153846153846132,3.4166666666666665
MAH-07-04002,33890305,Match fouls,Faltas durante el partido,30 or more,11,11,Ivory Coast - Ecuador,EUR,2.3,2.3,2026-06-11 18:34:34,2026-06-11 20:39:40,False,string,0.46,-0.15441176470588247,125.1
MAH-07-04002,33890290,Match fouls,Faltas durante el partido,28 or more,11,11,Haiti - Scotland,EUR,2.3,2.3,2026-06-11 18:34:34,2026-06-11 20:39:40,False,string,0.46,0.09004739336492884,125.1
MAH-07-04002,36024480,Match fouls,Faltas durante el partido,28 or more,11,11,South Korea - Czech Republic,EUR,2.7,2.7,2026-06-11 18:34:34,2026-06-11 20:39:40,False,string,0.46,0.0,125.1
MAH-07-04002,33890304,Match fouls,Faltas durante el partido,25 or more,11,11,Netherlands - Japan,EUR,2.7,2.7,2026-06-11 18:34:34,2026-06-11 20:39:40,False,string,0.46,0.5,125.1
MAH-05-13001,36966593,Home-side combo (bet builder),Bélgica,Belgium win y De Ketelaere to score,11,11,Belgium - Iran,EUR,3.07,3.07,2026-06-21 18:15:37,2026-06-21 18:18:56,False,string,1.4300000000000002,0.0,3.316666666666667
MAH-01-00906,36966638,1st half: Team corners,1º tiempo: Corners equipo,Ghana 1 or more,11,11,England - Ghana,EUR,1.63,1.63,2026-06-23 19:12:04,2026-06-23 19:15:29,False,string,347.84999999999997,0.006172839506172645,3.4166666666666665
MAH-07-04002,33890259,Match fouls,Faltas durante el partido,25 or more,11,11,Qatar - Switzerland,EUR,2.3,2.3,2026-06-11 18:34:34,2026-06-11 20:39:40,False,string,0.46,0.09004739336492884,125.1
1639909,36966466,Anytime goalscorer (Star Substitute),Goleador durante el partido (Suplente Estrella),Min-Jae Kim,10,10,Mexico - South Korea,EUR,19.0,20.0,2026-06-18 15:26:39,2026-06-18 18:49:04,False,numeric,18.34,0.011695906432748525,202.41666666666666
1965742,36966638,Shots on target (Star Substitute),Remates a puerta Bellingham (Suplente Estrella),2 or more,10,10,England - Ghana,EUR,2.5,2.5,2026-06-23 19:47:36,2026-06-23 19:48:47,False,numeric,1000.0,0.00401606425702794,1.1833333333333333
MAH-11-09015,36966549,Match,Partido,Over 2.5 goals y Viktor Gyokeres 1 or more assists,10,10,Netherlands - Sweden,EUR,9.94,9.94,2026-06-20 12:41:01,2026-06-20 12:42:14,False,string,6.7,-0.010945273631840946,1.2166666666666666
MAH-05-15373,33890220,1-X-2 / 2 goals Up,1-X-2 / Ventaja 2 goles,2,10,10,Uzbekistan - Colombia,EUR,1.33,1.33,2026-06-17 13:57:04,2026-06-17 14:00:54,False,string,3.9000000000000004,0.03100775193798455,3.8333333333333335
MAH-05-15184,36024493,1-X-2 / 2 goals Up,1-X-2 / Ventaja 2 goles,1,10,10,Sweden - Tunisia,EUR,1.91,1.88,2026-06-14 19:41:41,2026-06-14 22:42:15,False,string,376.65999999999997,0.022043010752688153,180.56666666666666
MAH-08-37003,33890312,1-X-2 / 2 goals Up,1-X-2 / Ventaja 2 goles,2,10,10,Saudi Arabia - Uruguay,EUR,1.43,1.44,2026-06-12 10:22:36,2026-06-15 18:16:53,False,string,9.72,-0.029452054794520576,4794.283333333334
MAH-07-04001,37330427,Player sent off (only players and in play),Jugador expulsado (solo jugadores y en juego),Tiago Pagnussat,10,10,Vila Nova Go - Nautico,EUR,25.0,25.0,2026-06-20 18:52:05,2026-06-20 18:56:09,False,string,0.5,0.0,4.066666666666666
MAH-11-11002,33890309,1st half: Team corners,1º tiempo: Corners equipo,Paraguay 4 or more,10,10,Usa - Paraguay,EUR,5.4,5.4,2026-06-12 18:53:46,2026-06-12 18:55:08,False,string,10.0,-0.05263157894736836,1.3666666666666667
2349912,33890416,Saves (Star Substitute),Paradas Mike Maignan (Suplente Estrella),1 or more,10,10,France - Senegal,EUR,1.1,1.1,2026-06-16 17:38:08,2026-06-16 17:43:54,False,numeric,389.32,-0.009009009009009028,5.766666666666667
MAH-01-05191,36966612,Player anytime not to score,No marcará ningún gol,Mbappe,10,10,France - Iraq,EUR,2.46,2.46,2026-06-21 18:20:42,2026-06-22 16:32:15,False,string,575.5,0.03361344537815136,1331.55
844747,36966593,Anytime goalscorer (Star Substitute),Goleador durante el partido (Suplente Estrella),Lukaku,10,10,Belgium - Iran,EUR,1.96,1.97,2026-06-21 15:56:28,2026-06-21 17:25:10,False,numeric,2.25,-0.05120772946859897,88.7
MAH-03-24952,33890416,1-X-2 / 2 goals Up,1-X-2 / Ventaja 2 goles,2,10,10,France - Senegal,EUR,6.6,6.6,2026-06-15 11:36:37,2026-06-15 11:39:03,False,string,9.7,0.1578947368421051,2.433333333333333
1768913,33890290,1-X-2 / 2 goals Up,1-X-2 / Ventaja 2 goles,2,10,10,Haiti - Scotland,EUR,1.57,1.57,2026-06-11 20:42:56,2026-06-13 22:44:19,False,numeric,2.98,-0.008280254777070062,3001.383333333333
MAH-08-45001,36966591,Shots on target (Star Substitute),Remates a puerta Pedri (Suplente Estrella),2 or more,10,10,Spain - Saudi Arabia,EUR,3.71,3.71,2026-06-21 15:45:25,2026-06-21 15:47:07,False,string,100.0,-0.01851851851851849,1.7
2104617,36024520,Player to score in both halves (Star Substitute),Jugador en meter gol en el 1º y 2º tiempo (Suplente Estrella),Cristiano Ronaldo,10,10,Portugal - Democratic Republic of the Congo,EUR,6.6,6.6,2026-06-17 11:46:09,2026-06-17 11:51:04,False,numeric,5.0,-0.0434782608695653,4.916666666666667
2098608,36971426,1-X-2 / 2 goals Up,1-X-2 / Ventaja 2 goles,1,10,10,Turkey - Paraguay,EUR,2.03,2.04,2026-06-19 12:07:21,2026-06-20 00:29:27,False,numeric,8.09,-0.01317073170731703,742.1
MAH-06-15003,33890309,1-X-2 / 2 goals Up,1-X-2 / Ventaja 2 goles,1,10,10,Usa - Paraguay,EUR,2.08,2.08,2026-06-12 21:10:35,2026-06-12 21:12:50,False,string,1000.0,0.024630541871921263,2.25
MAH-11-10008,36966486,Away-side combo (bet builder),Marruecos,Morocco win y Over 2.5 goals,10,10,Scotland - Morocco,EUR,2.87,2.87,2026-06-19 17:57:21,2026-06-19 21:40:13,False,string,8.0,0.04516386890487616,222.86666666666667
MAH-04-07419,36966609,To score 2 or more goals (Star Substitute),Marcar 2 goles o más (Suplente Estrella),Lionel Messi,10,12,Argentina - Austria,EUR,5.9,6.2,2026-06-21 15:21:05,2026-06-22 15:31:41,True,string,1.71,-0.01999999999999999,1450.6
MAH-03-03664,33890416,Anytime goalscorer (Star Substitute),Goleador durante el partido (Suplente Estrella),Mbappe,10,10,France - Senegal,EUR,1.83,1.83,2026-06-15 13:04:46,2026-06-16 12:40:54,False,string,11.33,-0.029032258064516148,1416.1333333333334
MAH-03-02602,33890290,1-X-2 / 2 goals Up,1-X-2 / Ventaja 2 goles,2,10,10,Haiti - Scotland,EUR,1.52,1.51,2026-06-12 18:05:10,2026-06-13 18:22:34,False,string,10.09,-0.04012738853503184,1457.4
MAH-07-04002,33890238,Match fouls,Faltas durante el partido,29 or more,10,10,Mexico - South Africa,EUR,2.4,2.4,2026-06-11 18:34:34,2026-06-11 18:37:03,False,string,0.42000000000000004,-0.004149377593361092,2.4833333333333334
MAH-01-49413,33890299,1-X-2 / 2 goals Up,1-X-2 / Ventaja 2 goles,1,10,10,Belgium - Egypt,EUR,1.5,1.5,2026-06-15 08:56:57,2026-06-15 18:53:35,False,string,910.0,-0.002649006622516592,596.6333333333333
MAH-01-00370,36966590,To score from outside the box (Star Substitute),Marcar gol desde fuera del área (Suplente Estrella),Valverde,10,20,Uruguay - Cape Verde,EUR,7.5,7.5,2026-06-19 15:03:42,2026-06-19 15:06:29,False,string,0.42000000000000004,0.020408163265306145,2.783333333333333
1768913,36966469,1-X-2 / 2 goals Up,1-X-2 / Ventaja 2 goles,1,10,10,Czech Republic - South Africa,EUR,1.76,1.76,2026-06-16 05:31:36,2026-06-17 21:31:41,False,numeric,2.6799999999999997,-0.009550561797752844,2400.0833333333335
MAH-03-02602,37265894,1-X-2 / 2 goals Up,1-X-2 / Ventaja 2 goles,1,10,10,Cuiaba Esporte Clube MT - Vila Nova Go,EUR,2.1,2.1,2026-06-13 09:52:29,2026-06-14 09:46:14,False,string,10.58,0.004784688995215447,1433.75
MAH-04-08204,36024491,Match fouls,Faltas durante el partido,29 or more,10,10,Canada - Bosnia And Herzegovina,EUR,1.61,1.61,2026-06-12 14:17:28,2026-06-12 14:22:40,False,string,66.7,0.06622516556291402,5.2
MAH-01-11002,36966591,1-X-2 / 2 goals Up,1-X-2 / Ventaja 2 goles,1,10,10,Spain - Saudi Arabia,EUR,1.08,1.08,2026-06-20 11:38:48,2026-06-20 11:44:10,False,string,274.98,0.0,5.366666666666666
MAH-04-07542,36966611,Match,Partido,Both teams to score y A goal in both halves,10,10,Norway - Senegal,EUR,2.0,2.0,2026-06-21 00:26:58,2026-06-21 00:29:42,False,string,2.0,-0.033816425120772875,2.7333333333333334
2394163,36966486,1-X-2 / 2 goals Up,1-X-2 / Ventaja 2 goles,2,10,10,Scotland - Morocco,EUR,1.7,1.66,2026-06-19 10:51:10,2026-06-19 18:12:26,False,numeric,81.6,0.025766871165644245,441.26666666666665
MAH-25-00002,33890298,Match fouls,Faltas durante el partido,23 or more,10,10,Iran - New Zealand,EUR,1.4,1.4,2026-06-15 21:06:56,2026-06-15 21:08:28,False,string,1000.0,0.0,1.5333333333333334
MAH-04-07370,33890416,To be carded (only players and in play)(Star Substitute),Recibir tarjeta (sólo jugadores y en juego)(Suplente Estrella),Pathe Ciss,10,10,France - Senegal,EUR,3.47,3.47,2026-06-13 10:06:49,2026-06-13 10:09:24,False,string,200.0,-0.04143646408839774,2.5833333333333335
MAH-11-09015,36966553,Match,Partido,Over 2.5 goals y Kimmich 2 or more shots on target,10,10,Germany - Ivory Coast,EUR,10.73,10.73,2026-06-20 12:41:01,2026-06-20 12:42:14,False,string,6.7,0.0,1.2166666666666666
2134535,36024520,Player most passes (voiding in case of tie),Jugador en dar más pases,Vitinha,10,21,Portugal - Democratic Republic of the Congo,EUR,4.54,4.54,2026-06-15 22:18:33,2026-06-16 11:52:23,True,numeric,79.42,0.3504818594104309,813.8333333333334
1442420,37237611,Match,Partido,Both teams to score y A goal in both halves,10,10,Almeria - Castellón,EUR,1.71,2.91,2026-06-08 20:24:57,2026-06-09 14:36:40,False,numeric,6.52,0.16999999999999998,1091.7166666666667
MAH-11-10006,36966612,Home-side combo (bet builder),Francia,France win y Over 2.5 goals,10,10,France - Iraq,EUR,1.38,1.38,2026-06-21 11:46:56,2026-06-21 12:15:55,False,string,22.77,0.05343511450381677,28.983333333333334
MAH-04-07542,36966612,Home-side combo (bet builder),Francia,France win y Tchouameni to be booked,10,10,France - Iraq,EUR,6.85,6.85,2026-06-21 00:26:58,2026-06-21 00:29:42,False,string,2.0,-0.18934911242603547,2.7333333333333334
1442420,33890313,Home-side combo (bet builder),España,"Spain win, Over 2.5 goals y Oyarzabal to score",10,10,Spain - Cape Verde,EUR,1.77,1.75,2026-06-15 05:26:39,2026-06-15 14:36:08,False,numeric,6.0,-0.014606741573033743,549.4833333333333
1444858,36971426,Shots on target (Star Substitute),Remates a puerta Arda Güler (Suplente Estrella),2 or more,10,22,Turkey - Paraguay,EUR,3.72,3.72,2026-06-17 16:12:29,2026-06-17 16:25:54,True,numeric,5.7,0.3238434163701067,13.416666666666666
2394163,36966549,1-X-2 / 2 goals Up,1-X-2 / Ventaja 2 goles,1,10,10,Netherlands - Sweden,EUR,1.71,1.71,2026-06-20 09:41:31,2026-06-20 15:13:52,False,numeric,88.5,0.018562874251496962,332.35
MAH-04-07542,36966591,Anytime goalscorer (Star Substitute),Goleador durante el partido (Suplente Estrella),Pedri,10,10,Spain - Saudi Arabia,EUR,4.78,4.78,2026-06-21 00:26:58,2026-06-21 00:29:42,False,string,2.0,0.0790067720090295,2.7333333333333334
1929736,36966553,1-X-2 / 2 goals Up,1-X-2 / Ventaja 2 goles,1,10,10,Germany - Ivory Coast,EUR,1.4,1.4,2026-06-20 19:27:56,2026-06-20 19:28:50,False,numeric,1000.0,0.021897810218977964,0.9
1624919,33890444,Player most passes (voiding in case of tie),Jugador en dar más pases,Elliot Anderson,10,21,England - Croatia,EUR,4.84,4.84,2026-06-16 02:25:59,2026-06-16 03:18:53,True,numeric,26.0,0.19801980198019797,52.9
2394163,36966480,1-X-2 / 2 goals Up,1-X-2 / Ventaja 2 goles,1,10,10,Usa - Australia,EUR,1.61,1.6,2026-06-19 10:51:10,2026-06-19 18:12:26,False,numeric,81.6,0.04967320261437913,441.26666666666665
844747,36966590,To score or assist (Star Substitute),Marcar gol o asistir (Suplente Estrella),Valverde,10,10,Uruguay - Cape Verde,EUR,2.37,2.37,2026-06-21 15:56:28,2026-06-21 17:25:10,False,numeric,2.25,0.018965517241379338,88.7
2104617,33890220,Player to score in both halves (Star Substitute),Jugador en meter gol en el 1º y 2º tiempo (Suplente Estrella),Luis Suárez,10,10,Uzbekistan - Colombia,EUR,11.05,11.05,2026-06-17 11:46:09,2026-06-17 11:51:04,False,numeric,5.0,0.09405940594059414,4.916666666666667
MAH-07-04001,37312355,To be booked (only players and in play)(Star Substitute),Recibir tarjeta amarilla (sólo jugadores y en juego) (Suplente Estrella),Daijiro Chirino,10,10,Almeria - Malaga,EUR,2.6,2.6,2026-06-20 18:52:05,2026-06-20 18:56:09,False,string,0.5,0.0,4.066666666666666
MAH-01-13431,36024518,Team shots on target,Remates a puerta equipo,Norway 8 or more,10,10,Iraq - Norway,EUR,2.08,2.08,2026-06-16 21:09:46,2026-06-16 21:14:41,False,string,1000.0,0.0,4.916666666666667
MAH-04-07542,36966593,Home-side combo (bet builder),Bélgica,"Belgium win, Over 8.5 corners y Lukaku to score",10,10,Belgium - Iran,EUR,3.49,3.49,2026-06-21 00:26:58,2026-06-21 00:29:42,False,string,2.0,-0.10512820512820509,2.7333333333333334
2480701,33890290,1-X-2 / 2 goals Up,1-X-2 / Ventaja 2 goles,2,9,9,Haiti - Scotland,PEN,1.54,1.57,2026-06-13 03:47:45,2026-06-13 19:10:11,False,numeric,62.03,-0.010615711252653925,922.4333333333333
1768913,36966528,1-X-2 / 2 goals Up,1-X-2 / Ventaja 2 goles,2,9,9,Tunisia - Japan,EUR,1.58,1.58,2026-06-20 08:24:45,2026-06-20 16:35:34,False,numeric,2.0300000000000002,0.09613869188337285,490.81666666666666
MAH-19-46003,33890290,1-X-2 / 2 goals Up,1-X-2 / Ventaja 2 goles,2,9,9,Haiti - Scotland,EUR,1.5,1.5,2026-06-14 00:44:12,2026-06-14 00:46:10,False,string,250.0,-0.04458598726114649,1.9666666666666666
MAH-19-46003,33890304,1-X-2 / 2 goals Up,1-X-2 / Ventaja 2 goles,1,9,9,Netherlands - Japan,EUR,1.97,1.97,2026-06-14 00:44:12,2026-06-14 00:46:10,False,string,250.0,-0.01005025125628145,1.9666666666666666
2386337,33890444,1-X-2 / 2 goals Up,1-X-2 / Ventaja 2 goles,1,9,9,England - Croatia,EUR,1.73,1.71,2026-06-14 22:45:27,2026-06-17 18:42:28,False,numeric,20.1,0.03012048192771087,4077.016666666667
1353770,37312355,1-X-2 / 2 goals Up,1-X-2 / Ventaja 2 goles,1,9,9,Almeria - Malaga,EUR,2.14,2.14,2026-06-19 22:19:26,2026-06-19 22:20:48,True,numeric,246.99,0.028846153846153966,1.3666666666666667
MAH-19-46003,36024492,1-X-2 / 2 goals Up,1-X-2 / Ventaja 2 goles,2,9,9,Australia - Turkey,EUR,1.7,1.7,2026-06-14 00:44:12,2026-06-14 00:46:10,False,string,250.0,0.011904761904761862,1.9666666666666666
MAH-04-07419,36966592,To score 2 or more goals (Star Substitute),Marcar 2 goles o más (Suplente Estrella),Mohamed Salah,9,11,New Zealand - Egypt,EUR,8.05,8.05,2026-06-21 15:16:33,2026-06-21 21:59:00,True,string,1.6,-0.16589625064201327,402.45
1353770,36966486,1-X-2 / 2 goals Up,1-X-2 / Ventaja 2 goles,2,9,19,Scotland - Morocco,EUR,1.72,1.72,2026-06-19 09:13:24,2026-06-19 12:48:27,False,numeric,228.41,0.04940264772360361,215.05
MAH-11-07003,36024492,1-X-2 / 2 goals Up,1-X-2 / Ventaja 2 goles,2,9,9,Australia - Turkey,EUR,1.68,1.68,2026-06-11 13:21:18,2026-06-12 15:05:17,False,string,1.44,-0.0013227513227513181,1543.9833333333333
1512680,37254601,To score 2 or more goals (Star Substitute),Marcar 2 goles o más (Suplente Estrella),Felix Nmecha,9,9,Germany - Curaçao,,3.32,3.27,2026-06-14 17:19:28,2026-06-14 17:20:58,False,numeric,225.0,,1.5
MAH-04-07781,36024518,Match,Partido,Over 2.5 goals y Over 7.5 corners,9,9,Iraq - Norway,EUR,2.18,2.18,2026-06-16 15:35:37,2026-06-16 15:37:15,False,string,1.2600000000000002,0.09547738693467345,1.6333333333333333
1639909,36966638,Anytime goalscorer (Star Substitute),Goleador durante el partido (Suplente Estrella),Harry Kane,9,9,England - Ghana,EUR,1.63,1.63,2026-06-20 22:09:53,2026-06-22 19:18:46,False,numeric,17.59,0.1398601398601398,2708.883333333333
MAH-01-49851,36966640,To score 2 or more goals (Star Substitute),Marcar 2 goles o más (Suplente Estrella),Cristiano Ronaldo,9,49,Portugal - Uzbekistan,EUR,3.35,3.35,2026-06-22 09:24:01,2026-06-22 09:24:53,True,string,3.1500000000000004,0.14726027397260277,0.8666666666666667
MAH-03-28133,36966466,Shots on target (Star Substitute),Remates a puerta Julián Quiñones (Suplente Estrella),2 or more,9,9,Mexico - South Korea,EUR,2.54,2.54,2026-06-18 12:01:01,2026-06-18 20:13:03,False,string,27.869999999999997,-0.06617647058823539,492.03333333333336
1195286,33890416,1-X-2 / 2 goals Up,1-X-2 / Ventaja 2 goles,1,9,9,France - Senegal,EUR,1.47,1.47,2026-06-11 17:03:49,2026-06-16 18:09:56,False,numeric,62.26,-0.006006006006006006,7266.116666666667
2134535,36024518,Player most passes (voiding in case of tie),Jugador en dar más pases,Sander Berge,9,15,Iraq - Norway,EUR,4.49,4.04,2026-06-15 22:18:33,2026-06-16 11:52:23,True,numeric,100.33,0.35889570552147265,813.8333333333334
MAH-25-00002,36966591,2nd half: Corners,2º tiempo: Corners,4 or more,9,9,Spain - Saudi Arabia,EUR,1.42,1.42,2026-06-21 12:22:59,2026-06-21 12:24:07,False,string,580.03,0.021582733812949728,1.1333333333333333
MAH-04-07263,36966480,Most Saves - vs (both starters),Más paradas - Matthew Freese vs Mathew Ryan (Ambos titulares o se anula),Mathew Ryan,9,9,Usa - Australia,EUR,1.81,1.81,2026-06-19 11:00:19,2026-06-19 11:03:32,False,string,179.4,0.005555555555555536,3.216666666666667
MAH-02-02152,36966612,To score 2 or more goals (Star Substitute),Marcar 2 goles o más (Suplente Estrella),Mbappe,9,9,France - Iraq,EUR,3.07,3.12,2026-06-21 13:48:47,2026-06-22 06:37:05,False,string,3.3000000000000003,0.10834321866350333,1008.3
2098608,36024520,1-X-2 / 2 goals Up,1-X-2 / Ventaja 2 goles,2,9,9,Portugal - Democratic Republic of the Congo,EUR,10.04,10.04,2026-06-16 17:26:04,2026-06-16 18:03:13,False,numeric,3.59,-0.005478087649402386,37.15
MAH-05-15184,36966593,1-X-2 / 2 goals Up,1-X-2 / Ventaja 2 goles,1,9,9,Belgium - Iran,EUR,1.38,1.38,2026-06-20 21:03:50,2026-06-20 22:15:03,False,string,72.5,-0.021276595744680882,71.21666666666667
MAH-01-49851,36966638,To score 2 or more goals (Star Substitute),Marcar 2 goles o más (Suplente Estrella),Harry Kane,9,21,England - Ghana,EUR,3.95,3.95,2026-06-22 09:24:01,2026-06-22 09:24:53,True,string,3.17,0.43636363636363656,0.8666666666666667
MAH-05-15184,33890309,1-X-2 / 2 goals Up,1-X-2 / Ventaja 2 goles,1,9,9,Usa - Paraguay,EUR,2.02,2.02,2026-06-12 07:32:26,2026-06-12 07:45:49,False,string,39.35,-0.004926108374384119,13.383333333333333
MAH-25-00002,36966593,2nd half: Corners,2º tiempo: Corners,4 or more,9,9,Belgium - Iran,EUR,1.57,1.57,2026-06-21 12:22:59,2026-06-21 12:24:07,False,string,580.03,0.05369127516778538,1.1333333333333333
MAH-01-13171,33890306,Player to score in fisrt ten minutes (from 0:00 to 9:59),Jugador en meter gol en los 10 primeros minutos (del 0:00 al 9:59),Havertz,9,9,Germany - Curaçao,EUR,8.7,8.7,2026-06-14 08:51:39,2026-06-14 16:27:23,False,string,2.52,-0.049180327868852625,455.73333333333335
MAH-08-37003,33890416,1-X-2 / 2 goals Up,1-X-2 / Ventaja 2 goles,1,9,9,France - Senegal,EUR,1.44,1.42,2026-06-12 10:28:05,2026-06-15 18:15:41,False,string,4.98,-0.03303303303303308,4787.6
MAH-19-00901,33890211,1-X-2 / 2 goals Up,1-X-2 / Ventaja 2 goles,1,9,9,Argentina - Algeria,EUR,1.38,1.42,2026-06-12 11:00:02,2026-06-16 18:31:10,False,string,6.72,-0.09210526315789473,6211.133333333333
MAH-03-03392,33890290,1-X-2 / 2 goals Up,1-X-2 / Ventaja 2 goles,2,9,9,Haiti - Scotland,EUR,1.49,1.49,2026-06-13 18:57:50,2026-06-13 19:05:53,False,string,59.89,-0.05095541401273884,8.05
MAH-03-03392,33890291,1-X-2 / 2 goals Up,1-X-2 / Ventaja 2 goles,1,9,9,Brazil - Morocco,EUR,1.6,1.6,2026-06-13 18:57:50,2026-06-13 19:05:53,False,string,59.89,-0.030303030303030165,8.05
MAH-05-15283,36024492,Team to score a penalty,Equipo en marcar gol de penalti durante el partido,Australia,9,9,Australia - Turkey,EUR,5.5,5.5,2026-06-12 16:39:42,2026-06-12 17:06:20,False,string,6.32,-0.026548672566371723,26.633333333333333
MAH-05-15273,36966486,To score or assist (Star Substitute),Marcar gol o asistir (Suplente Estrella),John McGinn,9,9,Scotland - Morocco,EUR,3.86,4.05,2026-06-17 16:40:39,2026-06-19 21:26:40,False,string,3.05,-0.020627062706270644,3166.016666666667
MAH-03-03660,33890309,Team corners,Corners equipo,Usa 7 or more,9,9,Usa - Paraguay,EUR,2.93,2.93,2026-06-12 14:10:10,2026-06-12 14:16:46,False,string,65.69,-0.0638977635782747,6.6
2019255,33890444,1-X-2 / 2 goals Up,1-X-2 / Ventaja 2 goles,1,9,9,England - Croatia,EUR,1.66,1.71,2026-06-15 07:39:07,2026-06-17 19:22:04,False,numeric,18.66,0.02074966532797857,3582.95
MAH-01-13273,33890313,1st half: Team corners,1º tiempo: Corners equipo,Spain 3 or more,9,9,Spain - Cape Verde,EUR,1.23,1.23,2026-06-12 12:34:28,2026-06-12 16:34:46,False,string,3.19,0.026851851851851977,240.3
MAH-04-07248,36966480,Team corners,Corners equipo,Australia 4 or more,9,9,Usa - Australia,EUR,2.21,2.21,2026-06-19 13:31:45,2026-06-19 13:33:32,False,string,1.17,-0.047413793103448176,1.7833333333333334
1353770,36966549,1-X-2 / 2 goals Up,1-X-2 / Ventaja 2 goles,2,9,9,Netherlands - Sweden,EUR,4.47,4.47,2026-06-19 22:19:26,2026-06-19 22:20:48,True,numeric,246.99,-0.02401746724890841,1.3666666666666667
MAH-03-03355,33890416,2nd half: Team Corners,2º tiempo: Corners equipo,France 3 or more,9,9,France - Senegal,EUR,1.66,1.66,2026-06-13 11:25:48,2026-06-13 11:34:30,False,string,3.33,0.024691358024691246,8.7
1469880,33890290,1-X-2 / 2 goals Up,1-X-2 / Ventaja 2 goles,2,9,9,Haiti - Scotland,EUR,1.54,1.54,2026-06-13 12:23:53,2026-06-14 00:31:40,False,numeric,1.46,-0.024769992922859158,727.7833333333333
1441939,33890259,1-X-2 / 2 goals Up,1-X-2 / Ventaja 2 goles,2,9,9,Qatar - Switzerland,EUR,1.21,1.21,2026-06-12 20:01:19,2026-06-13 18:05:13,False,numeric,13.58,0.02279202279202286,1323.9
MAH-03-03008,36966486,Away-side combo (bet builder),Marruecos,"Morocco win, Over 10.5 corners y Brahim to score 2 or more goals",9,9,Scotland - Morocco,EUR,36.0,36.0,2026-06-19 14:24:59,2026-06-19 15:47:05,False,string,7.25,-0.12195121951219513,82.1
MAH-01-55212,36966550,goal scorer (Star Substitute),Jugador en meter el 1º gol (Suplente Estrella),Kenji Gorré,9,9,Ecuador - Curaçao,EUR,25.0,25.0,2026-06-18 08:08:56,2026-06-20 12:45:26,False,string,30.92,-0.0050000000000000044,3156.5
MAH-11-04004,37320462,Match,Partido,Over 1.5 half time goals y Both teams to score in second half,9,9,Moss FK - Sandnes Ulf,EUR,4.82,4.82,2026-06-21 13:07:55,2026-06-21 13:56:22,False,string,1.83,0.0,48.45
MAH-03-27834,33890416,Home-side combo (bet builder),Francia,France win y Mbappe to score,9,9,France - Senegal,EUR,2.18,2.18,2026-06-15 09:46:48,2026-06-15 10:05:06,False,string,3.48,-0.05217391304347807,18.3
1444858,36966486,Shots on target (Star Substitute),Remates a puerta Achraf (Suplente Estrella),2 or more,9,21,Scotland - Morocco,EUR,5.4,5.4,2026-06-17 16:12:29,2026-06-17 16:25:54,True,numeric,3.14,-0.09243697478991597,13.416666666666666
MAH-03-03679,33890304,1-X-2 / 2 goals Up,1-X-2 / Ventaja 2 goles,1,9,9,Netherlands - Japan,EUR,1.97,1.97,2026-06-14 13:12:33,2026-06-14 18:08:39,False,string,83.5,-0.0016750418760469702,296.1
MAH-04-64055,36024520,Shots on target (Star Substitute),Remates a puerta Vitinha (Suplente Estrella),1 or more,9,9,Portugal - Democratic Republic of the Congo,EUR,2.37,2.37,2026-06-17 10:22:58,2026-06-17 15:06:48,False,string,170.42000000000002,-0.004201680672268782,283.8333333333333
MAH-04-64055,33890444,Shots on target (Star Substitute),Remates a puerta Declan Rice (Suplente Estrella),1 or more,9,9,England - Croatia,EUR,2.37,2.37,2026-06-17 10:25:58,2026-06-17 15:06:48,False,string,170.42,-0.0028011204481791876,280.8333333333333
MAH-01-05459,36966466,Home-side combo (bet builder),México,Draw y A goal in both halves,9,18,Mexico - South Korea,EUR,8.01,8.01,2026-06-18 14:30:25,2026-06-18 14:32:30,False,string,0.45,0.0335483870967741,2.0833333333333335
1638658,37341538,Match,Partido,Both teams to score y Over 7.5 corners,9,22,CRB Al - Fortaleza CE,EUR,2.22,2.2,2026-06-21 16:48:56,2026-06-21 16:51:51,True,numeric,6.24,0.003030303030303013,2.9166666666666665
MAH-05-15283,33890290,Team to score a penalty,Equipo en marcar gol de penalti durante el partido,Haiti,9,9,Haiti - Scotland,EUR,5.6,5.6,2026-06-12 16:39:42,2026-06-12 17:05:49,False,string,6.32,-0.3743016759776536,26.116666666666667
1353770,36971426,1-X-2 / 2 goals Up,1-X-2 / Ventaja 2 goles,1,9,9,Turkey - Paraguay,EUR,2.04,2.04,2026-06-19 21:54:02,2026-06-19 22:20:28,False,numeric,246.99,-0.004878048780487698,26.433333333333334
MAH-19-00902,36966553,1-X-2 / 2 goals Up,1-X-2 / Ventaja 2 goles,1,9,9,Germany - Ivory Coast,EUR,1.53,1.5,2026-06-15 08:37:26,2026-06-20 19:05:31,False,string,11.4,0.09407948094079471,7828.083333333333
MAH-03-27653,36966480,Saves (Star Substitute),Paradas Patrick Beach (Suplente Estrella),2 or more,8,8,Usa - Australia,EUR,1.08,1.08,2026-06-18 12:53:29,2026-06-18 12:56:00,False,string,30.0,0.0,2.5166666666666666
MAH-05-13001,33890259,Away-side combo (bet builder),Suiza,Switzerland win y Breel Embolo to score,8,8,Qatar - Switzerland,EUR,1.98,1.98,2026-06-13 11:48:04,2026-06-13 11:50:23,False,string,0.77,0.03125,2.316666666666667
MAH-01-16002,36966640,To score 2 or more goals (Star Substitute),Marcar 2 goles o más (Suplente Estrella),Cristiano Ronaldo,8,8,Portugal - Uzbekistan,EUR,2.9,2.9,2026-06-23 16:28:11,2026-06-23 16:32:26,False,string,400.0,-0.006849315068493178,4.25
MAH-19-28002,36966480,1-X-2 / 2 goals Up,1-X-2 / Ventaja 2 goles,1,8,8,Usa - Australia,EUR,1.58,1.59,2026-06-19 17:26:50,2026-06-19 17:49:34,False,string,22.8,0.03676470588235303,22.733333333333334
2141796,33890305,1-X-2 / 2 goals Up,1-X-2 / Ventaja 2 goles,1,8,8,Ivory Coast - Ecuador,EUR,3.1,3.1,2026-06-14 14:49:51,2026-06-14 14:50:48,False,numeric,16.64,-0.05775075987841949,0.95
MAH-03-03745,33890416,Saves (Star Substitute),Paradas Edouard Mendy (Suplente Estrella),5 or more,8,8,France - Senegal,EUR,1.76,1.76,2026-06-16 14:38:06,2026-06-16 14:41:36,False,string,3.0,-0.022222222222222254,3.5
MAH-03-03679,33890299,Match penalty scored,Gol de penalti durante el partido,Yes,8,8,Belgium - Egypt,EUR,3.61,3.61,2026-06-15 18:42:43,2026-06-15 18:44:19,False,string,150.0,-0.029569892473118364,1.6
MAH-05-15283,36966593,Team to score a penalty,Equipo en marcar gol de penalti durante el partido,Belgium,8,8,Belgium - Iran,EUR,3.41,3.41,2026-06-20 11:48:14,2026-06-20 12:02:18,False,string,5.32,-0.2954545454545454,14.066666666666666
MAH-03-27862,33890291,To score 2 or more goals (Star Substitute),Marcar 2 goles o más (Suplente Estrella),Vinícius,8,8,Brazil - Morocco,EUR,11.7,12.0,2026-06-12 12:51:14,2026-06-13 20:49:06,False,string,15.41,-0.05961538461538465,1917.8666666666666
MAH-03-27781,36966553,1-X-2 / 2 goals Up,1-X-2 / Ventaja 2 goles,1,8,8,Germany - Ivory Coast,EUR,1.48,1.48,2026-06-18 21:29:36,2026-06-19 10:13:18,False,string,74.6,0.08029197080291972,763.7
MAH-03-27653,36966553,Saves (Star Substitute),Paradas Yahia Fofana (Suplente Estrella),3 or more,8,8,Germany - Ivory Coast,EUR,1.35,1.35,2026-06-18 12:53:29,2026-06-18 12:56:00,False,string,30.0,0.0,2.5166666666666666
MAH-05-15183,36024480,1-X-2 / 2 goals Up,1-X-2 / Ventaja 2 goles,2,8,8,South Korea - Czech Republic,EUR,2.82,2.82,2026-06-11 16:30:21,2026-06-11 16:33:05,False,string,156.5,-0.02758620689655178,2.7333333333333334
MAH-03-27653,36966549,Saves (Star Substitute),Paradas Bart Verbruggen (Suplente Estrella),2 or more,8,8,Netherlands - Sweden,EUR,1.35,1.35,2026-06-18 12:53:29,2026-06-18 12:56:00,False,string,30.0,0.0,2.5166666666666666
MAH-19-45003,36024520,1-X-2 / 2 goals Up,1-X-2 / Ventaja 2 goles,1,8,8,Portugal - Democratic Republic of the Congo,EUR,1.27,1.27,2026-06-16 15:33:27,2026-06-17 00:09:18,False,string,260.13,0.022817460317460375,515.85
1444858,36966485,Shots on target (Star Substitute),Remates a puerta Vinícius (Suplente Estrella),3 or more,8,20,Brazil - Haiti,EUR,3.52,3.52,2026-06-17 16:23:32,2026-06-17 16:25:54,True,numeric,1.35,0.16171617161716179,2.3666666666666667
1444858,33890444,Shots on target (Star Substitute),Remates a puerta Harry Kane (Suplente Estrella),3 or more,8,20,England - Croatia,EUR,3.77,3.77,2026-06-17 16:23:32,2026-06-17 16:25:54,True,numeric,1.3900000000000001,0.018918918918918948,2.3666666666666667
MAH-05-15182,36966609,1-X-2 / 2 goals Up,1-X-2 / Ventaja 2 goles,1,8,8,Argentina - Austria,EUR,1.56,1.56,2026-06-19 15:34:27,2026-06-19 15:36:08,False,string,11.44,0.1063829787234043,1.6833333333333333
MAH-04-07489,36966611,To score 2 or more goals (Star Substitute),Marcar 2 goles o más (Suplente Estrella),Haaland,8,8,Norway - Senegal,EUR,5.9,5.9,2026-06-22 14:25:42,2026-06-22 16:11:08,False,string,11.08,-0.07283464566929122,105.43333333333334
2138429,33890444,To score 2 or more goals (Star Substitute),Marcar 2 goles o más (Suplente Estrella),Harry Kane,8,8,England - Croatia,PEN,7.65,7.65,2026-06-17 16:05:24,2026-06-17 19:31:09,True,numeric,32.3,0.037931034482758696,205.75
MAH-03-07338,37312355,Match throw-ins,Saques de banda durante el partido,43 or more,8,8,Almeria - Malaga,EUR,1.84,1.85,2026-06-20 18:01:43,2026-06-20 18:07:26,False,string,75.0,0.005434782608695565,5.716666666666667
1687175,33890416,1-X-2 / 2 goals Up,1-X-2 / Ventaja 2 goles,1,8,8,France - Senegal,EUR,1.44,1.49,2026-06-13 14:11:34,2026-06-16 11:57:06,False,numeric,29.72,-0.007601351351351371,4185.533333333334
MAH-05-15283,36966550,Team to score a penalty,Equipo en marcar gol de penalti durante el partido,Ecuador,8,8,Ecuador - Curaçao,EUR,2.44,2.44,2026-06-20 11:37:38,2026-06-20 11:46:00,False,string,5.32,-0.3278236914600551,8.366666666666667
MAH-05-15283,36966591,Team to score a penalty,Equipo en marcar gol de penalti durante el partido,Saudi Arabia,8,8,Spain - Saudi Arabia,EUR,7.0,7.0,2026-06-20 11:49:26,2026-06-20 12:02:34,False,string,5.32,-0.46153846153846156,13.133333333333333
MAH-04-08204,33890238,Match fouls,Faltas durante el partido,27 or more,8,8,Mexico - South Africa,EUR,1.71,1.71,2026-06-11 18:19:07,2026-06-11 18:20:47,False,string,80.0,0.0,1.6666666666666667
MAH-01-13372,37311599,Home-side combo (bet builder),St Patricks,St Patricks win y Ryan Edmondson to score,8,8,St Patricks - Sligo Rovers,EUR,2.04,2.03,2026-06-19 12:41:36,2026-06-19 18:28:08,False,string,4.12,0.014005602240896293,346.53333333333336
MAH-19-28002,36966486,1-X-2 / 2 goals Up,1-X-2 / Ventaja 2 goles,2,8,8,Scotland - Morocco,EUR,1.66,1.66,2026-06-19 17:26:50,2026-06-19 17:49:34,False,string,22.8,0.01840490797546024,22.733333333333334
MAH-05-15283,36966528,Team to score a penalty,Equipo en marcar gol de penalti durante el partido,Tunisia,8,8,Tunisia - Japan,EUR,5.8,5.8,2026-06-20 11:48:14,2026-06-20 11:58:09,False,string,5.32,-0.0491803278688524,9.916666666666666
MAH-04-08204,33890238,Match fouls,Faltas durante el partido,25 or more,8,8,Mexico - South Africa,EUR,1.4,1.4,2026-06-11 18:06:26,2026-06-11 18:08:47,False,string,53.36,0.0,2.35
2386337,33890416,1-X-2 / 2 goals Up,1-X-2 / Ventaja 2 goles,1,8,8,France - Senegal,EUR,1.47,1.49,2026-06-14 22:24:30,2026-06-16 13:41:05,False,numeric,20.66,-0.0016891891891891997,2356.5833333333335
MAH-03-27881,33890290,1-X-2 / 2 goals Up,1-X-2 / Ventaja 2 goles,2,8,8,Haiti - Scotland,EUR,1.51,1.43,2026-06-09 10:53:55,2026-06-12 09:54:09,False,string,0.75,-0.0644904458598727,4260.233333333334
2350467,36024491,1-X-2 / 2 goals Up,1-X-2 / Ventaja 2 goles,1,8,8,Canada - Bosnia And Herzegovina,EUR,1.81,1.81,2026-06-12 17:01:35,2026-06-12 17:06:20,False,numeric,33.32,0.04022988505747138,4.75
MAH-03-07338,36966553,Team Fouls,Faltas Equipo,Ivory Coast 13 or more,8,8,Germany - Ivory Coast,EUR,1.74,1.74,2026-06-20 18:01:43,2026-06-20 18:07:26,False,string,75.0,-0.027932960893854775,5.716666666666667
MAH-05-15283,36966528,Team to score a penalty,Equipo en marcar gol de penalti durante el partido,Japan,8,8,Tunisia - Japan,EUR,4.35,4.35,2026-06-20 11:52:29,2026-06-20 12:01:05,False,string,5.32,-0.19444444444444453,8.6
1768913,33890309,1-X-2 / 2 goals Up,1-X-2 / Ventaja 2 goles,1,8,8,Usa - Paraguay,EUR,1.93,2.1,2026-06-09 17:59:23,2026-06-12 22:49:32,False,numeric,1.4500000000000002,-0.005541871921182204,4610.15
MAH-08-37003,36966553,1-X-2 / 2 goals Up,1-X-2 / Ventaja 2 goles,1,8,8,Germany - Ivory Coast,EUR,1.5,1.5,2026-06-16 09:26:48,2026-06-20 09:25:42,False,string,2.54,0.09306569343065693,5758.9
MAH-19-00142,36024492,1-X-2 / 2 goals Up,1-X-2 / Ventaja 2 goles,2,8,8,Australia - Turkey,EUR,1.7,1.7,2026-06-13 18:38:11,2026-06-13 18:55:31,False,string,2400.0,0.011904761904761862,17.333333333333332
2139536,33890291,1-X-2 / 2 goals Up,1-X-2 / Ventaja 2 goles,1,8,8,Brazil - Morocco,EUR,1.68,1.68,2026-06-12 23:08:20,2026-06-13 15:54:08,False,numeric,10.87,0.018939393939394034,1005.8
MAH-05-15283,36966591,Team to score a penalty,Equipo en marcar gol de penalti durante el partido,Spain,8,8,Spain - Saudi Arabia,EUR,2.52,2.52,2026-06-20 11:48:14,2026-06-20 12:01:49,False,string,5.32,-0.24096385542168675,13.583333333333334
MAH-05-15183,33890419,1-X-2 / 2 goals Up,1-X-2 / Ventaja 2 goles,1,8,8,Ghana - Panama,EUR,2.3,2.3,2026-06-17 19:55:29,2026-06-17 19:59:31,False,string,85.35,-0.0043290043290044045,4.033333333333333
1469880,36966486,1-X-2 / 2 goals Up,1-X-2 / Ventaja 2 goles,2,8,8,Scotland - Morocco,EUR,1.74,1.74,2026-06-14 19:15:54,2026-06-15 21:16:57,False,numeric,4.0200000000000005,0.0644171779141105,1561.05
MAH-08-37003,33890290,1-X-2 / 2 goals Up,1-X-2 / Ventaja 2 goles,2,8,8,Haiti - Scotland,EUR,1.51,1.53,2026-06-10 07:42:22,2026-06-13 18:46:23,False,string,3.94,-0.031050955414012732,4984.016666666666
MAH-05-15283,36966550,Team to score a penalty,Equipo en marcar gol de penalti durante el partido,Curaçao,8,8,Ecuador - Curaçao,EUR,7.4,7.4,2026-06-20 11:37:53,2026-06-20 11:46:16,False,string,5.32,-0.5,8.383333333333333
MAH-03-24545,33890416,Hat trick (three or more goals) (Star Substitute),Hat trick (tres o más goles) (Suplente Estrella),Mbappe,8,8,France - Senegal,EUR,18.0,18.0,2026-06-16 17:48:20,2026-06-16 17:57:32,False,string,400.0,-0.052631578947368474,9.2
MAH-19-64003,33890416,1-X-2 / 2 goals Up,1-X-2 / Ventaja 2 goles,1,8,8,France - Senegal,EUR,1.44,1.44,2026-06-16 12:34:34,2026-06-16 12:42:43,False,string,254.5,-0.027027027027027084,8.15
894696,36966612,1-X-2 / 2 goals Up,1-X-2 / Ventaja 2 goles,1,8,8,France - Iraq,EUR,1.07,1.08,2026-06-21 22:26:20,2026-06-21 22:32:07,False,numeric,366.65999999999997,0.012971698113207614,5.783333333333333
MAH-03-27881,33890238,1-X-2 / 2 goals Up,1-X-2 / Ventaja 2 goles,1,8,8,Mexico - South Africa,EUR,1.37,1.38,2026-06-09 10:53:55,2026-06-11 18:13:37,False,string,4.0,-0.01258992805755385,3319.7
MAH-03-27881,36024491,1-X-2 / 2 goals Up,1-X-2 / Ventaja 2 goles,1,8,8,Canada - Bosnia And Herzegovina,EUR,1.75,1.77,2026-06-09 10:53:55,2026-06-12 09:54:09,False,string,3.96,0.010057471264367818,4260.233333333334
MAH-03-27781,36971426,1-X-2 / 2 goals Up,1-X-2 / Ventaja 2 goles,1,8,8,Turkey - Paraguay,EUR,1.96,1.96,2026-06-18 21:29:36,2026-06-19 10:13:18,False,string,74.6,-0.04390243902439017,763.7
MAH-05-15283,36966593,Team to score a penalty,Equipo en marcar gol de penalti durante el partido,Iran,8,8,Belgium - Iran,EUR,6.7,6.7,2026-06-20 11:48:56,2026-06-20 12:02:34,False,string,5.32,-0.44166666666666665,13.633333333333333
1469880,36966473,1-X-2 / 2 goals Up,1-X-2 / Ventaja 2 goles,1,8,8,Switzerland - Bosnia And Herzegovina,EUR,1.55,1.55,2026-06-14 19:15:54,2026-06-15 21:16:57,False,numeric,4.0200000000000005,0.011437908496731986,1561.05
MAH-19-39003,33890220,1-X-2 / 2 goals Up,1-X-2 / Ventaja 2 goles,2,8,8,Uzbekistan - Colombia,EUR,1.36,1.35,2026-06-12 17:24:15,2026-06-17 19:12:22,False,string,13.55,0.050387596899224896,7308.116666666667
1639909,36966612,To score 2 or more goals (Star Substitute),Marcar 2 goles o más (Suplente Estrella),Mbappe,8,8,France - Iraq,EUR,3.18,3.13,2026-06-20 19:08:51,2026-06-22 16:08:14,False,numeric,11.75,0.10409252669039143,2699.383333333333
MAH-03-03355,33890444,To score or assist (Star Substitute),Marcar gol o asistir (Suplente Estrella),Harry Kane,8,8,England - Croatia,EUR,1.75,1.73,2026-06-16 18:06:17,2026-06-17 18:13:48,False,string,3.24,0.007267441860465129,1447.5166666666667
MAH-05-15283,33890313,Team to score a penalty,Equipo en marcar gol de penalti durante el partido,Cape Verde,8,8,Spain - Cape Verde,EUR,6.2,6.2,2026-06-14 08:01:22,2026-06-14 08:09:13,False,string,5.32,-0.5,7.85
MAH-05-15222,33890259,1st half: Corners,1º tiempo: Corners,4 or more,8,8,Qatar - Switzerland,EUR,1.5,1.52,2026-06-12 18:55:06,2026-06-13 16:59:46,False,string,8.0,0.023809523809523836,1324.6666666666667
MAH-05-15283,36024493,Team to score a penalty,Equipo en marcar gol de penalti durante el partido,Sweden,8,8,Sweden - Tunisia,EUR,4.25,4.25,2026-06-14 08:00:38,2026-06-14 08:05:38,False,string,5.32,-0.2975206611570248,5.0
MAH-19-64002,33890304,1-X-2 / 2 goals Up,1-X-2 / Ventaja 2 goles,1,8,8,Netherlands - Japan,EUR,2.06,2.06,2026-06-14 12:59:35,2026-06-14 13:02:30,False,string,77.19,0.035175879396984966,2.9166666666666665
MAH-05-15283,33890299,Team to score a penalty,Equipo en marcar gol de penalti durante el partido,Egypt,8,8,Belgium - Egypt,EUR,4.95,4.95,2026-06-14 08:00:52,2026-06-14 08:09:13,False,string,5.32,-0.5,8.35
MAH-03-03686,36966609,1-X-2 / 2 goals Up,1-X-2 / Ventaja 2 goles,1,8,8,Argentina - Austria,EUR,1.54,1.54,2026-06-19 12:41:59,2026-06-20 16:03:15,False,string,23.51,0.0815602836879433,1641.2666666666667
MAH-05-15283,33890304,Team to score a penalty,Equipo en marcar gol de penalti durante el partido,Japan,8,8,Netherlands - Japan,EUR,4.8,4.8,2026-06-14 07:51:58,2026-06-14 07:59:07,False,string,5.32,-0.4319526627218935,7.15
MAH-05-15283,36024492,Team to score a penalty,Equipo en marcar gol de penalti durante el partido,Turkey,8,8,Australia - Turkey,EUR,3.96,3.96,2026-06-12 16:39:56,2026-06-12 17:06:37,False,string,5.32,-0.2991150442477877,26.683333333333334
1516441,33890299,Player most passes (voiding in case of tie),Jugador en dar más pases,Nathan Ngoy,8,8,Belgium - Egypt,EUR,7.05,7.05,2026-06-15 18:30:47,2026-06-15 18:31:29,True,numeric,200.0,0.0,0.7
MAH-05-15283,33890291,Team to score a penalty,Equipo en marcar gol de penalti durante el partido,Brazil,8,8,Brazil - Morocco,EUR,3.86,3.86,2026-06-12 16:39:42,2026-06-12 16:44:29,False,string,5.32,-0.32280701754385965,4.783333333333333
MAH-05-15283,36024493,Team to score a penalty,Equipo en marcar gol de penalti durante el partido,Tunisia,8,8,Sweden - Tunisia,EUR,3.86,3.86,2026-06-14 08:02:28,2026-06-14 08:07:09,False,string,5.32,0.0,4.683333333333334
MAH-05-15283,33890304,Team to score a penalty,Equipo en marcar gol de penalti durante el partido,Netherlands,8,8,Netherlands - Japan,EUR,4.1,4.1,2026-06-14 07:51:11,2026-06-14 07:58:20,False,string,5.32,-0.33870967741935487,7.15
MAH-05-15283,33890290,Team to score a penalty,Equipo en marcar gol de penalti durante el partido,Scotland,8,8,Haiti - Scotland,EUR,3.91,3.91,2026-06-12 16:40:29,2026-06-12 17:06:37,False,string,5.32,-0.010126582278481067,26.133333333333333
1195286,33890220,1-X-2 / 2 goals Up,1-X-2 / Ventaja 2 goles,2,8,8,Uzbekistan - Colombia,EUR,1.36,1.36,2026-06-15 18:24:37,2026-06-16 18:09:56,False,numeric,32.26,0.05813953488372098,1425.3166666666666
MAH-05-15222,36024493,1st half: Corners,1º tiempo: Corners,4 or more,8,8,Sweden - Tunisia,EUR,1.49,1.49,2026-06-12 18:55:06,2026-06-13 16:59:46,False,string,8.0,-0.01809210526315791,1324.6666666666667
MAH-05-15222,36024492,1st half: Corners,1º tiempo: Corners,4 or more,8,8,Australia - Turkey,EUR,1.58,1.58,2026-06-12 18:55:06,2026-06-13 16:59:46,False,string,8.0,0.01623376623376624,1324.6666666666667
1195286,36024520,1-X-2 / 2 goals Up,1-X-2 / Ventaja 2 goles,1,8,8,Portugal - Democratic Republic of the Congo,EUR,1.28,1.28,2026-06-15 18:24:37,2026-06-16 18:09:56,False,numeric,32.26,0.015873015873015817,1425.3166666666666
MAH-05-15222,33890306,1st half: Corners,1º tiempo: Corners,4 or more,8,8,Germany - Curaçao,EUR,1.32,1.32,2026-06-12 18:55:06,2026-06-13 16:59:46,False,string,8.0,-0.03832116788321174,1324.6666666666667
2141796,36024493,1-X-2 / 2 goals Up,1-X-2 / Ventaja 2 goles,1,8,8,Sweden - Tunisia,EUR,1.95,1.95,2026-06-14 14:49:51,2026-06-14 14:50:48,False,numeric,16.64,0.048387096774193505,0.95
1353770,33890299,1-X-2 / 2 goals Up,1-X-2 / Ventaja 2 goles,1,8,8,Belgium - Egypt,EUR,1.6,1.6,2026-06-15 01:51:49,2026-06-15 01:53:24,True,numeric,242.82,0.0596026490066226,1.5833333333333333
1516441,33890299,Player most passes (voiding in case of tie),Jugador en dar más pases,Brandon Mechele,8,8,Belgium - Egypt,EUR,6.25,6.25,2026-06-15 18:30:47,2026-06-15 18:31:29,True,numeric,200.0,0.0,0.7
MAH-05-15222,33890291,1st half: Corners,1º tiempo: Corners,4 or more,8,8,Brazil - Morocco,EUR,1.68,1.68,2026-06-12 18:55:06,2026-06-13 16:59:46,False,string,8.0,0.006060606060606183,1324.6666666666667
MAH-19-56002,36966549,Team corners,Corners equipo,Sweden 5 or more,8,8,Netherlands - Sweden,EUR,2.81,2.81,2026-06-20 10:16:09,2026-06-20 16:13:18,False,string,2.2,0.06420233463035024,357.15
MAH-08-37003,33890444,1-X-2 / 2 goals Up,1-X-2 / Ventaja 2 goles,1,8,8,England - Croatia,EUR,1.66,1.7,2026-06-12 10:22:36,2026-06-17 10:49:59,False,string,6.84,0.012048192771084348,7227.383333333333
MAH-03-03355,33890291,1st half: Team corners,1º tiempo: Corners equipo,Morocco 2 or more,8,8,Brazil - Morocco,EUR,1.77,1.77,2026-06-13 11:25:48,2026-06-13 11:32:46,False,string,2.88,-0.048387096774193616,6.966666666666667
MAH-05-15283,36966553,Team to score a penalty,Equipo en marcar gol de penalti durante el partido,Ivory Coast,8,8,Germany - Ivory Coast,EUR,6.0,6.0,2026-06-20 11:38:48,2026-06-20 11:46:16,False,string,5.32,0.0,7.466666666666667
MAH-19-56002,36966593,Team corners,Corners equipo,Iran 5 or more,8,8,Belgium - Iran,EUR,3.52,3.52,2026-06-20 10:16:09,2026-06-20 16:13:18,False,string,2.2,-0.11943069306930693,357.15
2366603,33890238,Team to score a penalty,Equipo en marcar gol de penalti durante el partido,Mexico,8,8,Mexico - South Africa,EUR,3.23,3.23,2026-06-11 13:47:36,2026-06-11 13:51:21,False,numeric,5.32,-0.28854625550660795,3.75
MAH-05-15283,36966553,Team to score a penalty,Equipo en marcar gol de penalti durante el partido,Germany,8,8,Germany - Ivory Coast,EUR,3.66,3.66,2026-06-20 11:37:38,2026-06-20 11:45:28,False,string,5.32,-0.17567567567567577,7.833333333333333
MAH-19-00903,36966553,1-X-2 / 2 goals Up,1-X-2 / Ventaja 2 goles,1,8,8,Germany - Ivory Coast,EUR,1.53,1.53,2026-06-18 15:38:35,2026-06-20 16:59:22,False,string,29.689999999999998,0.11131386861313858,2960.7833333333333
1116653,33890299,Saves (Star Substitute),Paradas Mohamed El Shenawy (Suplente Estrella),4 or more,8,8,Belgium - Egypt,EUR,1.71,1.72,2026-06-15 14:11:23,2026-06-15 18:04:15,False,numeric,120.83,-0.0014534883720930258,232.86666666666667
MAH-03-03745,33890220,Saves (Star Substitute),Paradas Utkir Yusupov (Suplente Estrella),4 or more,8,8,Uzbekistan - Colombia,EUR,1.93,1.93,2026-06-16 14:38:06,2026-06-16 14:41:36,False,string,3.0,0.015789473684210575,3.5
MAH-05-15283,36966549,Team to score a penalty,Equipo en marcar gol de penalti durante el partido,Netherlands,8,8,Netherlands - Sweden,EUR,3.51,3.51,2026-06-20 11:37:38,2026-06-20 11:42:51,False,string,5.32,-0.3314285714285715,5.216666666666667
1382013,33890313,Match corners,Corners durante el partido,12 or more,8,8,Spain - Cape Verde,EUR,2.41,2.41,2026-06-15 15:28:22,2026-06-15 15:36:15,False,numeric,0.8,-0.004132231404958553,7.883333333333334
1715756,33890444,Match corners,Corners durante el partido,8 or more,8,8,England - Croatia,EUR,1.41,1.41,2026-06-17 15:25:43,2026-06-17 18:56:20,False,numeric,28.029999999999998,0.021739130434782705,210.61666666666667
MAH-05-15222,33890290,1st half: Corners,1º tiempo: Corners,4 or more,8,8,Haiti - Scotland,EUR,1.48,1.48,2026-06-12 18:55:06,2026-06-13 16:59:46,False,string,8.0,0.013513513513513533,1324.6666666666667
MAH-05-15283,33890299,Team to score a penalty,Equipo en marcar gol de penalti durante el partido,Belgium,8,8,Belgium - Egypt,EUR,3.71,3.71,2026-06-14 08:00:38,2026-06-14 08:08:55,False,string,5.32,-0.2865384615384615,8.283333333333333
MAH-05-15283,33890306,Team to score a penalty,Equipo en marcar gol de penalti durante el partido,Curaçao,8,8,Germany - Curaçao,EUR,6.3,6.3,2026-06-14 07:53:03,2026-06-14 07:57:32,False,string,5.32,-0.017582417582417582,4.483333333333333
MAH-05-15222,33890304,1st half: Corners,1º tiempo: Corners,4 or more,8,8,Netherlands - Japan,EUR,1.52,1.52,2026-06-12 18:55:06,2026-06-13 16:59:46,False,string,8.0,-0.03797468354430378,1324.6666666666667
MAH-05-15283,36024491,Team to score a penalty,Equipo en marcar gol de penalti durante el partido,Bosnia And Herzegovina,8,8,Canada - Bosnia And Herzegovina,EUR,9.1,9.1,2026-06-12 16:30:46,2026-06-12 16:37:52,False,string,5.32,0.016759776536312998,7.1
MAH-05-15283,36966549,Team to score a penalty,Equipo en marcar gol de penalti durante el partido,Sweden,8,8,Netherlands - Sweden,EUR,5.8,5.8,2026-06-20 11:40:02,2026-06-20 11:44:17,False,string,5.32,-0.32558139534883723,4.25
MAH-05-15283,36024491,Team to score a penalty,Equipo en marcar gol de penalti durante el partido,Canada,8,8,Canada - Bosnia And Herzegovina,EUR,5.1,5.1,2026-06-12 16:28:52,2026-06-12 16:34:29,False,string,5.32,-0.019230769230769384,5.616666666666666
MAH-03-27862,33890416,To score 2 or more goals (Star Substitute),Marcar 2 goles o más (Suplente Estrella),Mbappe,8,8,France - Senegal,EUR,5.25,5.45,2026-06-13 08:41:27,2026-06-16 08:31:55,False,string,3.19,-0.02981651376146789,4310.466666666666
1353770,33890312,1-X-2 / 2 goals Up,1-X-2 / Ventaja 2 goles,2,8,8,Saudi Arabia - Uruguay,EUR,1.47,1.47,2026-06-15 01:51:49,2026-06-15 01:53:24,True,numeric,242.82,0.006849315068493178,1.5833333333333333
1768913,33890416,1-X-2 / 2 goals Up,1-X-2 / Ventaja 2 goles,1,8,8,France - Senegal,EUR,1.47,1.47,2026-06-14 14:07:45,2026-06-16 05:31:36,False,numeric,3.67,-0.005067567567567599,2363.85
MAH-11-04004,37320464,Match,Partido,Over 1.5 half time goals y Both teams to score in second half,8,8,Strommen IF - Stabaek,EUR,4.96,4.96,2026-06-21 13:07:55,2026-06-21 13:56:22,False,string,1.6600000000000001,0.018117018117018206,48.45
2298839,33890211,Team corners,Corners equipo,Argentina 5 or more,8,8,Argentina - Algeria,PEN,1.4,1.4,2026-06-14 00:53:57,2026-06-14 05:33:34,False,numeric,2.36,-0.11392405063291144,279.6166666666667
1353770,36966469,1-X-2 / 2 goals Up,1-X-2 / Ventaja 2 goles,1,8,8,Czech Republic - South Africa,EUR,1.82,1.82,2026-06-18 10:28:47,2026-06-18 10:30:09,True,numeric,242.81,0.022471910112359605,1.3666666666666667
MAH-08-37003,36966528,1-X-2 / 2 goals Up,1-X-2 / Ventaja 2 goles,2,8,8,Tunisia - Japan,EUR,1.48,1.49,2026-06-16 09:26:48,2026-06-20 09:36:51,False,string,2.73,0.06471631205673764,5770.05
MAH-05-15283,33890305,Team to score a penalty,Equipo en marcar gol de penalti durante el partido,Ivory Coast,8,8,Ivory Coast - Ecuador,EUR,5.6,5.6,2026-06-14 07:51:11,2026-06-14 07:58:51,False,string,5.32,0.0,7.666666666666667
MAH-05-15283,33890313,Team to score a penalty,Equipo en marcar gol de penalti durante el partido,Spain,8,8,Spain - Cape Verde,EUR,2.72,2.72,2026-06-14 08:00:38,2026-06-14 08:08:25,False,string,5.32,-0.15527950310559002,7.783333333333333
MAH-05-15283,33890306,Team to score a penalty,Equipo en marcar gol de penalti durante el partido,Germany,8,8,Germany - Curaçao,EUR,2.33,2.33,2026-06-14 07:51:11,2026-06-14 07:55:46,False,string,5.32,-0.12734082397003743,4.583333333333333
2366603,33890238,Team to score a penalty,Equipo en marcar gol de penalti durante el partido,South Africa,8,8,Mexico - South Africa,EUR,6.35,6.35,2026-06-11 13:49:18,2026-06-11 13:52:24,False,numeric,5.32,-0.42533936651583715,3.1
1624919,33890220,Player most passes (voiding in case of tie),Jugador en dar más pases,Davinson Sánchez,8,23,Uzbekistan - Colombia,EUR,5.15,5.15,2026-06-16 02:27:22,2026-06-16 11:30:14,True,numeric,35.93,0.33870241045280475,542.8666666666667
MAH-05-15283,33890305,Team to score a penalty,Equipo en marcar gol de penalti durante el partido,Ecuador,8,8,Ivory Coast - Ecuador,EUR,4.75,4.75,2026-06-14 07:51:27,2026-06-14 07:59:07,False,string,5.32,0.0,7.666666666666667
1353770,36966466,1-X-2 / 2 goals Up,1-X-2 / Ventaja 2 goles,1,8,16,Mexico - South Korea,EUR,2.05,2.05,2026-06-18 10:28:47,2026-06-18 10:30:09,True,numeric,242.81,0.014851485148514865,1.3666666666666667
MAH-03-28133,36966485,Shots on target (Star Substitute),Remates a puerta Raphinha (Suplente Estrella),2 or more,8,8,Brazil - Haiti,EUR,1.79,1.79,2026-06-18 12:01:01,2026-06-18 15:38:07,False,string,4.54,-0.13526570048309172,217.1
MAH-05-15283,33890309,Team to score a penalty,Equipo en marcar gol de penalti durante el partido,Usa,8,8,Usa - Paraguay,EUR,3.56,3.56,2026-06-12 16:28:52,2026-06-12 16:38:42,False,string,5.32,-0.4304,9.833333333333334
MAH-05-15283,33890291,Team to score a penalty,Equipo en marcar gol de penalti durante el partido,Morocco,8,8,Brazil - Morocco,EUR,4.25,4.25,2026-06-12 16:41:21,2026-06-12 16:46:35,False,string,5.32,-0.5,5.233333333333333
MAH-01-05173,36024520,Player to score a penalty (No penalty shootout),Marcar gol de penalti (No tanda de penaltis),Cristiano Ronaldo,7,21,Portugal - Democratic Republic of the Congo,EUR,6.9,6.9,2026-06-17 13:57:11,2026-06-17 13:59:08,False,string,0.33,0.0,1.95
MAH-01-13372,37311645,Match,Partido,Both teams to score y Daryl Horgan to score,7,7,Bohemians - Dundalk,EUR,6.13,6.13,2026-06-19 12:41:36,2026-06-19 18:32:28,False,string,13.12,0.008264462809917402,350.8666666666667
MAH-01-16012,36966590,1-X-2 / 2 goals Up,1-X-2 / Ventaja 2 goles,1,7,7,Uruguay - Cape Verde,EUR,1.47,1.47,2026-06-19 16:00:39,2026-06-19 16:02:21,False,string,1.1300000000000001,0.0652173913043479,1.7
1469880,36971426,1-X-2 / 2 goals Up,1-X-2 / Ventaja 2 goles,1,7,7,Turkey - Paraguay,EUR,2.0,1.98,2026-06-14 19:15:54,2026-06-15 21:16:57,False,numeric,3.8600000000000003,-0.02717770034843197,1561.05
MAH-04-07781,33890299,Match,Partido,Over 2.5 goals y Over 9.5 corners,7,7,Belgium - Egypt,EUR,2.61,2.61,2026-06-15 18:02:04,2026-06-15 18:03:31,False,string,0.76,0.0,1.45
MAH-04-07781,33890312,Match,Partido,Both teams to score y Over 9.5 corners,7,7,Saudi Arabia - Uruguay,EUR,4.25,4.25,2026-06-15 18:02:04,2026-06-15 18:03:31,False,string,0.76,0.0,1.45
MAH-04-64055,36966485,Shots on target (Star Substitute),Remates a puerta Raphinha (Suplente Estrella),2 or more,7,7,Brazil - Haiti,EUR,1.89,1.85,2026-06-17 15:06:48,2026-06-19 11:58:46,False,string,6.87,-0.10351966873705996,2691.9666666666667
MAH-08-37003,33890211,1-X-2 / 2 goals Up,1-X-2 / Ventaja 2 goles,1,7,7,Argentina - Algeria,EUR,1.39,1.37,2026-06-15 05:09:13,2026-06-16 09:11:11,False,string,7.27,-0.09680451127819543,1681.9666666666667
MAH-01-13372,37173240,Home-side combo (bet builder),St Patricks,St Patricks win y Ryan Edmondson to score,7,7,St Patricks - Drogheda United,EUR,2.37,2.37,2026-06-12 12:40:52,2026-06-12 18:32:10,False,string,12.05,0.0014184397163120588,351.3
MAH-03-24955,33890416,1-X-2 / 2 goals Up,1-X-2 / Ventaja 2 goles,2,7,7,France - Senegal,EUR,6.05,6.05,2026-06-16 18:28:19,2026-06-16 18:35:53,False,string,1000.0,0.06140350877192979,7.566666666666666
MAH-04-07781,33890298,Team corners,Corners equipo,New Zealand 5 or more,7,7,Iran - New Zealand,EUR,3.07,3.07,2026-06-15 18:02:04,2026-06-15 18:03:31,False,string,0.76,0.006557377049180246,1.45
1116653,33890444,Saves (Star Substitute),Paradas Dominik Livakovic (Suplente Estrella),4 or more,7,7,England - Croatia,EUR,1.85,1.86,2026-06-17 18:55:30,2026-06-17 19:53:33,False,numeric,291.65999999999997,0.0018018018018017834,58.05
MAH-03-03679,36024518,1-X-2 / 2 goals Up,1-X-2 / Ventaja 2 goles,2,7,7,Iraq - Norway,EUR,1.17,1.17,2026-06-16 15:44:14,2026-06-16 15:46:54,False,string,29.15,-0.025000000000000022,2.6666666666666665
2050404,33890312,1-X-2 / 2 goals Up,1-X-2 / Ventaja 2 goles,2,7,7,Saudi Arabia - Uruguay,EUR,1.47,1.42,2026-06-14 18:41:30,2026-06-15 20:59:09,False,numeric,39.09,-0.005870841487279851,1577.65
1382013,33890211,Match corners,Corners durante el partido,11 or more,7,7,Argentina - Algeria,EUR,2.97,3.02,2026-06-15 23:38:35,2026-06-16 16:40:20,False,numeric,0.8,-0.12369845897542693,1021.75
MAH-19-96003,33890304,1-X-2 / 2 goals Up,1-X-2 / Ventaja 2 goles,1,7,7,Netherlands - Japan,EUR,2.0,1.99,2026-06-13 19:24:05,2026-06-14 19:52:37,False,string,3.07,0.02081837760229721,1468.5333333333333
1638633,36966528,1-X-2 / 2 goals Up,1-X-2 / Ventaja 2 goles,2,7,7,Tunisia - Japan,PEN,1.52,1.53,2026-06-18 05:00:52,2026-06-20 18:08:36,False,numeric,9.16,0.08004052684903752,3667.733333333333
2206808,33890211,Team goal kicks,Saques de puerta equipo,Algeria 8 or more,7,7,Argentina - Algeria,PEN,2.03,2.03,2026-06-16 03:34:51,2026-06-16 04:49:00,False,numeric,1400.0,-0.004901960784313819,74.15
MAH-03-03679,33890416,1-X-2 / 2 goals Up,1-X-2 / Ventaja 2 goles,1,7,7,France - Senegal,EUR,1.41,1.41,2026-06-16 15:44:14,2026-06-16 15:46:54,False,string,29.15,-0.04729729729729737,2.6666666666666665
MAH-01-01589,33890291,1-X-2 / 2 goals Up,1-X-2 / Ventaja 2 goles,1,7,7,Brazil - Morocco,EUR,1.67,1.67,2026-06-13 12:49:45,2026-06-13 13:01:44,False,string,2.64,0.0121212121212122,11.983333333333333
MAH-05-15283,33890259,Team to score a penalty,Equipo en marcar gol de penalti durante el partido,Switzerland,7,7,Qatar - Switzerland,EUR,3.06,3.06,2026-06-12 16:29:07,2026-06-12 16:38:42,False,string,4.32,-0.2272727272727273,9.583333333333334
MAH-01-05215,36966466,Home-side combo (bet builder),México,Draw y A goal in both halves,7,14,Mexico - South Korea,EUR,8.55,8.55,2026-06-16 18:40:32,2026-06-16 18:42:00,False,string,0.35000000000000003,0.10322580645161294,1.4666666666666666
MAH-03-28133,36966612,goal scorer (Star Substitute),Jugador en meter el 1º gol (Suplente Estrella),Mbappe,7,7,France - Iraq,EUR,3.03,3.03,2026-06-21 13:45:47,2026-06-22 13:57:55,False,string,2.38,-0.007884972170686446,1452.1333333333334
MAH-03-24955,33890290,1-X-2 / 2 goals Up,1-X-2 / Ventaja 2 goles,2,7,7,Haiti - Scotland,EUR,1.49,1.49,2026-06-13 14:51:41,2026-06-13 22:06:50,False,string,65.4,-0.05095541401273884,435.15
MAH-04-07398,36966640,Match,Partido,Over 2.5 goals y Cristiano Ronaldo to score,7,7,Portugal - Uzbekistan,EUR,1.95,2.01,2026-06-20 09:09:23,2026-06-22 09:05:29,False,string,0.92,0.13707679603633363,2876.1
2196373,33890444,Home-side combo (bet builder),Inglaterra,England win y Harry Kane 2 or more shots on target,7,7,England - Croatia,EUR,2.83,2.83,2026-06-17 14:31:11,2026-06-17 14:38:38,False,numeric,6.1,0.07604562737642584,7.45
MAH-01-04892,36966472,Team corners,Corners equipo,Qatar 3 or more,7,7,Canada - Qatar,EUR,2.1,2.1,2026-06-16 10:58:42,2026-06-16 11:07:28,False,string,700.0,0.30434782608695654,8.766666666666667
MAH-04-07681,37214946,Team corners,Corners equipo,France 8 or more,7,7,France - Northern Ireland,EUR,1.8,1.8,2026-06-08 18:47:20,2026-06-08 19:08:35,False,string,0.59,0.04385964912280697,21.25
MAH-19-00901,33890290,1-X-2 / 2 goals Up,1-X-2 / Ventaja 2 goles,2,7,7,Haiti - Scotland,EUR,1.57,1.57,2026-06-12 11:00:02,2026-06-13 10:20:04,False,string,31.91,-0.0009099181073703365,1400.0333333333333
MAH-03-24161,36024520,To score or assist (Star Substitute),Marcar gol o asistir (Suplente Estrella),Vitinha,7,7,Portugal - Democratic Republic of the Congo,EUR,2.98,2.98,2026-06-17 12:40:36,2026-06-17 12:43:30,False,string,1.1400000000000001,-0.032467532467532534,2.9
2206808,36024492,Match throw-ins,Saques de banda durante el partido,43 or more,7,7,Australia - Turkey,PEN,2.31,2.31,2026-06-13 10:44:20,2026-06-13 10:50:00,False,numeric,800.0,0.2604577742699289,5.666666666666667
2206808,36024492,Match throw-ins,Saques de banda durante el partido,42 or more,7,7,Australia - Turkey,PEN,1.91,2.01,2026-06-13 10:44:26,2026-06-13 11:18:15,False,numeric,1100.0,0.08681925808997626,33.81666666666667
MAH-04-64055,36966486,Shots on target (Star Substitute),Remates a puerta Azzedine Ounahi (Suplente Estrella),2 or more,7,7,Scotland - Morocco,EUR,4.17,4.48,2026-06-17 15:06:48,2026-06-19 11:58:46,False,string,6.87,-0.0032102728731941816,2691.9666666666667
MAH-19-00901,33890444,1-X-2 / 2 goals Up,1-X-2 / Ventaja 2 goles,1,7,7,England - Croatia,EUR,1.7,1.71,2026-06-12 11:00:02,2026-06-14 17:27:32,False,string,5.6899999999999995,0.028399311531841626,3267.5
MAH-05-15283,33890259,Team to score a penalty,Equipo en marcar gol de penalti durante el partido,Qatar,7,7,Qatar - Switzerland,EUR,6.5,6.5,2026-06-12 16:28:52,2026-06-12 16:38:24,False,string,4.32,-0.5,9.533333333333333
MAH-07-04002,36024491,Match fouls,Faltas durante el partido,32 or more,7,7,Canada - Bosnia And Herzegovina,EUR,2.5,2.5,2026-06-11 18:36:13,2026-06-11 20:39:40,False,string,0.32,0.08225108225108224,123.45
2386337,36024520,1-X-2 / 2 goals Up,1-X-2 / Ventaja 2 goles,1,7,7,Portugal - Democratic Republic of the Congo,EUR,1.27,1.29,2026-06-14 22:45:27,2026-06-16 23:02:36,False,numeric,16.27,0.017006802721088374,2897.15
MAH-03-27871,33890444,1-X-2 / 2 goals Up,1-X-2 / Ventaja 2 goles,1,7,7,England - Croatia,EUR,1.61,1.61,2026-06-17 19:16:05,2026-06-17 19:24:48,False,string,3500.0,-0.030120481927710774,8.716666666666667
2405857,36024480,Match throw-ins,Saques de banda durante el partido,41 or more,7,7,South Korea - Czech Republic,,1.87,1.87,2026-06-10 22:43:20,2026-06-10 22:43:53,False,numeric,87.5,0.005376344086021501,0.55
MAH-03-27834,33890210,Match,Partido,Over 2.5 goals y Over 7.5 corners,7,7,Austria - Jordan,EUR,2.15,2.15,2026-06-15 09:42:49,2026-06-15 09:53:12,False,string,0.9,-0.09663865546218486,10.383333333333333
MAH-04-08204,33890305,Match fouls,Faltas durante el partido,27 or more,7,7,Ivory Coast - Ecuador,EUR,1.61,1.61,2026-06-14 20:34:46,2026-06-14 20:36:51,False,string,46.69,0.0,2.0833333333333335
1768913,33890304,1-X-2 / 2 goals Up,1-X-2 / Ventaja 2 goles,1,7,7,Netherlands - Japan,EUR,2.07,2.02,2026-06-14 09:59:57,2026-06-14 18:55:10,False,numeric,1.46,0.03948312993539121,535.2166666666667
MAH-03-27832,36966591,Home-side combo (bet builder),España,"Spain win, Over 2.5 goals y Oyarzabal first goalscorer",7,7,Spain - Saudi Arabia,EUR,5.0,5.0,2026-06-19 09:19:47,2026-06-19 09:53:25,False,string,1.32,0.0,33.63333333333333
2140520,36966612,Home-side combo (bet builder),Francia,France win y Mbappe to score,7,7,France - Iraq,EUR,1.45,1.4,2026-06-21 07:45:27,2026-06-21 22:52:33,False,numeric,5.09,-0.05081495685522535,907.1
MAH-01-13162,36966553,Match corners,Corners durante el partido,9 or more,7,7,Germany - Ivory Coast,EUR,1.68,1.68,2026-06-19 15:05:37,2026-06-19 15:07:06,False,string,12.52,0.11258278145695355,1.4833333333333334
MAH-11-07003,36966528,1-X-2 / 2 goals Up,1-X-2 / Ventaja 2 goles,2,7,7,Tunisia - Japan,EUR,1.52,1.52,2026-06-19 17:51:46,2026-06-20 19:05:16,False,string,3.6599999999999997,0.06180344478216816,1513.5
2104470,36024491,Match fouls,Faltas durante el partido,29 or more,7,7,Canada - Bosnia And Herzegovina,EUR,1.51,1.51,2026-06-12 17:56:11,2026-06-12 17:57:58,False,numeric,43.32,0.0,1.7833333333333334
2298839,33890305,Team corners,Corners equipo,Ecuador 4 or more,7,7,Ivory Coast - Ecuador,PEN,1.4,1.4,2026-06-14 05:28:16,2026-06-14 05:33:34,False,numeric,1.86,-0.11392405063291144,5.3
MAH-10-35001,36966609,Match shots,Remates durante el partido,24 or more,7,7,Argentina - Austria,EUR,1.71,1.71,2026-06-22 15:18:22,2026-06-22 15:19:29,False,string,45.019999999999996,0.0,1.1166666666666667
MAH-03-03660,33890259,Team goal kicks,Saques de puerta equipo,Qatar 9 or more,7,7,Qatar - Switzerland,EUR,1.61,1.61,2026-06-13 16:29:09,2026-06-13 16:32:02,False,string,46.69,-0.018292682926829174,2.8833333333333333
MAH-03-28133,36966609,goal scorer (Star Substitute),Jugador en meter el 1º gol (Suplente Estrella),Lionel Messi,7,7,Argentina - Austria,EUR,3.81,3.71,2026-06-21 13:45:47,2026-06-22 13:57:55,False,string,2.38,-0.014998125234345723,1452.1333333333334
MAH-03-24955,33890304,1-X-2 / 2 goals Up,1-X-2 / Ventaja 2 goles,1,7,7,Netherlands - Japan,EUR,1.94,1.91,2026-06-13 14:51:41,2026-06-13 22:06:50,False,string,65.4,-0.033740129217516186,435.15
MAH-03-24161,33890444,To score or assist (Star Substitute),Marcar gol o asistir (Suplente Estrella),Harry Kane,7,7,England - Croatia,EUR,1.73,1.73,2026-06-17 12:40:36,2026-06-17 12:43:30,False,string,1.1400000000000001,0.005813953488372103,2.9
MAH-11-08001,36966549,Player headed shots on target (Star Substitute),Remates a puerta con la cabeza Cody Gakpo (Suplente Estrella),1 or more,7,7,Netherlands - Sweden,EUR,5.3,5.3,2026-06-20 08:57:42,2026-06-20 09:00:53,False,string,100.0,0.0,3.183333333333333
MAH-11-07007,33890299,1-X-2 / 2 goals Up,1-X-2 / Ventaja 2 goles,1,7,7,Belgium - Egypt,EUR,1.5,1.52,2026-06-15 17:55:05,2026-06-15 18:59:04,False,string,1.7000000000000002,-0.002838221381267753,63.983333333333334
MAH-19-39003,33890210,1-X-2 / 2 goals Up,1-X-2 / Ventaja 2 goles,1,7,7,Austria - Jordan,EUR,1.32,1.32,2026-06-11 16:55:52,2026-06-15 18:19:41,False,string,1.15,-0.03858185610010434,5843.816666666667
2138429,37342958,Match,Partido,Keflavik IF win y Both teams to score in both halves,7,7,Valur - Keflavik IF,PEN,18.0,18.0,2026-06-21 17:41:19,2026-06-21 17:49:37,True,numeric,14.16,-0.009259259259259264,8.3
MAH-04-07604,36024518,1-X-2 / 2 goals Up,1-X-2 / Ventaja 2 goles,2,7,7,Iraq - Norway,EUR,1.2,1.2,2026-06-16 14:21:27,2026-06-16 20:02:35,False,string,6.1,0.0,341.1333333333333
MAH-19-00901,33890299,1-X-2 / 2 goals Up,1-X-2 / Ventaja 2 goles,1,7,7,Belgium - Egypt,EUR,1.57,1.62,2026-06-12 11:00:02,2026-06-15 10:50:30,False,string,2.98,0.06338694418164627,4310.466666666666
MAH-03-27881,36024492,1-X-2 / 2 goals Up,1-X-2 / Ventaja 2 goles,2,7,7,Australia - Turkey,EUR,1.63,1.63,2026-06-09 11:20:20,2026-06-12 09:54:09,False,string,0.64,-0.028911564625850348,4233.816666666667
2138364,33890304,1-X-2 / 2 goals Up,1-X-2 / Ventaja 2 goles,1,7,7,Netherlands - Japan,EUR,2.05,2.05,2026-06-14 18:44:47,2026-06-14 19:44:15,False,numeric,475.0,0.0387652548456568,59.46666666666667
1768913,36024493,1-X-2 / 2 goals Up,1-X-2 / Ventaja 2 goles,1,7,7,Sweden - Tunisia,EUR,1.91,1.91,2026-06-14 08:20:41,2026-06-14 22:02:03,False,numeric,1.5,0.03917050691244236,821.3666666666667
MAH-02-01829,33890304,1-X-2 / 2 goals Up,1-X-2 / Ventaja 2 goles,1,7,7,Netherlands - Japan,EUR,2.01,2.01,2026-06-14 10:46:26,2026-06-14 10:54:38,False,string,14.27,0.010050251256281229,8.2
1469880,36024492,1-X-2 / 2 goals Up,1-X-2 / Ventaja 2 goles,2,7,7,Australia - Turkey,EUR,1.7,1.7,2026-06-13 12:23:53,2026-06-13 16:19:14,False,numeric,1.27,0.011904761904761862,235.35
1768913,36966486,1-X-2 / 2 goals Up,1-X-2 / Ventaja 2 goles,2,7,7,Scotland - Morocco,EUR,1.65,1.74,2026-06-15 16:02:33,2026-06-19 19:35:47,False,numeric,1.95,0.05433829973707281,5973.233333333334
1682945,36966611,To score 2 or more goals (Star Substitute),Marcar 2 goles o más (Suplente Estrella),Haaland,7,7,Norway - Senegal,EUR,5.95,5.75,2026-06-22 08:48:29,2026-06-22 19:30:16,False,numeric,1.52,-0.0629921259842519,641.7833333333333
MAH-19-39003,36971426,1-X-2 / 2 goals Up,1-X-2 / Ventaja 2 goles,1,7,7,Turkey - Paraguay,EUR,2.05,1.98,2026-06-15 15:43:23,2026-06-19 19:42:32,False,string,6.78,-0.017421602787456365,5999.15
1682945,36966612,To score 2 or more goals (Star Substitute),Marcar 2 goles o más (Suplente Estrella),Mbappe,7,7,France - Iraq,EUR,2.97,2.97,2026-06-21 20:16:51,2026-06-22 19:30:16,False,numeric,1.36,0.07676664972038637,1393.4166666666667
MAH-08-37003,36966486,1-X-2 / 2 goals Up,1-X-2 / Ventaja 2 goles,2,7,7,Scotland - Morocco,EUR,1.63,1.69,2026-06-15 08:59:03,2026-06-19 18:34:46,False,string,32.45,0.01752848378615249,6335.716666666666
MAH-03-03679,36024491,1-X-2 / 2 goals Up,1-X-2 / Ventaja 2 goles,1,7,7,Canada - Bosnia And Herzegovina,EUR,1.74,1.74,2026-06-12 18:43:01,2026-06-12 18:44:43,False,string,64.7,0.0,1.7
MAH-01-16012,36966485,Anytime goalscorer (Star Substitute),Goleador durante el partido (Suplente Estrella),Raphinha,7,7,Brazil - Haiti,EUR,1.91,1.91,2026-06-19 16:00:39,2026-06-19 16:02:21,False,string,1.1300000000000001,-0.00520833333333337,1.7
MAH-19-00602,33890220,1-X-2 / 2 goals Up,1-X-2 / Ventaja 2 goles,2,7,7,Uzbekistan - Colombia,EUR,1.38,1.38,2026-06-17 22:25:07,2026-06-17 22:26:50,False,string,126.0,0.06976744186046502,1.7166666666666666
MAH-01-01519,36966593,Player anytime not to score,No marcará ningún gol,Doku,7,7,Belgium - Iran,EUR,1.25,1.25,2026-06-21 18:31:45,2026-06-21 18:59:43,False,string,92.78,0.0,27.966666666666665
2214574,37317934,To be carded (only players and in play)(Star Substitute),Recibir tarjeta (sólo jugadores y en juego) (Suplente Estrella),Merchas Doski,7,7,France - Iraq,EUR,4.17,6.0,2026-06-22 21:22:39,2026-06-23 00:15:51,False,numeric,135.64,,173.2
1624919,36966473,Player most passes (voiding in case of tie),Jugador en dar más pases,Akanji,7,19,Switzerland - Bosnia And Herzegovina,EUR,4.59,4.59,2026-06-16 09:58:27,2026-06-16 10:09:34,False,numeric,17.86,0.3660714285714286,11.116666666666667
MAH-05-15273,36966549,To score or assist (Star Substitute),Marcar gol o asistir (Suplente Estrella),Malen,7,7,Netherlands - Sweden,EUR,1.98,1.85,2026-06-17 20:23:13,2026-06-20 12:53:45,False,string,1.86,-0.022321428571428523,3870.5333333333333
MAH-03-03670,33890313,Home-side combo (bet builder),España,Spain win y A goal in both halves,7,7,Spain - Cape Verde,EUR,1.38,1.39,2026-06-12 11:29:18,2026-06-14 10:52:26,False,string,16.83,0.0030612244897958757,2843.133333333333
MAH-01-13162,36966550,Match corners,Corners durante el partido,10 or more,7,7,Ecuador - Curaçao,EUR,2.0,2.0,2026-06-19 15:05:37,2026-06-19 15:07:06,False,string,12.52,-0.05660377358490576,1.4833333333333334
MAH-21-14003,36024491,1-X-2 / 2 goals Up,1-X-2 / Ventaja 2 goles,1,7,7,Canada - Bosnia And Herzegovina,EUR,1.81,1.81,2026-06-11 22:34:44,2026-06-11 22:36:05,False,string,350.0,0.04022988505747138,1.35
TPV-10-38001,36966612,To score 2 or more goals (Star Substitute),Marcar 2 goles o más (Suplente Estrella),Mbappe,7,7,France - Iraq,EUR,2.77,2.77,2026-06-22 20:24:38,2026-06-22 20:26:16,False,string,2000.0,-0.014234875444839923,1.6333333333333333
2019255,36966469,1-X-2 / 2 goals Up,1-X-2 / Ventaja 2 goles,1,7,7,Czech Republic - South Africa,EUR,1.76,1.76,2026-06-15 07:58:43,2026-06-17 19:22:04,False,numeric,14.02,-0.014446227929374032,3563.35
MAH-03-03679,33890309,1-X-2 / 2 goals Up,1-X-2 / Ventaja 2 goles,1,7,7,Usa - Paraguay,EUR,2.03,2.03,2026-06-12 18:43:01,2026-06-12 18:44:43,False,string,64.7,0.0,1.7
2044042,33890444,To score 2 or more goals (Star Substitute),Marcar 2 goles o más (Suplente Estrella),Harry Kane,7,7,England - Croatia,EUR,7.25,7.65,2026-06-17 15:55:00,2026-06-17 19:28:32,False,numeric,29.17,-0.0019704433497536827,213.53333333333333
428035,36966640,Home-side combo (bet builder),Portugal,Portugal win y A goal in both halves,7,7,Portugal - Uzbekistan,EUR,1.61,1.62,2026-06-20 03:36:15,2026-06-23 11:52:43,False,numeric,2.35,0.1020408163265307,4816.466666666666
1718067,33890238,To score or assist (Star Substitute),Marcar gol o asistir (Suplente Estrella),Álvaro Fidalgo,7,7,Mexico - South Africa,,3.23,3.23,2026-06-10 22:33:06,2026-06-10 22:34:03,False,numeric,175.0,-0.015243902439024293,0.95
MAH-11-07003,33890259,1-X-2 / 2 goals Up,1-X-2 / Ventaja 2 goles,2,7,7,Qatar - Switzerland,EUR,1.22,1.22,2026-06-10 19:08:07,2026-06-12 15:05:17,False,string,1.01,0.04029304029304037,2637.1666666666665
MAH-03-24161,33890220,Anytime goalscorer (Star Substitute),Goleador durante el partido (Suplente Estrella),Luis Diaz,7,7,Uzbekistan - Colombia,EUR,2.18,2.18,2026-06-17 12:40:36,2026-06-17 12:43:30,False,string,1.1400000000000001,0.04306220095693791,2.9
MAH-03-27221,33890306,To score 2 or more goals (Star Substitute),Marcar 2 goles o más (Suplente Estrella),Havertz,7,7,Germany - Curaçao,EUR,3.12,3.12,2026-06-14 16:00:59,2026-06-14 16:08:49,False,string,34.99,-0.06306306306306309,7.833333333333333
MAH-03-02602,33890309,1-X-2 / 2 goals Up,1-X-2 / Ventaja 2 goles,1,7,7,Usa - Paraguay,EUR,2.03,2.03,2026-06-12 18:05:10,2026-06-12 18:09:51,False,string,6.67,0.0,4.683333333333334
2019255,36966473,1-X-2 / 2 goals Up,1-X-2 / Ventaja 2 goles,1,7,7,Switzerland - Bosnia And Herzegovina,EUR,1.55,1.52,2026-06-15 07:58:43,2026-06-17 19:22:04,False,numeric,14.02,-0.0009337068160597539,3563.35
1956808,33890313,Anytime goalscorer (Star Substitute),Goleador durante el partido (Suplente Estrella),Oyarzabal,7,7,Spain - Cape Verde,EUR,1.5,1.52,2026-06-13 16:50:03,2026-06-14 09:34:30,False,numeric,0.91,-0.018552875695732846,1004.45
2138429,37342957,Match,Partido,Ibv Vestmannaeyjar win y Both teams to score in both halves,7,7,Ibv Vestmannaeyjar - Stjarnan,PEN,18.0,18.0,2026-06-21 17:41:19,2026-06-21 17:49:11,True,numeric,14.16,0.0,7.866666666666666
MAH-11-10003,33890419,1-X-2 / 2 goals Up,1-X-2 / Ventaja 2 goles,1,7,7,Ghana - Panama,EUR,2.12,2.12,2026-06-13 14:31:40,2026-06-13 14:36:34,False,string,0.63,-0.08225108225108224,4.9
MAH-03-24951,36966528,1-X-2 / 2 goals Up,1-X-2 / Ventaja 2 goles,2,7,7,Tunisia - Japan,EUR,1.48,1.48,2026-06-20 12:30:52,2026-06-20 12:53:25,False,string,124.25999999999999,0.049645390070921946,22.55
1442420,33890306,Home-side combo (bet builder),Alemania,Germany to win both halves y Over 3.5 goals,7,7,Germany - Curaçao,EUR,1.74,1.74,2026-06-14 15:59:17,2026-06-14 16:03:33,False,numeric,3.33,-0.0008071025020177171,4.266666666666667
1442420,33890313,Home-side combo (bet builder),España,Spain win y Over 2.5 goals,7,7,Spain - Cape Verde,EUR,1.41,1.41,2026-06-14 15:59:17,2026-06-14 16:03:33,False,numeric,3.33,0.05223880597014907,4.266666666666667
931196,33890313,Team completed passes,Pases completados equipo,Spain 650 or more,6,6,Spain - Cape Verde,EUR,2.22,2.23,2026-06-15 13:53:17,2026-06-15 15:45:30,False,numeric,368.0,-0.012592592592592544,112.21666666666667
2134535,36966473,Player most passes (voiding in case of tie),Jugador en dar más pases,Akanji,6,9,Switzerland - Bosnia And Herzegovina,EUR,4.59,4.54,2026-06-16 10:35:36,2026-06-16 11:52:23,False,numeric,90.83,0.3462301587301588,76.78333333333333
1442420,37275587,1st Half: Cards(only players and in play),1º tiempo: Tarjetas (solo jugadores y en juego),2 or more,6,6,Malaga - Almeria,EUR,1.4,1.4,2026-06-13 21:25:57,2026-06-13 21:28:33,False,numeric,2.16,0.0,2.6
MAH-04-07755,33890299,Anytime goalscorer (Star Substitute),Goleador durante el partido (Suplente Estrella),Doku,6,6,Belgium - Egypt,EUR,3.52,3.52,2026-06-15 18:15:30,2026-06-15 18:16:36,False,string,120.0,-0.0028328611898016387,1.1
MAH-03-02539,36966638,To score 2 or more goals (Star Substitute),Marcar 2 goles o más (Suplente Estrella),Harry Kane,6,6,England - Ghana,EUR,3.76,3.76,2026-06-22 11:26:06,2026-06-22 16:30:09,True,string,12.5,0.3703030303030303,304.05
MAH-02-01869,36966640,To score 2 or more goals (Star Substitute),Marcar 2 goles o más (Suplente Estrella),Cristiano Ronaldo,6,6,Portugal - Uzbekistan,EUR,3.12,3.12,2026-06-23 11:11:30,2026-06-23 11:19:02,False,string,5.36,0.06849315068493156,7.533333333333333
2366603,36024480,Team to score a penalty,Equipo en marcar gol de penalti durante el partido,Czech Republic,6,6,South Korea - Czech Republic,EUR,5.25,5.25,2026-06-11 13:48:24,2026-06-11 13:51:52,False,numeric,3.3200000000000003,-0.009433962264150941,3.466666666666667
MAH-03-24744,33890416,Anytime goalscorer (Star Substitute),Goleador durante el partido (Suplente Estrella),Mbappe,6,6,France - Senegal,EUR,1.83,1.8,2026-06-16 09:29:34,2026-06-16 10:18:14,False,string,1.83,-0.02060931899641577,48.666666666666664
MAH-01-49793,36966485,2nd Half: Team Cards (only players and in play),2º tiempo: Tarjetas equipo (solo jugadores y en juego),Brazil 1 or more,6,6,Brazil - Haiti,EUR,1.73,1.73,2026-06-19 20:18:59,2026-06-19 21:48:47,False,string,5.26,-0.03260869565217395,89.8
1878977,36966593,1-X-2 / 2 goals Up,1-X-2 / Ventaja 2 goles,1,6,6,Belgium - Iran,EUR,1.4,1.4,2026-06-18 17:07:36,2026-06-18 18:00:11,False,numeric,42.5,-0.007092198581560294,52.583333333333336
2077394,37291787,To score or assist (Star Substitute),Marcar gol o asistir (Suplente Estrella),Azzedine Ounahi,6,6,Scotland - Morocco,EUR,2.61,2.61,2026-06-19 22:21:41,2026-06-19 22:22:09,False,numeric,552.0,,0.4666666666666667
2196373,36024520,Home-side combo (bet builder),Portugal,Portugal win y Cristiano Ronaldo 2 or more shots on target,6,6,Portugal - Democratic Republic of the Congo,EUR,1.92,1.92,2026-06-17 14:31:11,2026-06-17 14:38:38,False,numeric,2.5,-0.015384615384615441,7.45
1760974,36966612,Hat trick (three or more goals) (Star Substitute),Hat trick (tres o más goles) (Suplente Estrella),Mbappe,6,6,France - Iraq,EUR,7.25,7.25,2026-06-22 20:09:46,2026-06-22 20:10:42,False,numeric,120.0,-0.039735099337748325,0.9333333333333333
MAH-01-13371,36024480,Match,Partido,Both teams to score y Patrik Schick to score,6,6,South Korea - Czech Republic,EUR,3.77,5.22,2026-06-08 13:46:18,2026-06-11 18:33:24,False,string,12.73,0.15384615384615383,4607.1
MAH-03-03835,33890291,2nd half: Team Corners,2º tiempo: Corners equipo,Morocco 2 or more,6,6,Brazil - Morocco,EUR,1.63,1.63,2026-06-12 15:50:41,2026-06-12 17:08:29,False,string,1.89,-0.08426966292134841,77.8
MAH-11-07003,36966609,1-X-2 / 2 goals Up,1-X-2 / Ventaja 2 goles,1,6,6,Argentina - Austria,EUR,1.56,1.56,2026-06-19 17:51:46,2026-06-20 19:05:16,False,string,3.37,0.10401891252955091,1513.5
MAH-01-05183,33890416,Home-side combo (bet builder),Francia,France win y A goal in both halves,6,6,France - Senegal,EUR,2.2,2.2,2026-06-15 11:03:47,2026-06-15 16:22:39,False,string,0.73,0.0185185185185186,318.8666666666667
MAH-22-05002,33890416,Anytime goalscorer (Star Substitute),Goleador durante el partido (Suplente Estrella),Mbappe,6,6,France - Senegal,EUR,1.81,1.81,2026-06-16 18:38:56,2026-06-16 18:39:35,False,string,600.0,-0.026881720430107503,0.65
MAH-05-13001,33890313,Home-side combo (bet builder),España,"Spain win, Both teams to score y Oyarzabal to score",6,6,Spain - Cape Verde,EUR,3.51,3.51,2026-06-15 15:13:49,2026-06-15 15:17:02,False,string,10.7,0.006837606837606813,3.216666666666667
MAH-11-07003,33890306,Home-side combo (bet builder),Alemania,Germany win y Florian Wirtz 1 or more assists,6,6,Germany - Curaçao,EUR,2.01,2.01,2026-06-13 10:18:34,2026-06-13 10:21:40,False,string,1.05,0.004999999999999893,3.1
MAH-11-04001,37330423,Match,Partido,Over 2.5 goals y Over 7.5 corners,6,6,Ponte Preta - Gremio Novorizontino SP,EUR,2.75,2.75,2026-06-22 16:37:31,2026-06-22 17:01:09,False,string,0.8600000000000001,0.0,23.633333333333333
MAH-03-02570,33890291,Home-side combo (bet builder),Brasil,Brazil win y Over 2.5 goals,6,6,Brazil - Morocco,EUR,2.89,2.73,2026-06-13 11:40:07,2026-06-13 21:24:26,False,string,22.1,-0.0816993464052288,584.3166666666667
428035,37183511,Home-side combo (bet builder),Inglaterra,England win y A goal in both halves,6,6,England - Costa Rica,EUR,1.61,1.61,2026-06-09 15:35:17,2026-06-09 15:39:16,False,numeric,0.9500000000000001,0.0,3.9833333333333334
1771608,33890416,Anytime goalscorer (Star Substitute),Goleador durante el partido (Suplente Estrella),Mbappe,6,6,France - Senegal,EUR,1.82,1.84,2026-06-16 18:45:05,2026-06-16 18:46:41,False,numeric,399.99,-0.016129032258064502,1.6
MAH-11-07002,36966638,1-X-2 / 2 goals Up,1-X-2 / Ventaja 2 goles,2,6,8,England - Ghana,EUR,13.58,13.58,2026-06-23 17:05:40,2026-06-23 17:06:45,True,string,2.1,0.04461538461538472,1.0833333333333333
2026934,36966612,To score 2 or more goals (Star Substitute),Marcar 2 goles o más (Suplente Estrella),Mbappe,6,6,France - Iraq,EUR,2.97,3.13,2026-06-20 09:10:28,2026-06-22 15:53:08,False,numeric,7.24,0.11921708185053377,3282.6666666666665
MAH-04-07489,36966612,To score 2 or more goals (Star Substitute),Marcar 2 goles o más (Suplente Estrella),Mbappe,6,6,France - Iraq,EUR,2.97,2.97,2026-06-22 14:25:42,2026-06-22 19:33:35,False,string,10.5,0.06287069988137606,307.8833333333333
MAH-04-07734,37330429,1-X-2 / 2 goals Up,1-X-2 / Ventaja 2 goles,1,6,6,Ceara - Botafogo SP,EUR,1.87,1.87,2026-06-20 18:52:02,2026-06-20 18:53:29,False,string,3.9000000000000004,0.03314917127071837,1.45
2249248,36966553,1-X-2 / 2 goals Up,1-X-2 / Ventaja 2 goles,1,6,6,Germany - Ivory Coast,EUR,1.51,1.44,2026-06-20 11:00:44,2026-06-20 18:39:48,False,numeric,39.28,0.09367396593673953,459.06666666666666
MAH-01-13172,36966593,Hat trick (three or more goals) (Star Substitute),Hat trick (tres o más goles) (Suplente Estrella),Lukaku,6,6,Belgium - Iran,EUR,22.0,22.0,2026-06-21 18:17:56,2026-06-21 18:19:15,False,string,160.0,0.04761904761904767,1.3166666666666667
1768913,36024492,1-X-2 / 2 goals Up,1-X-2 / Ventaja 2 goles,2,6,6,Australia - Turkey,EUR,1.7,1.7,2026-06-11 20:42:56,2026-06-14 03:48:49,False,numeric,1.5799999999999998,0.009920634920634885,3305.883333333333
MAH-11-07003,36966592,1-X-2 / 2 goals Up,1-X-2 / Ventaja 2 goles,2,6,6,New Zealand - Egypt,EUR,1.6,1.6,2026-06-19 17:51:46,2026-06-20 19:05:16,False,string,3.37,0.0020964360587002093,1513.5
2366603,36024491,Team to score a penalty,Equipo en marcar gol de penalti durante el partido,Bosnia And Herzegovina,6,6,Canada - Bosnia And Herzegovina,EUR,6.25,6.25,2026-06-11 13:47:54,2026-06-11 13:52:24,False,numeric,3.3200000000000003,-0.3016759776536312,4.5
MAH-19-00901,36966553,1-X-2 / 2 goals Up,1-X-2 / Ventaja 2 goles,1,6,6,Germany - Ivory Coast,EUR,1.53,1.53,2026-06-15 08:49:00,2026-06-19 14:33:38,False,string,8.190000000000001,0.11678832116788307,6104.633333333333
MAH-11-09017,36966609,1-X-2 / 2 goals Up,1-X-2 / Ventaja 2 goles,1,6,6,Argentina - Austria,EUR,1.51,1.51,2026-06-21 19:17:47,2026-06-21 19:35:04,False,string,3200.0,0.07092198581560294,17.283333333333335
MAH-04-07278,33890313,Anytime goalscorer (Star Substitute),Goleador durante el partido (Suplente Estrella),Ferran,6,6,Spain - Cape Verde,EUR,1.81,1.82,2026-06-15 14:06:34,2026-06-15 14:16:54,False,string,1.1400000000000001,0.004604051565377613,10.333333333333334
MAH-01-51282,37275587,Anytime goalscorer (Star Substitute),Goleador durante el partido (Suplente Estrella),Álex Muñoz,6,6,Malaga - Almeria,EUR,14.0,14.0,2026-06-13 10:11:29,2026-06-13 11:26:31,False,string,2.49,0.0,75.03333333333333
MAH-01-05428,36966590,1-X-2 / 2 goals Up,1-X-2 / Ventaja 2 goles,1,6,6,Uruguay - Cape Verde,EUR,1.44,1.46,2026-06-21 08:04:04,2026-06-21 10:34:12,False,string,17.650000000000002,0.05555555555555558,150.13333333333333
MAH-01-05428,36966609,1-X-2 / 2 goals Up,1-X-2 / Ventaja 2 goles,1,6,6,Argentina - Austria,EUR,1.52,1.54,2026-06-21 08:04:04,2026-06-21 10:34:12,False,string,17.650000000000002,0.08983451536643028,150.13333333333333
2266058,33890306,1st half: Team corners,1º tiempo: Corners equipo,Germany 3 or more,6,6,Germany - Curaçao,EUR,1.22,1.22,2026-06-13 21:55:13,2026-06-13 21:55:51,False,numeric,1227.83,0.008264462809917328,0.6333333333333333
1978131,33890444,1-X-2 / 2 goals Up,1-X-2 / Ventaja 2 goles,1,6,6,England - Croatia,EUR,1.71,1.66,2026-06-15 13:54:53,2026-06-17 19:56:29,False,numeric,84.89,0.02510040160642572,3241.6
2311578,33890416,1-X-2 / 2 goals Up,1-X-2 / Ventaja 2 goles,1,6,6,France - Senegal,PEN,1.47,1.47,2026-06-15 15:54:57,2026-06-16 18:12:17,False,numeric,34.46,-0.002252252252252248,1577.3333333333333
MAH-08-45002,36966609,Player to score in fisrt ten minutes (from 0:00 to 9:59),Jugador en meter gol en los 10 primeros minutos (del 0:00 al 9:59),Lionel Messi,6,6,Argentina - Austria,EUR,12.0,12.0,2026-06-22 16:23:33,2026-06-22 16:35:38,False,string,60.0,0.0,12.083333333333334
TPV-23-02001,36966472,1-X-2 / 2 goals Up,1-X-2 / Ventaja 2 goles,1,6,6,Canada - Qatar,PEN,1.27,1.27,2026-06-18 15:32:11,2026-06-18 18:08:56,False,string,19.16,0.03252032520325199,156.75
MAH-05-13001,36024518,Away-side combo (bet builder),Noruega,"Norway win, Over 2.5 goals y Over 8.5 corners",6,6,Iraq - Norway,EUR,2.81,2.81,2026-06-16 16:52:59,2026-06-16 16:55:38,False,string,10.71,0.13765182186234814,2.65
MAH-01-01270,33890290,1-X-2 / 2 goals Up,1-X-2 / Ventaja 2 goles,2,6,6,Haiti - Scotland,EUR,1.55,1.53,2026-06-12 21:16:52,2026-06-13 21:49:06,False,string,2.85,-0.023354564755838636,1472.2333333333333
MAH-01-12115,36966591,1-X-2 / 2 goals Up,1-X-2 / Ventaja 2 goles,1,6,6,Spain - Saudi Arabia,EUR,1.08,1.08,2026-06-20 11:01:38,2026-06-20 11:06:06,False,string,1.0,0.0,4.466666666666667
2139536,33890290,1-X-2 / 2 goals Up,1-X-2 / Ventaja 2 goles,2,6,6,Haiti - Scotland,EUR,1.54,1.54,2026-06-13 12:55:02,2026-06-13 15:54:08,False,numeric,8.49,-0.019108280254777066,179.1
MAH-11-08005,36024520,Shots on target outside the box (Star Substitute),Remates a puerta desde fuera del área Cristiano Ronaldo (Suplente Estrella),1 or more,6,6,Portugal - Democratic Republic of the Congo,EUR,2.2,2.2,2026-06-17 15:23:46,2026-06-17 15:25:37,False,string,100.0,-0.009009009009009028,1.85
2139536,36024492,1-X-2 / 2 goals Up,1-X-2 / Ventaja 2 goles,2,6,6,Australia - Turkey,EUR,1.7,1.7,2026-06-13 12:55:02,2026-06-13 15:54:08,False,numeric,8.49,0.011904761904761862,179.1
MAH-21-14001,36966528,1-X-2 / 2 goals Up,1-X-2 / Ventaja 2 goles,2,6,6,Tunisia - Japan,EUR,1.52,1.45,2026-06-16 21:41:57,2026-06-21 01:41:42,False,string,122.62,0.0673758865248227,5999.75
MAH-03-03679,37275587,1-X-2 / 2 goals Up,1-X-2 / Ventaja 2 goles,1,6,6,Malaga - Almeria,EUR,2.1,2.1,2026-06-14 18:06:38,2026-06-14 18:13:53,False,string,46.67,-0.02777777777777779,7.25
MAH-03-28081,36971426,1-X-2 / 2 goals Up,1-X-2 / Ventaja 2 goles,1,6,6,Turkey - Paraguay,EUR,1.98,1.98,2026-06-19 16:31:09,2026-06-19 21:10:19,False,string,2.85,-0.03414634146341455,279.1666666666667
MAH-05-15184,33890416,1-X-2 / 2 goals Up,1-X-2 / Ventaja 2 goles,2,6,6,France - Senegal,EUR,6.15,6.15,2026-06-16 18:32:35,2026-06-16 18:34:40,False,string,11.25,0.07894736842105265,2.0833333333333335
MAH-03-27776,36966486,Match corners,Corners durante el partido,8 or more,6,6,Scotland - Morocco,EUR,1.53,1.57,2026-06-16 13:15:02,2026-06-19 19:04:43,False,string,5.73,-0.02515723270440251,4669.683333333333
MAH-03-02539,36966611,To score 2 or more goals (Star Substitute),Marcar 2 goles o más (Suplente Estrella),Haaland,6,6,Norway - Senegal,EUR,5.55,5.75,2026-06-22 11:26:06,2026-06-22 16:30:09,True,string,12.5,-0.09973753280839891,304.05
MAH-03-27778,36966553,Match corners,Corners durante el partido,10 or more,6,6,Germany - Ivory Coast,EUR,1.96,1.76,2026-06-20 13:12:43,2026-06-20 19:51:55,False,string,8.55,-0.009208103130755116,399.2
MAH-11-04001,33890305,Match,Partido,Over 2.5 goals y Over 7.5 corners,6,6,Ivory Coast - Ecuador,EUR,3.99,3.99,2026-06-14 13:38:47,2026-06-14 14:41:36,False,string,0.78,-0.007462686567163979,62.81666666666667
2625901,37183511,Team corners,Corners equipo,England 6 or more,6,6,England - Costa Rica,EUR,1.53,1.53,2026-06-10 00:13:03,2026-06-10 17:56:35,False,numeric,1.75,0.06190476190476198,1063.5333333333333
MAH-01-05181,36966609,To score 2 or more goals (Star Substitute),Marcar 2 goles o más (Suplente Estrella),Lionel Messi,6,6,Argentina - Austria,EUR,6.2,6.2,2026-06-22 13:13:00,2026-06-22 13:14:58,False,string,300.0,-0.008000000000000007,1.9666666666666666
2497201,36966611,Team Shots,Remates equipo,Norway 12 or more,6,6,Norway - Senegal,EUR,2.15,2.15,2026-06-19 12:06:52,2026-06-19 12:08:58,False,numeric,409.6,0.0,2.1
MAH-11-10008,36966486,Match,Partido,Over 2.5 goals y Over 7.5 corners,6,6,Scotland - Morocco,EUR,3.0,3.0,2026-06-19 18:15:20,2026-06-19 21:25:42,False,string,3.85,-0.0006644518272424183,190.36666666666667
2134535,33890313,Player most passes (voiding in case of tie),Jugador en dar más pases,Laporte,6,6,Spain - Cape Verde,EUR,4.69,4.69,2026-06-15 15:16:31,2026-06-15 15:55:42,True,numeric,200.0,0.0,39.18333333333333
1442420,36963988,Match,Partido,Both teams to score y A goal in both halves,6,6,Valencia - F.C. Barcelona,EUR,1.57,1.57,2026-05-20 22:50:01,2026-05-20 22:52:13,False,numeric,0.8,0.0,2.2
1639909,36966609,Player to Score Free-Kick,Marcar gol de falta directa,Lionel Messi,6,6,Argentina - Austria,EUR,19.0,19.0,2026-06-20 19:08:51,2026-06-21 21:58:21,False,numeric,9.34,0.0,1609.5
2366603,36024480,Team to score a penalty,Equipo en marcar gol de penalti durante el partido,South Korea,6,6,South Korea - Czech Republic,EUR,3.63,3.63,2026-06-11 13:47:36,2026-06-11 13:51:43,False,numeric,3.3200000000000003,0.013966480446927276,4.116666666666666
MAH-04-07604,33890211,1-X-2 / 2 goals Up,1-X-2 / Ventaja 2 goles,1,6,6,Argentina - Algeria,EUR,1.44,1.44,2026-06-16 14:21:27,2026-06-16 20:02:35,False,string,5.6,-0.059210526315789526,341.1333333333333
1768913,36966593,1-X-2 / 2 goals Up,1-X-2 / Ventaja 2 goles,1,6,6,Belgium - Iran,EUR,1.42,1.41,2026-06-21 11:56:46,2026-06-21 16:57:40,False,numeric,2.17,0.0023640661938533944,300.9
MAH-03-24744,36024518,Anytime goalscorer (Star Substitute),Goleador durante el partido (Suplente Estrella),Haaland,6,6,Iraq - Norway,EUR,1.34,1.34,2026-06-16 09:29:34,2026-06-16 10:18:14,False,string,1.83,-0.05633802816901401,48.666666666666664
MAH-19-02001,33890416,1-X-2 / 2 goals Up,1-X-2 / Ventaja 2 goles,1,6,6,France - Senegal,EUR,1.45,1.47,2026-06-12 15:44:34,2026-06-16 15:28:09,False,string,5.1,-0.013513513513513523,5743.583333333333
MAH-01-49413,36024520,1-X-2 / 2 goals Up,1-X-2 / Ventaja 2 goles,1,6,6,Portugal - Democratic Republic of the Congo,EUR,1.26,1.26,2026-06-14 05:58:46,2026-06-16 09:40:57,False,string,133.34,0.0052910052910052725,3102.1833333333334
MAH-01-13481,36966612,To score 2 or more goals (Star Substitute),Marcar 2 goles o más (Suplente Estrella),Mbappe,6,6,France - Iraq,EUR,2.95,2.95,2026-06-22 19:49:11,2026-06-22 19:51:44,False,string,500.0,0.04982206405693956,2.55
MAH-05-15283,33890309,Team to score a penalty,Equipo en marcar gol de penalti durante el partido,Paraguay,6,6,Usa - Paraguay,EUR,5.9,5.9,2026-06-12 16:29:38,2026-06-12 16:36:55,False,string,3.3200000000000003,0.0,7.283333333333333
MAH-04-07224,36024493,Anytime goalscorer (Star Substitute),Goleador durante el partido (Suplente Estrella),Viktor Gyokeres,6,6,Sweden - Tunisia,EUR,2.32,2.41,2026-06-12 17:32:30,2026-06-14 08:35:17,False,string,0.62,0.05309734513274352,2342.7833333333333
MAH-19-39003,36024520,1-X-2 / 2 goals Up,1-X-2 / Ventaja 2 goles,1,6,6,Portugal - Democratic Republic of the Congo,EUR,1.27,1.27,2026-06-12 17:24:15,2026-06-15 18:19:41,False,string,1.0499999999999998,0.00661375661375659,4375.433333333333
2026934,36966609,To score 2 or more goals (Star Substitute),Marcar 2 goles o más (Suplente Estrella),Lionel Messi,6,6,Argentina - Austria,EUR,6.45,5.95,2026-06-20 09:10:28,2026-06-22 15:53:08,False,numeric,7.24,-0.002666666666666632,3282.6666666666665
MAH-03-27873,36024520,1-X-2 / 2 goals Up,1-X-2 / Ventaja 2 goles,1,6,6,Portugal - Democratic Republic of the Congo,EUR,1.24,1.24,2026-06-17 16:25:20,2026-06-17 16:29:18,False,string,1000.0,-0.015873015873015928,3.966666666666667
1195286,33890312,1-X-2 / 2 goals Up,1-X-2 / Ventaja 2 goles,2,6,6,Saudi Arabia - Uruguay,EUR,1.44,1.44,2026-06-15 18:24:37,2026-06-15 21:26:20,False,numeric,28.259999999999998,-0.014840182648401867,181.71666666666667
MAH-04-07781,36024518,Team corners,Corners equipo,Iraq 5 or more,6,6,Iraq - Norway,EUR,6.6,6.6,2026-06-16 15:33:50,2026-06-16 15:35:02,False,string,0.46,-0.13725490196078438,1.2
844747,36966609,To score 2 or more goals (Star Substitute),Marcar 2 goles o más (Suplente Estrella),Lionel Messi,6,14,Argentina - Austria,EUR,5.9,6.2,2026-06-21 10:32:17,2026-06-22 16:24:48,True,numeric,0.53,-0.042285714285714246,1792.5166666666667
MAH-03-02602,36966469,1-X-2 / 2 goals Up,1-X-2 / Ventaja 2 goles,1,6,6,Czech Republic - South Africa,EUR,1.78,1.78,2026-06-18 09:36:33,2026-06-18 09:40:13,False,string,3.6500000000000004,0.0,3.6666666666666665
MAH-11-10008,36966486,Away-side combo (bet builder),Marruecos,Morocco to win both halves y Over 3.5 goals,6,6,Scotland - Morocco,EUR,9.62,9.56,2026-06-19 18:01:14,2026-06-19 18:34:02,False,string,2.58,-0.006237006237006071,32.8
2083472,36966553,To score 2 or more goals (Star Substitute),Marcar 2 goles o más (Suplente Estrella),Havertz,6,6,Germany - Ivory Coast,EUR,7.35,7.35,2026-06-20 19:11:52,2026-06-20 19:19:30,False,numeric,1202.0,0.009195402298850611,7.633333333333334
MAH-03-02539,36966612,To score 2 or more goals (Star Substitute),Marcar 2 goles o más (Suplente Estrella),Mbappe,6,6,France - Iraq,EUR,2.88,2.98,2026-06-22 11:26:06,2026-06-22 16:30:09,True,string,17.5,0.03084223013048637,304.05
2366603,36024491,Team to score a penalty,Equipo en marcar gol de penalti durante el partido,Canada,6,6,Canada - Bosnia And Herzegovina,EUR,3.23,3.23,2026-06-11 13:47:36,2026-06-11 13:52:14,False,numeric,3.3200000000000003,-0.37884615384615383,4.633333333333334
2624613,37214947,To score or assist (Star Substitute),Marcar gol o asistir (Suplente Estrella),Oyarzabal,6,6,Spain - Peru,PEN,1.5,1.5,2026-06-08 19:07:23,2026-06-09 00:53:37,False,numeric,4.54,0.0,346.23333333333335
2398881,33890416,Anytime goalscorer (Star Substitute),Goleador durante el partido (Suplente Estrella),Mbappe,6,6,France - Senegal,EUR,1.86,1.86,2026-06-16 14:55:07,2026-06-16 14:56:09,False,numeric,9.1,0.0,1.0333333333333334
MAH-19-39003,33890211,1-X-2 / 2 goals Up,1-X-2 / Ventaja 2 goles,1,6,6,Argentina - Algeria,EUR,1.37,1.39,2026-06-12 17:24:15,2026-06-15 18:19:41,False,string,1.0499999999999998,-0.08991228070175443,4375.433333333333
2567989,36024520,1-X-2 / 2 goals Up,1-X-2 / Ventaja 2 goles,1,6,6,Portugal - Democratic Republic of the Congo,EUR,1.28,1.28,2026-06-16 12:35:10,2026-06-17 16:48:52,False,numeric,0.79,0.015873015873015817,1693.7
1361572,36966593,To score 2 or more goals (Star Substitute),Marcar 2 goles o más (Suplente Estrella),Lukaku,6,8,Belgium - Iran,EUR,6.0,6.0,2026-06-21 15:27:48,2026-06-21 15:33:40,True,numeric,0.86,-0.04761904761904756,5.866666666666666
1353770,33890290,1-X-2 / 2 goals Up,1-X-2 / Ventaja 2 goles,2,6,6,Haiti - Scotland,EUR,1.57,1.57,2026-06-13 03:06:11,2026-06-13 03:07:58,True,numeric,247.5,0.0,1.7833333333333334
1353770,33890291,1-X-2 / 2 goals Up,1-X-2 / Ventaja 2 goles,1,6,6,Brazil - Morocco,EUR,1.67,1.67,2026-06-13 03:06:11,2026-06-13 03:07:58,True,numeric,247.5,0.0121212121212122,1.7833333333333334
MAH-03-24282,36966612,Anytime goalscorer (Star Substitute),Goleador durante el partido (Suplente Estrella),Mbappe,6,6,France - Iraq,EUR,1.33,1.33,2026-06-21 13:24:19,2026-06-21 13:33:10,False,string,5.24,-0.08904109589041087,8.85
MAH-21-14001,36024491,1-X-2 / 2 goals Up,1-X-2 / Ventaja 2 goles,1,6,6,Canada - Bosnia And Herzegovina,EUR,1.77,1.81,2026-06-10 08:00:16,2026-06-11 23:28:01,False,string,465.06,0.03639846743295028,2367.75
1983036,36024518,Match,Partido,Over 2.5 goals y Over 7.5 corners,6,6,Iraq - Norway,EUR,2.04,2.04,2026-06-15 07:38:14,2026-06-16 21:59:38,False,numeric,11.17,0.04221105527638187,2301.4
1878977,36966528,1-X-2 / 2 goals Up,1-X-2 / Ventaja 2 goles,2,6,6,Tunisia - Japan,EUR,1.52,1.52,2026-06-18 17:07:36,2026-06-18 18:00:11,False,numeric,42.5,0.07801418439716312,52.583333333333336
MAH-01-05253,36966612,Home-side combo (bet builder),Francia,France win y Mbappe to score,6,6,France - Iraq,EUR,1.49,1.49,2026-06-22 18:06:14,2026-06-22 18:27:04,False,string,5.2,0.0,20.833333333333332
MAH-05-15184,37238914,1-X-2 / 2 goals Up,1-X-2 / Ventaja 2 goles,1,6,6,Malaga - Las Palmas,EUR,2.1,2.1,2026-06-10 15:29:35,2026-06-10 15:34:18,False,string,76.67,0.06060606060606055,4.716666666666667
1442420,36024520,Home-side combo (bet builder),Portugal,Portugal win y A goal in both halves,6,6,Portugal - Democratic Republic of the Congo,EUR,1.85,1.86,2026-06-17 16:13:56,2026-06-17 16:15:53,False,numeric,1.44,0.0009009009009008917,1.95
MAH-03-03686,36966553,1-X-2 / 2 goals Up,1-X-2 / Ventaja 2 goles,1,6,6,Germany - Ivory Coast,EUR,1.48,1.45,2026-06-19 12:51:22,2026-06-20 16:03:15,False,string,17.46,0.07299270072992699,1631.8833333333334
MAH-06-22001,36966472,1-X-2 / 2 goals Up,1-X-2 / Ventaja 2 goles,1,6,6,Canada - Qatar,EUR,1.27,1.27,2026-06-17 20:29:58,2026-06-17 20:34:11,False,string,17.8,0.03252032520325199,4.216666666666667
MAH-05-15181,33890290,1-X-2 / 2 goals Up,1-X-2 / Ventaja 2 goles,2,6,6,Haiti - Scotland,EUR,1.51,1.51,2026-06-13 16:38:37,2026-06-13 16:49:44,False,string,60.33,-0.03821656050955413,11.116666666666667
2138429,36024518,Match,Partido,Norway win y Both teams to score in both halves,6,6,Iraq - Norway,PEN,26.0,26.0,2026-06-16 09:38:11,2026-06-16 09:45:34,True,numeric,8.0,0.0,7.383333333333334
MAH-04-64055,36966486,Shots on target (Star Substitute),Remates a puerta Achraf (Suplente Estrella),2 or more,6,6,Scotland - Morocco,EUR,5.4,5.4,2026-06-17 10:37:25,2026-06-17 15:03:17,False,string,18.75,-0.09523809523809525,265.8666666666667
MAH-05-13001,36966638,Home-side combo (bet builder),Inglaterra,"England win, England to score in both halves y Over 8.5 corners",6,6,England - Ghana,EUR,3.27,3.27,2026-06-21 18:15:37,2026-06-21 18:16:46,False,string,0.78,0.01869158878504673,1.15
2480701,33890304,1-X-2 / 2 goals Up,1-X-2 / Ventaja 2 goles,1,6,6,Netherlands - Japan,PEN,2.0,2.0,2026-06-13 03:47:45,2026-06-13 19:10:11,False,numeric,41.879999999999995,0.005025125628140614,922.4333333333333
MAH-05-15222,33890313,1st half: Corners,1º tiempo: Corners,4 or more,6,6,Spain - Cape Verde,EUR,1.41,1.41,2026-06-13 16:56:29,2026-06-13 16:59:46,False,string,6.0,-0.007042253521126751,3.283333333333333
MAH-06-22001,36966473,1-X-2 / 2 goals Up,1-X-2 / Ventaja 2 goles,1,6,6,Switzerland - Bosnia And Herzegovina,EUR,1.52,1.52,2026-06-17 20:29:58,2026-06-17 20:34:11,False,string,17.8,-0.006535947712418277,4.216666666666667
MAH-05-15184,33890419,1-X-2 / 2 goals Up,1-X-2 / Ventaja 2 goles,2,6,6,Ghana - Panama,EUR,3.12,3.12,2026-06-17 16:58:44,2026-06-17 17:01:28,False,string,17.92,-0.0031948881789136685,2.7333333333333334
MAH-01-12122,33890210,Match corners,Corners durante el partido,9 or more,6,6,Austria - Jordan,EUR,1.78,1.78,2026-06-16 15:41:21,2026-06-16 15:49:25,False,string,0.94,0.011363636363636465,8.066666666666666
2477869,33890312,Shots (Star Substitute),Remates Valverde (Suplente Estrella),3 or more,6,6,Saudi Arabia - Uruguay,EUR,2.51,2.51,2026-06-12 15:23:40,2026-06-12 15:39:29,False,numeric,520.0,0.29381443298969057,15.816666666666666
MAH-03-02539,36966609,To score 2 or more goals (Star Substitute),Marcar 2 goles o más (Suplente Estrella),Lionel Messi,6,6,Argentina - Austria,EUR,6.05,6.05,2026-06-22 11:26:06,2026-06-22 16:30:09,True,string,12.5,-0.042666666666666686,304.05
MAH-11-07003,36966591,To score or assist (Star Substitute),Marcar gol o asistir (Suplente Estrella),Oyarzabal,6,6,Spain - Saudi Arabia,EUR,1.43,1.31,2026-06-18 14:20:49,2026-06-21 09:13:50,False,string,1.2,0.06015037593984953,4013.016666666667
MAH-06-22001,33890220,1-X-2 / 2 goals Up,1-X-2 / Ventaja 2 goles,2,6,6,Uzbekistan - Colombia,EUR,1.36,1.35,2026-06-17 20:29:58,2026-06-17 20:34:11,False,string,17.8,0.049095607235142204,4.216666666666667
MAH-03-24242,36024518,1-X-2 / 2 goals Up,1-X-2 / Ventaja 2 goles,2,6,6,Iraq - Norway,EUR,1.17,1.17,2026-06-16 13:00:29,2026-06-16 13:02:16,False,string,32.1,-0.025000000000000022,1.7833333333333334
MAH-08-37003,33890313,Match,Partido,Over 2.5 goals y Oyarzabal to score,6,6,Spain - Cape Verde,EUR,1.72,1.72,2026-06-12 10:17:16,2026-06-15 09:19:40,False,string,4.98,0.0085714285714286,4262.4
833483,36966549,1-X-2 / 2 goals Up,1-X-2 / Ventaja 2 goles,2,6,10,Netherlands - Sweden,EUR,4.81,4.81,2026-06-18 07:50:24,2026-06-18 07:52:52,True,numeric,1.78,0.05021834061135366,2.466666666666667
MAH-19-28002,36966549,1-X-2 / 2 goals Up,1-X-2 / Ventaja 2 goles,1,6,6,Netherlands - Sweden,EUR,1.75,1.75,2026-06-19 17:26:50,2026-06-20 15:36:02,False,string,19.63,0.04091816367265481,1329.2
1768913,36024491,1-X-2 / 2 goals Up,1-X-2 / Ventaja 2 goles,1,6,6,Canada - Bosnia And Herzegovina,EUR,1.82,1.8,2026-06-10 17:41:00,2026-06-12 16:31:19,False,numeric,1.17,0.045019157088122576,2810.3166666666666
MAH-11-07003,36966591,Team corners,Corners equipo,Spain 8 or more,6,6,Spain - Saudi Arabia,EUR,1.76,1.76,2026-06-19 17:51:46,2026-06-20 19:05:16,False,string,3.37,0.05389221556886237,1513.5
MAH-05-15222,33890299,1st half: Corners,1º tiempo: Corners,4 or more,6,6,Belgium - Egypt,EUR,1.53,1.53,2026-06-13 16:56:29,2026-06-13 16:59:46,False,string,6.0,0.10869565217391308,3.283333333333333
MAH-11-07006,33890306,Home-side combo (bet builder),Alemania,A goal in both halves y Kimmich 2 or more shots on target,6,6,Germany - Curaçao,EUR,4.06,4.06,2026-06-12 16:04:52,2026-06-14 12:04:22,False,string,1.02,0.06733167082294267,2639.5
MAH-04-08204,37238914,Match fouls,Faltas durante el partido,28 or more,6,6,Malaga - Las Palmas,EUR,1.71,1.71,2026-06-10 18:55:36,2026-06-10 18:58:24,False,string,59.75,0.0,2.8
1544386,36966609,1-X-2 / 2 goals Up,1-X-2 / Ventaja 2 goles,1,6,6,Argentina - Austria,EUR,1.42,1.42,2026-06-22 16:55:18,2026-06-22 16:55:52,False,numeric,300.0,0.007092198581560183,0.5666666666666667
MAH-11-04004,37362550,Match,Partido,Over 1.5 half time goals y Both teams to score in second half,6,6,FC Aktobe - FC Astana,EUR,9.35,9.4,2026-06-21 13:21:55,2026-06-21 13:41:01,False,string,1.36,0.003208556149732633,19.1
MAH-03-27834,33890211,Home-side combo (bet builder),Argentina,Argentina win y Over 2.5 goals,6,6,Argentina - Algeria,EUR,2.24,2.24,2026-06-15 09:46:48,2026-06-15 10:02:27,False,string,1.3499999999999999,-0.05485232067510548,15.65
MAH-03-24951,36024493,1-X-2 / 2 goals Up,1-X-2 / Ventaja 2 goles,2,6,6,Sweden - Tunisia,EUR,3.98,3.98,2026-06-14 18:50:49,2026-06-14 18:56:38,False,string,24.52,-0.09339407744874706,5.816666666666666
MAH-04-08204,33890306,Team goals,Goles equipo,Germany 4 or more,6,6,Germany - Curaçao,EUR,1.74,1.74,2026-06-14 12:01:30,2026-06-14 12:02:38,False,string,30.0,-0.05434782608695654,1.1333333333333333
MAH-01-01670,33890259,Away-side combo (bet builder),Suiza,Switzerland win y A goal in both halves,6,6,Qatar - Switzerland,EUR,1.81,1.81,2026-06-11 19:32:29,2026-06-13 12:43:27,False,string,0.96,0.030476190476190435,2470.9666666666667
2336805,33890220,Away-side combo (bet builder),Colombia,Colombia win y Luis Diaz to score,6,6,Uzbekistan - Colombia,EUR,2.55,2.55,2026-06-17 11:41:32,2026-06-17 19:35:28,False,numeric,2.16,0.05371900826446274,473.93333333333334
MAH-03-03871,33890304,Match,Partido,Over 2.5 goals y Over 7.5 corners,6,6,Netherlands - Japan,EUR,2.43,2.49,2026-06-14 13:45:11,2026-06-14 17:53:30,False,string,12.0,0.019444444444444525,248.31666666666666
1322453,36966611,To score or assist (Star Substitute),Marcar gol o asistir (Suplente Estrella),Haaland,6,6,Norway - Senegal,EUR,1.7,1.7,2026-06-22 16:53:12,2026-06-22 20:46:09,False,numeric,9.43,-0.005847953216374324,232.95
2134535,33890313,Player most passes (voiding in case of tie),Jugador en dar más pases,Cubarsi,6,6,Spain - Cape Verde,EUR,4.49,4.49,2026-06-15 15:16:25,2026-06-15 15:55:42,True,numeric,200.0,0.0,39.28333333333333
2104470,36024491,Match fouls,Faltas durante el partido,32 or more,6,6,Canada - Bosnia And Herzegovina,EUR,2.31,2.31,2026-06-12 18:18:09,2026-06-12 18:18:54,False,numeric,60.0,0.0,0.75
1361572,36966609,To score or assist (Star Substitute),Marcar gol o asistir (Suplente Estrella),Lionel Messi,6,12,Argentina - Austria,EUR,1.54,1.54,2026-06-21 15:27:48,2026-06-21 15:33:40,True,numeric,0.8400000000000001,0.006535947712418277,5.866666666666666
MAH-03-24951,37275587,1-X-2 / 2 goals Up,1-X-2 / Ventaja 2 goles,1,6,6,Malaga - Almeria,EUR,2.1,2.1,2026-06-14 18:50:49,2026-06-14 18:56:38,False,string,24.52,-0.02777777777777779,5.816666666666666
MAH-04-08204,33890312,Match fouls,Faltas durante el partido,28 or more,6,6,Saudi Arabia - Uruguay,EUR,1.81,1.81,2026-06-15 21:01:43,2026-06-15 21:03:00,False,string,58.8,0.0,1.2833333333333334
MAH-01-01410,36966549,1-X-2 / 2 goals Up,1-X-2 / Ventaja 2 goles,1,6,6,Netherlands - Sweden,EUR,1.66,1.63,2026-06-17 19:01:26,2026-06-20 16:54:55,False,string,18.6,-0.010978043912175717,4193.483333333334
MAH-01-13372,37311600,Match,Partido,Both teams to score y Tom Lonergan to score,6,6,Waterford United FC - Shamrock Rovers,EUR,3.77,3.77,2026-06-19 12:41:36,2026-06-19 18:24:32,False,string,3.27,0.013008130081300884,342.93333333333334
MAH-01-13171,36024520,Player to Score Free-Kick,Marcar gol de falta directa,Cristiano Ronaldo,6,6,Portugal - Democratic Republic of the Congo,EUR,19.0,19.0,2026-06-17 16:17:13,2026-06-17 16:25:10,False,string,1.21,0.0,7.95
MAH-01-51281,33890313,Player to score in 1st half,Jugador en meter gol en el 1º tiempo,Gavi,6,6,Spain - Cape Verde,EUR,6.5,6.5,2026-06-15 15:37:49,2026-06-15 15:56:40,False,string,2.3200000000000003,0.0,18.85
MAH-01-13432,36966593,Match corners,Corners durante el partido,9 or more,6,6,Belgium - Iran,EUR,1.78,1.78,2026-06-21 18:46:47,2026-06-21 18:51:36,False,string,600.0,0.02408477842003857,4.816666666666666
MAH-11-08001,36024518,To score or assist (Star Substitute),Marcar gol o asistir (Suplente Estrella),Haaland,6,6,Iraq - Norway,EUR,1.26,1.25,2026-06-13 14:01:30,2026-06-15 21:20:33,False,string,0.46,-0.020671834625323033,3319.05
1936306,37275587,1st half: Team corners,1º tiempo: Corners equipo,Malaga 2 or more,6,6,Malaga - Almeria,EUR,1.37,1.4,2026-06-12 17:32:25,2026-06-14 10:52:06,False,numeric,1.33,-0.0036231884057969324,2479.6833333333334
MAH-21-14001,36966593,1-X-2 / 2 goals Up,1-X-2 / Ventaja 2 goles,1,6,6,Belgium - Iran,EUR,1.42,1.43,2026-06-16 21:41:57,2026-06-21 01:41:42,False,string,122.62,0.009456264775413706,5999.75
MAH-01-55212,36966550,Anytime goalscorer (Star Substitute),Goleador durante el partido (Suplente Estrella),Kenji Gorré,6,6,Ecuador - Curaçao,EUR,10.0,10.0,2026-06-18 08:28:10,2026-06-20 12:30:25,False,string,24.59,0.04210526315789469,3122.25
1639909,36966609,Player to score a penalty (No penalty shootout),Marcar gol de penalti (No tanda de penaltis),Lionel Messi,6,6,Argentina - Austria,EUR,6.55,6.55,2026-06-20 23:22:52,2026-06-22 00:15:43,False,numeric,8.0,0.015503875968992276,1492.85
MAH-01-13171,36966549,Player to Score Free-Kick,Marcar gol de falta directa,Memphis Depay,6,6,Netherlands - Sweden,EUR,39.0,39.0,2026-06-20 15:47:41,2026-06-20 16:13:02,False,string,1.65,0.0,25.35
2214574,37310664,To be carded (only players and in play)(Star Substitute),Recibir tarjeta (sólo jugadores y en juego) (Suplente Estrella),Saud Abdulhamid,6,6,Spain - Saudi Arabia,EUR,6.5,8.05,2026-06-21 17:13:52,2026-06-21 17:37:45,False,numeric,150.0,,23.883333333333333
MAH-01-49413,36024518,1-X-2 / 2 goals Up,1-X-2 / Ventaja 2 goles,2,6,6,Iraq - Norway,EUR,1.2,1.18,2026-06-14 05:58:46,2026-06-16 09:40:57,False,string,133.34,-0.005555555555555573,3102.1833333333334
1858556,36024520,Team corners,Corners equipo,Democratic Republic of the Congo 4 or more,6,6,Portugal - Democratic Republic of the Congo,EUR,3.03,3.03,2026-06-14 19:51:39,2026-06-14 19:52:40,False,numeric,64.0,0.11397058823529393,1.0166666666666666
MAH-11-04001,37330427,Match,Partido,Over 2.5 goals y Over 7.5 corners,6,6,Vila Nova Go - Nautico,EUR,2.46,2.46,2026-06-20 13:50:41,2026-06-20 19:21:58,False,string,0.8200000000000001,0.0,331.28333333333336
2139246,36966612,Anytime goalscorer (Star Substitute),Goleador durante el partido (Suplente Estrella),Mbappe,6,6,France - Iraq,EUR,1.38,1.46,2026-06-21 16:02:58,2026-06-22 20:46:54,False,numeric,22.62,-0.0365296803652968,1723.9333333333334
430294,36024491,1-X-2 / 2 goals Up,1-X-2 / Ventaja 2 goles,1,6,6,Canada - Bosnia And Herzegovina,EUR,1.79,1.82,2026-06-11 14:27:37,2026-06-12 18:48:08,False,numeric,8.76,0.03448275862068965,1700.5166666666667
MAH-11-04004,37368285,Match,Partido,Under 0.5 half time goals y Both teams to score in second half,6,6,OCS Olympique de Safi - US Yacoub Mansour,EUR,10.84,11.1,2026-06-21 13:28:09,2026-06-21 13:58:57,False,string,1.4000000000000001,0.006038426349496762,30.8
MAH-03-27873,33890444,1-X-2 / 2 goals Up,1-X-2 / Ventaja 2 goles,1,6,6,England - Croatia,EUR,1.66,1.66,2026-06-17 16:25:20,2026-06-17 16:29:18,False,string,1000.0,0.0,3.966666666666667
MAH-03-27781,36966592,Anytime goalscorer (Star Substitute),Goleador durante el partido (Suplente Estrella),Omar Marmoush,6,6,New Zealand - Egypt,EUR,2.54,2.54,2026-06-21 21:25:48,2026-06-21 21:27:10,False,string,118.74,-0.048689138576779034,1.3666666666666667
2138429,36966472,Match,Partido,Canada win y Both teams to score in both halves,6,6,Canada - Qatar,PEN,26.0,26.0,2026-06-18 09:36:07,2026-06-18 21:59:25,False,numeric,18.5,0.07692307692307691,743.3
1768913,36966473,1-X-2 / 2 goals Up,1-X-2 / Ventaja 2 goles,1,6,6,Switzerland - Bosnia And Herzegovina,EUR,1.56,1.56,2026-06-16 05:34:06,2026-06-17 20:56:27,False,numeric,1.4100000000000001,0.008714596949891037,2362.35
MAH-03-02602,36966473,1-X-2 / 2 goals Up,1-X-2 / Ventaja 2 goles,1,6,6,Switzerland - Bosnia And Herzegovina,EUR,1.51,1.5,2026-06-18 09:36:33,2026-06-18 09:40:13,False,string,3.6500000000000004,-0.014161220043573045,3.6666666666666665
MAH-03-27873,33890299,1-X-2 / 2 goals Up,1-X-2 / Ventaja 2 goles,1,6,6,Belgium - Egypt,EUR,1.46,1.46,2026-06-15 18:21:33,2026-06-15 18:37:55,False,string,1700.0,-0.03311258278145701,16.366666666666667
MAH-01-05341,36966591,1st half: Team corners,1º tiempo: Corners equipo,Saudi Arabia 1 or more,6,6,Spain - Saudi Arabia,EUR,1.46,1.46,2026-06-19 17:29:32,2026-06-21 01:10:51,False,string,8.3,-0.006802721088435382,1901.3166666666666
1865568,33890298,Player most passes (voiding in case of tie),Jugador en dar más pases,Shoja Khalilzadeh,6,6,Iran - New Zealand,EUR,5.15,5.15,2026-06-15 21:23:09,2026-06-16 00:18:49,False,numeric,16.09,-0.0038834951456310886,175.66666666666666
MAH-03-28081,36966486,1-X-2 / 2 goals Up,1-X-2 / Ventaja 2 goles,2,6,6,Scotland - Morocco,EUR,1.56,1.56,2026-06-19 16:31:09,2026-06-19 21:10:19,False,string,2.85,-0.02760736196319008,279.1666666666667
MAH-03-27834,36024520,Home-side combo (bet builder),Portugal,"Portugal win, Over 2.5 goals y Cristiano Ronaldo to score",6,6,Portugal - Democratic Republic of the Congo,EUR,2.41,2.41,2026-06-14 08:07:59,2026-06-17 09:46:22,False,string,1.37,-0.06732026143790841,4418.383333333333
MAH-11-08001,33890299,To score or assist (Star Substitute),Marcar gol o asistir (Suplente Estrella),Kevin De Bruyne,6,6,Belgium - Egypt,EUR,1.88,1.83,2026-06-12 20:48:33,2026-06-15 18:44:54,False,string,0.48000000000000004,-0.019148936170212672,4196.35
MAH-11-10006,36966609,Home-side combo (bet builder),Argentina,Argentina win y Over 2.5 goals,6,6,Argentina - Austria,EUR,2.39,2.39,2026-06-21 11:50:23,2026-06-21 12:15:55,False,string,10.54,0.039130434782608914,25.533333333333335
MAH-01-51281,33890299,To score or assist (Star Substitute),Marcar gol o asistir (Suplente Estrella),Doku,6,6,Belgium - Egypt,EUR,1.96,1.97,2026-06-15 15:50:33,2026-06-15 18:20:38,False,string,1.81,0.0008503401360544135,150.08333333333334
MAH-19-28001,37183317,1-X-2 / 2 goals Up,1-X-2 / Ventaja 2 goles,1,6,6,Universidad Católica - Universidad de Concepción,EUR,1.47,1.47,2026-06-14 16:06:17,2026-06-14 16:12:42,False,string,52.510000000000005,0.035211267605633756,6.416666666666667
2391039,33890211,To score 2 or more goals (Star Substitute),Marcar 2 goles o más (Suplente Estrella),Lionel Messi,6,6,Argentina - Algeria,EUR,5.7,5.7,2026-06-16 18:38:52,2026-06-16 18:41:58,False,numeric,22.119999999999997,0.017857142857143016,3.1
MAH-01-55102,36966485,To score 2 or more goals (Star Substitute),Marcar 2 goles o más (Suplente Estrella),Vinícius,6,6,Brazil - Haiti,EUR,4.6,4.6,2026-06-19 21:50:09,2026-06-19 21:53:27,False,string,2.61,-0.029535864978903037,3.3
MAH-19-39003,33890419,1-X-2 / 2 goals Up,1-X-2 / Ventaja 2 goles,1,6,6,Ghana - Panama,EUR,2.13,2.16,2026-06-15 11:35:46,2026-06-17 19:42:16,False,string,32.22,-0.019480519480519543,3366.5
MAH-03-27766,36966609,Player anytime not to score,No marcará ningún gol,Julian Alvarez,6,6,Argentina - Austria,EUR,1.34,1.34,2026-06-22 16:19:39,2026-06-22 16:26:46,False,string,400.0,0.0,7.116666666666666
MAH-11-04004,37360433,Match,Partido,Under 0.5 half time goals y Both teams to score in second half,6,6,Mas Maghrib A Fes - RSB Berkane,EUR,11.05,11.05,2026-06-21 13:14:15,2026-06-21 13:58:57,False,string,1.2400000000000002,0.0,44.7
MAH-05-15222,33890305,1st half: Corners,1º tiempo: Corners,4 or more,6,6,Ivory Coast - Ecuador,EUR,1.66,1.66,2026-06-13 16:56:29,2026-06-13 16:59:46,False,string,6.0,-0.05142857142857149,3.283333333333333
1605683,36966609,Anytime goalscorer (Star Substitute),Goleador durante el partido (Suplente Estrella),Lionel Messi,6,6,Argentina - Austria,EUR,1.96,1.96,2026-06-21 10:33:17,2026-06-21 17:21:13,False,numeric,1.3900000000000001,0.03315881326352529,407.93333333333334
1453644,33890416,1-X-2 / 2 goals Up,1-X-2 / Ventaja 2 goles,1,5,5,France - Senegal,EUR,1.45,1.47,2026-06-12 22:20:24,2026-06-15 18:44:40,False,numeric,2.0300000000000002,-0.01486486486486489,4104.266666666666
1195286,36024518,1-X-2 / 2 goals Up,1-X-2 / Ventaja 2 goles,2,5,5,Iraq - Norway,EUR,1.2,1.21,2026-06-15 21:24:33,2026-06-16 18:09:56,False,numeric,17.88,0.0033333333333333214,1245.3833333333334
MAH-03-24952,33890211,1-X-2 / 2 goals Up,1-X-2 / Ventaja 2 goles,2,5,5,Argentina - Algeria,EUR,7.85,7.85,2026-06-15 11:36:37,2026-06-15 11:37:38,False,string,5.85,0.2661290322580645,1.0166666666666666
MAH-03-24993,37183511,To score or assist (Star Substitute),Marcar gol o asistir (Suplente Estrella),Harry Kane,5,5,England - Costa Rica,EUR,1.29,1.29,2026-06-09 17:37:19,2026-06-10 18:02:38,False,string,2.5500000000000003,-0.05147058823529416,1465.3166666666666
MAH-11-08001,33890444,To score or assist (Star Substitute),Marcar gol o asistir (Suplente Estrella),Harry Kane,5,5,England - Croatia,EUR,1.8,1.8,2026-06-14 18:51:17,2026-06-15 21:20:33,False,string,0.41000000000000003,0.04767441860465125,1589.2666666666667
MAH-01-49411,36966592,Player to score a penalty (No penalty shootout),Marcar gol de penalti (No tanda de penaltis),Mohamed Salah,5,7,New Zealand - Egypt,EUR,6.0,6.0,2026-06-21 08:12:16,2026-06-21 08:15:14,True,string,6.67,0.0,2.966666666666667
1965742,36966638,Shots (Star Substitute),Remates Bellingham (Suplente Estrella),3 or more,5,5,England - Ghana,EUR,1.61,1.61,2026-06-23 19:12:55,2026-06-23 19:13:25,False,numeric,250.0,0.0,0.5
1353770,36024492,1-X-2 / 2 goals Up,1-X-2 / Ventaja 2 goles,2,5,5,Australia - Turkey,EUR,1.72,1.72,2026-06-13 03:06:11,2026-06-13 03:07:58,True,numeric,235.0,0.023809523809523725,1.7833333333333334
MAH-19-39002,33890210,1-X-2 / 2 goals Up,1-X-2 / Ventaja 2 goles,1,5,5,Austria - Jordan,EUR,1.35,1.32,2026-06-14 10:36:26,2026-06-16 19:33:15,False,string,27.720000000000002,-0.023357664233576658,3416.8166666666666
MAH-04-08081,33890211,1-X-2 / 2 goals Up,1-X-2 / Ventaja 2 goles,1,5,5,Argentina - Algeria,EUR,1.37,1.37,2026-06-12 15:33:36,2026-06-12 15:34:29,False,string,12.5,-0.09868421052631571,0.8833333333333333
MAH-01-55102,33890290,1-X-2 / 2 goals Up,1-X-2 / Ventaja 2 goles,2,5,5,Haiti - Scotland,EUR,1.53,1.53,2026-06-13 18:00:38,2026-06-13 18:04:48,False,string,1.1400000000000001,-0.02547770700636942,4.166666666666667
MAH-04-08081,33890416,1-X-2 / 2 goals Up,1-X-2 / Ventaja 2 goles,1,5,5,France - Senegal,EUR,1.46,1.46,2026-06-12 15:33:36,2026-06-12 15:34:29,False,string,12.5,-0.013513513513513487,0.8833333333333333
MAH-01-49613,36966486,1-X-2 / 2 goals Up,1-X-2 / Ventaja 2 goles,2,5,5,Scotland - Morocco,EUR,1.65,1.65,2026-06-19 17:47:05,2026-06-19 17:49:17,False,string,250.0,0.012269938650306678,2.2
2386337,36966469,1-X-2 / 2 goals Up,1-X-2 / Ventaja 2 goles,1,5,5,Czech Republic - South Africa,EUR,1.84,1.8,2026-06-18 10:08:23,2026-06-18 15:20:28,False,numeric,16.33,0.020224719101123646,312.0833333333333
2266058,33890305,Tackles (Star Substitute),Entradas ganadas (tackles) Alan Minda (Suplente Estrella),2 or more,5,5,Ivory Coast - Ecuador,EUR,3.18,3.18,2026-06-14 22:38:28,2026-06-14 22:42:12,False,numeric,185.0,0.13095238095238093,3.7333333333333334
MAH-03-27862,33890444,To score 2 or more goals (Star Substitute),Marcar 2 goles o más (Suplente Estrella),Harry Kane,5,5,England - Croatia,EUR,7.1,7.1,2026-06-15 13:00:15,2026-06-16 08:36:14,False,string,1.74,-0.020689655172413834,1175.9833333333333
MAH-01-49613,36966485,1-X-2 / 2 goals Up,1-X-2 / Ventaja 2 goles,1,5,5,Brazil - Haiti,EUR,1.09,1.09,2026-06-19 17:47:05,2026-06-19 17:49:17,False,string,250.0,0.0,2.2
MAH-02-02073,36966612,To score 2 or more goals (Star Substitute),Marcar 2 goles o más (Suplente Estrella),Mbappe,5,5,France - Iraq,EUR,3.07,3.07,2026-06-22 14:23:38,2026-06-22 14:27:18,False,string,1.9400000000000002,0.092526690391459,3.6666666666666665
1638448,36966486,1-X-2 / 2 goals Up,1-X-2 / Ventaja 2 goles,2,5,5,Scotland - Morocco,EUR,1.66,1.61,2026-06-19 12:13:05,2026-06-19 21:11:42,False,numeric,56.32,-0.006134969325153295,538.6166666666667
MAH-03-24236,36966612,Hat trick (three or more goals) (Star Substitute),Hat trick (tres o más goles) (Suplente Estrella),Mbappe,5,5,France - Iraq,EUR,8.0,7.4,2026-06-22 15:29:39,2026-06-22 15:43:57,False,string,5.07,0.011920529801324608,14.3
MAH-01-49851,36966638,Hat trick (three or more goals) (Star Substitute),Hat trick (tres o más goles) (Suplente Estrella),Harry Kane,5,11,England - Ghana,EUR,12.0,12.0,2026-06-22 09:18:41,2026-06-22 09:22:56,True,string,3.2,0.5,4.25
MAH-01-49851,36966640,Hat trick (three or more goals) (Star Substitute),Hat trick (tres o más goles) (Suplente Estrella),Cristiano Ronaldo,5,11,Portugal - Uzbekistan,EUR,9.1,9.1,2026-06-22 09:18:41,2026-06-22 09:22:56,True,string,3.13,0.16666666666666674,4.25
MAH-11-10006,36966609,Home-side combo (bet builder),Argentina,Argentina to win both halves y Over 3.5 goals,5,5,Argentina - Austria,EUR,7.62,7.62,2026-06-21 11:44:54,2026-06-21 11:54:05,False,string,7.17,0.09640287769784162,9.183333333333334
2138429,36024520,To score 2 or more goals (Star Substitute),Marcar 2 goles o más (Suplente Estrella),Cristiano Ronaldo,5,5,Portugal - Democratic Republic of the Congo,PEN,4.88,4.83,2026-06-17 16:06:48,2026-06-17 16:59:36,True,numeric,21.3,0.03411513859275037,52.8
1704484,36966612,To score 2 or more goals (Star Substitute),Marcar 2 goles o más (Suplente Estrella),Mbappe,5,5,France - Iraq,EUR,2.82,2.82,2026-06-22 16:39:24,2026-06-22 20:47:53,True,numeric,1.9,0.014234875444839767,248.48333333333332
2214574,37312164,To be carded (only players and in play)(Star Substitute),Recibir tarjeta (sólo jugadores y en juego) (Suplente Estrella),Federico Viñas,5,5,Uruguay - Cape Verde,EUR,9.65,6.3,2026-06-21 22:24:35,2026-06-21 23:29:51,False,numeric,97.0,,65.26666666666667
MAH-01-05428,36966593,1-X-2 / 2 goals Up,1-X-2 / Ventaja 2 goles,1,5,5,Belgium - Iran,EUR,1.42,1.42,2026-06-21 08:04:04,2026-06-21 08:05:06,False,string,0.98,0.007092198581560183,1.0333333333333334
428035,36966591,Home-side combo (bet builder),España,Spain win y A goal in both halves,5,5,Spain - Saudi Arabia,EUR,1.51,1.52,2026-06-17 19:52:40,2026-06-21 12:15:43,False,numeric,1.92,0.003973509933774854,5303.05
2044042,33890220,To score 2 or more goals (Star Substitute),Marcar 2 goles o más (Suplente Estrella),Luis Diaz,5,5,Uzbekistan - Colombia,EUR,7.25,7.25,2026-06-17 19:28:09,2026-06-17 19:28:32,False,numeric,25.0,-0.039735099337748325,0.38333333333333336
MAH-11-10006,36966609,Home-side combo (bet builder),Argentina,"Argentina win, Over 2.5 goals y Lionel Messi to score",5,5,Argentina - Austria,EUR,3.2,3.2,2026-06-21 11:57:07,2026-06-21 12:04:53,False,string,11.75,0.0031347962382446415,7.766666666666667
MAH-01-51871,36966485,To score 2 or more goals (Star Substitute),Marcar 2 goles o más (Suplente Estrella),Vinícius,5,5,Brazil - Haiti,EUR,4.6,4.6,2026-06-19 22:21:55,2026-06-19 22:34:16,False,string,21.5,-0.029535864978903037,12.35
895037,36966612,To score 2 or more goals (Star Substitute),Marcar 2 goles o más (Suplente Estrella),Mbappe,5,5,France - Iraq,EUR,3.13,3.13,2026-06-21 21:21:52,2026-06-22 20:44:09,False,numeric,5.22,0.06903914590747325,1402.2833333333333
MAH-11-08001,33890313,To score or assist (Star Substitute),Marcar gol o asistir (Suplente Estrella),Oyarzabal,5,5,Spain - Cape Verde,EUR,1.3,1.3,2026-06-12 20:48:33,2026-06-15 14:23:45,False,string,0.41000000000000003,-0.012213740458015288,3935.2
1978131,36024518,1-X-2 / 2 goals Up,1-X-2 / Ventaja 2 goles,2,5,5,Iraq - Norway,EUR,1.21,1.19,2026-06-15 13:54:53,2026-06-16 18:29:17,False,numeric,37.27,0.0016666666666666607,1714.4
MAH-18-01007,36966591,To score 2 or more goals (Star Substitute),Marcar 2 goles o más (Suplente Estrella),Oyarzabal,5,5,Spain - Saudi Arabia,EUR,3.66,3.66,2026-06-21 11:32:11,2026-06-21 11:37:35,False,string,1.4500000000000002,-0.03174603174603163,5.4
MAH-11-10006,36966593,Home-side combo (bet builder),Bélgica,Belgium to win both halves y Over 3.5 goals,5,5,Belgium - Iran,EUR,6.48,6.48,2026-06-21 11:46:09,2026-06-21 12:15:55,False,string,5.12,0.11724137931034484,29.766666666666666
MAH-05-15181,36966469,1-X-2 / 2 goals Up,1-X-2 / Ventaja 2 goles,1,5,5,Czech Republic - South Africa,EUR,1.76,1.76,2026-06-17 23:43:21,2026-06-17 23:49:46,False,string,47.5,-0.011235955056179803,6.416666666666667
1639909,36966485,To score 2 or more goals (Star Substitute),Marcar 2 goles o más (Suplente Estrella),Vinícius,5,5,Brazil - Haiti,EUR,4.69,4.74,2026-06-19 14:42:08,2026-06-19 21:19:36,False,numeric,9.59,-0.010548523206751082,397.46666666666664
1361572,36966591,To score 2 or more goals (Star Substitute),Marcar 2 goles o más (Suplente Estrella),Oyarzabal,5,12,Spain - Saudi Arabia,EUR,3.77,3.77,2026-06-21 15:27:48,2026-06-21 15:33:40,True,numeric,0.6900000000000001,-0.002645502645502562,5.866666666666666
MAH-11-07003,36966466,To score or assist (Star Substitute),Marcar gol o asistir (Suplente Estrella),Julián Quiñones,5,5,Mexico - South Korea,EUR,2.31,2.31,2026-06-18 14:20:49,2026-06-18 14:35:17,False,string,4.6899999999999995,-0.008583690987124526,14.466666666666667
MAH-18-01007,36966593,To score 2 or more goals (Star Substitute),Marcar 2 goles o más (Suplente Estrella),Lukaku,5,5,Belgium - Iran,EUR,5.15,5.15,2026-06-21 11:32:11,2026-06-21 11:37:35,False,string,1.4500000000000002,-0.18253968253968245,5.4
2138429,33890220,To score 2 or more goals (Star Substitute),Marcar 2 goles o más (Suplente Estrella),Luis Diaz,5,5,Uzbekistan - Colombia,PEN,7.25,7.25,2026-06-17 16:06:10,2026-06-17 19:28:16,False,numeric,7.3,-0.039735099337748325,202.1
MAH-05-13001,33890416,Home-side combo (bet builder),Francia,France win y Michael Olise to score,5,5,France - Senegal,EUR,3.7,3.7,2026-06-15 15:14:53,2026-06-15 15:17:02,False,string,9.0,-0.013333333333333308,2.15
MAH-01-55102,36966472,1-X-2 / 2 goals Up,1-X-2 / Ventaja 2 goles,2,5,5,Canada - Qatar,EUR,10.17,10.17,2026-06-18 21:25:40,2026-06-18 21:27:56,False,string,1.25,-0.0360189573459716,2.2666666666666666
MAH-04-06655,37214947,Anytime goalscorer (Star Substitute),Goleador durante el partido (Suplente Estrella),Oyarzabal,5,5,Spain - Peru,EUR,2.61,2.61,2026-06-08 15:03:31,2026-06-08 15:04:22,False,string,0.6,0.0,0.85
MAH-08-47003,36966591,Team corners,Corners equipo,Spain 7 or more,5,5,Spain - Saudi Arabia,EUR,1.46,1.46,2026-06-20 09:49:40,2026-06-21 09:41:04,False,string,0.66,0.01388888888888884,1431.4
MAH-02-01737,36966593,1-X-2 / 2 goals Up,1-X-2 / Ventaja 2 goles,1,5,5,Belgium - Iran,EUR,1.39,1.39,2026-06-21 18:14:06,2026-06-21 18:31:02,False,string,28.09,-0.014184397163120588,16.933333333333334
2186169,33890419,Fouls (Star Substitute),Faltas Elisha Owusu (Suplente Estrella),1 or more,5,5,Ghana - Panama,,1.14,1.14,2026-06-17 12:42:11,2026-06-17 12:43:05,False,numeric,62.5,0.0,0.9
2186169,33890444,Fouls (Star Substitute),Faltas Elliot Anderson (Suplente Estrella),1 or more,5,5,England - Croatia,,1.15,1.15,2026-06-17 12:42:11,2026-06-17 12:43:05,False,numeric,62.5,0.0,0.9
MAH-19-39003,36966528,1-X-2 / 2 goals Up,1-X-2 / Ventaja 2 goles,2,5,5,Tunisia - Japan,EUR,1.53,1.48,2026-06-15 15:43:23,2026-06-20 16:48:57,False,string,8.41,0.07234042553191497,7265.566666666667
MAH-08-37003,33890210,1-X-2 / 2 goals Up,1-X-2 / Ventaja 2 goles,1,5,5,Austria - Jordan,EUR,1.3,1.3,2026-06-15 05:09:13,2026-06-15 18:15:41,False,string,2.8899999999999997,-0.051094890510948954,786.4666666666667
MAH-05-15182,36966609,1-X-2 / 2 goals Up,1-X-2 / Ventaja 2 goles,2,5,5,Argentina - Austria,EUR,6.65,6.65,2026-06-22 16:45:20,2026-06-22 16:46:26,False,string,12.51,-0.014814814814814725,1.1
MAH-03-27834,33890444,Home-side combo (bet builder),Inglaterra,England win y Harry Kane first goalscorer,5,5,England - Croatia,EUR,5.15,5.15,2026-06-17 09:28:53,2026-06-17 09:35:04,False,string,1.8,-0.02091254752851701,6.183333333333334
1687175,36966553,1-X-2 / 2 goals Up,1-X-2 / Ventaja 2 goles,1,5,5,Germany - Ivory Coast,EUR,1.53,1.53,2026-06-18 00:22:36,2026-06-20 02:34:43,False,numeric,5.29,0.11824817518248162,3012.116666666667
MAH-03-27781,36966609,To score 2 or more goals (Star Substitute),Marcar 2 goles o más (Suplente Estrella),Lionel Messi,5,5,Argentina - Austria,EUR,5.75,5.75,2026-06-21 21:25:48,2026-06-21 21:26:40,False,string,43.74,-0.07999999999999996,0.8666666666666667
2234678,36966590,1-X-2 / 2 goals Up,1-X-2 / Ventaja 2 goles,1,5,5,Uruguay - Cape Verde,PEN,1.47,1.47,2026-06-16 23:11:36,2026-06-20 05:15:26,False,numeric,0.49,0.0623188405797102,4683.833333333333
MAH-19-68002,37312355,1-X-2 / 2 goals Up,1-X-2 / Ventaja 2 goles,2,5,5,Almeria - Malaga,EUR,3.37,3.37,2026-06-18 18:41:22,2026-06-20 14:41:50,False,string,107.17999999999999,0.012121212121212154,2640.4666666666667
MAH-04-06977,36966593,1-X-2 / 2 goals Up,1-X-2 / Ventaja 2 goles,1,5,5,Belgium - Iran,EUR,1.4,1.41,2026-06-21 13:44:23,2026-06-21 14:46:52,False,string,3.9899999999999998,-2.2204460492503132e-17,62.483333333333334
MAH-01-11006,36966485,Home-side combo (bet builder),Brasil,Brazil win y Vinícius to score,5,5,Brazil - Haiti,EUR,1.84,1.87,2026-06-16 15:58:07,2026-06-18 15:47:17,False,string,0.6000000000000001,0.0021505376344086004,2869.1666666666665
MAH-04-06589,33890444,Team shots on target,Remates a puerta equipo,England 5 or more,5,5,England - Croatia,EUR,1.46,1.46,2026-06-17 19:05:22,2026-06-17 19:06:14,False,string,100.0,0.006896551724137945,0.8666666666666667
MAH-02-01737,36966609,1-X-2 / 2 goals Up,1-X-2 / Ventaja 2 goles,1,5,5,Argentina - Austria,EUR,1.52,1.46,2026-06-21 18:14:06,2026-06-22 08:59:54,False,string,25.93,0.06099290780141842,885.8
MAH-03-03008,36966469,Home-side combo (bet builder),República Checa,"Czech Republic win, Over 8.5 corners y Patrik Schick to score 2 or more goals",5,5,Czech Republic - South Africa,EUR,18.0,18.0,2026-06-18 14:29:56,2026-06-18 14:32:26,False,string,4.0,-0.05319148936170219,2.5
MAH-11-10008,36966480,Home-side combo (bet builder),Estados Unidos,Usa to win both halves y Over 3.5 goals,5,5,Usa - Australia,EUR,9.08,8.0,2026-06-19 18:04:03,2026-06-19 18:34:02,False,string,3.0,-0.09801762114537443,29.983333333333334
2234678,36966593,1-X-2 / 2 goals Up,1-X-2 / Ventaja 2 goles,1,5,5,Belgium - Iran,PEN,1.4,1.4,2026-06-16 23:11:36,2026-06-20 05:15:26,False,numeric,0.49,-0.001418439716312081,4683.833333333333
MAH-01-11002,33890444,1-X-2 / 2 goals Up,1-X-2 / Ventaja 2 goles,1,5,5,England - Croatia,EUR,1.72,1.72,2026-06-16 15:20:53,2026-06-16 15:22:03,False,string,100.0,0.03614457831325302,1.1666666666666667
MAH-04-08204,33890299,Match fouls,Faltas durante el partido,25 or more,5,5,Belgium - Egypt,EUR,1.71,1.71,2026-06-15 18:47:23,2026-06-15 18:48:32,False,string,50.0,0.0,1.15
2386337,36966480,1-X-2 / 2 goals Up,1-X-2 / Ventaja 2 goles,1,5,5,Usa - Australia,EUR,1.6,1.6,2026-06-19 08:23:26,2026-06-19 13:02:22,False,numeric,15.64,0.04705882352941182,278.93333333333334
MAH-19-45005,36966609,1-X-2 / 2 goals Up,1-X-2 / Ventaja 2 goles,1,5,5,Argentina - Austria,EUR,1.42,1.52,2026-06-21 20:20:24,2026-06-22 16:33:39,False,string,557.33,0.03546099290780136,1213.25
MAH-04-07489,36966609,To score 2 or more goals (Star Substitute),Marcar 2 goles o más (Suplente Estrella),Lionel Messi,5,5,Argentina - Austria,EUR,6.2,6.2,2026-06-22 14:25:42,2026-06-22 14:39:06,False,string,1.4100000000000001,-0.008000000000000007,13.4
2234678,36966553,1-X-2 / 2 goals Up,1-X-2 / Ventaja 2 goles,1,5,5,Germany - Ivory Coast,PEN,1.53,1.53,2026-06-16 23:11:36,2026-06-20 05:15:26,False,numeric,0.49,0.11678832116788307,4683.833333333333
MAH-02-01737,36966592,1-X-2 / 2 goals Up,1-X-2 / Ventaja 2 goles,2,5,5,New Zealand - Egypt,EUR,1.58,1.58,2026-06-21 18:14:06,2026-06-21 18:31:02,False,string,28.09,-0.0062893081761006275,16.933333333333334
MAH-01-05428,36966611,1-X-2 / 2 goals Up,1-X-2 / Ventaja 2 goles,1,5,5,Norway - Senegal,EUR,2.25,2.25,2026-06-21 08:04:04,2026-06-21 08:05:06,False,string,0.98,-0.05857740585774063,1.0333333333333334
2625901,37233846,Team corners,Corners equipo,Portugal 6 or more,5,5,Portugal - Nigeria,EUR,1.59,1.58,2026-06-10 00:13:03,2026-06-10 12:24:04,False,numeric,1.44,0.21846153846153857,731.0166666666667
MAH-11-04001,33890304,Match,Partido,Over 2.5 goals y Over 7.5 corners,5,5,Netherlands - Japan,EUR,2.49,2.53,2026-06-14 13:25:44,2026-06-14 14:41:36,False,string,0.7100000000000001,0.04083333333333341,75.86666666666666
MAH-04-07490,36966611,To score 2 or more goals (Star Substitute),Marcar 2 goles o más (Suplente Estrella),Haaland,5,5,Norway - Senegal,EUR,6.2,6.2,2026-06-22 19:10:24,2026-06-22 19:13:22,True,string,65.0,-0.023622047244094446,2.966666666666667
MAH-10-30002,33890299,Match,Partido,Both teams to score y Over 7.5 corners,5,5,Belgium - Egypt,EUR,2.0,2.0,2026-06-15 16:11:18,2026-06-15 16:19:42,False,string,22.5,-0.024390243902438935,8.4
894696,36966591,1-X-2 / 2 goals Up,1-X-2 / Ventaja 2 goles,1,5,5,Spain - Saudi Arabia,EUR,1.1,1.1,2026-06-19 19:10:50,2026-06-19 19:26:38,False,numeric,136.66,0.0185185185185186,15.8
MAH-01-05428,36966592,1-X-2 / 2 goals Up,1-X-2 / Ventaja 2 goles,2,5,5,New Zealand - Egypt,EUR,1.58,1.58,2026-06-21 08:04:04,2026-06-21 08:05:06,False,string,0.98,-0.0062893081761006275,1.0333333333333334
1403762,36024518,1-X-2 / 2 goals Up,1-X-2 / Ventaja 2 goles,2,5,5,Iraq - Norway,EUR,1.19,1.19,2026-06-12 15:46:54,2026-06-16 21:10:47,False,numeric,15.11,-0.0016666666666666607,6083.883333333333
1353770,36966611,1-X-2 / 2 goals Up,1-X-2 / Ventaja 2 goles,1,5,7,Norway - Senegal,EUR,2.17,2.17,2026-06-22 11:21:20,2026-06-22 11:21:51,False,numeric,235.0,-0.09205020920502105,0.5166666666666667
MAH-03-02851,36966611,To score 2 or more goals (Star Substitute),Marcar 2 goles o más (Suplente Estrella),Haaland,5,5,Norway - Senegal,EUR,6.05,6.05,2026-06-22 16:55:40,2026-06-22 17:55:21,False,string,13.34,-0.056692913385826785,59.68333333333333
1641118,36966609,1-X-2 / 2 goals Up,1-X-2 / Ventaja 2 goles,1,5,5,Argentina - Austria,EUR,1.43,1.43,2026-06-22 14:17:25,2026-06-22 16:44:02,False,numeric,30.82,0.019858156028368823,146.61666666666667
MAH-01-13172,36966611,To score 2 or more goals (Star Substitute),Marcar 2 goles o más (Suplente Estrella),Haaland,5,5,Norway - Senegal,EUR,6.3,6.3,2026-06-22 20:14:34,2026-06-22 20:15:28,False,string,33.35,-0.007874015748031482,0.9
MAH-19-02001,36024520,1-X-2 / 2 goals Up,1-X-2 / Ventaja 2 goles,1,5,5,Portugal - Democratic Republic of the Congo,EUR,1.26,1.27,2026-06-13 16:26:55,2026-06-16 15:28:09,False,string,4.8100000000000005,0.004761904761904745,4261.233333333334
MAH-11-07003,33890306,Team exact bookings (only players and in play),Número de tarjetas equipo (solo jugadores y en juego),Curaçao 3 or more,5,5,Germany - Curaçao,EUR,2.01,2.0,2026-06-12 12:49:36,2026-06-12 13:03:57,False,string,1.09,-0.2605166051660517,14.35
1642930,36966592,Shots on target each half (Star Substitute),Remates a puerta en cada tiempo Omar Marmoush (Suplente Estrella),1 or more,5,5,New Zealand - Egypt,EUR,3.4,3.4,2026-06-21 14:32:30,2026-06-21 14:37:25,False,numeric,10.83,0.0,4.916666666666667
MAH-11-04001,36966486,1-X-2 / 2 goals Up,1-X-2 / Ventaja 2 goles,2,5,5,Scotland - Morocco,EUR,1.69,1.63,2026-06-17 19:58:33,2026-06-19 21:50:59,False,string,9.379999999999999,0.04171779141104297,2992.4333333333334
1641118,36024520,1-X-2 / 2 goals Up,1-X-2 / Ventaja 2 goles,1,5,5,Portugal - Democratic Republic of the Congo,EUR,1.3,1.3,2026-06-17 05:15:22,2026-06-17 07:42:23,False,numeric,29.12,0.031746031746031855,147.01666666666668
MAH-04-07044,33890416,Saves (Star Substitute),Paradas Mike Maignan (Suplente Estrella),3 or more,5,5,France - Senegal,EUR,2.29,2.29,2026-06-16 17:34:01,2026-06-16 17:34:56,False,string,100.0,-0.029661016949152463,0.9166666666666666
MAH-01-04918,33890259,1-X-2 / 2 goals Up,1-X-2 / Ventaja 2 goles,2,5,5,Qatar - Switzerland,EUR,1.21,1.21,2026-06-11 21:05:21,2026-06-11 21:06:23,False,string,212.5,0.03418803418803429,1.0333333333333334
MAH-19-00901,33890259,1-X-2 / 2 goals Up,1-X-2 / Ventaja 2 goles,2,5,5,Qatar - Switzerland,EUR,1.2,1.2,2026-06-12 11:00:02,2026-06-13 09:00:57,False,string,2.12,0.025641025641025772,1320.9166666666667
1507567,33890304,1-X-2 / 2 goals Up,1-X-2 / Ventaja 2 goles,1,5,5,Netherlands - Japan,EUR,1.97,2.03,2026-06-11 16:41:52,2026-06-14 10:49:40,False,numeric,18.33,0.0070351758793969045,3967.8
MAH-01-51281,36966472,Player to score in 1st half,Jugador en meter gol en el 1º tiempo,Jonathan David,5,5,Canada - Qatar,EUR,4.45,4.45,2026-06-18 18:04:26,2026-06-18 18:18:04,False,string,1.84,0.05188679245283021,13.633333333333333
844747,33890305,Player to score in 1st half,Jugador en meter gol en el 1º tiempo,Yan Diomande,5,7,Ivory Coast - Ecuador,EUR,11.0,11.0,2026-06-14 10:18:07,2026-06-14 10:59:00,True,numeric,1.62,0.0,40.88333333333333
MAH-04-08081,33890312,1-X-2 / 2 goals Up,1-X-2 / Ventaja 2 goles,2,5,5,Saudi Arabia - Uruguay,EUR,1.42,1.42,2026-06-12 15:33:36,2026-06-12 15:34:29,False,string,12.5,-0.0273972602739726,0.8833333333333333
1195286,33890211,1-X-2 / 2 goals Up,1-X-2 / Ventaja 2 goles,1,5,5,Argentina - Algeria,EUR,1.4,1.44,2026-06-15 18:24:37,2026-06-16 18:09:56,False,numeric,18.38,-0.06842105263157898,1425.3166666666666
MAH-03-24956,33890220,1-X-2 / 2 goals Up,1-X-2 / Ventaja 2 goles,2,5,5,Uzbekistan - Colombia,EUR,1.34,1.34,2026-06-17 22:40:40,2026-06-17 22:45:17,False,string,670.0,0.03875968992248069,4.616666666666666
1116653,33890312,Saves (Star Substitute),Paradas Mohammed Al-Owais (Suplente Estrella),3 or more,5,5,Saudi Arabia - Uruguay,,1.51,1.51,2026-06-15 18:02:42,2026-06-15 18:04:15,False,numeric,62.5,-0.03205128205128205,1.55
MAH-04-08081,33890290,1-X-2 / 2 goals Up,1-X-2 / Ventaja 2 goles,2,5,5,Haiti - Scotland,EUR,1.56,1.56,2026-06-12 15:33:36,2026-06-12 15:34:29,False,string,12.5,-0.006369426751592355,0.8833333333333333
1261327,33890259,1-X-2 / 2 goals Up,1-X-2 / Ventaja 2 goles,2,5,5,Qatar - Switzerland,EUR,1.21,1.21,2026-06-13 15:48:57,2026-06-13 15:49:36,False,numeric,500.0,0.03418803418803429,0.65
MAH-19-00903,33890416,1-X-2 / 2 goals Up,1-X-2 / Ventaja 2 goles,1,5,5,France - Senegal,EUR,1.45,1.45,2026-06-16 18:12:21,2026-06-16 18:13:03,False,string,16.65,-0.020270270270270285,0.7
1353770,33890419,1-X-2 / 2 goals Up,1-X-2 / Ventaja 2 goles,1,5,7,Ghana - Panama,EUR,2.34,2.34,2026-06-17 13:58:04,2026-06-17 13:58:32,True,numeric,235.0,0.01298701298701288,0.4666666666666667
2141796,33890416,1-X-2 / 2 goals Up,1-X-2 / Ventaja 2 goles,1,5,5,France - Senegal,EUR,1.46,1.46,2026-06-11 18:19:46,2026-06-11 18:20:05,False,numeric,14.299999999999999,-0.013513513513513487,0.31666666666666665
1715605,36966640,To score 2 or more goals (Star Substitute),Marcar 2 goles o más (Suplente Estrella),Cristiano Ronaldo,5,5,Portugal - Uzbekistan,EUR,2.88,2.88,2026-06-23 13:25:12,2026-06-23 13:26:07,False,numeric,50.0,-0.013698630136986356,0.9166666666666666
MAH-19-68001,33890220,1-X-2 / 2 goals Up,1-X-2 / Ventaja 2 goles,2,5,5,Uzbekistan - Colombia,EUR,1.35,1.38,2026-06-16 19:34:49,2026-06-17 22:24:48,False,string,42.64,0.05426356589147292,1609.9833333333333
871753,36024491,1-X-2 / 2 goals Up,1-X-2 / Ventaja 2 goles,1,5,5,Canada - Bosnia And Herzegovina,EUR,1.83,1.79,2026-06-11 08:40:41,2026-06-12 18:27:12,False,numeric,16.11,0.04137931034482758,2026.5166666666667
1353770,36024491,1-X-2 / 2 goals Up,1-X-2 / Ventaja 2 goles,1,5,7,Canada - Bosnia And Herzegovina,EUR,1.82,1.82,2026-06-12 16:47:53,2026-06-12 16:48:24,True,numeric,226.66,0.04597701149425282,0.5166666666666667
871753,33890304,1-X-2 / 2 goals Up,1-X-2 / Ventaja 2 goles,1,5,5,Netherlands - Japan,EUR,2.06,2.01,2026-06-11 08:40:41,2026-06-14 15:17:54,False,numeric,19.34,0.016080402010050142,4717.216666666666
1687175,33890290,1-X-2 / 2 goals Up,1-X-2 / Ventaja 2 goles,2,5,5,Haiti - Scotland,EUR,1.54,1.57,2026-06-13 08:49:46,2026-06-13 17:51:04,False,numeric,4.28,-0.007643312101910826,541.3
MAH-01-13371,33890238,Home-side combo (bet builder),México,Mexico win y Raúl Jiménez to score,5,5,Mexico - South Africa,EUR,2.72,2.72,2026-06-08 13:46:18,2026-06-11 18:28:28,False,string,11.48,-0.004460966542750899,4602.166666666667
MAH-02-18002,33890305,Most assists - vs (both starters),Más asistencias - Yan Diomande vs Gonzalo Plata (Ambos titulares o se anula),Gonzalo Plata,5,5,Ivory Coast - Ecuador,EUR,11.05,11.05,2026-06-14 09:07:55,2026-06-14 09:11:25,False,string,3.3400000000000003,0.0,3.5
428035,36966550,Home-side combo (bet builder),Ecuador,Ecuador win y A goal in both halves,5,5,Ecuador - Curaçao,EUR,1.54,1.6,2026-06-17 19:51:17,2026-06-20 15:31:20,False,numeric,1.82,-0.05030674846625758,4060.05
MAH-02-18002,33890304,Most goals+assists - vs (both starters),Más goles+asistencias - Cody Gakpo vs Junya Ito (Ambos titulares o se anula),Cody Gakpo,5,5,Netherlands - Japan,EUR,3.27,3.27,2026-06-14 09:07:55,2026-06-14 09:11:25,False,string,3.3400000000000003,0.0,3.5
2234678,36966528,1-X-2 / 2 goals Up,1-X-2 / Ventaja 2 goles,2,5,5,Tunisia - Japan,PEN,1.51,1.51,2026-06-16 23:11:36,2026-06-20 05:15:26,False,numeric,0.49,0.08368794326241144,4683.833333333333
MAH-01-13172,36966612,To score 2 or more goals (Star Substitute),Marcar 2 goles o más (Suplente Estrella),Mbappe,5,5,France - Iraq,EUR,2.8,2.8,2026-06-22 20:14:34,2026-06-22 20:15:28,False,string,33.35,-0.003558718861210064,0.9
MAH-19-96003,37275587,1-X-2 / 2 goals Up,1-X-2 / Ventaja 2 goles,1,5,5,Malaga - Almeria,EUR,2.24,2.24,2026-06-14 13:20:10,2026-06-14 14:38:31,False,string,2.88,0.03240740740740735,78.35
MAH-21-14001,36966486,1-X-2 / 2 goals Up,1-X-2 / Ventaja 2 goles,2,5,5,Scotland - Morocco,EUR,1.63,1.6,2026-06-19 21:25:45,2026-06-19 21:56:00,False,string,270.0,-0.01104294478527601,30.25
1197209,36966611,1-X-2 / 2 goals Up,1-X-2 / Ventaja 2 goles,X,5,5,Norway - Senegal,EUR,3.35,3.35,2026-06-22 23:00:03,2026-06-22 23:00:30,False,numeric,500.0,0.0,0.45
MAH-03-28044,36966592,1-X-2 / 2 goals Up,1-X-2 / Ventaja 2 goles,2,5,5,New Zealand - Egypt,EUR,1.54,1.54,2026-06-21 21:22:30,2026-06-21 21:27:10,False,string,1500.0,-0.03144654088050314,4.666666666666667
MAH-01-04918,33890290,1-X-2 / 2 goals Up,1-X-2 / Ventaja 2 goles,2,5,5,Haiti - Scotland,EUR,1.55,1.55,2026-06-11 21:05:21,2026-06-11 21:06:23,False,string,212.5,-0.01273885350318471,1.0333333333333334
894696,36966485,1-X-2 / 2 goals Up,1-X-2 / Ventaja 2 goles,1,5,5,Brazil - Haiti,EUR,1.11,1.11,2026-06-15 21:10:29,2026-06-15 21:14:19,False,numeric,125.0,0.01834862385321112,3.8333333333333335
MAH-04-08204,37254588,Match fouls,Faltas durante el partido,33 or more,5,5,Brazil - Morocco,EUR,1.68,1.78,2026-06-13 22:18:09,2026-06-13 22:20:18,False,string,50.0,,2.15
MAH-03-24283,36966612,To score 2 or more goals (Star Substitute),Marcar 2 goles o más (Suplente Estrella),Mbappe,5,5,France - Iraq,EUR,2.98,2.93,2026-06-20 22:59:05,2026-06-22 17:38:50,False,string,1.35,0.0676156583629893,2559.75
MAH-05-13001,36966640,Home-side combo (bet builder),Portugal,Portugal win y Both teams to score,5,5,Portugal - Uzbekistan,EUR,2.92,2.92,2026-06-23 15:59:19,2026-06-23 16:03:14,False,string,15.76,-0.0034129692832765013,3.9166666666666665
MAH-04-08081,36024520,1-X-2 / 2 goals Up,1-X-2 / Ventaja 2 goles,1,5,5,Portugal - Democratic Republic of the Congo,EUR,1.26,1.26,2026-06-12 15:33:36,2026-06-12 15:34:29,False,string,12.5,0.0,0.8833333333333333
MAH-25-00008,36966612,To score 2 or more goals (Star Substitute),Marcar 2 goles o más (Suplente Estrella),Mbappe,5,5,France - Iraq,EUR,3.05,3.05,2026-06-22 09:06:31,2026-06-22 14:00:33,False,string,6.47,0.08540925266903909,294.03333333333336
MAH-11-07003,36966485,To score or assist (Star Substitute),Marcar gol o asistir (Suplente Estrella),Vinícius,5,5,Brazil - Haiti,EUR,1.38,1.38,2026-06-18 14:20:49,2026-06-19 15:00:26,False,string,0.7000000000000001,-0.0014492753623188027,1479.6166666666666
MAH-01-49852,36024492,Match throw-ins,Saques de banda durante el partido,43 or more,5,8,Australia - Turkey,EUR,2.3,2.3,2026-06-12 21:21:25,2026-06-12 21:31:57,True,string,3.71,0.27071823204419876,10.533333333333333
1966683,33890306,Player to score in fisrt ten minutes (from 0:00 to 9:59),Jugador en meter gol en los 10 primeros minutos (del 0:00 al 9:59),Havertz,5,5,Germany - Curaçao,EUR,8.75,8.75,2026-06-14 15:01:49,2026-06-14 16:50:27,False,numeric,1.1600000000000001,-0.04371584699453557,108.63333333333334
1885150,36024520,Player to score in fisrt ten minutes (from 0:00 to 9:59),Jugador en meter gol en los 10 primeros minutos (del 0:00 al 9:59),Cristiano Ronaldo,5,5,Portugal - Democratic Republic of the Congo,EUR,11.0,11.0,2026-06-17 12:00:41,2026-06-17 16:18:19,True,numeric,22.55,0.0,257.6333333333333
MAH-25-02003,33890304,Match throw-ins,Saques de banda durante el partido,34 or more,5,5,Netherlands - Japan,EUR,1.66,1.66,2026-06-14 16:38:19,2026-06-14 16:38:50,False,string,281.01,-0.005988023952095856,0.5166666666666667
MAH-03-28133,36966611,To score or assist (Star Substitute),Marcar gol o asistir (Suplente Estrella),Haaland,5,5,Norway - Senegal,EUR,1.63,1.63,2026-06-22 12:59:54,2026-06-22 13:57:55,False,string,1.87,-0.04678362573099415,58.016666666666666
MAH-11-03004,33890444,Player to score in fisrt ten minutes (from 0:00 to 9:59),Jugador en meter gol en los 10 primeros minutos (del 0:00 al 9:59),Harry Kane,5,5,England - Croatia,EUR,12.0,13.0,2026-06-17 16:06:37,2026-06-17 19:38:25,False,string,41.0,0.08016877637130797,211.8
MAH-23-01902,36024518,Team corners,Corners equipo,Iraq 3 or more,5,5,Iraq - Norway,PEN,2.1,2.1,2026-06-16 15:11:32,2026-06-16 20:27:38,False,string,1.57,-0.06034482758620681,316.1
MAH-19-56001,33890416,Team corners,Corners equipo,Senegal 4 or more,5,5,France - Senegal,EUR,2.21,2.21,2026-06-16 15:51:57,2026-06-16 15:52:49,False,string,1.0,-0.0045045045045045695,0.8666666666666667
MAH-04-06655,36966553,Team corners,Corners equipo,Ivory Coast 4 or more,5,5,Germany - Ivory Coast,EUR,1.91,1.91,2026-06-19 10:35:53,2026-06-19 10:36:44,False,string,0.8500000000000001,0.055248618784530246,0.85
1444858,36024520,Shots on target (Star Substitute),Remates a puerta Cristiano Ronaldo (Suplente Estrella),3 or more,5,11,Portugal - Democratic Republic of the Congo,EUR,2.92,2.92,2026-06-17 16:17:59,2026-06-17 16:25:54,True,numeric,3.5,0.03546099290780136,7.916666666666667
MAH-04-07604,36024520,Shots on target (Star Substitute),Remates a puerta Cristiano Ronaldo (Suplente Estrella),2 or more,5,5,Portugal - Democratic Republic of the Congo,EUR,1.65,1.65,2026-06-17 16:17:38,2026-06-17 16:19:24,False,string,100.0,0.0060975609756097615,1.7666666666666666
MAH-19-00602,36966486,Team corners,Corners equipo,Scotland 3 or more,5,5,Scotland - Morocco,EUR,1.5,1.5,2026-06-19 14:25:59,2026-06-19 14:37:50,False,string,810.0,0.0,11.85
MAH-03-24282,36966593,Anytime goalscorer (Star Substitute),Goleador durante el partido (Suplente Estrella),Lukaku,5,5,Belgium - Iran,EUR,1.81,1.91,2026-06-20 16:07:16,2026-06-21 17:12:04,False,string,1.36,-0.1130434782608695,1504.8
1762069,36024493,To score or assist (Star Substitute),Marcar gol o asistir (Suplente Estrella),Viktor Gyokeres,5,5,Sweden - Tunisia,EUR,1.95,1.95,2026-06-13 23:35:48,2026-06-14 16:46:37,False,numeric,2.6,0.04278074866310155,1030.8166666666666
1511212,36024492,To score or assist (Star Substitute),Marcar gol o asistir (Suplente Estrella),Arda Güler,5,5,Australia - Turkey,EUR,1.83,1.83,2026-06-13 00:30:59,2026-06-14 01:21:46,False,numeric,0.8200000000000001,-4.4408920985006264e-17,1490.7833333333333
MAH-11-08001,33890211,To score or assist (Star Substitute),Marcar gol o asistir (Suplente Estrella),Julian Alvarez,5,5,Argentina - Algeria,EUR,1.89,1.91,2026-06-13 14:01:30,2026-06-15 18:44:54,False,string,0.4,-0.0010362694300518171,3163.4
MAH-11-07003,36966553,To score or assist (Star Substitute),Marcar gol o asistir (Suplente Estrella),Havertz,5,5,Germany - Ivory Coast,EUR,1.67,1.67,2026-06-18 14:20:49,2026-06-19 15:00:26,False,string,0.7000000000000001,-0.01744186046511631,1479.6166666666666
2298666,36966485,Team offsides,Fueras de juego equipo,Brazil 3 or more,5,5,Brazil - Haiti,PEN,2.07,2.07,2026-06-19 19:15:40,2026-06-19 23:01:51,False,numeric,0.9700000000000001,0.0,226.18333333333334
MAH-04-07673,33890304,Match,Partido,Over 2.5 goals y Over 7.5 corners,5,5,Netherlands - Japan,EUR,2.55,2.57,2026-06-14 15:48:46,2026-06-14 19:06:55,False,string,0.81,0.06166666666666667,198.15
MAH-11-10008,36966549,Match,Partido,Over 2.5 goals y Over 7.5 corners,5,5,Netherlands - Sweden,EUR,2.47,2.47,2026-06-19 21:25:42,2026-06-19 21:40:13,False,string,4.05,0.1875,14.516666666666667
2336805,36024520,Match,Partido,Over 2.5 goals y Cristiano Ronaldo 2 or more shots on target,5,5,Portugal - Democratic Republic of the Congo,EUR,2.45,2.42,2026-06-17 00:25:42,2026-06-17 11:14:41,False,numeric,6.09,-0.021428571428571443,648.9833333333333
MAH-04-07673,36966638,Home-side combo (bet builder),Inglaterra,England win y A goal in both halves,5,5,England - Ghana,EUR,1.7,1.78,2026-06-20 21:01:52,2026-06-23 15:58:57,False,string,0.66,0.09250000000000003,4017.0833333333335
1544386,33890309,1-X-2 / 2 goals Up,1-X-2 / Ventaja 2 goles,1,5,5,Usa - Paraguay,EUR,2.04,2.04,2026-06-13 00:55:04,2026-06-13 00:55:31,False,numeric,500.0,0.0049261083743843415,0.45
MAH-05-13001,36966638,Home-side combo (bet builder),Inglaterra,England win y Harry Kane 1 or more assists,5,5,England - Ghana,EUR,4.69,4.69,2026-06-23 16:05:50,2026-06-23 16:10:03,False,string,33.34,-0.01882845188284521,4.216666666666667
MAH-19-28001,37265899,1-X-2 / 2 goals Up,1-X-2 / Ventaja 2 goles,1,5,5,Gremio Novorizontino SP - Nautico,EUR,2.11,2.11,2026-06-14 16:06:17,2026-06-14 16:12:42,False,string,50.010000000000005,0.039408866995073843,6.416666666666667
428285,36966480,Anytime goalscorer (Star Substitute),Goleador durante el partido (Suplente Estrella),Balogun,5,5,Usa - Australia,EUR,2.26,2.26,2026-06-16 23:32:56,2026-06-19 18:57:06,False,numeric,0.9,-0.04958677685950422,4044.1666666666665
MAH-03-27778,36966638,Match corners,Corners durante el partido,8 or more,5,5,England - Ghana,EUR,1.46,1.46,2026-06-20 19:51:11,2026-06-20 19:51:55,False,string,5.550000000000001,-0.07006369426751602,0.7333333333333333
MAH-11-10007,33890312,Away-side combo (bet builder),Uruguay,Uruguay win y Over 2.5 goals,5,5,Saudi Arabia - Uruguay,EUR,2.44,2.44,2026-06-15 15:53:22,2026-06-15 15:57:38,False,string,3.35,-0.016129032258064502,4.266666666666667
MAH-11-07003,36966480,To score or assist (Star Substitute),Marcar gol o asistir (Suplente Estrella),Balogun,5,5,Usa - Australia,EUR,1.77,1.77,2026-06-18 14:20:49,2026-06-19 15:00:26,False,string,0.7000000000000001,0.0011299435028248705,1479.6166666666666
MAH-04-06710,33890309,1-X-2 / 2 goals Up,1-X-2 / Ventaja 2 goles,1,5,5,Usa - Paraguay,EUR,2.09,2.09,2026-06-12 21:34:02,2026-06-12 21:35:11,False,string,100.0,0.029556650246305383,1.15
MAH-01-04870,33890220,Away-side combo (bet builder),Colombia,Colombia win y James Rodríguez 1 or more assists,5,5,Uzbekistan - Colombia,EUR,3.45,3.45,2026-06-17 17:10:30,2026-06-17 17:32:37,False,string,15.84,-0.011461318051575908,22.116666666666667
MAH-05-13001,36966485,Home-side combo (bet builder),Brasil,Brazil win y Raphinha to score,5,5,Brazil - Haiti,EUR,1.95,1.95,2026-06-19 09:55:48,2026-06-19 09:59:44,False,string,2.11,-0.02010050251256279,3.933333333333333
MAH-04-07224,33890313,Anytime goalscorer (Star Substitute),Goleador durante el partido (Suplente Estrella),Oyarzabal,5,5,Spain - Cape Verde,EUR,1.58,1.5,2026-06-12 17:32:30,2026-06-14 08:35:17,False,string,0.49,-0.01558441558441559,2342.7833333333333
MAH-01-05341,36966550,1st half: Team corners,1º tiempo: Corners equipo,Curaçao 1 or more,5,5,Ecuador - Curaçao,EUR,1.76,1.77,2026-06-19 17:32:00,2026-06-20 22:53:51,False,string,7.64,-0.011299435028248594,1761.85
MAH-03-27173,36966553,1-X-2 / 2 goals Up,1-X-2 / Ventaja 2 goles,1,5,5,Germany - Ivory Coast,EUR,1.45,1.45,2026-06-20 13:45:29,2026-06-20 13:52:16,False,string,95.84,0.058394160583941535,6.783333333333333
MAH-01-13372,36966480,Home-side combo (bet builder),Estados Unidos,Usa win y Balogun to score,5,5,Usa - Australia,EUR,2.95,2.96,2026-06-19 12:47:59,2026-06-19 18:24:32,False,string,3.0,-0.021621621621621578,336.55
931196,33890291,Saves (Star Substitute),Paradas Alisson (Suplente Estrella),4 or more,5,5,Brazil - Morocco,EUR,3.77,3.77,2026-06-13 21:27:51,2026-06-13 21:51:59,False,numeric,165.0,0.0,24.133333333333333
2055245,36966611,Team throw-ins,Saques de banda equipo,Norway 19 or more,5,5,Norway - Senegal,EUR,2.57,2.57,2026-06-21 19:42:34,2026-06-22 16:59:14,False,numeric,4.91,0.0,1276.6666666666667
2266058,37312164,Team goal kicks,Saques de puerta equipo,Uruguay 5 or more,5,5,Uruguay - Cape Verde,EUR,1.62,1.6,2026-06-21 23:23:37,2026-06-21 23:24:07,False,numeric,2025.0,,0.5
MAH-11-07006,33890306,Team exact bookings (only players and in play),Número de tarjetas equipo (solo jugadores y en juego),Curaçao 3 or more,5,5,Germany - Curaçao,EUR,1.73,1.73,2026-06-11 19:57:07,2026-06-11 20:06:57,False,string,1.26,-0.36162361623616235,9.833333333333334
MAH-01-51282,37330424,Anytime goalscorer,Goleador durante el partido,Marcos Paulo,5,5,Sao Bernardo FC SP - Juventude,EUR,10.0,10.0,2026-06-21 10:59:09,2026-06-21 15:51:33,False,string,1.6500000000000001,0.0,292.4
MAH-03-03660,36024480,Team corners,Corners equipo,Czech Republic 6 or more,5,5,South Korea - Czech Republic,EUR,2.93,2.93,2026-06-11 15:06:32,2026-06-11 15:07:34,False,string,29.48,-0.19283746556473824,1.0333333333333334
432986,33890299,Shots (Star Substitute),Remates Doku (Suplente Estrella),3 or more,5,5,Belgium - Egypt,EUR,1.83,1.83,2026-06-15 18:50:21,2026-06-15 18:50:49,True,numeric,500.0,0.0,0.4666666666666667
844747,36966591,Player to score in fisrt ten minutes (from 0:00 to 9:59),Jugador en meter gol en los 10 primeros minutos (del 0:00 al 9:59),Oyarzabal,5,9,Spain - Saudi Arabia,EUR,9.1,9.1,2026-06-21 10:30:10,2026-06-21 15:59:52,True,numeric,0.76,0.0,329.7
2332354,33890211,Shots (Star Substitute),Remates Ibrahim Maza (Suplente Estrella),2 or more,5,5,Argentina - Algeria,EUR,2.42,2.42,2026-06-17 00:53:40,2026-06-17 00:55:27,True,numeric,125.0,0.0,1.7833333333333334
MAH-01-53321,33890313,Shots (Star Substitute),Remates Gavi (Suplente Estrella),3 or more,5,5,Spain - Cape Verde,EUR,2.01,2.01,2026-06-15 15:40:14,2026-06-15 15:41:12,False,string,500.0,-0.009852216748768461,0.9666666666666667
MAH-03-03355,33890304,Team corners,Corners equipo,Netherlands 5 or more,5,5,Netherlands - Japan,EUR,1.46,1.46,2026-06-13 11:25:48,2026-06-13 11:29:35,False,string,1.25,-0.0931677018633541,3.783333333333333
MAH-01-13372,36966612,Home-side combo (bet builder),Francia,"France win, Over 8.5 corners y Mbappe to score 2 or more goals",5,5,France - Iraq,EUR,4.19,4.22,2026-06-22 19:53:17,2026-06-22 20:16:36,False,string,3.0100000000000002,0.01320754716981134,23.316666666666666
MAH-01-13171,36966612,Player to score in fisrt ten minutes (from 0:00 to 9:59),Jugador en meter gol en los 10 primeros minutos (del 0:00 al 9:59),Mbappe,5,5,France - Iraq,EUR,8.2,8.2,2026-06-22 15:27:50,2026-06-22 15:49:40,False,string,0.93,-0.025454545454545487,21.833333333333332
MAH-04-07248,36966480,Team corners,Corners equipo,Australia 6 or more,5,5,Usa - Australia,EUR,6.3,6.3,2026-06-19 13:29:39,2026-06-19 13:30:54,False,string,0.36,-0.08029197080291972,1.25
1624919,37327082,Shots (Star Substitute),Remates Mandi (Suplente Estrella),1 or more,5,5,Jordan - Algeria,EUR,4.68,3.22,2026-06-23 04:23:56,2026-06-23 04:35:14,False,numeric,125.0,,11.3
1642930,36966591,Assists (Star Substitute),Asistencias Lamine Yamal (Suplente Estrella),1 or more,5,5,Spain - Saudi Arabia,EUR,2.17,2.17,2026-06-21 14:32:30,2026-06-21 14:38:11,False,numeric,9.17,-0.004587155963302836,5.683333333333334
1552905,33890304,1-X-2 / 2 goals Up,1-X-2 / Ventaja 2 goles,2,5,5,Netherlands - Japan,EUR,3.44,3.62,2026-06-14 14:19:43,2026-06-14 18:41:55,False,numeric,33.6,-0.02258953168044071,262.2
1900013,36966609,To score from outside the box (Star Substitute),Marcar gol desde fuera del área (Suplente Estrella),Lionel Messi,5,5,Argentina - Austria,EUR,5.15,5.15,2026-06-21 17:25:19,2026-06-22 15:08:07,False,numeric,81.47,-0.050841121495327005,1302.8
MAH-03-24592,33890444,Home-side combo (bet builder),Inglaterra,"England win, Over 8.5 corners y Harry Kane to score",5,5,England - Croatia,EUR,4.69,4.72,2026-06-14 10:41:54,2026-06-15 21:14:39,False,string,1.77,0.032456140350877315,2072.75
MAH-11-07003,36024518,Player to score a penalty (No penalty shootout),Marcar gol de penalti (No tanda de penaltis),Haaland,5,5,Iraq - Norway,EUR,11.0,11.0,2026-06-16 16:15:19,2026-06-16 16:22:36,False,string,6.83,-0.009009009009009028,7.283333333333333
MAH-11-08005,37275587,Shots on target (Star Substitute),Remates a puerta Miguel de la Fuente (Suplente Estrella),2 or more,5,5,Malaga - Almeria,EUR,3.5,3.5,2026-06-14 09:13:09,2026-06-14 09:14:39,False,string,100.0,0.0,1.5
MAH-08-10005,36966486,Team corners,Corners equipo,Scotland 3 or more,5,5,Scotland - Morocco,EUR,1.46,1.46,2026-06-19 11:07:34,2026-06-19 11:10:47,False,string,47.76,-0.026666666666666727,3.216666666666667
MAH-03-27778,36966609,Match corners,Corners durante el partido,8 or more,5,5,Argentina - Austria,EUR,1.66,1.66,2026-06-20 19:51:11,2026-06-20 19:51:55,False,string,5.550000000000001,-0.0292397660818714,0.7333333333333333
2347197,33890416,1-X-2 / 2 goals Up,1-X-2 / Ventaja 2 goles,1,5,5,France - Senegal,EUR,1.49,1.47,2026-06-14 21:41:05,2026-06-16 08:04:24,False,numeric,10.69,-0.0013513513513513597,2063.3166666666666
2142009,33890444,Anytime goalscorer (Star Substitute),Goleador durante el partido (Suplente Estrella),Bellingham,5,5,England - Croatia,EUR,4.09,4.09,2026-06-17 19:41:57,2026-06-17 19:42:23,False,numeric,500.0,0.0,0.43333333333333335
MAH-19-20001,36966480,Hat trick (three or more goals) (Star Substitute),Hat trick (tres o más goles) (Suplente Estrella),Balogun,5,5,Usa - Australia,EUR,31.0,31.0,2026-06-19 18:56:09,2026-06-19 18:58:52,False,string,19.03,0.0,2.716666666666667
MAH-01-00260,36966638,Team corners,Corners equipo,Ghana 3 or more,5,5,England - Ghana,EUR,2.1,2.2,2026-06-23 19:56:02,2026-06-23 19:57:20,False,string,500.0,0.023809523809523836,1.3
MAH-04-07044,36971426,Shots (Star Substitute),Remates Arda Güler (Suplente Estrella),3 or more,5,5,Turkey - Paraguay,EUR,1.71,1.71,2026-06-17 12:00:41,2026-06-17 12:01:40,False,string,100.0,0.0,0.9833333333333333
MAH-11-07003,36966486,To score or assist (Star Substitute),Marcar gol o asistir (Suplente Estrella),Brahim,5,5,Scotland - Morocco,EUR,2.1,2.11,2026-06-18 14:20:49,2026-06-19 15:00:26,False,string,0.7000000000000001,-0.014953271028037517,1479.6166666666666
TPV-19-02001,36024480,1-X-2 / 2 goals Up,1-X-2 / Ventaja 2 goles,1,5,5,South Korea - Czech Republic,EUR,2.61,2.61,2026-06-11 17:43:41,2026-06-11 17:44:29,False,string,1.1,0.031620553359683834,0.8
1516441,33890416,Player most passes (voiding in case of tie),Jugador en dar más pases,Upamecano,5,13,France - Senegal,EUR,6.35,6.35,2026-06-15 22:14:48,2026-06-15 22:46:57,True,numeric,6.57,0.0,32.15
2206808,33890211,Team goal kicks,Saques de puerta equipo,Algeria 9 or more,5,5,Argentina - Algeria,PEN,2.71,2.71,2026-06-16 03:34:57,2026-06-16 03:36:29,False,numeric,1000.0,0.5,1.5333333333333334
1516441,36024518,Player most passes (voiding in case of tie),Jugador en dar más pases,Sander Berge,5,13,Iraq - Norway,EUR,4.49,4.49,2026-06-15 22:14:48,2026-06-15 22:46:57,True,numeric,6.84,0.37730061349693284,32.15
MAH-21-14002,33890304,1-X-2 / 2 goals Up,1-X-2 / Ventaja 2 goles,1,5,5,Netherlands - Japan,EUR,2.0,2.0,2026-06-12 21:23:31,2026-06-14 16:27:46,False,string,272.69,0.009045226130653195,2584.25
1516441,36024520,Player most passes (voiding in case of tie),Jugador en dar más pases,Vitinha,5,17,Portugal - Democratic Republic of the Congo,EUR,4.54,4.54,2026-06-15 22:14:48,2026-06-15 22:46:57,True,numeric,6.57,0.3511904761904763,32.15
2206808,36024493,Team goal kicks,Saques de puerta equipo,Tunisia 8 or more,5,5,Sweden - Tunisia,PEN,1.89,1.89,2026-06-14 09:11:54,2026-06-14 09:13:08,False,numeric,550.0,0.0,1.2333333333333334
2206808,36024493,Team goal kicks,Saques de puerta equipo,Tunisia 9 or more,5,5,Sweden - Tunisia,PEN,2.47,2.47,2026-06-14 09:11:48,2026-06-14 09:12:54,False,numeric,390.0,0.0,1.1
MAH-04-07419,36966591,Anytime goalscorer (Star Substitute),Goleador durante el partido (Suplente Estrella),Dani Olmo,5,5,Spain - Saudi Arabia,EUR,2.09,2.09,2026-06-21 15:21:05,2026-06-21 15:38:44,False,string,2.13,-0.004761904761904856,17.65
1470172,37254583,Team throw-ins,Saques de banda equipo,Mexico 20 or more,5,5,Mexico - South Africa,,1.71,1.81,2026-06-11 19:08:05,2026-06-11 19:12:49,False,numeric,125.0,,4.733333333333333
MAH-04-07419,36966592,Anytime goalscorer (Star Substitute),Goleador durante el partido (Suplente Estrella),Omar Marmoush,5,5,New Zealand - Egypt,EUR,2.51,2.61,2026-06-21 15:21:05,2026-06-21 21:56:07,False,string,0.79,-0.05243445692883899,395.03333333333336
2347197,36024518,1-X-2 / 2 goals Up,1-X-2 / Ventaja 2 goles,2,5,5,Iraq - Norway,EUR,1.2,1.21,2026-06-14 21:41:05,2026-06-16 08:04:24,False,numeric,10.69,0.0016666666666666607,2063.3166666666666
2347197,36024520,1-X-2 / 2 goals Up,1-X-2 / Ventaja 2 goles,1,5,5,Portugal - Democratic Republic of the Congo,EUR,1.28,1.28,2026-06-14 21:41:05,2026-06-16 08:04:24,False,numeric,10.69,0.014285714285714235,2063.3166666666666
2555563,33890444,1-X-2 / 2 goals Up,1-X-2 / Ventaja 2 goles,1,5,5,England - Croatia,EUR,1.73,1.73,2026-06-13 06:52:57,2026-06-16 21:41:22,False,numeric,10.22,0.03975903614457836,5208.416666666667
MAH-04-07150,36966591,Team corners,Corners equipo,Spain 7 or more,5,5,Spain - Saudi Arabia,EUR,1.49,1.49,2026-06-21 08:13:54,2026-06-21 15:39:04,False,string,0.45,0.02361111111111116,445.1666666666667
MAH-01-51281,36966553,Anytime goalscorer (Star Substitute),Goleador durante el partido (Suplente Estrella),Havertz,5,5,Germany - Ivory Coast,EUR,2.14,2.06,2026-06-20 17:51:56,2026-06-20 18:24:39,False,string,1.51,-0.03240740740740744,32.71666666666667
1687175,36024520,1-X-2 / 2 goals Up,1-X-2 / Ventaja 2 goles,1,5,5,Portugal - Democratic Republic of the Congo,EUR,1.27,1.27,2026-06-15 23:05:11,2026-06-17 01:59:02,False,numeric,24.0,0.012698412698412698,1613.85
1544386,36966473,1-X-2 / 2 goals Up,1-X-2 / Ventaja 2 goles,1,5,5,Switzerland - Bosnia And Herzegovina,EUR,1.53,1.53,2026-06-18 18:58:09,2026-06-18 18:58:59,False,numeric,232.0,0.0,0.8333333333333334
MAH-03-27834,33890313,Anytime goalscorer (Star Substitute),Goleador durante el partido (Suplente Estrella),Oyarzabal,5,5,Spain - Cape Verde,EUR,1.47,1.45,2026-06-13 08:22:39,2026-06-14 09:04:06,False,string,0.5700000000000001,-0.05324675324675332,1481.45
1544386,36966472,1-X-2 / 2 goals Up,1-X-2 / Ventaja 2 goles,1,5,5,Canada - Qatar,EUR,1.29,1.29,2026-06-18 18:58:09,2026-06-18 18:58:59,False,numeric,232.0,0.04878048780487809,0.8333333333333334
2295552,33890444,Team corners,Corners equipo,Croatia 4 or more,5,5,England - Croatia,EUR,1.71,1.91,2026-06-15 15:45:37,2026-06-17 19:14:56,False,numeric,0.63,-0.07329842931937172,3089.3166666666666
MAH-19-96003,33890309,1-X-2 / 2 goals Up,1-X-2 / Ventaja 2 goles,1,5,5,Usa - Paraguay,EUR,2.09,2.09,2026-06-12 15:31:34,2026-06-12 20:59:10,False,string,2.87,0.029556650246305383,327.6
1865568,33890416,Player most passes (voiding in case of tie),Jugador en dar más pases,Upamecano,5,5,France - Senegal,EUR,6.35,6.35,2026-06-16 00:12:42,2026-06-16 00:18:49,False,numeric,6.09,0.0,6.116666666666666
2134535,33890444,Player most passes (voiding in case of tie),Jugador en dar más pases,Elliot Anderson,5,9,England - Croatia,EUR,4.84,4.84,2026-06-15 22:18:33,2026-06-16 10:39:37,True,numeric,49.0,0.14851485148514848,741.0666666666667
MAH-19-20001,36966485,Hat trick (three or more goals) (Star Substitute),Hat trick (tres o más goles) (Suplente Estrella),Vinícius,5,5,Brazil - Haiti,EUR,13.0,13.0,2026-06-19 18:57:06,2026-06-20 00:25:01,False,string,122.53,0.0,327.9166666666667
MAH-03-27832,36966609,Match,Partido,Both teams to score y A goal in both halves,5,5,Argentina - Austria,EUR,2.27,2.27,2026-06-19 09:45:17,2026-06-19 09:51:37,False,string,0.54,-0.14015151515151514,6.333333333333333
2077394,37254598,Anytime goalscorer (Star Substitute),Goleador durante el partido (Suplente Estrella),Sorloth,5,5,Iraq - Norway,EUR,2.05,2.05,2026-06-16 22:06:15,2026-06-16 22:06:39,False,numeric,250.0,,0.4
1353770,33890305,1-X-2 / 2 goals Up,1-X-2 / Ventaja 2 goles,1,5,5,Ivory Coast - Ecuador,EUR,3.09,3.09,2026-06-14 19:09:03,2026-06-14 19:16:52,False,numeric,235.0,-0.06079027355623101,7.816666666666666
MAH-03-27778,36966612,Match corners,Corners durante el partido,9 or more,5,5,France - Iraq,EUR,1.63,1.63,2026-06-20 19:51:11,2026-06-20 19:51:55,False,string,5.550000000000001,0.012422360248447006,0.7333333333333333
MAH-19-45003,33890416,1-X-2 / 2 goals Up,1-X-2 / Ventaja 2 goles,1,5,5,France - Senegal,EUR,1.44,1.46,2026-06-16 12:06:51,2026-06-16 15:33:51,False,string,148.79,-0.018918918918918927,207.0
MAH-11-10007,33890299,Home-side combo (bet builder),Bélgica,"Belgium win, Over 8.5 corners y Doku to score 2 or more goals",5,5,Belgium - Egypt,EUR,24.95,24.95,2026-06-15 15:43:49,2026-06-15 16:01:53,False,string,2.33,0.19190476190476188,18.066666666666666
MAH-03-27778,36966593,Match corners,Corners durante el partido,9 or more,5,5,Belgium - Iran,EUR,1.69,1.69,2026-06-20 19:51:11,2026-06-20 19:51:55,False,string,5.550000000000001,-0.023121387283236983,0.7333333333333333
MAH-03-27778,36966591,Match corners,Corners durante el partido,10 or more,5,5,Spain - Saudi Arabia,EUR,1.69,1.69,2026-06-20 19:51:11,2026-06-20 19:51:55,False,string,5.550000000000001,0.030487804878048808,0.7333333333333333
MAH-04-07755,36966473,Anytime goalscorer (Star Substitute),Goleador durante el partido (Suplente Estrella),Xhaka,5,5,Switzerland - Bosnia And Herzegovina,EUR,5.1,5.1,2026-06-18 18:37:57,2026-06-18 18:39:06,False,string,100.0,0.0,1.15
MAH-04-07640,36966473,Home-side combo (bet builder),Suiza,Switzerland win y Breel Embolo to score,5,5,Switzerland - Bosnia And Herzegovina,EUR,2.82,2.81,2026-06-18 18:23:04,2026-06-18 18:41:47,False,string,50.0,0.006428571428571406,18.716666666666665
MAH-03-27834,36024520,Home-side combo (bet builder),Portugal,Portugal to win 1st half y Portugal to win 2nd half,5,5,Portugal - Democratic Republic of the Congo,EUR,2.83,2.83,2026-06-17 09:16:13,2026-06-17 09:30:09,False,string,1.28,-0.03741496598639449,13.933333333333334
MAH-03-24956,33890419,1-X-2 / 2 goals Up,1-X-2 / Ventaja 2 goles,1,5,5,Ghana - Panama,EUR,2.24,2.24,2026-06-17 22:40:40,2026-06-17 22:45:17,False,string,670.0,-0.030303030303030276,4.616666666666666
1639909,36966486,Anytime goalscorer (Star Substitute),Goleador durante el partido (Suplente Estrella),Ismael Saibari,5,5,Scotland - Morocco,EUR,3.03,3.03,2026-06-19 15:01:45,2026-06-19 21:14:51,False,numeric,7.51,0.0,373.1
MAH-03-03679,37265484,Anytime goalscorer (Star Substitute),Goleador durante el partido (Suplente Estrella),Cristiano Ronaldo,5,5,Portugal - Democratic Republic of the Congo,EUR,1.67,1.65,2026-06-17 17:10:41,2026-06-17 17:12:06,False,string,50.0,,1.4166666666666667
MAH-03-02602,36966480,1-X-2 / 2 goals Up,1-X-2 / Ventaja 2 goles,1,5,5,Usa - Australia,EUR,1.56,1.56,2026-06-18 09:36:33,2026-06-18 09:37:29,False,string,3.3000000000000003,0.019607843137254832,0.9333333333333333
2214574,37280895,To be carded (only players and in play)(Star Substitute),Recibir tarjeta (sólo jugadores y en juego) (Suplente Estrella),Richie Laryea,5,5,Canada - Qatar,EUR,7.95,6.8,2026-06-18 22:48:08,2026-06-18 23:33:47,False,numeric,108.0,,45.65
MAH-04-07224,33890444,Anytime goalscorer (Star Substitute),Goleador durante el partido (Suplente Estrella),Harry Kane,5,5,England - Croatia,EUR,2.2,2.21,2026-06-14 08:34:39,2026-06-17 09:25:01,False,string,0.55,0.09306930693069315,4370.366666666667
1116653,33890419,1st half: Corners,1º tiempo: Corners,4 or more,5,5,Ghana - Panama,EUR,1.66,1.66,2026-06-17 19:08:49,2026-06-17 19:53:33,False,numeric,225.0,0.012195121951219523,44.733333333333334
MAH-03-03008,36966485,Home-side combo (bet builder),Brasil,"Brazil win, Vinícius 3 or more shots on target y Bruno Guimarães 3 or more shots on target",5,5,Brazil - Haiti,EUR,41.0,41.0,2026-06-19 14:36:54,2026-06-19 15:47:05,False,string,6.0,0.0,70.18333333333334
MAH-11-07006,33890290,1-X-2 / 2 goals Up,1-X-2 / Ventaja 2 goles,2,5,5,Haiti - Scotland,EUR,1.55,1.55,2026-06-11 19:57:07,2026-06-11 20:06:57,False,string,1.26,-0.01273885350318471,9.833333333333334
2581790,33890291,1-X-2 / 2 goals Up,1-X-2 / Ventaja 2 goles,1,5,5,Brazil - Morocco,PEN,1.62,1.67,2026-06-10 20:28:25,2026-06-13 00:46:02,False,numeric,0.64,-0.007272727272727231,3137.616666666667
MAH-03-27832,36966612,To score or assist (Star Substitute),Marcar gol o asistir (Suplente Estrella),Michael Olise,5,5,France - Iraq,EUR,1.26,1.26,2026-06-19 09:45:17,2026-06-19 09:51:37,False,string,0.54,-0.052631578947368474,6.333333333333333
2409293,33890291,1-X-2 / 2 goals Up,1-X-2 / Ventaja 2 goles,2,5,5,Brazil - Morocco,EUR,5.5,5.5,2026-06-13 19:37:19,2026-06-13 19:39:35,False,numeric,170.0,0.06796116504854366,2.2666666666666666
MAH-01-51281,33890313,Hat trick (three or more goals) (Star Substitute),Hat trick (tres o más goles) (Suplente Estrella),Oyarzabal,5,5,Spain - Cape Verde,EUR,9.3,9.9,2026-06-15 10:34:33,2026-06-15 15:58:07,False,string,2.83,-0.022499999999999992,323.56666666666666
MAH-01-13172,33890416,Hat trick (three or more goals) (Star Substitute),Hat trick (tres o más goles) (Suplente Estrella),Mbappe,5,5,France - Senegal,EUR,19.0,19.0,2026-06-16 18:55:26,2026-06-16 18:56:35,False,string,150.0,0.0,1.15
1382013,33890298,Match corners,Corners durante el partido,12 or more,5,5,Iran - New Zealand,EUR,4.58,4.58,2026-06-15 23:48:50,2026-06-16 00:47:48,False,numeric,11.59,-0.027292576419213954,58.96666666666667
1544386,33890299,1-X-2 / 2 goals Up,1-X-2 / Ventaja 2 goles,1,5,5,Belgium - Egypt,EUR,1.58,1.58,2026-06-15 15:42:18,2026-06-15 15:42:46,False,numeric,250.0,0.04635761589403975,0.4666666666666667
MAH-11-08001,33890238,Shots against woodwork,Raúl Jiménez,1 or more,5,5,Mexico - South Africa,EUR,9.8,9.8,2026-06-11 08:48:07,2026-06-11 08:50:05,False,string,53.5,0.0,1.9666666666666666
1768913,33890419,1-X-2 / 2 goals Up,1-X-2 / Ventaja 2 goles,1,5,5,Ghana - Panama,EUR,2.29,2.35,2026-06-16 05:31:36,2026-06-17 20:56:27,False,numeric,1.94,-0.008658008658008653,2364.85
MAH-01-13372,36966609,Match,Partido,Both teams to score y Lionel Messi to score,5,5,Argentina - Austria,EUR,3.65,3.6,2026-06-21 20:07:12,2026-06-22 16:28:33,False,string,4.97,-0.027397260273972573,1221.35
MAH-01-49793,36966550,2nd Half: Team Cards (only players and in play),2º tiempo: Tarjetas equipo (solo jugadores y en juego),Ecuador 1 or more,5,5,Ecuador - Curaçao,EUR,1.65,1.65,2026-06-20 19:42:41,2026-06-20 19:49:23,False,string,3.62,0.0,6.7
2298666,36966549,Team offsides,Fueras de juego equipo,Sweden 3 or more,5,5,Netherlands - Sweden,PEN,2.61,2.61,2026-06-19 19:15:40,2026-06-19 23:01:51,False,numeric,0.9700000000000001,0.0,226.18333333333334
MAH-04-07297,36966638,Team goals,Goles equipo,England 4 or more,5,5,England - Ghana,EUR,3.57,3.57,2026-06-23 17:36:43,2026-06-23 17:37:39,False,string,100.0,0.056213017751479244,0.9333333333333333
1382013,37291787,Match corners,Corners durante el partido,9 or more,5,5,Scotland - Morocco,EUR,2.45,2.6,2026-06-19 22:51:31,2026-06-19 23:28:50,False,numeric,0.63,,37.31666666666667
MAH-06-16003,36966485,1-X-2 / 2 goals Up,1-X-2 / Ventaja 2 goles,1,5,5,Brazil - Haiti,EUR,1.09,1.09,2026-06-19 10:08:21,2026-06-19 10:09:12,False,string,55.55,0.0,0.85
MAH-19-02001,33890211,1-X-2 / 2 goals Up,1-X-2 / Ventaja 2 goles,1,5,5,Argentina - Algeria,EUR,1.36,1.37,2026-06-13 16:26:55,2026-06-16 15:28:09,False,string,4.8100000000000005,-0.0868421052631579,4261.233333333334
MAH-03-24952,36024518,1-X-2 / 2 goals Up,1-X-2 / Ventaja 2 goles,1,5,5,Iraq - Norway,EUR,11.5,11.5,2026-06-15 11:38:13,2026-06-15 11:39:03,False,string,3.85,-0.029535864978902926,0.8333333333333334
MAH-22-05002,33890444,Anytime goalscorer (Star Substitute),Goleador durante el partido (Suplente Estrella),Harry Kane,5,5,England - Croatia,EUR,2.12,2.12,2026-06-17 17:08:27,2026-06-17 17:09:10,False,string,450.0,0.04950495049504955,0.7166666666666667
MAH-06-11002,36966550,1-X-2 / 2 goals Up,1-X-2 / Ventaja 2 goles,X,5,5,Ecuador - Curaçao,EUR,9.21,9.21,2026-06-20 19:16:10,2026-06-20 19:17:14,False,string,0.5800000000000001,0.0,1.0666666666666667
2618838,33890291,1-X-2 / 2 goals Up,1-X-2 / Ventaja 2 goles,1,5,5,Brazil - Morocco,PEN,1.67,1.65,2026-06-10 05:17:38,2026-06-13 18:59:21,False,numeric,1.02,0.0012121212121212644,5141.716666666666
1442420,33890313,Home-side combo (bet builder),España,Spain wins at half time / Spain wins full time y Oyarzabal to score,5,5,Spain - Cape Verde,EUR,1.84,1.84,2026-06-14 21:55:32,2026-06-15 15:30:58,False,numeric,8.32,-0.010752688172043001,1055.4333333333334
MAH-19-68001,36024493,1-X-2 / 2 goals Up,1-X-2 / Ventaja 2 goles,1,5,5,Sweden - Tunisia,EUR,1.95,1.95,2026-06-13 15:36:46,2026-06-14 14:10:38,False,string,2.39,0.043010752688172005,1353.8666666666666
2627239,33890304,Home-side combo (bet builder),Países Bajos,Netherlands win y Ayase Ueda to score,5,5,Netherlands - Japan,EUR,10.75,11.7,2026-06-12 18:41:27,2026-06-14 15:11:56,False,numeric,2.9699999999999998,-0.07051282051282043,2670.483333333333
MAH-19-00903,36024518,1-X-2 / 2 goals Up,1-X-2 / Ventaja 2 goles,1,5,5,Iraq - Norway,EUR,11.95,11.95,2026-06-16 18:12:21,2026-06-16 18:13:03,False,string,16.65,0.00843881856540074,0.7
1978131,33890210,1-X-2 / 2 goals Up,1-X-2 / Ventaja 2 goles,1,5,5,Austria - Jordan,EUR,1.36,1.33,2026-06-11 18:13:04,2026-06-16 17:17:52,False,numeric,10.34,-0.018978102189781042,7144.8
2140520,33890306,Home-side combo (bet builder),Alemania,Germany to win 1st half y Germany to win 2nd half,5,5,Germany - Curaçao,EUR,1.47,1.46,2026-06-13 18:11:40,2026-06-14 16:07:39,False,numeric,3.0100000000000002,0.013986013986014022,1315.9833333333333
1196284,33890416,1-X-2 / 2 goals Up,1-X-2 / Ventaja 2 goles,1,5,5,France - Senegal,EUR,1.46,1.45,2026-06-12 17:52:51,2026-06-16 18:23:24,False,numeric,28.299999999999997,-0.016216216216216207,5790.55
1768913,36966590,1-X-2 / 2 goals Up,1-X-2 / Ventaja 2 goles,1,5,5,Uruguay - Cape Verde,EUR,1.42,1.45,2026-06-21 16:01:46,2026-06-21 20:36:04,False,numeric,1.39,0.036231884057971044,274.3
MAH-04-07681,33890299,2nd Half: Team Cards (only players and in play),2º tiempo: Tarjetas equipo (solo jugadores y en juego),Belgium 2 or more,5,5,Belgium - Egypt,EUR,2.76,2.76,2026-06-14 16:24:28,2026-06-14 16:25:59,False,string,1.0,0.0036363636363636598,1.5166666666666666
MAH-04-07681,33890306,2nd Half: Team Cards (only players and in play),2º tiempo: Tarjetas equipo (solo jugadores y en juego),Curaçao 2 or more,5,5,Germany - Curaçao,EUR,2.44,2.44,2026-06-14 16:24:28,2026-06-14 16:25:59,False,string,1.0,0.029535864978902815,1.5166666666666666
MAH-04-07681,33890312,2nd Half: Team Cards (only players and in play),2º tiempo: Tarjetas equipo (solo jugadores y en juego),Uruguay 2 or more,5,5,Saudi Arabia - Uruguay,EUR,2.04,2.04,2026-06-14 16:24:28,2026-06-14 16:25:59,False,string,1.0,0.0,1.5166666666666666
MAH-04-07681,33890305,2nd Half: Team Cards (only players and in play),2º tiempo: Tarjetas equipo (solo jugadores y en juego),Ecuador 2 or more,5,5,Ivory Coast - Ecuador,EUR,2.33,2.33,2026-06-14 16:24:28,2026-06-14 16:25:59,False,string,1.0,-0.11068702290076338,1.5166666666666666
MAH-04-07681,33890416,2nd Half: Team Cards (only players and in play),2º tiempo: Tarjetas equipo (solo jugadores y en juego),France 2 or more,5,5,France - Senegal,EUR,2.81,2.81,2026-06-14 16:24:28,2026-06-14 16:25:59,False,string,1.0,0.0,1.5166666666666666
MAH-04-07681,36024493,2nd Half: Team Cards (only players and in play),2º tiempo: Tarjetas equipo (solo jugadores y en juego),Tunisia 2 or more,5,5,Sweden - Tunisia,EUR,2.05,2.05,2026-06-14 16:24:28,2026-06-14 16:25:59,False,string,1.0,0.0,1.5166666666666666
MAH-03-02602,37312355,1-X-2 / 2 goals Up,1-X-2 / Ventaja 2 goles,1,5,5,Almeria - Malaga,EUR,2.0,2.0,2026-06-20 18:11:46,2026-06-20 18:15:30,False,string,6.26,-0.03846153846153855,3.7333333333333334
MAH-04-07681,33890304,2nd Half: Team Cards (only players and in play),2º tiempo: Tarjetas equipo (solo jugadores y en juego),Japan 2 or more,5,5,Netherlands - Japan,EUR,2.27,2.27,2026-06-14 16:24:28,2026-06-14 16:25:59,False,string,1.0,0.0,1.5166666666666666
MAH-02-01737,36966590,1-X-2 / 2 goals Up,1-X-2 / Ventaja 2 goles,1,5,5,Uruguay - Cape Verde,EUR,1.41,1.41,2026-06-21 18:14:06,2026-06-21 18:31:02,False,string,28.09,0.021739130434782705,16.933333333333334
MAH-06-16003,36966550,1-X-2 / 2 goals Up,1-X-2 / Ventaja 2 goles,1,5,5,Ecuador - Curaçao,EUR,1.09,1.09,2026-06-19 10:08:21,2026-06-19 10:09:12,False,string,55.55,-0.018018018018018056,0.85
MAH-11-07003,36024491,1-X-2 / 2 goals Up,1-X-2 / Ventaja 2 goles,1,5,5,Canada - Bosnia And Herzegovina,EUR,1.82,1.81,2026-06-11 13:21:18,2026-06-12 15:05:17,False,string,0.84,0.04367816091954024,1543.9833333333333
MAH-19-96001,36966590,1-X-2 / 2 goals Up,1-X-2 / Ventaja 2 goles,1,5,5,Uruguay - Cape Verde,EUR,1.41,1.41,2026-06-21 18:13:40,2026-06-21 21:02:25,False,string,33.68,0.014492753623188515,168.75
2141796,33890290,1-X-2 / 2 goals Up,1-X-2 / Ventaja 2 goles,2,5,5,Haiti - Scotland,EUR,1.56,1.56,2026-06-11 18:19:46,2026-06-11 18:20:05,False,numeric,14.299999999999999,-0.006369426751592355,0.31666666666666665
MAH-04-07831,33890416,To be carded (only players and in play)(Star Substitute),Recibir tarjeta (sólo jugadores y en juego)(Suplente Estrella),Pathe Ciss,5,5,France - Senegal,EUR,3.62,3.62,2026-06-14 09:45:19,2026-06-14 09:46:25,False,string,100.0,0.0,1.1
2026934,36966611,To score 2 or more goals (Star Substitute),Marcar 2 goles o más (Suplente Estrella),Haaland,5,5,Norway - Senegal,EUR,5.95,6.25,2026-06-20 09:36:42,2026-06-22 15:53:08,False,numeric,4.9399999999999995,-0.015748031496062964,3256.4333333333334
MAH-03-03664,33890298,Anytime goalscorer (Star Substitute),Goleador durante el partido (Suplente Estrella),Taremi,5,5,Iran - New Zealand,EUR,2.68,2.68,2026-06-15 13:04:46,2026-06-15 13:11:24,False,string,5.16,-0.16770186335403725,6.633333333333334
MAH-04-07640,36966472,Anytime goalscorer (Star Substitute),Goleador durante el partido (Suplente Estrella),Jonathan David,5,5,Canada - Qatar,EUR,2.1,2.1,2026-06-18 18:23:04,2026-06-18 18:41:47,False,string,50.0,0.09375,18.716666666666665
MAH-03-27985,36966611,To score 2 or more goals (Star Substitute),Marcar 2 goles o más (Suplente Estrella),Haaland,5,6,Norway - Senegal,EUR,5.75,6.05,2026-06-22 15:22:18,2026-06-22 20:21:09,False,string,7.0,-0.05249343832020997,298.85
MAH-23-01902,36966466,Team corners,Corners equipo,South Korea 4 or more,5,5,Mexico - South Korea,PEN,2.07,2.07,2026-06-18 15:09:58,2026-06-18 18:08:31,False,string,2.5,-0.08810572687224683,178.55
2625901,36966550,Team exact bookings (only players and in play),Número de tarjetas equipo (solo jugadores y en juego),Curaçao 2 or more,5,5,Ecuador - Curaçao,EUR,1.46,1.46,2026-06-20 01:41:15,2026-06-20 18:03:15,False,numeric,1.49,0.039716312056737604,982.0
MAH-03-02732,36024520,Team corners,Corners equipo,Portugal 7 or more,5,5,Portugal - Democratic Republic of the Congo,EUR,1.81,1.81,2026-06-17 15:36:34,2026-06-17 15:38:18,False,string,40.01,0.0,1.7333333333333334
MAH-04-07224,33890416,To be carded (only players and in play)(Star Substitute),Recibir tarjeta (sólo jugadores y en juego)(Suplente Estrella),Pathe Ciss,5,5,France - Senegal,EUR,3.62,3.62,2026-06-14 08:34:39,2026-06-14 08:53:02,False,string,0.5700000000000001,0.0,18.383333333333333
MAH-03-27881,33890259,1-X-2 / 2 goals Up,1-X-2 / Ventaja 2 goles,2,5,5,Qatar - Switzerland,EUR,1.19,1.17,2026-06-09 10:53:55,2026-06-12 09:54:09,False,string,0.51,0.006837606837606813,4260.233333333334
2388067,33890416,Team corners,Corners equipo,Senegal 3 or more,5,5,France - Senegal,EUR,1.5,1.6,2026-06-14 07:44:38,2026-06-16 12:44:56,False,numeric,0.35,0.027027027027027105,3180.3
MAH-01-01270,33890309,1-X-2 / 2 goals Up,1-X-2 / Ventaja 2 goles,1,5,5,Usa - Paraguay,EUR,2.08,2.08,2026-06-11 11:09:13,2026-06-12 21:21:55,False,string,1.1500000000000001,-0.006896551724137856,2052.7
1715605,36966638,To score 2 or more goals (Star Substitute),Marcar 2 goles o más (Suplente Estrella),Harry Kane,5,5,England - Ghana,EUR,3.47,3.47,2026-06-23 13:25:12,2026-06-23 13:26:07,False,numeric,50.0,0.26181818181818195,0.9166666666666666
2141796,36024492,1-X-2 / 2 goals Up,1-X-2 / Ventaja 2 goles,2,5,5,Australia - Turkey,EUR,1.68,1.68,2026-06-11 18:19:46,2026-06-11 18:20:05,False,numeric,14.299999999999999,0.0,0.31666666666666665
MAH-04-06655,36966486,Away-side combo (bet builder),Marruecos,"Morocco win, Both teams to score y Ismael Saibari to score",5,5,Scotland - Morocco,EUR,7.2,7.2,2026-06-19 10:35:53,2026-06-19 10:36:44,False,string,0.8500000000000001,0.006993006993006867,0.85
1353770,33890444,1-X-2 / 2 goals Up,1-X-2 / Ventaja 2 goles,2,5,5,England - Croatia,EUR,4.99,4.99,2026-06-17 13:58:04,2026-06-17 13:58:32,True,numeric,235.0,0.016293279022403295,0.4666666666666667
2147019,33890220,Away-side combo (bet builder),Colombia,Colombia win y Luis Suárez to score,5,5,Uzbekistan - Colombia,EUR,2.47,2.47,2026-06-17 03:55:07,2026-06-18 01:59:53,False,numeric,6.63,0.059829059829060005,1324.7666666666667
MAH-19-00901,33890210,1-X-2 / 2 goals Up,1-X-2 / Ventaja 2 goles,1,5,5,Austria - Jordan,EUR,1.32,1.32,2026-06-12 11:00:02,2026-06-13 09:00:57,False,string,2.12,-0.03649635036496357,1320.9166666666667
1958979,36966553,1-X-2 / 2 goals Up,1-X-2 / Ventaja 2 goles,1,5,5,Germany - Ivory Coast,EUR,1.53,1.51,2026-06-20 02:42:47,2026-06-20 18:58:58,False,numeric,14.67,0.09343065693430645,976.1833333333333
2141796,33890309,1-X-2 / 2 goals Up,1-X-2 / Ventaja 2 goles,1,5,5,Usa - Paraguay,EUR,1.93,1.93,2026-06-11 18:19:46,2026-06-11 18:20:05,False,numeric,14.299999999999999,-0.049261083743842304,0.31666666666666665
1353770,33890309,1-X-2 / 2 goals Up,1-X-2 / Ventaja 2 goles,1,5,9,Usa - Paraguay,EUR,2.09,2.09,2026-06-12 16:47:53,2026-06-12 16:48:24,True,numeric,235.0,0.029556650246305383,0.5166666666666667
MAH-25-02003,33890306,Team Fouls,Faltas Equipo,Curaçao 11 or more,5,5,Germany - Curaçao,EUR,1.35,1.35,2026-06-14 16:38:19,2026-06-14 16:38:50,False,string,281.01,0.0,0.5166666666666667
1195286,36966472,1-X-2 / 2 goals Up,1-X-2 / Ventaja 2 goles,1,5,5,Canada - Qatar,EUR,1.27,1.27,2026-06-15 21:24:33,2026-06-16 18:09:56,False,numeric,17.88,0.03252032520325199,1245.3833333333334
1516441,33890444,Player most passes (voiding in case of tie),Jugador en dar más pases,Elliot Anderson,5,13,England - Croatia,EUR,4.84,4.84,2026-06-15 22:14:48,2026-06-15 22:46:57,True,numeric,6.67,0.198019801980198,32.15
MAH-11-04001,37265705,Match,Partido,Over 2.5 goals y Over 7.5 corners,5,5,Atletico Goianiense - CRB Al,EUR,2.64,2.64,2026-06-12 17:16:33,2026-06-12 17:29:23,False,string,0.6900000000000001,0.04347826086956541,12.833333333333334
MAH-11-07006,36966609,1-X-2 / 2 goals Up,1-X-2 / Ventaja 2 goles,2,5,25,Argentina - Austria,EUR,6.07,6.07,2026-06-21 11:01:07,2026-06-21 11:01:44,False,string,0.27,-0.10074074074074069,0.6166666666666667
MAH-04-06559,37275587,Match,Partido,Both teams to score y Over 7.5 corners,5,5,Malaga - Almeria,EUR,2.16,2.16,2026-06-14 11:42:25,2026-06-14 11:43:19,False,string,11.100000000000001,-0.018181818181818188,0.9
MAH-06-24001,37275587,Match,Partido,Both teams to score y Over 7.5 corners,5,5,Malaga - Almeria,EUR,2.16,2.09,2026-06-12 16:08:53,2026-06-14 15:26:37,False,string,5.87,-0.035454545454545516,2837.733333333333
MAH-04-06655,36966549,Home-side combo (bet builder),Países Bajos,"Netherlands win, Both teams to score y Over 8.5 corners",5,5,Netherlands - Sweden,EUR,5.6,5.6,2026-06-19 10:35:53,2026-06-19 10:36:44,False,string,0.8500000000000001,0.26126126126126104,0.85
MAH-22-01001,36966485,Home-side combo (bet builder),Brasil,"Brazil win, Over 8.5 corners y Raphinha to score",5,5,Brazil - Haiti,EUR,2.78,2.78,2026-06-20 00:19:57,2026-06-20 00:24:41,False,string,3.7,0.0,4.733333333333333
MAH-11-07006,36024492,1-X-2 / 2 goals Up,1-X-2 / Ventaja 2 goles,2,5,5,Australia - Turkey,EUR,1.69,1.69,2026-06-11 19:57:07,2026-06-11 20:06:57,False,string,1.26,0.005952380952380931,9.833333333333334
MAH-11-07006,36966592,1-X-2 / 2 goals Up,1-X-2 / Ventaja 2 goles,1,5,25,New Zealand - Egypt,EUR,5.57,5.57,2026-06-21 11:01:07,2026-06-21 11:01:44,False,string,0.24,0.003603603603603789,0.6166666666666667
2562481,36966610,1-X-2 / 2 goals Up,1-X-2 / Ventaja 2 goles,2,5,5,Jordan - Algeria,PEN,1.53,1.53,2026-06-22 15:35:46,2026-06-22 16:02:07,False,numeric,5.0,0.020000000000000018,26.35
2624219,36966611,Team Shots,Remates equipo,Norway 14 or more,5,5,Norway - Senegal,PEN,3.42,3.42,2026-06-19 12:10:47,2026-06-19 12:11:14,False,numeric,2500.0,0.0,0.45
MAH-04-08081,33890259,1-X-2 / 2 goals Up,1-X-2 / Ventaja 2 goles,2,5,5,Qatar - Switzerland,EUR,1.22,1.22,2026-06-12 15:33:36,2026-06-12 15:34:29,False,string,12.5,0.042735042735042805,0.8833333333333333
MAH-11-07006,36966593,1-X-2 / 2 goals Up,1-X-2 / Ventaja 2 goles,2,5,25,Belgium - Iran,EUR,7.41,7.41,2026-06-21 11:01:07,2026-06-21 11:01:44,False,string,0.28,-0.018543046357615833,0.6166666666666667
MAH-11-07006,36966611,1-X-2 / 2 goals Up,1-X-2 / Ventaja 2 goles,2,5,25,Norway - Senegal,EUR,3.07,3.07,2026-06-21 11:01:07,2026-06-21 11:01:44,False,string,0.26,0.07342657342657333,0.6166666666666667
MAH-03-28133,36966640,goal scorer (Star Substitute),Jugador en meter el 1º gol (Suplente Estrella),Cristiano Ronaldo,5,5,Portugal - Uzbekistan,EUR,2.88,2.88,2026-06-22 12:59:54,2026-06-22 13:57:55,False,string,1.87,-0.030303030303030387,58.016666666666666
1978131,33890220,1-X-2 / 2 goals Up,1-X-2 / Ventaja 2 goles,2,5,5,Uzbekistan - Colombia,EUR,1.36,1.36,2026-06-17 11:32:45,2026-06-17 19:58:15,False,numeric,99.0,0.05736434108527137,505.5
MAH-03-28133,36966638,goal scorer (Star Substitute),Jugador en meter el 1º gol (Suplente Estrella),Harry Kane,5,5,England - Ghana,EUR,3.22,3.22,2026-06-22 12:59:54,2026-06-22 13:57:55,False,string,1.87,0.16666666666666674,58.016666666666666
MAH-03-27813,36024518,Anytime goalscorer (Star Substitute),Goleador durante el partido (Suplente Estrella),Haaland,5,5,Iraq - Norway,EUR,1.37,1.34,2026-06-13 17:00:40,2026-06-16 17:54:49,False,string,3.36,-0.05492957746478864,4374.15
MAH-11-04001,37311598,Match,Partido,Over 2.5 goals y Over 7.5 corners,5,5,Galway United FC - Derry City,EUR,2.26,2.26,2026-06-18 17:21:06,2026-06-19 17:09:11,False,string,1.3900000000000001,-0.0022123893805309214,1428.0833333333333
2295552,33890416,Team corners,Corners equipo,France 6 or more,5,5,France - Senegal,EUR,1.81,1.61,2026-06-15 01:38:17,2026-06-16 08:55:12,False,numeric,1.1600000000000001,0.11920529801324516,1876.9166666666667
MAH-11-07006,36966590,1-X-2 / 2 goals Up,1-X-2 / Ventaja 2 goles,2,5,25,Uruguay - Cape Verde,EUR,7.59,7.59,2026-06-21 11:01:07,2026-06-21 11:01:44,False,string,0.31,-0.1122807017543861,0.6166666666666667
2473425,36966591,goal scorer (Star Substitute),Jugador en meter el 1º gol (Suplente Estrella),Lamine Yamal,5,5,Spain - Saudi Arabia,EUR,4.74,4.74,2026-06-21 15:54:12,2026-06-21 15:54:37,False,numeric,500.0,0.0,0.4166666666666667
MAH-01-51281,33890312,Anytime goalscorer (Star Substitute),Goleador durante el partido (Suplente Estrella),Valverde,5,5,Saudi Arabia - Uruguay,EUR,3.75,3.8,2026-06-15 15:50:33,2026-06-15 18:20:38,False,string,1.6500000000000001,-0.055415617128463567,150.08333333333334
MAH-04-07282,36024520,Home-side combo (bet builder),Portugal,Portugal win y Cristiano Ronaldo to score,5,5,Portugal - Democratic Republic of the Congo,EUR,1.93,1.93,2026-06-17 15:41:41,2026-06-17 15:59:00,False,string,2.88,0.005208333333333259,17.316666666666666
MAH-04-08081,33890220,1-X-2 / 2 goals Up,1-X-2 / Ventaja 2 goles,2,5,5,Uzbekistan - Colombia,EUR,1.36,1.36,2026-06-12 15:33:36,2026-06-12 15:34:29,False,string,12.5,0.054263565891472965,0.8833333333333333
MAH-03-03008,36966480,Home-side combo (bet builder),Estados Unidos,"Usa win, Both teams to score y Over 10.5 corners",5,5,Usa - Australia,EUR,8.65,8.65,2026-06-19 14:24:59,2026-06-19 15:45:24,False,string,5.25,-0.005747126436781436,80.41666666666667
2028056,36024520,1-X-2 / 2 goals Up,1-X-2 / Ventaja 2 goles,1,4,4,Portugal - Democratic Republic of the Congo,EUR,1.3,1.3,2026-06-17 07:54:39,2026-06-17 13:37:42,False,numeric,13.71,0.02579365079365087,343.05
1382013,33890313,Match corners,Corners durante el partido,11 or more,4,4,Spain - Cape Verde,EUR,2.11,2.01,2026-06-15 15:37:07,2026-06-15 15:38:54,False,numeric,0.41000000000000003,0.017499999999999905,1.7833333333333334
2623956,37312355,1-X-2 / 2 goals Up,1-X-2 / Ventaja 2 goles,1,4,4,Almeria - Malaga,EUR,2.15,2.13,2026-06-19 20:05:10,2026-06-20 15:20:01,False,numeric,0.5800000000000001,0.028846153846153744,1154.85
MAH-05-15311,36966486,1-X-2 / 2 goals Up,1-X-2 / Ventaja 2 goles,2,4,4,Scotland - Morocco,EUR,1.63,1.63,2026-06-18 12:22:48,2026-06-19 18:20:08,False,string,23.68,0.018404907975460127,1797.3333333333333
2493189,36966591,Team shots on target,Remates a puerta equipo,Saudi Arabia 1 or more,4,4,Spain - Saudi Arabia,EUR,1.11,1.11,2026-06-20 23:31:05,2026-06-21 15:17:11,False,numeric,1.37,0.0,946.1
2206808,33890298,Team goal kicks,Saques de puerta equipo,New Zealand 8 or more,4,4,Iran - New Zealand,PEN,1.97,1.97,2026-06-15 05:36:51,2026-06-15 05:37:50,False,numeric,840.0,0.304635761589404,0.9833333333333333
2206808,33890211,Team goal kicks,Saques de puerta equipo,Algeria 7 or more,4,4,Argentina - Algeria,PEN,1.61,1.61,2026-06-16 03:34:43,2026-06-16 03:35:58,False,numeric,800.0,0.0,1.25
2348435,36966553,1-X-2 / 2 goals Up,1-X-2 / Ventaja 2 goles,1,4,4,Germany - Ivory Coast,EUR,1.5,1.53,2026-06-16 18:11:56,2026-06-20 15:58:55,False,numeric,0.9700000000000001,0.1003649635036496,5626.983333333334
430769,37254599,Team goal kicks,Saques de puerta equipo,Scotland 12 or more,4,4,Haiti - Scotland,EUR,1.09,1.6,2026-06-14 01:45:27,2026-06-14 02:37:40,False,numeric,4.0,,52.21666666666667
TPV-01-08011,33890290,1-X-2 / 2 goals Up,1-X-2 / Ventaja 2 goles,2,4,4,Haiti - Scotland,EUR,1.53,1.53,2026-06-13 14:53:04,2026-06-13 14:54:23,False,string,400.0,-0.02547770700636942,1.3166666666666667
MAH-19-68002,37275587,1-X-2 / 2 goals Up,1-X-2 / Ventaja 2 goles,1,4,4,Malaga - Almeria,EUR,2.16,2.16,2026-06-14 17:54:45,2026-06-14 17:57:12,False,string,566.66,0.0,2.45
MAH-22-03001,33890309,1-X-2 / 2 goals Up,1-X-2 / Ventaja 2 goles,1,4,4,Usa - Paraguay,EUR,1.9,2.0,2026-06-10 09:52:19,2026-06-12 07:17:32,False,string,3.83,-0.03940886699507379,2725.2166666666667
2147019,36966612,Home-side combo (bet builder),Francia,A goal in both halves y Michael Olise 2 or more shots on target,4,4,France - Iraq,EUR,2.32,2.32,2026-06-21 03:45:17,2026-06-22 08:24:14,False,numeric,8.9,-0.0042918454935623185,1718.95
2019255,36024492,1-X-2 / 2 goals Up,1-X-2 / Ventaja 2 goles,2,4,4,Australia - Turkey,EUR,1.7,1.7,2026-06-13 09:20:06,2026-06-13 15:28:25,False,numeric,4.27,0.011904761904761862,368.31666666666666
MAH-19-24001,33890211,1-X-2 / 2 goals Up,1-X-2 / Ventaja 2 goles,1,4,4,Argentina - Algeria,EUR,1.41,1.41,2026-06-16 16:44:27,2026-06-16 16:51:41,False,string,19.759999999999998,-0.07236842105263164,7.233333333333333
2134535,33890299,Player most passes (voiding in case of tie),Jugador en dar más pases,Brandon Mechele,4,4,Belgium - Egypt,EUR,6.25,6.25,2026-06-15 18:26:44,2026-06-15 18:32:27,True,numeric,175.0,0.0,5.716666666666667
2084843,33890304,Saves (Star Substitute),Paradas Zion Suzuki (Suplente Estrella),1 or more,4,4,Netherlands - Japan,EUR,1.04,1.04,2026-06-14 12:02:44,2026-06-14 12:07:32,False,numeric,33.03,0.0,4.8
1768913,33890299,1-X-2 / 2 goals Up,1-X-2 / Ventaja 2 goles,1,4,4,Belgium - Egypt,EUR,1.58,1.6,2026-06-14 13:48:12,2026-06-15 16:02:33,False,numeric,1.81,0.05629139072847689,1574.35
2134535,33890299,Player most passes (voiding in case of tie),Jugador en dar más pases,Nathan Ngoy,4,4,Belgium - Egypt,EUR,7.05,7.05,2026-06-15 18:26:58,2026-06-15 18:32:27,True,numeric,175.0,0.0,5.483333333333333
1900013,36966612,Player to score in fisrt ten minutes (from 0:00 to 9:59),Jugador en meter gol en los 10 primeros minutos (del 0:00 al 9:59),Mbappe,4,4,France - Iraq,EUR,8.0,8.0,2026-06-22 17:23:34,2026-06-22 17:24:12,False,numeric,65.0,-0.030303030303030276,0.6333333333333333
MAH-11-07002,33890306,Team exact bookings (only players and in play),Número de tarjetas equipo (solo jugadores y en juego),Curaçao 3 or more,4,4,Germany - Curaçao,EUR,1.73,1.73,2026-06-11 18:41:06,2026-06-11 18:45:14,False,string,0.44,-0.36162361623616235,4.133333333333334
MAH-03-24591,36024518,Anytime goalscorer (Star Substitute),Goleador durante el partido (Suplente Estrella),Antonio Nusa,4,4,Iraq - Norway,EUR,2.68,2.68,2026-06-16 09:20:06,2026-06-16 09:20:43,False,string,8.0,-0.0629370629370628,0.6166666666666667
2322315,37316389,Match shots on target,Remates a puerta durante el partido,11 or more,4,4,Universidad de Chile - O'higgins FC,PEN,3.62,3.62,2026-06-18 23:55:36,2026-06-18 23:56:55,False,numeric,50.0,0.0,1.3166666666666667
2298839,36966473,Team corners,Corners equipo,Switzerland 5 or more,4,4,Switzerland - Bosnia And Herzegovina,PEN,1.2,1.2,2026-06-16 18:16:22,2026-06-16 18:19:50,False,numeric,0.63,0.0,3.466666666666667
MAH-06-24001,36966473,Match,Partido,Both teams to score y Over 11.5 corners,4,4,Switzerland - Bosnia And Herzegovina,EUR,6.01,6.01,2026-06-16 20:03:44,2026-06-16 20:04:23,False,string,0.8,-0.06093750000000009,0.65
MAH-11-07003,33890416,Player to score a penalty (No penalty shootout),Marcar gol de penalti (No tanda de penaltis),Mbappe,4,4,France - Senegal,EUR,4.0,4.0,2026-06-16 16:15:19,2026-06-16 16:17:00,False,string,1.83,0.012658227848101111,1.6833333333333333
2026934,33890211,Anytime goalscorer (Star Substitute),Goleador durante el partido (Suplente Estrella),Lionel Messi,4,4,Argentina - Algeria,EUR,1.94,1.9,2026-06-13 23:39:33,2026-06-16 18:45:52,False,numeric,4.75,-0.02411167512690357,4026.3166666666666
MAH-03-25063,33890416,1-X-2 / 2 goals Up,1-X-2 / Ventaja 2 goles,1,4,4,France - Senegal,EUR,1.41,1.41,2026-06-16 16:21:48,2026-06-16 16:24:18,False,string,15.489999999999998,-0.04729729729729737,2.5
2629898,36024493,1-X-2 / 2 goals Up,1-X-2 / Ventaja 2 goles,1,4,4,Sweden - Tunisia,EUR,1.94,1.94,2026-06-14 19:53:06,2026-06-14 21:57:52,False,numeric,36.43,0.03897849462365588,124.76666666666667
MAH-11-07003,37183314,1-X-2 / 2 goals Up,1-X-2 / Ventaja 2 goles,1,4,4,Ceara - Avai SC,EUR,1.79,1.79,2026-06-10 19:47:34,2026-06-10 19:50:57,False,string,0.32,-0.005555555555555536,3.3833333333333333
MAH-01-01360,36966612,Home-side combo (bet builder),Francia,France win y Mbappe to score,4,4,France - Iraq,EUR,1.4,1.49,2026-06-21 12:46:05,2026-06-22 17:12:24,False,string,2.77,-0.04530201342281881,1706.3166666666666
MAH-23-01902,33890259,Team corners,Corners equipo,Qatar 3 or more,4,4,Qatar - Switzerland,PEN,1.7,1.9,2026-06-13 14:55:52,2026-06-13 18:04:29,False,string,2.7,-0.027027027027027084,188.61666666666667
MAH-01-11006,33890211,1-X-2 / 2 goals Up,1-X-2 / Ventaja 2 goles,1,4,4,Argentina - Algeria,EUR,1.41,1.41,2026-06-16 15:51:40,2026-06-16 15:58:07,False,string,1.0,-0.07236842105263164,6.45
1442420,33890416,Match,Partido,Both teams to score y A goal in both halves,4,4,France - Senegal,EUR,2.26,2.26,2026-06-16 18:39:26,2026-06-16 18:44:15,False,numeric,1.42,0.0029498525073747097,4.816666666666666
2295552,36966469,Team corners,Corners equipo,Czech Republic 5 or more,4,4,Czech Republic - South Africa,EUR,1.72,1.75,2026-06-15 08:51:29,2026-06-17 19:14:56,False,numeric,0.43,0.03765060240963858,3503.45
430769,37254542,Team throw-ins,Saques de banda equipo,England 11 or more,4,4,England - Costa Rica,EUR,1.9,3.17,2026-06-10 22:42:10,2026-06-10 22:51:15,True,numeric,14.0,,9.083333333333334
2214574,37296145,To be carded (only players and in play)(Star Substitute),Recibir tarjeta (sólo jugadores y en juego) (Suplente Estrella),Arda Güler,4,4,Turkey - Paraguay,EUR,6.3,9.05,2026-06-20 03:41:28,2026-06-20 04:46:15,False,numeric,94.0,,64.78333333333333
MAH-06-24002,36024492,Match,Partido,Both teams to score y Over 11.5 corners,4,4,Australia - Turkey,EUR,5.74,5.74,2026-06-13 18:47:14,2026-06-13 18:48:21,False,string,0.8400000000000001,-0.020477815699658675,1.1166666666666667
MAH-11-04001,37285108,Home-side combo (bet builder),Brusque SC,Brusque SC win y Over 2.5 goals,4,4,Brusque SC - Santa Cruz PE,EUR,3.39,3.39,2026-06-14 13:14:50,2026-06-14 13:22:05,False,string,0.53,-0.011799410029498544,7.25
1955493,33890291,Team corners,Corners equipo,Brazil 5 or more,4,4,Brazil - Morocco,EUR,1.51,1.51,2026-06-13 01:58:50,2026-06-13 20:34:32,False,numeric,8.06,0.0,1115.7
2295552,36024518,Team corners,Corners equipo,Norway 11 or more,4,4,Iraq - Norway,EUR,5.65,6.55,2026-06-13 16:15:02,2026-06-16 08:55:12,False,numeric,1.3399999999999999,0.45121247113163976,3880.1666666666665
MAH-06-24001,36971426,Match,Partido,Both teams to score y Over 11.5 corners,4,4,Turkey - Paraguay,EUR,7.69,7.69,2026-06-16 20:03:44,2026-06-16 20:04:23,False,string,0.8,0.0,0.65
2238829,33890291,Team goal kicks,Saques de puerta equipo,Morocco 8 or more,4,4,Brazil - Morocco,PEN,2.61,2.66,2026-06-13 21:26:57,2026-06-13 21:58:04,False,numeric,724.0,-0.018796992481203145,31.116666666666667
2332354,36966480,Shots (Star Substitute),Remates Ricardo Pepi (Suplente Estrella),4 or more,4,4,Usa - Australia,EUR,2.51,2.51,2026-06-19 18:02:35,2026-06-19 18:03:13,True,numeric,100.0,0.0,0.6333333333333333
844747,37330424,Anytime goalscorer,Goleador durante el partido,Marcos Paulo,4,4,Sao Bernardo FC SP - Juventude,EUR,10.0,10.0,2026-06-21 10:40:35,2026-06-21 15:59:52,False,numeric,1.49,0.0,319.28333333333336
MAH-19-00903,36966480,1-X-2 / 2 goals Up,1-X-2 / Ventaja 2 goles,1,4,4,Usa - Australia,EUR,1.6,1.6,2026-06-18 21:41:29,2026-06-19 12:32:55,False,string,17.2,0.04738562091503273,891.4333333333333
1805787,36024520,Team corners,Corners equipo,Portugal 5 or more,4,4,Portugal - Democratic Republic of the Congo,,1.31,1.31,2026-06-17 02:47:52,2026-06-17 02:48:12,False,numeric,100.0,0.0234375,0.3333333333333333
2585334,33890211,Team goal kicks,Saques de puerta equipo,Algeria 7 or more,4,4,Argentina - Algeria,EUR,1.6,1.6,2026-06-15 14:16:41,2026-06-15 21:10:41,False,numeric,966.0,-0.007763975155279518,414.0
2098608,36966553,1-X-2 / 2 goals Up,1-X-2 / Ventaja 2 goles,1,4,4,Germany - Ivory Coast,EUR,1.52,1.52,2026-06-17 23:15:12,2026-06-19 13:26:41,False,numeric,3.95,0.11313868613138678,2291.483333333333
MAH-03-25063,36966472,1-X-2 / 2 goals Up,1-X-2 / Ventaja 2 goles,1,4,4,Canada - Qatar,EUR,1.23,1.23,2026-06-16 16:21:48,2026-06-16 16:24:18,False,string,15.489999999999998,0.0,2.5
MAH-01-13372,37343195,Match,Partido,Both teams to score y Harry Wood to score,4,4,Shelbourne - Bohemians,EUR,4.88,5.07,2026-06-22 13:42:53,2026-06-22 16:28:33,False,string,4.34,0.029200819672131284,165.66666666666666
2311578,33890211,1-X-2 / 2 goals Up,1-X-2 / Ventaja 2 goles,1,4,4,Argentina - Algeria,PEN,1.39,1.39,2026-06-15 19:54:59,2026-06-16 18:12:17,False,numeric,24.28,-0.07730263157894746,1337.3
2054154,33890290,1-X-2 / 2 goals Up,1-X-2 / Ventaja 2 goles,2,4,4,Haiti - Scotland,EUR,1.53,1.48,2026-06-09 11:27:24,2026-06-12 16:00:44,False,numeric,27.86,-0.028662420382165626,4593.333333333333
MAH-01-13001,36966472,1-X-2 / 2 goals Up,1-X-2 / Ventaja 2 goles,1,4,4,Canada - Qatar,EUR,1.27,1.27,2026-06-17 20:46:19,2026-06-17 20:48:29,False,string,0.42,0.03252032520325199,2.1666666666666665
MAH-19-39003,36966469,1-X-2 / 2 goals Up,1-X-2 / Ventaja 2 goles,1,4,4,Czech Republic - South Africa,EUR,1.82,1.84,2026-06-18 09:43:55,2026-06-18 13:11:48,False,string,50.67,0.028089887640449507,207.88333333333333
MAH-19-68001,37275587,1-X-2 / 2 goals Up,1-X-2 / Ventaja 2 goles,1,4,4,Malaga - Almeria,EUR,2.19,2.24,2026-06-14 11:42:43,2026-06-14 17:35:39,False,string,38.08,0.0219907407407407,352.93333333333334
1655915,36966590,1-X-2 / 2 goals Up,1-X-2 / Ventaja 2 goles,1,4,4,Uruguay - Cape Verde,EUR,1.43,1.43,2026-06-21 14:31:23,2026-06-21 21:24:31,False,numeric,581.75,0.025362318840579712,413.1333333333333
MAH-03-25063,36024520,1-X-2 / 2 goals Up,1-X-2 / Ventaja 2 goles,1,4,4,Portugal - Democratic Republic of the Congo,EUR,1.26,1.26,2026-06-16 16:21:48,2026-06-16 16:24:18,False,string,15.489999999999998,0.0,2.5
MAH-03-25063,36024518,1-X-2 / 2 goals Up,1-X-2 / Ventaja 2 goles,2,4,4,Iraq - Norway,EUR,1.17,1.17,2026-06-16 16:21:48,2026-06-16 16:24:18,False,string,15.489999999999998,-0.025000000000000022,2.5
MAH-11-10004,33890416,1-X-2 / 2 goals Up,1-X-2 / Ventaja 2 goles,1,4,4,France - Senegal,EUR,1.44,1.44,2026-06-13 14:33:07,2026-06-13 14:33:36,False,string,0.36,-0.027027027027027084,0.48333333333333334
2147019,36966611,Match,Partido,Both teams to score y Haaland to score,4,4,Norway - Senegal,EUR,2.6,2.61,2026-06-21 17:39:45,2026-06-22 15:55:31,False,numeric,9.4,-0.005725190839694694,1335.7666666666667
MAH-01-53321,33890419,1-X-2 / 2 goals Up,1-X-2 / Ventaja 2 goles,1,4,4,Ghana - Panama,EUR,2.33,2.33,2026-06-17 19:23:02,2026-06-17 20:38:13,False,string,33.33,0.008658008658008587,75.18333333333334
MAH-03-24591,33890416,goal scorer (Star Substitute),Jugador en meter el 1º gol (Suplente Estrella),Michael Olise,4,4,France - Senegal,EUR,6.35,6.35,2026-06-16 09:20:06,2026-06-16 09:20:43,False,string,8.0,-0.099290780141844,0.6166666666666667
2391039,36024491,goal scorer (Star Substitute),Jugador en meter el 1º gol (Suplente Estrella),Dzeko,4,4,Canada - Bosnia And Herzegovina,EUR,8.0,8.0,2026-06-12 14:46:08,2026-06-12 14:48:05,False,numeric,15.8,0.0,1.95
MAH-04-07331,33890444,goal scorer (Star Substitute),Jugador en meter el 1º gol (Suplente Estrella),Harry Kane,4,4,England - Croatia,EUR,4.27,4.27,2026-06-17 19:21:44,2026-06-17 19:24:45,False,string,1.01,0.028915662650602192,3.0166666666666666
MAH-19-39001,33890444,1-X-2 / 2 goals Up,1-X-2 / Ventaja 2 goles,1,4,4,England - Croatia,EUR,1.71,1.71,2026-06-17 10:05:09,2026-06-17 17:05:12,False,string,44.16,0.027108433734939708,420.05
2618838,33890312,1-X-2 / 2 goals Up,1-X-2 / Ventaja 2 goles,2,4,4,Saudi Arabia - Uruguay,PEN,1.46,1.46,2026-06-13 03:47:03,2026-06-15 06:00:22,False,numeric,0.44000000000000006,-0.0136986301369863,3013.3166666666666
2019255,36024493,1-X-2 / 2 goals Up,1-X-2 / Ventaja 2 goles,1,4,4,Sweden - Tunisia,EUR,1.9,1.9,2026-06-13 09:20:06,2026-06-13 15:28:25,False,numeric,4.27,0.021505376344086002,368.31666666666666
430294,33890304,1-X-2 / 2 goals Up,1-X-2 / Ventaja 2 goles,2,4,4,Netherlands - Japan,EUR,3.64,3.62,2026-06-14 16:29:15,2026-06-14 19:54:42,False,numeric,6.68,1.1102230246251565e-16,205.45
2391039,33890309,goal scorer (Star Substitute),Jugador en meter el 1º gol (Suplente Estrella),Tonny Sanabria,4,4,Usa - Paraguay,EUR,8.1,8.1,2026-06-12 14:46:08,2026-06-12 14:48:05,False,numeric,15.8,-0.07428571428571429,1.95
MAH-05-15311,36966553,1-X-2 / 2 goals Up,1-X-2 / Ventaja 2 goles,1,4,4,Germany - Ivory Coast,EUR,1.5,1.5,2026-06-18 12:22:48,2026-06-20 16:28:29,False,string,16.18,0.08941605839416056,3125.6833333333334
MAH-03-24591,33890210,Anytime goalscorer (Star Substitute),Goleador durante el partido (Suplente Estrella),Arnautovic,4,4,Austria - Jordan,EUR,1.94,1.94,2026-06-16 09:20:06,2026-06-16 09:20:43,False,string,8.0,-0.0490196078431373,0.6166666666666667
2234678,36966480,1-X-2 / 2 goals Up,1-X-2 / Ventaja 2 goles,1,4,4,Usa - Australia,PEN,1.59,1.59,2026-06-16 23:11:36,2026-06-18 21:30:27,False,numeric,0.24,0.040849673202614456,2778.85
1768913,36966480,1-X-2 / 2 goals Up,1-X-2 / Ventaja 2 goles,1,4,4,Usa - Australia,EUR,1.61,1.61,2026-06-17 22:32:06,2026-06-18 18:53:31,False,numeric,1.3599999999999999,0.05228758169934644,1221.4166666666667
MAH-19-39003,36966480,1-X-2 / 2 goals Up,1-X-2 / Ventaja 2 goles,1,4,4,Usa - Australia,EUR,1.6,1.6,2026-06-19 10:30:47,2026-06-19 18:10:27,False,string,63.23,0.045751633986928164,459.6666666666667
MAH-19-93002,33890210,1-X-2 / 2 goals Up,1-X-2 / Ventaja 2 goles,1,4,4,Austria - Jordan,EUR,1.35,1.35,2026-06-16 17:55:47,2026-06-16 17:58:21,False,string,0.66,-0.014598540145985384,2.566666666666667
MAH-01-01651,33890299,Shots on target (Star Substitute),Remates a puerta Mohamed Salah (Suplente Estrella),1 or more,4,4,Belgium - Egypt,EUR,1.6,1.6,2026-06-15 18:49:11,2026-06-15 18:49:53,False,string,400.0,-0.006211180124223614,0.7
MAH-03-02602,33890211,1-X-2 / 2 goals Up,1-X-2 / Ventaja 2 goles,1,4,4,Argentina - Algeria,EUR,1.37,1.37,2026-06-16 09:50:47,2026-06-16 09:51:51,False,string,7.11,-0.09868421052631571,1.0666666666666667
2397352,37275587,1-X-2 / 2 goals Up,1-X-2 / Ventaja 2 goles,1,4,4,Malaga - Almeria,EUR,2.19,2.24,2026-06-13 10:29:44,2026-06-14 13:26:53,False,numeric,56.67,0.019675925925925875,1617.15
2618838,33890309,1-X-2 / 2 goals Up,1-X-2 / Ventaja 2 goles,1,4,4,Usa - Paraguay,PEN,2.09,2.09,2026-06-12 13:31:04,2026-06-12 18:43:00,False,numeric,5.130000000000001,0.029556650246305383,311.93333333333334
MAH-06-22001,36966486,1-X-2 / 2 goals Up,1-X-2 / Ventaja 2 goles,2,4,4,Scotland - Morocco,EUR,1.74,1.74,2026-06-17 20:29:58,2026-06-17 20:32:16,False,string,7.43,0.06748466257668717,2.3
MAH-10-05006,36966473,Player most passes (voiding in case of tie),Jugador en dar más pases,Akanji,4,4,Switzerland - Bosnia And Herzegovina,EUR,3.36,3.71,2026-06-16 12:29:35,2026-06-16 12:37:30,False,string,58.34,0.06944444444444449,7.916666666666667
MAH-19-00902,36966549,1-X-2 / 2 goals Up,1-X-2 / Ventaja 2 goles,1,4,4,Netherlands - Sweden,EUR,1.64,1.64,2026-06-20 16:49:08,2026-06-20 16:50:16,False,string,5.49,-0.017964071856287456,1.1333333333333333
MAH-03-25063,33890210,1-X-2 / 2 goals Up,1-X-2 / Ventaja 2 goles,1,4,4,Austria - Jordan,EUR,1.32,1.32,2026-06-16 16:21:48,2026-06-16 16:24:18,False,string,15.489999999999998,-0.03649635036496357,2.5
2295552,36024520,Team corners,Corners equipo,Portugal 7 or more,4,4,Portugal - Democratic Republic of the Congo,EUR,1.61,1.98,2026-06-15 01:38:17,2026-06-15 15:45:37,False,numeric,1.02,-0.008287292817679592,847.3333333333334
MAH-01-01150,33890220,1-X-2 / 2 goals Up,1-X-2 / Ventaja 2 goles,1,4,4,Uzbekistan - Colombia,EUR,8.76,8.76,2026-06-17 19:44:50,2026-06-17 19:47:39,False,string,3.43,0.0,2.816666666666667
MAH-05-15241,33890291,1st half: Corners,1º tiempo: Corners,6 or more,4,4,Brazil - Morocco,EUR,3.41,3.41,2026-06-13 17:04:47,2026-06-13 17:05:52,False,string,1.76,0.07232704402515733,1.0833333333333333
MAH-05-15181,36966466,1-X-2 / 2 goals Up,1-X-2 / Ventaja 2 goles,1,4,4,Mexico - South Korea,EUR,2.01,2.01,2026-06-18 18:12:43,2026-06-18 18:13:41,False,string,58.33,-0.004950495049505066,0.9666666666666667
MAH-03-27873,33890291,1-X-2 / 2 goals Up,1-X-2 / Ventaja 2 goles,1,4,4,Brazil - Morocco,EUR,1.6,1.6,2026-06-13 21:24:16,2026-06-13 21:27:26,False,string,2000.0,-0.030303030303030165,3.1666666666666665
MAH-06-17001,33890291,1st half: Corners,1º tiempo: Corners,4 or more,4,4,Brazil - Morocco,EUR,1.58,1.58,2026-06-10 17:10:27,2026-06-10 17:11:24,False,string,1.0,-0.042424242424242364,0.95
MAH-05-15182,36966549,1-X-2 / 2 goals Up,1-X-2 / Ventaja 2 goles,1,4,4,Netherlands - Sweden,EUR,1.68,1.68,2026-06-20 12:45:07,2026-06-20 12:54:48,False,string,26.66,0.0059880239520957446,9.683333333333334
MAH-03-02602,33890416,1-X-2 / 2 goals Up,1-X-2 / Ventaja 2 goles,1,4,4,France - Senegal,EUR,1.4,1.4,2026-06-16 09:50:47,2026-06-16 09:51:51,False,string,7.110000000000001,-0.05405405405405406,1.0666666666666667
MAH-01-01340,33890259,1-X-2 / 2 goals Up,1-X-2 / Ventaja 2 goles,2,4,4,Qatar - Switzerland,EUR,1.22,1.22,2026-06-11 16:05:33,2026-06-11 16:13:41,False,string,1.59,0.042735042735042805,8.133333333333333
2192600,37254595,Match cards (only players and in play),Tarjetas durante el partido (solo jugadores y en juego),3 or more,4,4,Saudi Arabia - Uruguay,EUR,1.59,1.55,2026-06-15 23:38:41,2026-06-15 23:41:10,True,numeric,400.0,,2.4833333333333334
MAH-03-27834,33890313,Home-side combo (bet builder),España,"Spain win, Over 8.5 corners y Oyarzabal to score",4,4,Spain - Cape Verde,EUR,2.12,2.12,2026-06-15 09:41:43,2026-06-15 09:46:48,False,string,0.56,-0.0535714285714286,5.083333333333333
MAH-05-15182,37312355,1-X-2 / 2 goals Up,1-X-2 / Ventaja 2 goles,1,4,4,Almeria - Malaga,EUR,2.08,2.08,2026-06-20 12:50:09,2026-06-20 12:54:15,False,string,40.33,0.0,4.1
833483,37312355,1-X-2 / 2 goals Up,1-X-2 / Ventaja 2 goles,1,4,6,Almeria - Malaga,EUR,2.13,2.13,2026-06-19 07:19:58,2026-06-19 07:25:09,True,numeric,1.45,0.024038461538461453,5.183333333333334
MAH-04-07398,36966609,Match,Partido,Over 2.5 goals y Lionel Messi to score,4,4,Argentina - Austria,EUR,2.72,2.77,2026-06-21 09:24:23,2026-06-22 08:15:42,False,string,0.49,-0.027580071174377163,1371.3166666666666
1978131,36024520,1-X-2 / 2 goals Up,1-X-2 / Ventaja 2 goles,1,4,4,Portugal - Democratic Republic of the Congo,EUR,1.28,1.28,2026-06-15 13:54:53,2026-06-17 13:41:57,False,numeric,71.28,0.01388888888888884,2867.0666666666666
MAH-04-07604,33890416,1-X-2 / 2 goals Up,1-X-2 / Ventaja 2 goles,1,4,4,France - Senegal,EUR,1.46,1.46,2026-06-16 14:21:27,2026-06-16 15:27:10,False,string,3.2399999999999998,-0.015202702702702686,65.71666666666667
2553933,36024493,1-X-2 / 2 goals Up,1-X-2 / Ventaja 2 goles,1,4,4,Sweden - Tunisia,EUR,1.9,1.95,2026-06-13 14:04:28,2026-06-14 22:59:54,False,numeric,63.59,0.03629032258064513,1975.4333333333334
MAH-08-17002,36966485,To score 2 or more goals (Star Substitute),Marcar 2 goles o más (Suplente Estrella),Vinícius,4,4,Brazil - Haiti,EUR,4.65,4.65,2026-06-18 21:39:50,2026-06-19 20:29:33,False,string,3.17,-0.01898734177215189,1369.7166666666667
MAH-01-55102,36966590,1-X-2 / 2 goals Up,1-X-2 / Ventaja 2 goles,1,4,4,Uruguay - Cape Verde,EUR,1.47,1.46,2026-06-16 21:52:07,2026-06-21 14:02:19,False,string,0.8300000000000001,0.05253623188405804,6730.2
MAH-03-27776,36966485,Match corners,Corners durante el partido,10 or more,4,4,Brazil - Haiti,EUR,1.76,1.76,2026-06-19 13:19:04,2026-06-19 19:04:43,False,string,5.5,-0.07853403141361248,345.65
MAH-11-07002,33890290,1-X-2 / 2 goals Up,1-X-2 / Ventaja 2 goles,2,4,4,Haiti - Scotland,EUR,1.55,1.55,2026-06-11 18:41:06,2026-06-11 18:45:14,False,string,0.44,-0.01273885350318471,4.133333333333334
MAH-01-49793,33890416,Team corners,Corners equipo,France 6 or more,4,4,France - Senegal,EUR,1.6,1.5,2026-06-13 10:33:51,2026-06-16 15:08:55,False,string,0.97,0.04304635761589409,4595.066666666667
MAH-10-05006,36024520,Player most passes (voiding in case of tie),Jugador en dar más pases,Vitinha,4,4,Portugal - Democratic Republic of the Congo,EUR,3.36,3.96,2026-06-16 12:29:35,2026-06-16 12:37:30,False,string,58.34,0.11904761904761907,7.916666666666667
2509268,36966590,1-X-2 / 2 goals Up,1-X-2 / Ventaja 2 goles,1,4,4,Uruguay - Cape Verde,EUR,1.45,1.45,2026-06-21 12:52:34,2026-06-21 13:00:11,False,numeric,85.83,0.050724637681159424,7.616666666666666
MAH-01-01515,33890309,1-X-2 / 2 goals Up,1-X-2 / Ventaja 2 goles,X,4,4,Usa - Paraguay,EUR,3.27,3.27,2026-06-12 08:47:10,2026-06-12 10:45:41,False,string,0.44,0.05483870967741944,118.51666666666667
2138364,33890309,1-X-2 / 2 goals Up,1-X-2 / Ventaja 2 goles,1,4,4,Usa - Paraguay,EUR,2.1,2.1,2026-06-12 21:01:36,2026-06-12 21:01:55,False,numeric,400.0,0.034482758620689724,0.31666666666666665
1639909,33890313,Anytime goalscorer (Star Substitute),Goleador durante el partido (Suplente Estrella),Oyarzabal,4,4,Spain - Cape Verde,EUR,1.52,1.52,2026-06-12 11:32:21,2026-06-13 21:41:58,False,numeric,6.42,-0.004870129870129886,2049.616666666667
1638633,36971426,1-X-2 / 2 goals Up,1-X-2 / Ventaja 2 goles,1,4,4,Turkey - Paraguay,PEN,2.04,2.01,2026-06-18 05:00:52,2026-06-20 00:02:42,False,numeric,3.56,-0.010975609756097487,2581.8333333333335
MAH-03-24061,36966611,To score 2 or more goals (Star Substitute),Marcar 2 goles o más (Suplente Estrella),Haaland,4,4,Norway - Senegal,EUR,6.05,6.05,2026-06-22 17:02:16,2026-06-22 17:04:29,False,string,3.34,-0.047244094488189003,2.216666666666667
1430596,36966590,Player headed shots on target (Star Substitute),Remates a puerta con la cabeza Federico Viñas (Suplente Estrella),2 or more,4,4,Uruguay - Cape Verde,EUR,4.84,4.84,2026-06-21 21:31:57,2026-06-21 21:32:21,False,numeric,160.0,0.0,0.4
MAH-01-01340,36024493,1-X-2 / 2 goals Up,1-X-2 / Ventaja 2 goles,1,4,4,Sweden - Tunisia,EUR,1.87,1.87,2026-06-11 16:05:33,2026-06-11 16:13:41,False,string,1.59,0.005376344086021501,8.133333333333333
1214074,36966611,To score 2 or more goals (Star Substitute),Marcar 2 goles o más (Suplente Estrella),Haaland,4,4,Norway - Senegal,EUR,6.2,6.2,2026-06-22 20:46:03,2026-06-22 22:09:30,False,numeric,6.859999999999999,-0.023622047244094446,83.45
MAH-01-11006,37172907,1-X-2 / 2 goals Up,1-X-2 / Ventaja 2 goles,1,4,4,Denmark - Democratic Republic of the Congo,EUR,1.53,1.53,2026-06-03 16:35:36,2026-06-03 17:38:23,False,string,0.4,-0.019230769230769273,62.78333333333333
MAH-02-01921,36966612,Team goals,Goles equipo,France 3 or more,4,4,France - Iraq,EUR,1.57,1.57,2026-06-21 19:17:03,2026-06-21 19:17:50,False,string,400.0,0.06081081081081097,0.7833333333333333
MAH-19-00903,36966486,1-X-2 / 2 goals Up,1-X-2 / Ventaja 2 goles,2,4,4,Scotland - Morocco,EUR,1.66,1.72,2026-06-18 15:38:35,2026-06-19 18:54:16,False,string,16.33,0.036809815950920366,1635.6833333333334
528848,33890299,Anytime goalscorer (Star Substitute),Goleador durante el partido (Suplente Estrella),Mohamed Salah,4,4,Belgium - Egypt,EUR,3.93,3.53,2026-06-14 21:31:17,2026-06-15 18:11:08,False,numeric,1.12,-0.06756756756756763,1239.85
MAH-11-09017,36966486,1-X-2 / 2 goals Up,1-X-2 / Ventaja 2 goles,2,4,4,Scotland - Morocco,EUR,1.65,1.65,2026-06-19 18:55:51,2026-06-19 19:01:07,False,string,2000.0,0.012269938650306678,5.266666666666667
MAH-03-27172,36966549,1-X-2 / 2 goals Up,1-X-2 / Ventaja 2 goles,1,4,4,Netherlands - Sweden,EUR,1.59,1.59,2026-06-20 16:19:52,2026-06-20 16:27:45,True,string,634.25,-0.0479041916167664,7.883333333333334
MAH-03-27781,36966549,1-X-2 / 2 goals Up,1-X-2 / Ventaja 2 goles,1,4,4,Netherlands - Sweden,EUR,1.7,1.7,2026-06-19 10:09:45,2026-06-19 10:13:18,False,string,52.4,0.017964071856287456,3.55
MAH-03-28081,36966553,1-X-2 / 2 goals Up,1-X-2 / Ventaja 2 goles,1,4,4,Germany - Ivory Coast,EUR,1.48,1.45,2026-06-19 21:09:23,2026-06-20 16:07:42,False,string,0.76,0.07481751824817517,1138.3166666666666
MAH-04-07419,36966611,To score 2 or more goals (Star Substitute),Marcar 2 goles o más (Suplente Estrella),Haaland,4,6,Norway - Senegal,EUR,5.9,5.9,2026-06-22 15:31:11,2026-06-22 18:18:56,True,string,0.93,-0.06299212598425186,167.75
MAH-01-13313,36966609,To score 2 or more goals (Star Substitute),Marcar 2 goles o más (Suplente Estrella),Lionel Messi,4,4,Argentina - Austria,EUR,6.3,6.4,2026-06-22 15:49:56,2026-06-22 15:51:16,False,string,400.0,0.020000000000000018,1.3333333333333333
MAH-01-01541,33890290,1-X-2 / 2 goals Up,1-X-2 / Ventaja 2 goles,2,4,4,Haiti - Scotland,EUR,1.53,1.53,2026-06-12 14:44:13,2026-06-13 20:07:05,False,string,2.3899999999999997,-0.022292993630573243,1762.8666666666666
MAH-05-15321,36966609,To score 2 or more goals (Star Substitute),Marcar 2 goles o más (Suplente Estrella),Lionel Messi,4,12,Argentina - Austria,EUR,6.1,6.1,2026-06-22 16:23:52,2026-06-22 16:26:17,True,string,4.65,-0.02400000000000002,2.4166666666666665
2138976,36966609,1-X-2 / 2 goals Up,1-X-2 / Ventaja 2 goles,1,4,4,Argentina - Austria,EUR,1.55,1.59,2026-06-18 15:22:57,2026-06-21 14:55:07,False,numeric,13.440000000000001,0.10638297872340441,4292.166666666667
MAH-21-14001,36966553,1-X-2 / 2 goals Up,1-X-2 / Ventaja 2 goles,1,4,4,Germany - Ivory Coast,EUR,1.49,1.52,2026-06-19 21:25:45,2026-06-20 16:00:37,False,string,140.0,0.10401459854014594,1114.8666666666666
2138976,36966590,1-X-2 / 2 goals Up,1-X-2 / Ventaja 2 goles,1,4,4,Uruguay - Cape Verde,EUR,1.47,1.45,2026-06-20 08:15:48,2026-06-21 14:55:07,False,numeric,38.64,0.0561594202898551,1839.3166666666666
MAH-01-55212,36966612,Shots on target each half (Star Substitute),Remates a puerta en cada tiempo Mbappe (Suplente Estrella),1 or more,4,4,France - Iraq,EUR,1.63,1.63,2026-06-22 18:53:49,2026-06-22 19:13:28,False,string,156.13,-0.0060975609756097615,19.65
1442420,36767101,Match cards (only players and in play),Tarjetas durante el partido  (solo jugadores y en juego),5 or more,4,4,Flamengo - Estudiantes,EUR,1.35,1.35,2026-05-20 22:39:46,2026-05-20 22:43:23,False,numeric,0.52,0.0,3.6166666666666667
2192600,37265484,Match cards (only players and in play),Tarjetas durante el partido (solo jugadores y en juego),3 or more,4,4,Portugal - Democratic Republic of the Congo,EUR,1.51,1.51,2026-06-17 18:45:30,2026-06-17 18:45:47,False,numeric,400.0,,0.2833333333333333
2600202,36024518,Match fouls,Faltas durante el partido,23 or more,4,4,Iraq - Norway,PEN,2.41,2.41,2026-06-13 13:08:52,2026-06-13 13:09:15,False,numeric,2000.0,0.338888888888889,0.38333333333333336
MAH-11-07003,36024518,Player to win a penalty,Jugador en provocar un penalti,Haaland,4,4,Iraq - Norway,EUR,29.0,29.0,2026-06-16 16:19:16,2026-06-16 16:21:58,False,string,2.33,-0.06451612903225812,2.7
MAH-11-07003,33890291,Player to win a penalty,Jugador en provocar un penalti,Vinícius,4,4,Brazil - Morocco,EUR,22.0,22.0,2026-06-11 13:31:44,2026-06-11 13:33:57,False,string,2.0,-0.04347826086956519,2.216666666666667
2586146,36024518,Player to win a penalty,Jugador en provocar un penalti,Haaland,4,4,Iraq - Norway,EUR,31.0,31.0,2026-06-16 18:44:57,2026-06-16 20:33:49,False,numeric,16.33,0.0,108.86666666666666
MAH-01-05119,33890313,Player to win a penalty,Jugador en provocar un penalti,Oyarzabal,4,4,Spain - Cape Verde,EUR,17.0,17.0,2026-06-15 15:40:25,2026-06-15 15:52:25,False,string,4.0,0.0,12.0
MAH-11-07003,33890444,Player to win a penalty,Jugador en provocar un penalti,Harry Kane,4,4,England - Croatia,EUR,41.0,41.0,2026-06-16 16:18:20,2026-06-16 16:19:35,False,string,1.83,0.13888888888888884,1.25
MAH-01-01224,36966486,Player anytime not to score,No marcará ningún gol,Mohamed Amine Sbai,4,4,Scotland - Morocco,EUR,1.18,1.18,2026-06-19 18:12:19,2026-06-19 18:20:28,False,string,1.7000000000000002,0.0,8.15
MAH-01-05191,33890312,Fouls Won (Star Substitute),Faltas recibidas Darwin Nunez(Suplente Estrella),3 or more,4,4,Saudi Arabia - Uruguay,EUR,9.6,9.5,2026-06-15 20:49:01,2026-06-15 21:22:22,False,string,82.5,0.007017543859649145,33.35
1544386,36966485,Fouls Won (Star Substitute),Faltas recibidas Vinícius (Suplente Estrella),2 or more,4,4,Brazil - Haiti,EUR,1.43,1.43,2026-06-19 21:16:13,2026-06-19 21:16:43,False,numeric,157.04,0.007042253521126751,0.5
428035,36966612,Home-side combo (bet builder),Francia,France win y A goal in both halves,4,4,France - Iraq,EUR,1.46,1.46,2026-06-20 03:37:42,2026-06-21 12:17:00,False,numeric,1.42,0.0,1959.3
2332354,36966480,Shots (Star Substitute),Remates Ricardo Pepi (Suplente Estrella),3 or more,4,4,Usa - Australia,EUR,1.62,1.62,2026-06-19 18:02:35,2026-06-19 18:03:13,True,numeric,100.0,0.0,0.6333333333333333
MAH-04-08204,36966469,Match fouls,Faltas durante el partido,29 or more,4,4,Czech Republic - South Africa,EUR,1.81,1.81,2026-06-18 15:53:45,2026-06-18 15:54:46,False,string,26.68,0.0,1.0166666666666666
2083472,36966480,Shots (Star Substitute),Remates Ricardo Pepi (Suplente Estrella),6 or more,4,4,Usa - Australia,EUR,8.35,8.35,2026-06-19 17:48:28,2026-06-19 17:48:56,False,numeric,357.0,0.0,0.4666666666666667
2624219,36024518,Match fouls,Faltas durante el partido,23 or more,4,4,Iraq - Norway,PEN,2.41,2.41,2026-06-13 13:08:54,2026-06-13 13:09:16,False,numeric,1920.0,0.338888888888889,0.36666666666666664
MAH-04-07936,33890220,Assists (Star Substitute),Asistencias Luis Diaz (Suplente Estrella),1 or more,4,11,Uzbekistan - Colombia,EUR,3.97,3.97,2026-06-17 16:22:52,2026-06-17 16:27:10,True,string,1.06,-0.002512562814070307,4.3
MAH-19-99001,37275587,To score 2 or more goals (Star Substitute),Marcar 2 goles o más (Suplente Estrella),Chupe,4,4,Malaga - Almeria,EUR,9.15,9.25,2026-06-12 11:18:04,2026-06-13 16:06:05,False,string,7.57,-0.023809523809523697,1728.0166666666667
432986,33890304,Match fouls,Faltas durante el partido,25 or more,4,4,Netherlands - Japan,EUR,1.81,1.81,2026-06-14 18:04:53,2026-06-14 18:05:42,False,numeric,400.0,0.02840909090909083,0.8166666666666667
MAH-01-05341,36966528,1st half: Team corners,1º tiempo: Corners equipo,Tunisia 1 or more,4,4,Tunisia - Japan,EUR,1.32,1.32,2026-06-19 18:40:30,2026-06-20 22:53:51,False,string,6.93,-0.007575757575757569,1693.35
2526361,36966609,To score 2 or more goals (Star Substitute),Marcar 2 goles o más (Suplente Estrella),Lionel Messi,4,4,Argentina - Austria,EUR,5.95,6.35,2026-06-20 00:03:18,2026-06-21 14:52:18,False,numeric,23.5,2.7755575615628914e-17,2329.0
MAH-03-24283,36966609,To score 2 or more goals (Star Substitute),Marcar 2 goles o más (Suplente Estrella),Lionel Messi,4,4,Argentina - Austria,EUR,5.65,5.65,2026-06-20 22:59:05,2026-06-22 10:48:01,False,string,1.11,-0.07199999999999995,2148.9333333333334
1642930,36024520,Player to score a penalty (No penalty shootout),Marcar gol de penalti (No tanda de penaltis),Cristiano Ronaldo,4,12,Portugal - Democratic Republic of the Congo,EUR,6.9,6.9,2026-06-17 13:59:38,2026-06-17 14:00:34,False,numeric,0.18,0.0,0.9333333333333333
MAH-01-55212,33890444,Home-side combo (bet builder),Inglaterra,England win y Harry Kane to score,4,4,England - Croatia,EUR,2.82,2.82,2026-06-17 12:33:14,2026-06-17 12:37:58,False,string,8.6,0.06818181818181812,4.733333333333333
MAH-01-13172,37327465,To score 2 or more goals (Star Substitute),Marcar 2 goles o más (Suplente Estrella),Noni Madueke,4,4,England - Ghana,EUR,13.0,13.0,2026-06-23 20:04:49,2026-06-23 20:05:34,False,string,180.0,,0.75
2028056,33890299,1-X-2 / 2 goals Up,1-X-2 / Ventaja 2 goles,1,4,4,Belgium - Egypt,EUR,1.57,1.51,2026-06-15 08:47:08,2026-06-15 18:39:11,False,numeric,319.36,0.029801324503311244,592.05
2298839,36971426,Team corners,Corners equipo,Paraguay 3 or more,4,4,Turkey - Paraguay,PEN,1.44,1.44,2026-06-16 18:05:36,2026-06-16 18:09:03,False,numeric,1.4000000000000001,0.19999999999999996,3.45
2141796,36971426,1-X-2 / 2 goals Up,1-X-2 / Ventaja 2 goles,1,4,4,Turkey - Paraguay,EUR,1.97,1.97,2026-06-16 18:29:04,2026-06-16 18:29:25,False,numeric,16.67,-0.03902439024390236,0.35
MAH-23-01902,33890299,Team corners,Corners equipo,Egypt 4 or more,4,4,Belgium - Egypt,PEN,2.2,2.2,2026-06-15 14:55:06,2026-06-15 18:03:36,False,string,2.67,0.037735849056603765,188.5
2298839,36966486,Team corners,Corners equipo,Morocco 4 or more,4,4,Scotland - Morocco,PEN,1.38,1.38,2026-06-16 18:05:36,2026-06-16 18:09:03,False,numeric,1.4000000000000001,0.022222222222222143,3.45
MAH-01-00260,33890211,Team corners,Corners equipo,Algeria 6 or more,4,4,Argentina - Algeria,EUR,8.2,8.2,2026-06-16 13:43:04,2026-06-16 13:45:21,False,string,1.32,-0.1840796019900499,2.283333333333333
1467011,36966553,To score 2 or more goals (Star Substitute),Marcar 2 goles o más (Suplente Estrella),Havertz,4,4,Germany - Ivory Coast,EUR,7.35,7.25,2026-06-20 18:51:45,2026-06-20 19:52:51,False,numeric,11.0,0.010344827586206917,61.1
MAH-01-55212,36024520,Home-side combo (bet builder),Portugal,Portugal win y Cristiano Ronaldo to score,4,4,Portugal - Democratic Republic of the Congo,EUR,1.91,1.91,2026-06-17 12:33:14,2026-06-17 12:37:58,False,string,8.6,-0.00520833333333337,4.733333333333333
MAH-03-27781,36966480,1-X-2 / 2 goals Up,1-X-2 / Ventaja 2 goles,1,4,4,Usa - Australia,EUR,1.55,1.55,2026-06-19 10:09:45,2026-06-19 10:13:18,False,string,52.4,0.013071895424836555,3.55
1423458,36966612,To score 2 or more goals (Star Substitute),Marcar 2 goles o más (Suplente Estrella),Mbappe,4,4,France - Iraq,EUR,3.13,3.13,2026-06-19 19:07:56,2026-06-22 00:22:16,False,numeric,1.0,0.12722419928825618,3194.3333333333335
2214574,37284970,To be carded (only players and in play)(Star Substitute),Recibir tarjeta (sólo jugadores y en juego) (Suplente Estrella),Hyeon-Gyu Oh,4,4,Mexico - South Korea,EUR,6.3,6.3,2026-06-19 02:22:03,2026-06-19 02:23:19,False,numeric,100.0,,1.2666666666666666
1361572,36966612,To score 2 or more goals (Star Substitute),Marcar 2 goles o más (Suplente Estrella),Mbappe,4,6,France - Iraq,EUR,3.12,3.12,2026-06-21 15:30:49,2026-06-21 21:59:33,False,numeric,0.5900000000000001,0.11032028469750887,388.73333333333335
MAH-03-27651,36966592,To score 2 or more goals (Star Substitute),Marcar 2 goles o más (Suplente Estrella),Chris Wood,4,9,New Zealand - Egypt,EUR,17.0,17.0,2026-06-21 09:35:47,2026-06-21 09:37:36,True,string,0.52,-0.26086956521739135,1.8166666666666667
MAH-19-20001,36966553,To score 2 or more goals (Star Substitute),Marcar 2 goles o más (Suplente Estrella),Havertz,4,4,Germany - Ivory Coast,EUR,7.0,7.0,2026-06-20 16:47:03,2026-06-20 16:54:11,False,string,36.67,-0.03448275862068961,7.133333333333334
844747,36966553,To score 2 or more goals (Star Substitute),Marcar 2 goles o más (Suplente Estrella),Havertz,4,8,Germany - Ivory Coast,EUR,7.0,7.3,2026-06-20 16:49:05,2026-06-20 18:20:51,True,numeric,0.30000000000000004,-0.013793103448275834,91.76666666666667
2450330,37275587,To be carded (only players and in play)(Star Substitute),Recibir tarjeta (sólo jugadores y en juego)(Suplente Estrella),Lopy,4,4,Malaga - Almeria,EUR,2.72,2.77,2026-06-14 03:14:59,2026-06-14 18:54:30,False,numeric,13.47,0.01225490196078427,939.5166666666667
2214574,37254588,To be carded (only players and in play)(Star Substitute),Recibir tarjeta (sólo jugadores y en juego)(Suplente Estrella),Achraf,4,4,Brazil - Morocco,EUR,11.05,11.05,2026-06-13 23:12:33,2026-06-13 23:53:21,False,numeric,150.0,,40.8
MAH-01-49413,33890211,1-X-2 / 2 goals Up,1-X-2 / Ventaja 2 goles,1,4,4,Argentina - Algeria,EUR,1.41,1.41,2026-06-16 09:40:19,2026-06-16 09:40:57,False,string,100.0,-0.07236842105263164,0.6333333333333333
MAH-03-02602,33890305,1-X-2 / 2 goals Up,1-X-2 / Ventaja 2 goles,2,4,4,Ivory Coast - Ecuador,EUR,2.57,2.57,2026-06-14 09:31:07,2026-06-14 09:33:33,False,string,4.3,0.0663900414937757,2.433333333333333
2322315,37316389,Match shots on target,Remates a puerta durante el partido,10 or more,4,4,Universidad de Chile - O'higgins FC,PEN,2.66,2.66,2026-06-18 23:55:29,2026-06-18 23:56:48,False,numeric,50.0,0.0,1.3166666666666667
2322315,37316389,Match shots on target,Remates a puerta durante el partido,9 or more,4,4,Universidad de Chile - O'higgins FC,PEN,2.01,2.01,2026-06-18 23:55:23,2026-06-18 23:56:43,False,numeric,60.0,0.0,1.3333333333333333
MAH-03-24283,36966640,To score 2 or more goals (Star Substitute),Marcar 2 goles o más (Suplente Estrella),Cristiano Ronaldo,4,4,Portugal - Uzbekistan,EUR,3.22,3.22,2026-06-21 22:29:59,2026-06-22 17:38:50,False,string,1.24,0.1070205479452056,1148.85
MAH-08-14005,33890238,1-X-2 / 2 goals Up,1-X-2 / Ventaja 2 goles,1,4,4,Mexico - South Africa,EUR,1.39,1.39,2026-06-11 16:36:47,2026-06-11 16:58:14,False,string,1.16,0.0,21.45
430294,36966611,1-X-2 / 2 goals Up,1-X-2 / Ventaja 2 goles,2,4,4,Norway - Senegal,EUR,3.29,3.14,2026-06-22 16:35:58,2026-06-22 20:10:04,False,numeric,6.68,0.12412587412587417,214.1
MAH-03-27651,36966590,To score 2 or more goals (Star Substitute),Marcar 2 goles o más (Suplente Estrella),Valverde,4,9,Uruguay - Cape Verde,EUR,18.0,18.0,2026-06-21 09:35:47,2026-06-21 09:37:36,True,string,0.6000000000000001,-0.052631578947368474,1.8166666666666667
1641118,36966553,1-X-2 / 2 goals Up,1-X-2 / Ventaja 2 goles,1,4,4,Germany - Ivory Coast,EUR,1.5,1.53,2026-06-20 07:42:06,2026-06-20 16:37:41,False,numeric,19.990000000000002,0.1003649635036496,535.5833333333334
1544386,36966486,1-X-2 / 2 goals Up,1-X-2 / Ventaja 2 goles,2,4,4,Scotland - Morocco,EUR,1.61,1.61,2026-06-19 21:16:13,2026-06-19 21:16:43,False,numeric,157.04,-0.012269938650306678,0.5
2249248,36966590,1-X-2 / 2 goals Up,1-X-2 / Ventaja 2 goles,1,4,4,Uruguay - Cape Verde,EUR,1.45,1.45,2026-06-21 14:52:55,2026-06-21 15:24:45,False,numeric,33.33,0.050724637681159424,31.833333333333332
MAH-05-15043,36966553,1-X-2 / 2 goals Up,1-X-2 / Ventaja 2 goles,1,4,4,Germany - Ivory Coast,EUR,1.5,1.47,2026-06-19 16:38:33,2026-06-20 18:03:16,False,string,40.57,0.07481751824817512,1524.7166666666667
2249248,36966593,1-X-2 / 2 goals Up,1-X-2 / Ventaja 2 goles,1,4,4,Belgium - Iran,EUR,1.4,1.4,2026-06-21 14:52:55,2026-06-21 15:24:45,False,numeric,33.33,-0.007092198581560294,31.833333333333332
871753,36966469,1-X-2 / 2 goals Up,1-X-2 / Ventaja 2 goles,1,4,4,Czech Republic - South Africa,EUR,1.86,1.8,2026-06-18 07:47:40,2026-06-18 15:06:59,False,numeric,4.25,0.022471910112359605,439.31666666666666
MAH-04-07490,36966612,To score 2 or more goals (Star Substitute),Marcar 2 goles o más (Suplente Estrella),Mbappe,4,4,France - Iraq,EUR,3.02,3.02,2026-06-22 16:47:36,2026-06-22 19:21:38,True,string,53.0,0.07028469750889688,154.03333333333333
2623956,37275587,1-X-2 / 2 goals Up,1-X-2 / Ventaja 2 goles,1,4,4,Malaga - Almeria,EUR,2.17,2.25,2026-06-13 23:34:34,2026-06-14 18:12:50,False,numeric,0.8200000000000001,0.026620370370370294,1118.2666666666667
MAH-01-49413,33890313,1-X-2 / 2 goals Up,1-X-2 / Ventaja 2 goles,1,4,4,Spain - Cape Verde,EUR,1.09,1.06,2026-06-14 05:58:46,2026-06-15 08:56:24,False,string,83.34,0.023809523809523836,1617.6333333333334
MAH-05-15353,33890312,1-X-2 / 2 goals Up,1-X-2 / Ventaja 2 goles,2,4,4,Saudi Arabia - Uruguay,EUR,1.41,1.41,2026-06-13 10:22:10,2026-06-15 10:24:51,False,string,30.6,-0.032534246575342485,2882.6833333333334
MAH-11-04001,33890210,Match penalty scored,Gol de penalti durante el partido,Yes,4,4,Austria - Jordan,EUR,2.8,2.8,2026-06-16 16:51:52,2026-06-16 16:56:15,False,string,0.71,-0.24932975871313678,4.383333333333334
MAH-01-01676,33890312,Match penalty scored,Gol de penalti durante el partido,Yes,4,4,Saudi Arabia - Uruguay,EUR,2.5,2.5,2026-06-15 15:41:20,2026-06-15 18:34:56,False,string,1.76,-0.29146039603960394,173.6
MAH-18-01007,36966609,To score 2 or more goals (Star Substitute),Marcar 2 goles o más (Suplente Estrella),Lionel Messi,4,4,Argentina - Austria,EUR,5.75,5.75,2026-06-21 11:32:11,2026-06-21 11:37:35,False,string,0.45,-0.07999999999999996,5.4
MAH-04-07769,36966638,Home-side combo (bet builder),Inglaterra,"England win, Over 8.5 corners y Harry Kane to score 2 or more goals",4,4,England - Ghana,EUR,7.2,7.2,2026-06-23 11:29:52,2026-06-23 11:35:35,True,string,0.30000000000000004,0.358490566037736,5.716666666666667
MAH-04-08204,36966486,Match fouls,Faltas durante el partido,29 or more,4,4,Scotland - Morocco,EUR,1.61,1.61,2026-06-19 21:19:09,2026-06-19 21:19:58,False,string,22.509999999999998,0.0,0.8166666666666667
MAH-03-24283,33890220,To score 2 or more goals (Star Substitute),Marcar 2 goles o más (Suplente Estrella),Luis Suárez,4,4,Uzbekistan - Colombia,EUR,7.4,7.0,2026-06-17 16:02:31,2026-06-17 22:57:44,False,string,0.9400000000000001,-0.02980132450331116,415.21666666666664
MAH-03-24544,36024520,Hat trick (three or more goals) (Star Substitute),Hat trick (tres o más goles) (Suplente Estrella),Cristiano Ronaldo,4,4,Portugal - Democratic Republic of the Congo,EUR,13.0,13.0,2026-06-17 16:56:05,2026-06-17 16:58:22,False,string,290.0,-0.1333333333333333,2.283333333333333
MAH-11-15008,33890291,To score or assist (Star Substitute),Marcar gol o asistir (Suplente Estrella),Vinícius,4,4,Brazil - Morocco,EUR,2.01,2.01,2026-06-13 21:56:04,2026-06-13 21:59:00,False,string,1600.0,0.0,2.933333333333333
2332354,33890211,Shots (Star Substitute),Remates Ibrahim Maza (Suplente Estrella),3 or more,4,4,Argentina - Algeria,EUR,5.45,5.45,2026-06-17 00:53:40,2026-06-17 00:53:58,True,numeric,100.0,0.0,0.3
2391039,36024518,Player to score in both halves (Star Substitute),Jugador en meter gol en el 1º y 2º tiempo (Suplente Estrella),Haaland,4,4,Iraq - Norway,EUR,4.15,4.15,2026-06-16 18:41:17,2026-06-16 18:41:58,False,numeric,10.52,-0.016587677725118377,0.6833333333333333
MAH-01-13171,33890306,Hat trick (three or more goals) (Star Substitute),Hat trick (tres o más goles) (Suplente Estrella),Havertz,4,4,Germany - Curaçao,EUR,8.9,8.9,2026-06-14 09:05:52,2026-06-14 16:31:39,False,string,1.03,1.1102230246251565e-16,445.78333333333336
MAH-01-05133,33890299,Hat trick (three or more goals) (Star Substitute),Hat trick (tres o más goles) (Suplente Estrella),Kevin De Bruyne,4,4,Belgium - Egypt,EUR,79.0,79.0,2026-06-15 18:33:54,2026-06-15 18:35:14,False,string,27.099999999999998,0.0,1.3333333333333333
MAH-11-03004,36024520,Hat trick (three or more goals) (Star Substitute),Hat trick (tres o más goles) (Suplente Estrella),Cristiano Ronaldo,4,4,Portugal - Democratic Republic of the Congo,EUR,15.0,15.0,2026-06-17 16:06:37,2026-06-17 16:06:59,False,string,8.0,0.0,0.36666666666666664
1966114,36966611,Team corners,Corners equipo,Senegal 4 or more,4,4,Norway - Senegal,PEN,1.77,1.77,2026-06-22 13:23:36,2026-06-22 21:57:55,False,numeric,41.33,0.011428571428571344,514.3166666666667
2138429,33890444,Hat trick (three or more goals) (Star Substitute),Hat trick (tres o más goles) (Suplente Estrella),Harry Kane,4,4,England - Croatia,PEN,30.0,26.0,2026-06-17 16:10:08,2026-06-17 19:29:58,False,numeric,8.77,0.07692307692307687,199.83333333333334
2184411,36024493,Tackles (Star Substitute),Entradas ganadas (tackles) Ellyes Skhiri (Suplente Estrella),3 or more,4,4,Sweden - Tunisia,EUR,3.28,3.43,2026-06-11 18:47:08,2026-06-14 22:00:11,True,numeric,162.0,-0.014577259475218707,4513.05
MAH-11-07003,36966590,Team corners,Corners equipo,Uruguay 7 or more,4,4,Uruguay - Cape Verde,EUR,1.98,2.12,2026-06-19 17:51:46,2026-06-20 19:05:16,False,string,3.13,0.09510869565217384,1513.5
MAH-03-27653,33890309,Hat trick (three or more goals) (Star Substitute),Hat trick (tres o más goles) (Suplente Estrella),Pulisic,4,7,Usa - Paraguay,EUR,101.0,101.0,2026-06-12 14:26:05,2026-06-12 14:26:52,True,string,1.6500000000000001,0.0,0.7833333333333333
MAH-19-20001,36966486,Hat trick (three or more goals) (Star Substitute),Hat trick (tres o más goles) (Suplente Estrella),Ismael Saibari,4,4,Scotland - Morocco,EUR,71.0,71.0,2026-06-19 18:56:09,2026-06-19 18:57:30,False,string,9.03,0.0,1.35
MAH-03-27653,33890290,Hat trick (three or more goals) (Star Substitute),Hat trick (tres o más goles) (Suplente Estrella),Che Adams,4,7,Haiti - Scotland,EUR,31.0,31.0,2026-06-13 09:04:38,2026-06-13 09:05:07,True,string,0.58,-0.24390243902439024,0.48333333333333334
MAH-03-27653,36024491,Hat trick (three or more goals) (Star Substitute),Hat trick (tres o más goles) (Suplente Estrella),Ermedin Demirovic,4,7,Canada - Bosnia And Herzegovina,EUR,101.0,101.0,2026-06-12 14:26:05,2026-06-12 14:26:52,True,string,1.58,0.0,0.7833333333333333
MAH-03-27653,33890259,Hat trick (three or more goals) (Star Substitute),Hat trick (tres o más goles) (Suplente Estrella),Ruben Vargas,4,7,Qatar - Switzerland,EUR,51.0,51.0,2026-06-13 09:04:38,2026-06-13 09:05:07,True,string,0.53,0.0,0.48333333333333334
MAH-03-03208,36966591,Team corners,Corners equipo,Spain 7 or more,4,4,Spain - Saudi Arabia,EUR,1.4,1.4,2026-06-21 15:31:01,2026-06-21 15:32:01,False,string,26.68,-0.02777777777777779,1.0
MAH-01-05171,36024520,Anytime goalscorer (Star Substitute),Goleador durante el partido (Suplente Estrella),Cristiano Ronaldo,4,4,Portugal - Democratic Republic of the Congo,EUR,1.74,1.74,2026-06-17 16:23:15,2026-06-17 16:24:37,False,string,350.0,-0.011363636363636354,1.3666666666666667
MAH-01-05173,37312355,Home-side combo (bet builder),Almería,Draw y A goal in both halves,4,6,Almeria - Malaga,EUR,6.64,6.64,2026-06-20 13:14:28,2026-06-20 19:14:51,False,string,6.8,-0.004497751124437843,360.3833333333333
MAH-03-27834,36966591,Home-side combo (bet builder),España,Spain wins at half time / Spain wins full time y Ferran to score,4,4,Spain - Saudi Arabia,EUR,2.34,2.23,2026-06-18 09:39:49,2026-06-20 15:06:41,False,string,0.51,0.03863636363636347,3206.866666666667
MAH-03-27832,36966553,Home-side combo (bet builder),Alemania,Germany wins at half time / Germany wins full time y Havertz to score,4,4,Germany - Ivory Coast,EUR,3.57,3.57,2026-06-20 08:33:56,2026-06-20 08:43:18,False,string,0.54,0.04385964912280693,9.366666666666667
1442420,36966640,Home-side combo (bet builder),Portugal,"Portugal win, Over 8.5 corners y Cristiano Ronaldo to score",4,4,Portugal - Uzbekistan,EUR,2.6,2.6,2026-06-22 20:31:32,2026-06-22 20:32:02,False,numeric,4.0,0.06557377049180335,0.5
1361572,33890290,To score 2 or more goals (Star Substitute),Marcar 2 goles o más (Suplente Estrella),McTominay,4,4,Haiti - Scotland,EUR,12.0,12.0,2026-06-13 15:49:37,2026-06-13 15:55:15,False,numeric,0.88,0.09090909090909083,5.633333333333334
1516441,33890313,Player most passes (voiding in case of tie),Jugador en dar más pases,Laporte,4,4,Spain - Cape Verde,EUR,4.69,4.69,2026-06-15 15:56:50,2026-06-15 15:57:08,True,numeric,100.0,0.0,0.3
MAH-11-02002,33890444,To score 2 or more goals (Star Substitute),Marcar 2 goles o más (Suplente Estrella),Harry Kane,4,4,England - Croatia,EUR,6.7,6.7,2026-06-17 15:33:41,2026-06-17 15:34:10,False,string,12.5,-0.07586206896551717,0.48333333333333334
1865568,36024518,Player most passes (voiding in case of tie),Jugador en dar más pases,Sander Berge,4,4,Iraq - Norway,EUR,4.49,4.49,2026-06-16 00:13:59,2026-06-16 00:18:49,False,numeric,3.59,0.3773006134969328,4.833333333333333
1516441,33890313,Player most passes (voiding in case of tie),Jugador en dar más pases,Cubarsi,4,4,Spain - Cape Verde,EUR,4.49,4.49,2026-06-15 15:56:50,2026-06-15 15:57:08,True,numeric,100.0,0.0,0.3
MAH-11-10006,36966592,Home-side combo (bet builder),Nueva Zelanda,New Zealand win y Over 2.5 goals,4,4,New Zealand - Egypt,EUR,11.54,11.54,2026-06-21 12:04:53,2026-06-21 12:15:55,False,string,1.9700000000000002,0.0,11.033333333333333
2391039,33890416,To score 2 or more goals (Star Substitute),Marcar 2 goles o más (Suplente Estrella),Mbappe,4,4,France - Senegal,EUR,5.3,5.3,2026-06-16 18:41:17,2026-06-16 18:41:58,False,numeric,10.52,-0.02752293577981657,0.6833333333333333
2208140,36966553,To score 2 or more goals (Star Substitute),Marcar 2 goles o más (Suplente Estrella),Havertz,4,6,Germany - Ivory Coast,EUR,7.05,7.05,2026-06-20 16:31:20,2026-06-20 16:33:31,True,numeric,0.6000000000000001,-0.02758620689655178,2.183333333333333
1516441,33890220,Player most passes (voiding in case of tie),Jugador en dar más pases,Jhon Lucumi,4,8,Uzbekistan - Colombia,EUR,5.65,5.65,2026-06-15 22:14:48,2026-06-15 22:45:51,True,numeric,6.07,0.3294117647058825,31.05
MAH-01-13273,33890444,To score 2 or more goals (Star Substitute),Marcar 2 goles o más (Suplente Estrella),Harry Kane,4,4,England - Croatia,EUR,7.3,7.3,2026-06-17 07:06:26,2026-06-17 10:50:54,False,string,6.62,0.006896551724137945,224.46666666666667
MAH-01-00260,36966550,Team corners,Corners equipo,Curaçao 4 or more,4,4,Ecuador - Curaçao,EUR,3.7,3.7,2026-06-19 17:19:05,2026-06-20 12:06:47,False,string,0.6100000000000001,-0.059405940594059375,1127.7
2257930,33890220,To score 2 or more goals (Star Substitute),Marcar 2 goles o más (Suplente Estrella),Luis Diaz,4,4,Uzbekistan - Colombia,EUR,7.25,7.25,2026-06-17 18:13:25,2026-06-17 19:46:33,False,numeric,6.84,-0.039735099337748325,93.13333333333334
1516441,33890210,Player most passes (voiding in case of tie),Jugador en dar más pases,Philipp Lienhart,4,16,Austria - Jordan,EUR,4.44,4.44,2026-06-15 22:45:12,2026-06-15 22:46:57,True,numeric,4.57,0.0,1.75
MAH-06-15003,33890306,To score 2 or more goals (Star Substitute),Marcar 2 goles o más (Suplente Estrella),Havertz,4,4,Germany - Curaçao,EUR,3.2,3.2,2026-06-14 14:23:22,2026-06-14 16:58:04,False,string,3.2,-0.03153153153153154,154.7
1361572,33890259,To score 2 or more goals (Star Substitute),Marcar 2 goles o más (Suplente Estrella),Breel Embolo,4,4,Qatar - Switzerland,EUR,5.4,5.4,2026-06-13 15:49:37,2026-06-13 15:55:15,False,numeric,0.88,0.06930693069306937,5.633333333333334
MAH-03-27653,33890444,To score 2 or more goals (Star Substitute),Marcar 2 goles o más (Suplente Estrella),Luka Modric,4,5,England - Croatia,EUR,81.0,81.0,2026-06-17 14:14:31,2026-06-17 17:55:39,True,string,24.35,0.0,221.13333333333333
MAH-03-27821,33890444,To score 2 or more goals (Star Substitute),Marcar 2 goles o más (Suplente Estrella),Harry Kane,4,4,England - Croatia,EUR,7.0,7.0,2026-06-17 19:12:54,2026-06-17 19:15:57,False,string,17.2,-0.027586206896551696,3.05
MAH-03-03232,33890220,To score 2 or more goals (Star Substitute),Marcar 2 goles o más (Suplente Estrella),Luis Suárez,4,4,Uzbekistan - Colombia,EUR,7.0,7.0,2026-06-17 19:59:16,2026-06-17 22:50:01,False,string,5.43,-0.043046357615893954,170.75
MAH-01-13372,36966593,Home-side combo (bet builder),Bélgica,Belgium win y Kevin De Bruyne to score,4,4,Belgium - Iran,EUR,3.29,3.36,2026-06-21 09:44:10,2026-06-21 15:42:43,False,string,4.33,-0.008233532934131704,358.55
MAH-22-05003,36966638,Match,Partido,Over 7.5 corners y Harry Kane to score,4,4,England - Ghana,EUR,2.26,2.26,2026-06-23 10:53:03,2026-06-23 11:03:12,False,string,0.64,0.08133971291866016,10.15
MAH-03-24288,36966469,Team corners,Corners equipo,Czech Republic 4 or more,4,4,Czech Republic - South Africa,EUR,1.33,1.33,2026-06-15 18:10:10,2026-06-16 17:24:22,False,string,0.38,0.19819819819819817,1394.2
MAH-01-51282,36966480,Player to score in 1st half,Jugador en meter gol en el 1º tiempo,Mohamed Toure,4,4,Usa - Australia,EUR,11.0,9.6,2026-06-19 18:13:55,2026-06-19 18:47:54,False,string,1.6600000000000001,-0.04242424242424244,33.983333333333334
MAH-03-24907,33890313,Player to score in 1st half,Jugador en meter gol en el 1º tiempo,Lamine Yamal,4,4,Spain - Cape Verde,EUR,3.47,3.47,2026-06-12 22:07:27,2026-06-12 22:08:13,False,string,1.43,0.0809968847352025,0.7666666666666667
MAH-01-12133,36966612,Home-side combo (bet builder),Francia,"France win, Over 2.5 goals y Over 10.5 corners",4,4,France - Iraq,EUR,3.19,3.19,2026-06-22 17:09:22,2026-06-22 17:14:04,False,string,0.12,0.04590163934426239,4.7
MAH-01-51281,36024520,Player to score in 1st half,Jugador en meter gol en el 1º tiempo,Bruno Fernandes,4,8,Portugal - Democratic Republic of the Congo,EUR,6.3,6.3,2026-06-16 17:44:13,2026-06-16 17:46:11,True,string,0.28,-0.007874015748031482,1.9666666666666666
MAH-19-95001,36966612,Home-side combo (bet builder),Francia,France win y Mbappe to score,4,4,France - Iraq,EUR,1.4,1.45,2026-06-19 21:03:31,2026-06-21 15:35:58,False,string,7.42,-0.04362416107382555,2552.45
MAH-01-51282,36966553,Player to score in 1st half,Jugador en meter gol en el 1º tiempo,Havertz,4,4,Germany - Ivory Coast,EUR,3.8,3.85,2026-06-20 16:36:28,2026-06-20 16:59:42,False,string,1.32,0.008771929824561505,23.233333333333334
MAH-01-51282,36966549,Player to score in 1st half,Jugador en meter gol en el 1º tiempo,Malen,4,4,Netherlands - Sweden,EUR,5.4,5.0,2026-06-20 16:36:28,2026-06-20 16:59:42,False,string,1.32,-0.04938271604938279,23.233333333333334
MAH-01-13372,36024518,Player to score in 1st half,Jugador en meter gol en el 1º tiempo,Haaland,4,4,Iraq - Norway,EUR,2.35,2.35,2026-06-16 13:31:38,2026-06-16 21:26:06,False,string,8.28,-0.0028368794326241176,474.46666666666664
MAH-01-51282,36966480,Player to score in 1st half,Jugador en meter gol en el 1º tiempo,Sergiño Dest,4,4,Usa - Australia,EUR,11.0,11.0,2026-06-19 18:18:03,2026-06-19 18:33:22,False,string,1.83,0.0,15.316666666666666
1884779,36966612,Home-side combo (bet builder),Francia,France win y A goal in both halves,4,4,France - Iraq,EUR,1.45,1.45,2026-06-21 09:00:49,2026-06-22 06:59:27,False,numeric,1.12,-0.006849315068493178,1318.6333333333334
MAH-11-02002,33890419,Team corners,Corners equipo,Panama 4 or more,4,4,Ghana - Panama,EUR,1.82,1.82,2026-06-17 15:33:41,2026-06-17 15:34:10,False,string,12.5,0.13043478260869557,0.48333333333333334
2206808,36966549,Match throw-ins,Saques de banda durante el partido,36 or more,4,4,Netherlands - Sweden,PEN,2.36,2.36,2026-06-20 14:14:40,2026-06-20 14:15:31,False,numeric,500.0,0.0,0.85
844747,33890312,Player to score with left foot,Marcar gol con la pierna izquierda,Maximiliano Araújo,4,8,Saudi Arabia - Uruguay,EUR,6.0,6.0,2026-06-15 15:48:54,2026-06-15 18:03:21,True,numeric,0.28,-0.04761904761904764,134.45
2206808,36966549,Match throw-ins,Saques de banda durante el partido,37 or more,4,4,Netherlands - Sweden,PEN,2.66,2.66,2026-06-20 14:14:32,2026-06-20 14:15:37,False,numeric,400.0,0.4696132596685083,1.0833333333333333
MAH-01-13372,36024491,Match,Partido,Both teams to score y Jonathan David to score,4,4,Canada - Bosnia And Herzegovina,EUR,4.01,4.01,2026-06-12 18:24:12,2026-06-12 18:32:10,False,string,10.86,0.020356234096692072,7.966666666666667
MAH-21-13003,33890306,Match penalty scored,Gol de penalti durante el partido,Yes,4,4,Germany - Curaçao,EUR,2.47,2.47,2026-06-14 15:59:08,2026-06-14 15:59:44,False,string,40.0,-0.04633204633204624,0.6
MAH-23-01902,37183511,Team corners,Corners equipo,Costa Rica 3 or more,4,4,England - Costa Rica,PEN,2.28,2.28,2026-06-10 15:40:10,2026-06-10 15:44:03,False,string,1.15,-0.046025104602510636,3.8833333333333333
MAH-03-27834,36966549,Home-side combo (bet builder),Países Bajos,"Netherlands win, Both teams to score y Over 8.5 corners",4,4,Netherlands - Sweden,EUR,4.41,4.41,2026-06-20 15:01:54,2026-06-20 15:06:41,False,string,0.65,-0.006756756756756799,4.783333333333333
MAH-03-27832,36966549,Home-side combo (bet builder),Países Bajos,"Netherlands win, Both teams to score y Over 8.5 corners",4,4,Netherlands - Sweden,EUR,4.46,4.46,2026-06-20 08:33:56,2026-06-20 08:43:18,False,string,0.54,0.0045045045045044585,9.366666666666667
MAH-01-51281,36024518,Player to score in 1st half,Jugador en meter gol en el 1º tiempo,Antonio Nusa,4,8,Iraq - Norway,EUR,5.7,5.7,2026-06-16 17:44:13,2026-06-16 17:46:11,True,string,0.25,0.0,1.9666666666666666
MAH-01-51281,33890210,Player to score in 1st half,Jugador en meter gol en el 1º tiempo,Sabitzer,4,8,Austria - Jordan,EUR,5.1,5.1,2026-06-16 17:44:13,2026-06-16 17:46:11,True,string,0.28,0.0,1.9666666666666666
MAH-11-10006,36966611,Home-side combo (bet builder),Noruega,"Norway win, Over 2.5 goals y Haaland to score",4,4,Norway - Senegal,EUR,4.31,4.31,2026-06-21 11:46:56,2026-06-21 12:00:59,False,string,11.25,-0.12040816326530623,14.05
844747,33890259,Player to score in 1st half,Jugador en meter gol en el 1º tiempo,Dan Ndoye,4,8,Qatar - Switzerland,EUR,5.2,5.0,2026-06-12 10:24:23,2026-06-13 10:14:49,True,numeric,0.28,1.1102230246251565e-16,1430.4333333333334
MAH-11-04001,37361934,Match,Partido,Over 1.5 half time goals y Both teams to score in second half,4,4,Velo Clube Sp - Ec Agua Santa,EUR,8.29,8.29,2026-06-20 19:07:31,2026-06-20 19:19:18,False,string,0.61,-0.026264967168791193,11.783333333333333
1783724,33890416,1-X-2 / 2 goals Up,1-X-2 / Ventaja 2 goles,1,4,4,France - Senegal,EUR,1.46,1.45,2026-06-16 09:29:34,2026-06-16 16:31:36,False,numeric,29.5,-0.018581081081081086,422.03333333333336
2143110,33890211,1-X-2 / 2 goals Up,1-X-2 / Ventaja 2 goles,1,4,4,Argentina - Algeria,EUR,1.44,1.4,2026-06-13 21:12:56,2026-06-16 20:52:07,False,numeric,2.07,-0.07565789473684215,4299.183333333333
2138429,37342959,Match,Partido,B. Kopavogur win y Both teams to score in both halves,4,4,B. Kopavogur - KA Akureyri,PEN,13.0,13.0,2026-06-21 17:41:19,2026-06-21 17:48:56,True,numeric,12.33,0.0,7.616666666666666
2138429,37342959,Match,Partido,KA Akureyri win y Both teams to score in both halves,4,4,B. Kopavogur - KA Akureyri,PEN,23.0,23.0,2026-06-21 17:41:19,2026-06-21 17:49:37,True,numeric,12.33,0.0,8.3
MAH-05-15224,33890312,Team corners,Corners equipo,Uruguay 8 or more,4,4,Saudi Arabia - Uruguay,EUR,3.06,3.06,2026-06-12 19:05:47,2026-06-12 19:07:27,False,string,0.5,0.013245033112582849,1.6666666666666667
MAH-23-01902,33890416,Team corners,Corners equipo,Senegal 4 or more,4,4,France - Senegal,PEN,2.2,2.2,2026-06-16 15:15:41,2026-06-16 15:19:55,False,string,1.4,-0.009009009009009028,4.233333333333333
1936257,36966640,Home-side combo (bet builder),Portugal,Portugal win y Cristiano Ronaldo to score,4,4,Portugal - Uzbekistan,PEN,1.5,1.5,2026-06-23 01:31:33,2026-06-23 16:10:54,False,numeric,90.0,0.01845637583892623,879.35
MAH-19-68001,33890444,1-X-2 / 2 goals Up,1-X-2 / Ventaja 2 goles,1,4,4,England - Croatia,EUR,1.73,1.71,2026-06-16 19:34:49,2026-06-17 19:16:27,False,string,34.31,0.01807228915662651,1421.6333333333334
MAH-11-10004,33890444,1-X-2 / 2 goals Up,1-X-2 / Ventaja 2 goles,1,4,4,England - Croatia,EUR,1.7,1.7,2026-06-13 14:33:07,2026-06-13 14:33:36,False,string,0.36,0.024096385542168752,0.48333333333333334
MAH-04-07673,36966640,Home-side combo (bet builder),Portugal,Portugal win y A goal in both halves,4,4,Portugal - Uzbekistan,EUR,1.62,1.66,2026-06-20 21:01:52,2026-06-22 20:29:34,False,string,0.41000000000000003,0.10884353741496605,2847.7
MAH-04-07398,36966638,Match,Partido,Over 2.5 goals y Harry Kane to score,4,4,England - Ghana,EUR,2.13,2.13,2026-06-20 09:09:23,2026-06-22 08:15:42,False,string,0.52,0.16393442622950816,2826.3166666666666
MAH-11-10004,33890419,1-X-2 / 2 goals Up,1-X-2 / Ventaja 2 goles,1,4,4,Ghana - Panama,EUR,2.12,2.12,2026-06-13 14:33:07,2026-06-13 14:33:36,False,string,0.36,-0.08225108225108224,0.48333333333333334
MAH-01-49804,36966473,1-X-2 / 2 goals Up,1-X-2 / Ventaja 2 goles,1,4,4,Switzerland - Bosnia And Herzegovina,EUR,1.56,1.56,2026-06-18 14:27:28,2026-06-18 14:30:53,False,string,133.32999999999998,0.019607843137254832,3.4166666666666665
MAH-21-14001,36966486,1-X-2 / 2 goals Up,1-X-2 / Ventaja 2 goles,1,4,4,Scotland - Morocco,EUR,5.37,5.37,2026-06-19 21:48:35,2026-06-19 21:51:34,False,string,700.0,0.0,2.9833333333333334
MAH-01-01670,36966611,Home-side combo (bet builder),Noruega,"Norway win, Over 3.5 goals y Haaland to score",4,8,Norway - Senegal,EUR,7.37,7.37,2026-06-21 12:50:54,2026-06-21 12:51:07,True,string,0.28,0.10000000000000009,0.21666666666666667
844747,33890290,Player to score in 1st half,Jugador en meter gol en el 1º tiempo,McTominay,4,8,Haiti - Scotland,EUR,5.5,5.5,2026-06-12 10:24:23,2026-06-13 10:14:49,True,numeric,0.26,-0.02678571428571419,1430.4333333333334
2139536,33890309,1-X-2 / 2 goals Up,1-X-2 / Ventaja 2 goles,1,4,4,Usa - Paraguay,EUR,2.1,2.1,2026-06-12 21:16:58,2026-06-12 23:10:33,False,numeric,9.04,0.034482758620689724,113.58333333333333
MAH-04-06974,33890416,To score 2 or more goals (Star Substitute),Marcar 2 goles o más (Suplente Estrella),Michael Olise,4,4,France - Senegal,EUR,13.0,13.0,2026-06-16 17:38:15,2026-06-16 17:39:47,False,string,0.15,-0.1333333333333333,1.5333333333333334
MAH-01-01340,33890290,1-X-2 / 2 goals Up,1-X-2 / Ventaja 2 goles,2,4,4,Haiti - Scotland,EUR,1.55,1.55,2026-06-11 16:05:33,2026-06-11 16:13:41,False,string,1.59,-0.01273885350318471,8.133333333333333
MAH-04-07224,36024520,Home-side combo (bet builder),Portugal,Portugal win y Cristiano Ronaldo to score,4,4,Portugal - Democratic Republic of the Congo,EUR,1.77,1.77,2026-06-14 08:34:39,2026-06-14 08:35:17,False,string,0.4,-0.078125,0.6333333333333333
MAH-05-15243,36966486,To score or assist (Star Substitute),Marcar gol o asistir (Suplente Estrella),Brahim,4,4,Scotland - Morocco,EUR,2.07,2.07,2026-06-19 12:21:22,2026-06-19 12:22:00,False,string,1.0,-0.032710280373831946,0.6333333333333333
MAH-11-08001,36024520,To score or assist (Star Substitute),Marcar gol o asistir (Suplente Estrella),Cristiano Ronaldo,4,4,Portugal - Democratic Republic of the Congo,EUR,1.41,1.41,2026-06-14 18:51:17,2026-06-16 17:09:19,False,string,0.31,-0.07947019867549668,2778.0333333333333
2609553,37295691,To score or assist (Star Substitute),Marcar gol o asistir (Suplente Estrella),Endrick,4,4,Brazil - Haiti,USD,2.5,2.5,2026-06-20 02:04:14,2026-06-20 02:04:46,False,numeric,40.0,,0.5333333333333333
2502424,36966549,To score or assist (Star Substitute),Marcar gol o asistir (Suplente Estrella),Isak,4,7,Netherlands - Sweden,EUR,2.4,2.4,2026-06-19 22:06:12,2026-06-19 22:07:55,True,numeric,0.26,0.04347826086956519,1.7166666666666666
2200424,37254585,Match corners,Corners durante el partido,16 or more,4,4,Canada - Bosnia-Herzegovina,EUR,1.51,1.51,2026-06-12 20:31:04,2026-06-12 20:34:35,False,numeric,200.0,,3.5166666666666666
MAH-01-05134,36966612,Hat trick (three or more goals) (Star Substitute),Hat trick (tres o más goles) (Suplente Estrella),Mbappe,4,4,France - Iraq,EUR,8.0,8.1,2026-06-22 18:09:49,2026-06-22 19:07:09,False,string,3.0,0.06622516556291391,57.333333333333336
686777,33890299,Match corners,Corners durante el partido,9 or more,4,4,Belgium - Egypt,EUR,1.41,1.41,2026-06-15 18:04:07,2026-06-15 18:04:34,False,numeric,370.0,0.0,0.45
MAH-04-07419,36966638,To score or assist (Star Substitute),Marcar gol o asistir (Suplente Estrella),Harry Kane,4,4,England - Ghana,EUR,1.42,1.42,2026-06-22 15:07:34,2026-06-22 15:09:47,False,string,0.52,0.10077519379844957,2.216666666666667
MAH-11-07003,36966609,Hat trick (three or more goals) (Star Substitute),Hat trick (tres o más goles) (Suplente Estrella),Lionel Messi,4,4,Argentina - Austria,EUR,21.0,21.0,2026-06-21 09:11:16,2026-06-21 09:15:21,False,string,2.0,0.0,4.083333333333333
MAH-05-15273,36971426,To score or assist (Star Substitute),Marcar gol o asistir (Suplente Estrella),Akturkoglu,4,4,Turkey - Paraguay,EUR,2.02,2.02,2026-06-19 17:30:15,2026-06-19 21:26:40,False,string,1.1199999999999999,-0.05607476635514019,236.41666666666666
MAH-01-53452,33890291,Match corners,Corners durante el partido,8 or more,4,4,Brazil - Morocco,EUR,1.4,1.4,2026-06-12 19:14:52,2026-06-13 16:00:47,False,string,2.79,-0.007092198581560294,1245.9166666666667
MAH-02-02345,36966611,To score or assist (Star Substitute),Marcar gol o asistir (Suplente Estrella),Haaland,4,4,Norway - Senegal,EUR,1.68,1.68,2026-06-22 09:23:57,2026-06-22 09:25:33,False,string,1.0,-0.01754385964912286,1.6
2058816,36966612,To score 2 or more goals (Star Substitute),Marcar 2 goles o más (Suplente Estrella),Mbappe,4,4,France - Iraq,EUR,3.13,3.13,2026-06-21 07:28:40,2026-06-21 23:39:48,False,numeric,0.76,0.11832740213523124,971.1333333333333
2142009,37317933,To score or assist (Star Substitute),Marcar gol o asistir (Suplente Estrella),Julian Alvarez,4,4,Argentina - Austria,EUR,4.17,4.17,2026-06-22 18:29:34,2026-06-22 18:29:51,False,numeric,400.0,,0.2833333333333333
MAH-03-27653,33890309,Match corners,Corners durante el partido,13 or more,4,4,Usa - Paraguay,EUR,4.15,4.15,2026-06-11 10:33:01,2026-06-11 10:38:13,False,string,0.2,-0.016587677725118377,5.2
MAH-04-07769,36024520,Shots on target outside the box (Star Substitute),Remates a puerta desde fuera del área Cristiano Ronaldo (Suplente Estrella),2 or more,4,6,Portugal - Democratic Republic of the Congo,EUR,13.0,13.0,2026-06-16 11:51:33,2026-06-17 11:41:05,True,string,0.45,0.5,1429.5333333333333
2361743,37275587,Match corners,Corners durante el partido,10 or more,4,4,Malaga - Almeria,EUR,1.81,1.81,2026-06-14 18:03:35,2026-06-14 18:06:52,False,numeric,36.0,0.0,3.283333333333333
MAH-01-05283,36966553,Match corners,Corners durante el partido,12 or more,4,4,Germany - Ivory Coast,EUR,3.1,3.1,2026-06-20 17:43:04,2026-06-20 17:43:57,False,string,150.0,0.1355311355311355,0.8833333333333333
MAH-01-00413,33890444,Right foot shots on target (Star Substitute),Remates a puerta con la pierna derecha Harry Kane (Suplente Estrella),3 or more,4,4,England - Croatia,EUR,10.0,10.0,2026-06-17 15:45:07,2026-06-17 18:14:17,False,string,19.0,0.0,149.16666666666666
MAH-02-01727,36966609,Match shots,Remates durante el partido,24 or more,4,4,Argentina - Austria,EUR,2.25,2.25,2026-06-19 11:19:42,2026-06-19 11:20:51,False,string,250.0,0.3157894736842106,1.15
MAH-01-01245,36024520,Home-side combo (bet builder),Portugal,"Portugal win, Over 2.5 goals y Cristiano Ronaldo to score",4,4,Portugal - Democratic Republic of the Congo,EUR,2.3,2.54,2026-06-14 15:30:11,2026-06-17 16:58:33,False,string,4.09,-0.07254901960784305,4408.366666666667
MAH-03-24542,33890313,Saves (Star Substitute),Paradas Unai Simón (Suplente Estrella),2 or more,4,4,Spain - Cape Verde,EUR,2.07,2.07,2026-06-15 15:29:59,2026-06-15 15:33:38,False,string,1.46,-0.028169014084507116,3.65
2192600,37312164,Match cards (only players and in play),Tarjetas durante el partido (solo jugadores y en juego),4 or more,4,4,Uruguay - Cape Verde,EUR,1.56,1.56,2026-06-21 23:50:42,2026-06-21 23:51:01,False,numeric,400.0,,0.31666666666666665
MAH-03-24543,36024492,Saves (Star Substitute),Paradas Mathew Ryan (Suplente Estrella),3 or more,4,4,Australia - Turkey,EUR,1.41,1.42,2026-06-13 18:13:28,2026-06-13 18:23:31,False,string,0.6000000000000001,-0.03082191780821919,10.05
MAH-03-24543,33890290,Saves (Star Substitute),Paradas Johny Placide (Suplente Estrella),3 or more,4,4,Haiti - Scotland,EUR,1.39,1.34,2026-06-13 18:13:28,2026-06-13 18:23:31,False,string,0.6000000000000001,0.08333333333333326,10.05
MAH-01-13372,37173241,Match,Partido,Both teams to score y Tom Lonergan to score,4,4,Waterford United FC - Sligo Rovers,EUR,3.25,3.25,2026-06-12 12:40:52,2026-06-12 18:32:10,False,string,7.859999999999999,-0.025641025641025623,351.3
MAH-10-38001,36966549,Match,Partido,Over 2.5 goals y Over 7.5 corners,4,4,Netherlands - Sweden,EUR,2.06,2.06,2026-06-20 08:39:53,2026-06-20 08:42:16,False,string,0.75,-0.009615384615384581,2.3833333333333333
MAH-02-02144,36971426,To score or assist (Star Substitute),Marcar gol o asistir (Suplente Estrella),Arda Güler,4,4,Turkey - Paraguay,EUR,2.05,2.05,2026-06-19 18:09:31,2026-06-19 21:18:59,False,string,2.4000000000000004,-0.028436018957346043,189.46666666666667
MAH-22-03001,37265483,To score or assist (Star Substitute),Marcar gol o asistir (Suplente Estrella),Bukayo Saka,4,4,England - Croatia,EUR,6.05,6.05,2026-06-17 21:38:31,2026-06-17 21:39:39,False,string,400.0,,1.1333333333333333
1681652,36024480,To score or assist (Star Substitute),Marcar gol o asistir (Suplente Estrella),Heung-Min Son,4,4,South Korea - Czech Republic,,2.12,2.12,2026-06-11 21:27:08,2026-06-11 21:27:35,False,numeric,100.0,0.034146341463414887,0.45
MAH-01-13372,33890299,1st half: Team corners,1º tiempo: Corners equipo,Belgium 3 or more,4,4,Belgium - Egypt,EUR,1.55,1.55,2026-06-15 13:57:24,2026-06-15 13:59:21,False,string,200.0,0.09929078014184411,1.95
2553933,33890304,1-X-2 / 2 goals Up,1-X-2 / Ventaja 2 goles,1,4,4,Netherlands - Japan,EUR,2.07,2.0,2026-06-13 14:04:28,2026-06-14 15:45:47,False,numeric,71.78999999999999,0.02512562814070346,1541.3166666666666
MAH-04-07724,36966609,Anytime goalscorer (Star Substitute),Goleador durante el partido (Suplente Estrella),Julian Alvarez,4,4,Argentina - Austria,EUR,2.61,2.61,2026-06-22 16:48:02,2026-06-22 16:51:51,False,string,2.0,0.0,3.816666666666667
MAH-01-49413,33890416,1-X-2 / 2 goals Up,1-X-2 / Ventaja 2 goles,1,4,4,France - Senegal,EUR,1.44,1.44,2026-06-16 09:40:19,2026-06-16 09:40:57,False,string,100.0,-0.027027027027027084,0.6333333333333333
MAH-11-09015,33890416,1-X-2 / 2 goals Up,1-X-2 / Ventaja 2 goles,1,4,4,France - Senegal,EUR,1.44,1.43,2026-06-16 17:20:02,2026-06-16 17:22:06,False,string,2411.2,-0.0320945945945946,2.066666666666667
1163563,33890290,1-X-2 / 2 goals Up,1-X-2 / Ventaja 2 goles,2,4,4,Haiti - Scotland,EUR,1.54,1.5,2026-06-12 16:54:29,2026-06-14 00:14:41,False,numeric,42.06,-0.022292993630573243,1880.2
2625901,36966612,Team exact bookings (only players and in play),Número de tarjetas equipo (solo jugadores y en juego),Iraq 3 or more,4,4,France - Iraq,EUR,3.03,2.49,2026-06-21 23:31:51,2026-06-22 17:35:49,False,numeric,0.99,-0.1216666666666667,1083.9666666666667
871753,33890238,1-X-2 / 2 goals Up,1-X-2 / Ventaja 2 goles,1,4,4,Mexico - South Africa,EUR,1.42,1.4,2026-06-11 10:34:19,2026-06-11 14:59:49,False,numeric,6.82,0.012589928057553934,265.5
430294,33890238,1-X-2 / 2 goals Up,1-X-2 / Ventaja 2 goles,1,4,4,Mexico - South Africa,EUR,1.41,1.41,2026-06-11 14:27:37,2026-06-11 14:29:39,False,numeric,5.0,0.014388489208633004,2.033333333333333
1639909,36966612,Anytime goalscorer (Star Substitute),Goleador durante el partido (Suplente Estrella),Mbappe,4,4,France - Iraq,EUR,1.42,1.38,2026-06-20 22:09:53,2026-06-22 00:11:33,False,numeric,5.17,-0.04794520547945205,1561.6666666666667
1936306,33890304,1st half: Team corners,1º tiempo: Corners equipo,Japan 2 or more,4,4,Netherlands - Japan,EUR,1.68,1.65,2026-06-13 18:41:11,2026-06-14 10:52:06,False,numeric,1.0,0.023006134969325187,970.9166666666666
2107012,36024480,1st half: Team corners,1º tiempo: Corners equipo,Czech Republic 5 or more,4,6,South Korea - Czech Republic,EUR,9.65,9.65,2026-06-11 08:49:10,2026-06-11 08:57:18,True,numeric,0.28,-0.1958333333333333,8.133333333333333
MAH-03-25063,33890444,1-X-2 / 2 goals Up,1-X-2 / Ventaja 2 goles,1,4,4,England - Croatia,EUR,1.68,1.68,2026-06-16 16:21:48,2026-06-16 16:24:18,False,string,15.489999999999998,0.012048192771084265,2.5
MAH-03-03664,36024520,Anytime goalscorer (Star Substitute),Goleador durante el partido (Suplente Estrella),Cristiano Ronaldo,4,4,Portugal - Democratic Republic of the Congo,EUR,1.55,1.55,2026-06-16 12:34:33,2026-06-16 12:40:54,False,string,2.84,-0.11931818181818177,6.35
MAH-01-12122,36024520,Match corners,Corners durante el partido,9 or more,4,4,Portugal - Democratic Republic of the Congo,EUR,1.69,1.69,2026-06-16 15:44:15,2026-06-16 15:49:25,False,string,0.44,0.030487804878048808,5.166666666666667
MAH-02-02345,36966612,To score or assist (Star Substitute),Marcar gol o asistir (Suplente Estrella),Mbappe,4,4,France - Iraq,EUR,1.22,1.22,2026-06-22 09:23:57,2026-06-22 09:25:33,False,string,1.0,0.008264462809917328,1.6
MAH-03-03813,36966480,1st half: Team corners,1º tiempo: Corners equipo,Australia 3 or more,4,6,Usa - Australia,EUR,4.54,4.54,2026-06-19 16:22:47,2026-06-19 17:31:50,True,string,0.30000000000000004,-0.10099009900990097,69.05
MAH-03-24591,33890211,Anytime goalscorer (Star Substitute),Goleador durante el partido (Suplente Estrella),Almada,4,4,Argentina - Algeria,EUR,3.47,3.47,2026-06-16 09:20:06,2026-06-16 09:20:43,False,string,8.0,0.0,0.6166666666666667
MAH-03-03813,36971426,1st half: Team corners,1º tiempo: Corners equipo,Paraguay 2 or more,4,7,Turkey - Paraguay,EUR,1.84,1.84,2026-06-19 16:21:14,2026-06-19 16:22:47,True,string,0.30000000000000004,0.027932960893854775,1.55
MAH-03-03664,33890299,Anytime goalscorer (Star Substitute),Goleador durante el partido (Suplente Estrella),De Ketelaere,4,4,Belgium - Egypt,EUR,2.88,2.88,2026-06-15 13:05:52,2026-06-15 13:13:08,False,string,4.66,0.0034843205574912606,7.266666666666667
MAH-03-28004,36966612,Home-side combo (bet builder),Francia,"France win, Both teams to score y Mbappe to score",4,4,France - Iraq,EUR,3.61,3.61,2026-06-22 16:31:36,2026-06-22 16:35:12,False,string,6.68,0.008379888268156277,3.6
MAH-03-03813,36966486,1st half: Team corners,1º tiempo: Corners equipo,Scotland 3 or more,4,7,Scotland - Morocco,EUR,4.54,4.54,2026-06-19 16:21:14,2026-06-19 17:31:50,True,string,0.28,-0.05219206680584554,70.6
MAH-01-55102,36966640,To score or assist (Star Substitute),Marcar gol o asistir (Suplente Estrella),Bruno Fernandes,4,4,Portugal - Uzbekistan,EUR,1.55,1.55,2026-06-23 14:23:25,2026-06-23 14:24:03,False,string,1.0,0.0,0.6333333333333333
MAH-05-15224,33890259,1st half: Team corners,1º tiempo: Corners equipo,Switzerland 5 or more,4,4,Qatar - Switzerland,EUR,3.01,3.01,2026-06-12 19:05:47,2026-06-12 19:07:27,False,string,0.5,0.23360655737704916,1.6666666666666667
MAH-01-16002,36966640,Hat trick (three or more goals) (Star Substitute),Hat trick (tres o más goles) (Suplente Estrella),Cristiano Ronaldo,4,4,Portugal - Uzbekistan,EUR,8.0,8.0,2026-06-23 16:33:12,2026-06-23 16:34:06,False,string,150.0,0.025641025641025772,0.9
MAH-01-13172,36966591,Hat trick (three or more goals) (Star Substitute),Hat trick (tres o más goles) (Suplente Estrella),Oyarzabal,4,4,Spain - Saudi Arabia,EUR,12.0,12.0,2026-06-21 15:35:59,2026-06-21 15:37:04,False,string,170.0,0.0,1.0833333333333333
MAH-11-08001,36024493,To score or assist (Star Substitute),Marcar gol o asistir (Suplente Estrella),Viktor Gyokeres,4,4,Sweden - Tunisia,EUR,1.9,1.91,2026-06-12 20:48:33,2026-06-14 18:51:17,False,string,0.34,0.02941176470588225,2762.733333333333
MAH-11-10004,36966553,Home-side combo (bet builder),Alemania,Germany to win both halves y Over 3.5 goals,4,4,Germany - Ivory Coast,EUR,5.8,5.8,2026-06-20 16:56:56,2026-06-20 17:01:43,False,string,9.17,0.022927689594356204,4.783333333333333
1423496,33890238,Home-side combo (bet builder),México,Mexico win y A goal in both halves,4,4,Mexico - South Africa,EUR,2.42,2.42,2026-06-11 14:06:21,2026-06-11 18:53:37,False,numeric,25.580000000000002,-0.07276119402985079,287.26666666666665
MAH-19-28002,33890416,Match,Partido,Over 2.5 goals y Mbappe to score,4,4,France - Senegal,EUR,2.46,2.46,2026-06-16 11:10:23,2026-06-16 11:30:27,False,string,1.03,-0.012048192771084487,20.066666666666666
MAH-11-04001,37244038,Match,Partido,Under 0.5 half time goals y Both teams to score in second half,4,4,Mas Maghrib A Fes - AS Far Rabat,EUR,11.3,11.3,2026-06-09 16:44:42,2026-06-09 17:10:03,False,string,0.77,0.0,25.35
2205117,36024520,Match,Partido,Over 2.5 goals y Over 7.5 corners,4,4,Portugal - Democratic Republic of the Congo,EUR,2.25,2.27,2026-06-17 12:11:18,2026-06-17 12:16:10,False,numeric,3.21,0.01576576576576566,4.866666666666666
MAH-04-07600,33890444,Match,Partido,Both teams to score y A goal in both halves,4,4,England - Croatia,EUR,2.45,2.4,2026-06-17 10:37:14,2026-06-17 17:02:59,False,string,11.61,0.03191489361702127,385.75
2502424,36971426,Match,Partido,Over 7.5 corners y Arda Güler to score,4,6,Turkey - Paraguay,EUR,5.11,5.11,2026-06-19 22:06:12,2026-06-19 22:07:55,True,numeric,0.26,0.05144032921810693,1.7166666666666666
MAH-01-01506,33890211,Team shots on target,Remates a puerta equipo,Algeria 5 or more,4,4,Argentina - Algeria,EUR,5.3,5.3,2026-06-16 19:13:42,2026-06-16 19:18:47,False,string,1.09,-0.02752293577981657,5.083333333333333
MAH-01-49413,36966590,1-X-2 / 2 goals Up,1-X-2 / Ventaja 2 goles,1,4,4,Uruguay - Cape Verde,EUR,1.36,1.36,2026-06-20 21:43:50,2026-06-21 21:15:35,False,string,311.7,0.0036231884057972286,1411.75
MAH-04-06974,33890210,Match,Partido,Over 2.5 goals y Arnautovic 2 or more shots on target,4,5,Austria - Jordan,EUR,2.69,2.69,2026-06-16 17:38:15,2026-06-16 17:39:47,False,string,0.15,0.0,1.5333333333333334
2324672,33890299,Team shots on target,Remates a puerta equipo,Belgium 4 or more,4,4,Belgium - Egypt,EUR,1.17,1.17,2026-06-14 14:42:55,2026-06-15 08:40:42,False,numeric,0.27,0.01739130434782621,1077.7833333333333
1431043,36971426,Team exact bookings (only players and in play),Número de tarjetas equipo (solo jugadores y en juego),Turkey 1 or more,4,4,Turkey - Paraguay,EUR,1.12,1.13,2026-06-19 18:07:06,2026-06-20 00:14:30,False,numeric,2.27,0.008928571428571175,367.4
2138429,36024491,Match,Partido,Canada win y Both teams to score in both halves,4,4,Canada - Bosnia And Herzegovina,PEN,36.0,36.0,2026-06-12 18:35:02,2026-06-12 18:43:46,True,numeric,4.5,-0.10869026986877939,8.733333333333333
2264489,37280327,Team exact bookings (only players and in play),Número de tarjetas equipo (solo jugadores y en juego),Switzerland 1 or more,4,4,Switzerland - Bosnia-Herzegovina,EUR,1.25,1.21,2026-06-18 19:19:06,2026-06-18 19:29:46,False,numeric,4.0,,10.666666666666666
MAH-06-00163,37280895,Team exact bookings (only players and in play),Número de tarjetas equipo (solo jugadores y en juego),Canada 2 or more,4,4,Canada - Qatar,EUR,1.83,1.86,2026-06-18 23:40:41,2026-06-18 23:41:40,False,string,66.68,,0.9833333333333333
871753,36966609,1-X-2 / 2 goals Up,1-X-2 / Ventaja 2 goles,1,4,4,Argentina - Austria,EUR,1.46,1.47,2026-06-22 09:35:36,2026-06-22 13:48:55,False,numeric,2.8299999999999996,0.037234042553191515,253.31666666666666
MAH-06-24002,33890304,Match,Partido,Both teams to score y Over 9.5 corners,4,4,Netherlands - Japan,EUR,3.13,3.13,2026-06-13 18:47:14,2026-06-13 18:48:21,False,string,0.8400000000000001,-0.051515151515151514,1.1166666666666667
MAH-04-06974,33890211,Match,Partido,Over 2.5 goals y Lautaro Martínez 2 or more shots on target,4,4,Argentina - Algeria,EUR,2.94,2.94,2026-06-16 17:38:15,2026-06-16 17:39:47,False,string,0.15,0.0,1.5333333333333334
MAH-11-04001,36024493,Match,Partido,Over 2.5 goals y Over 7.5 corners,4,4,Sweden - Tunisia,EUR,2.57,2.57,2026-06-14 14:01:46,2026-06-14 14:41:36,False,string,0.6000000000000001,-0.019083969465648942,39.833333333333336
MAH-06-24002,33890211,Match,Partido,Both teams to score y Over 11.5 corners,4,4,Argentina - Algeria,EUR,8.07,8.07,2026-06-13 18:47:14,2026-06-13 18:48:21,False,string,0.8400000000000001,0.0,1.1166666666666667
MAH-06-24002,33890299,Match,Partido,Both teams to score y Over 11.5 corners,4,4,Belgium - Egypt,EUR,6.65,6.65,2026-06-13 18:47:14,2026-06-13 18:48:21,False,string,0.8400000000000001,0.5,1.1166666666666667
MAH-03-24233,36966473,Team corners,Corners equipo,Bosnia And Herzegovina 3 or more,4,4,Switzerland - Bosnia And Herzegovina,EUR,1.56,1.56,2026-06-18 17:15:15,2026-06-18 17:16:05,False,string,44.0,0.0331125827814569,0.8333333333333334
1256949,36966528,1-X-2 / 2 goals Up,1-X-2 / Ventaja 2 goles,2,4,4,Tunisia - Japan,EUR,1.46,1.46,2026-06-18 15:35:24,2026-06-21 01:01:14,False,numeric,35.89,0.06737588652482268,3445.8333333333335
MAH-01-13372,37311598,Match,Partido,Both teams to score y James Clarke to score,4,4,Galway United FC - Derry City,EUR,5.11,5.11,2026-06-19 18:24:18,2026-06-19 18:28:08,False,string,1.4500000000000002,0.003913894324853118,3.8333333333333335
MAH-07-01002,33890306,Team corners,Corners equipo,Germany 9 or more,4,4,Germany - Curaçao,EUR,1.85,1.85,2026-06-14 16:05:43,2026-06-14 16:07:48,False,string,1000.0,0.08187134502923987,2.0833333333333335
2336805,33890220,Match,Partido,Over 2.5 goals y Luis Diaz to score,4,4,Uzbekistan - Colombia,EUR,3.17,3.14,2026-06-17 00:58:26,2026-06-17 11:14:41,False,numeric,4.59,0.09429065743944631,616.25
2009239,36024520,Team corners,Corners equipo,Portugal 6 or more,4,4,Portugal - Democratic Republic of the Congo,EUR,1.55,1.55,2026-06-16 21:09:30,2026-06-17 06:16:40,False,numeric,161.16,0.04026845637583887,547.1666666666666
MAH-03-27314,33890416,Home-side combo (bet builder),Francia,"France win, Over 2.5 goals y Mbappe to score",4,4,France - Senegal,EUR,3.08,3.1,2026-06-13 23:32:31,2026-06-14 17:04:09,False,string,3.7800000000000002,0.04391891891891897,1051.6333333333334
1936584,36024480,Team corners,Corners equipo,South Korea 5 or more,4,4,South Korea - Czech Republic,EUR,1.81,1.81,2026-06-11 21:23:16,2026-06-11 21:24:17,False,numeric,175.0,0.02840909090909083,1.0166666666666666
2058870,37214947,Home-side combo (bet builder),España,Spain win y Oyarzabal to score,4,4,Spain - Peru,EUR,4.09,4.09,2026-06-08 21:41:55,2026-06-08 21:47:32,False,numeric,1.6600000000000001,0.0,5.616666666666666
MAH-01-01506,36024518,Team shots on target,Remates a puerta equipo,Norway 8 or more,4,4,Iraq - Norway,EUR,2.08,2.08,2026-06-16 19:13:42,2026-06-16 19:18:47,False,string,1.09,0.0,5.083333333333333
MAH-01-01506,36024520,Team shots on target,Remates a puerta equipo,Portugal 8 or more,4,4,Portugal - Democratic Republic of the Congo,EUR,2.28,2.28,2026-06-16 19:13:42,2026-06-16 19:18:47,False,string,1.09,-0.004366812227074357,5.083333333333333
MAH-11-02005,33890306,Home-side combo (bet builder),Alemania,Germany to win 1st half y Germany to win 2nd half,4,4,Germany - Curaçao,EUR,1.52,1.52,2026-06-13 11:12:42,2026-06-13 11:27:33,False,string,2.11,0.06293706293706292,14.85
MAH-06-24001,33890444,Match,Partido,Both teams to score y Over 11.5 corners,4,4,England - Croatia,EUR,7.2,7.2,2026-06-16 20:03:44,2026-06-16 20:04:23,False,string,0.8,0.019830028328611915,0.65
MAH-11-02005,33890313,Home-side combo (bet builder),España,Spain win y A goal in both halves,4,4,Spain - Cape Verde,EUR,1.41,1.41,2026-06-13 11:12:42,2026-06-13 11:27:33,False,string,2.11,0.0071428571428571175,14.85
MAH-11-09017,33890305,Match,Partido,More than 4 total corners each team y Enner Valencia 2 or more shots on target,4,4,Ivory Coast - Ecuador,EUR,6.71,6.71,2026-06-14 19:00:00,2026-06-14 19:02:20,False,string,1.32,0.0,2.3333333333333335
MAH-04-07220,37173238,Match,Partido,Both teams to score y Over 7.5 corners,4,4,Galway United FC - Dundalk,EUR,1.83,1.83,2026-06-11 15:11:12,2026-06-11 15:27:04,False,string,0.54,0.07647058823529429,15.866666666666667
MAH-02-01727,36966593,Match shots on target,Remates a puerta durante el partido,9 or more,4,4,Belgium - Iran,EUR,2.22,2.22,2026-06-18 10:46:06,2026-06-18 10:52:02,False,string,256.8,0.39622641509433976,5.933333333333334
1423496,37278031,Home-side combo (bet builder),Kairat Almaty,FC Kairat Almaty win y A goal in both halves,4,7,FC Kairat Almaty - FK Atyrau,EUR,1.92,1.92,2026-06-13 12:31:58,2026-06-13 12:45:23,False,numeric,0.79,0.010526315789473717,13.416666666666666
MAH-06-24001,36966549,Match,Partido,Both teams to score y Over 11.5 corners,4,4,Netherlands - Sweden,EUR,6.24,6.24,2026-06-16 20:03:44,2026-06-16 20:04:23,False,string,0.8,0.22352941176470598,0.65
MAH-06-24001,36966466,Match,Partido,Both teams to score y Over 11.5 corners,4,4,Mexico - South Korea,EUR,7.77,7.77,2026-06-16 20:03:44,2026-06-16 20:04:23,False,string,0.8,-0.010191082802547768,0.65
MAH-06-24002,33890291,Match,Partido,Both teams to score y Over 11.5 corners,4,4,Brazil - Morocco,EUR,8.09,8.09,2026-06-13 18:47:14,2026-06-13 18:48:21,False,string,0.8400000000000001,0.10821917808219172,1.1166666666666667
MAH-25-02002,33890444,Home-side combo (bet builder),Inglaterra,England win y Harry Kane to score,4,4,England - Croatia,EUR,2.64,2.65,2026-06-17 19:15:03,2026-06-17 19:15:34,False,string,4.0,0.002840909090909005,0.5166666666666667
MAH-03-24092,33890444,Home-side combo (bet builder),Inglaterra,England win y Harry Kane 2 or more shots on target,4,4,England - Croatia,EUR,2.63,2.63,2026-06-17 19:50:03,2026-06-17 19:51:03,False,string,3.5,0.0,1.0
MAH-02-11002,33890416,Match,Partido,Over 7.5 corners y Mbappe to score,4,4,France - Senegal,EUR,2.55,2.55,2026-06-16 08:09:12,2026-06-16 08:14:30,False,string,3.0,0.10869565217391308,5.3
MAH-19-00903,36966593,1-X-2 / 2 goals Up,1-X-2 / Ventaja 2 goles,1,4,4,Belgium - Iran,EUR,1.42,1.42,2026-06-19 09:53:47,2026-06-20 11:25:38,False,string,10.11,0.01063829787234033,1531.85
MAH-19-00902,36966609,1-X-2 / 2 goals Up,1-X-2 / Ventaja 2 goles,1,4,4,Argentina - Austria,EUR,1.57,1.57,2026-06-20 16:49:08,2026-06-20 16:50:16,False,string,5.49,0.1134751773049647,1.1333333333333333
1983036,33890416,Home-side combo (bet builder),Francia,France win y Michael Olise 2 or more shots on target,4,4,France - Senegal,EUR,3.29,3.29,2026-06-15 07:38:14,2026-06-15 18:23:02,False,numeric,8.84,0.09302325581395365,644.8
MAH-01-13371,33890220,Away-side combo (bet builder),Colombia,"Colombia win, Over 8.5 corners y Luis Diaz to score 2 or more goals",4,4,Uzbekistan - Colombia,EUR,13.7,13.7,2026-06-17 19:23:39,2026-06-17 19:28:15,False,string,3.6,0.05384615384615388,4.6
1878896,37233850,Home-side combo (bet builder),Argentina,Argentina win y Lautaro Martínez to score,4,4,Argentina - Iceland,EUR,1.8,1.8,2026-06-09 18:12:23,2026-06-09 18:26:05,False,numeric,2.02,0.022727272727272707,13.7
MAH-01-01670,37236409,Home-side combo (bet builder),Hungría,Hungary win y A goal in both halves,4,4,Hungary - Kazakhstan,EUR,1.75,1.75,2026-06-08 11:22:59,2026-06-08 11:25:00,False,string,0.52,0.0,2.0166666666666666
MAH-01-01670,37214946,Home-side combo (bet builder),Francia,France win y Ousmane Dembele 1 or more assists,4,4,France - Northern Ireland,EUR,1.92,1.92,2026-06-08 11:22:59,2026-06-08 11:25:00,False,string,0.52,0.0,2.0166666666666666
MAH-01-01670,37205038,Home-side combo (bet builder),Países Bajos,Netherlands win y A goal in both halves,4,4,Netherlands - Uzbekistan,EUR,1.68,1.67,2026-06-08 11:22:59,2026-06-08 11:25:00,False,string,0.52,0.003992015968063829,2.0166666666666666
MAH-01-05175,36966485,Home-side combo (bet builder),Brasil,Brazil win y Raphinha to score,4,4,Brazil - Haiti,EUR,1.97,1.97,2026-06-19 19:58:40,2026-06-19 21:17:30,False,string,11.09,-0.01005025125628145,78.83333333333333
MAH-04-07600,33890299,Match,Partido,Both teams to score y A goal in both halves,4,4,Belgium - Egypt,EUR,2.3,2.3,2026-06-15 15:24:44,2026-06-15 15:25:25,False,string,13.32,-0.025423728813559365,0.6833333333333333
MAH-04-06974,36024520,Match,Partido,Over 2.5 goals y Cristiano Ronaldo 2 or more shots on target,4,4,Portugal - Democratic Republic of the Congo,EUR,2.51,2.51,2026-06-16 17:38:15,2026-06-16 17:39:47,False,string,0.15,-0.003968253968254065,1.5333333333333334
MAH-04-07206,36966553,To Score a Header (Star Substitute),Marcar gol con la cabeza (Suplente Estrella),Jonathan Tah,4,4,Germany - Ivory Coast,EUR,19.0,19.0,2026-06-20 19:39:32,2026-06-20 19:47:01,False,string,45.0,0.0,7.483333333333333
2138429,33890416,Match,Partido,Senegal win y Both teams to score in both halves,4,4,France - Senegal,PEN,101.0,101.0,2026-06-16 09:38:11,2026-06-16 09:46:01,True,numeric,6.0,0.24691358024691357,7.833333333333333
1423496,37289113,Home-side combo (bet builder),FC Astana,FC Astana win y A goal in both halves,4,4,FC Astana - FC Irtysh Pavlodar,EUR,2.18,2.18,2026-06-14 12:56:07,2026-06-14 13:04:02,False,numeric,1.0,0.0,7.916666666666667
MAH-04-06974,36024518,Match,Partido,Over 7.5 corners y Haaland to score,4,4,Iraq - Norway,EUR,2.0,2.0,2026-06-16 17:38:15,2026-06-16 17:39:47,False,string,0.15,0.0362694300518136,1.5333333333333334
MAH-03-28081,37275587,1-X-2 / 2 goals Up,1-X-2 / Ventaja 2 goles,2,4,4,Malaga - Almeria,EUR,3.08,3.21,2026-06-13 08:59:21,2026-06-14 15:10:18,False,string,4.32,-0.02692307692307694,1810.95
MAH-01-05164,33890444,1-X-2 / 2 goals Up,1-X-2 / Ventaja 2 goles,2,4,4,England - Croatia,EUR,4.96,4.96,2026-06-17 12:27:04,2026-06-17 12:29:41,False,string,14.17,0.010183299389002087,2.6166666666666667
1552905,33890304,1-X-2 / 2 goals Up,1-X-2 / Ventaja 2 goles,1,4,4,Netherlands - Japan,EUR,2.07,2.09,2026-06-14 14:21:03,2026-06-14 18:42:24,False,numeric,6.0,0.045226130653266305,261.35
2355229,36966612,Match corners,Corners durante el partido,10 or more,4,4,France - Iraq,EUR,1.97,1.97,2026-06-21 17:04:25,2026-06-22 17:19:06,False,numeric,7.77,0.04521276595744683,1454.6833333333334
MAH-01-01410,36966480,1-X-2 / 2 goals Up,1-X-2 / Ventaja 2 goles,1,4,4,Usa - Australia,EUR,1.6,1.59,2026-06-17 18:24:33,2026-06-18 18:25:30,False,string,15.079999999999998,0.042483660130719025,1440.95
MAH-07-01007,36966609,Match corners,Corners durante el partido,8 or more,4,4,Argentina - Austria,EUR,1.65,1.65,2026-06-22 11:31:36,2026-06-22 11:38:32,False,string,1000.0,-0.03508771929824561,6.933333333333334
2624219,37185827,Team Shots,Remates equipo,Ponte Preta 14 or more,4,4,Ponte Preta - Cuiaba Esporte Clube MT,PEN,2.76,2.76,2026-06-08 10:21:09,2026-06-08 10:21:35,False,numeric,1300.0,0.0,0.43333333333333335
MAH-11-07007,36024491,1-X-2 / 2 goals Up,1-X-2 / Ventaja 2 goles,2,4,10,Canada - Bosnia And Herzegovina,EUR,4.41,4.41,2026-06-11 16:53:17,2026-06-11 16:54:28,True,string,2.58,-0.01562500000000011,1.1833333333333333
MAH-19-39003,33890259,1-X-2 / 2 goals Up,1-X-2 / Ventaja 2 goles,2,4,4,Qatar - Switzerland,EUR,1.16,1.19,2026-06-11 16:55:52,2026-06-13 17:00:48,False,string,1.23,0.023504273504273532,2884.9333333333334
2325112,33890290,1-X-2 / 2 goals Up,1-X-2 / Ventaja 2 goles,2,4,4,Haiti - Scotland,EUR,1.54,1.5,2026-06-13 15:08:57,2026-06-14 00:27:42,False,numeric,10.42,-0.02547770700636942,558.75
1036763,33890291,1-X-2 / 2 goals Up,1-X-2 / Ventaja 2 goles,1,4,4,Brazil - Morocco,EUR,1.65,1.65,2026-06-13 16:41:10,2026-06-13 16:41:33,False,numeric,169.0,0.0,0.38333333333333336
430769,37254585,Team Fouls,Faltas Equipo,Bosnia-Herzegovina 19 or more,4,4,Canada - Bosnia-Herzegovina,EUR,1.7,1.78,2026-06-12 20:08:28,2026-06-12 20:43:46,False,numeric,4.0,,35.3
MAH-03-28081,33890291,1-X-2 / 2 goals Up,1-X-2 / Ventaja 2 goles,2,4,4,Brazil - Morocco,EUR,5.15,5.3,2026-06-13 13:01:53,2026-06-13 18:22:31,False,string,12.67,0.007281553398058249,320.6333333333333
MAH-03-27783,33890416,Team Fouls,Faltas Equipo,Senegal 15 or more,4,4,France - Senegal,EUR,1.98,2.02,2026-06-15 18:53:58,2026-06-16 18:53:25,False,string,2.12,0.02020202020202011,1439.45
MAH-11-07002,36024492,1-X-2 / 2 goals Up,1-X-2 / Ventaja 2 goles,2,4,4,Australia - Turkey,EUR,1.69,1.69,2026-06-11 18:41:06,2026-06-11 18:45:14,False,string,0.44,0.005952380952380931,4.133333333333334
1768913,37265904,1-X-2 / 2 goals Up,1-X-2 / Ventaja 2 goles,1,4,4,Fortaleza CE - América Mineiro MG,EUR,1.55,1.53,2026-06-16 18:56:33,2026-06-16 19:54:59,False,numeric,1.53,0.019867549668874163,58.43333333333333
2257924,33890305,Team exact bookings (only players and in play),Número de tarjetas equipo (solo jugadores y en juego),Ivory Coast 2 or more,4,4,Ivory Coast - Ecuador,PEN,1.55,1.54,2026-06-14 03:12:40,2026-06-14 08:33:52,False,numeric,5.5,-0.0032258064516129115,321.2
MAH-01-05183,36024518,Away-side combo (bet builder),Noruega,Norway win y A goal in both halves,4,4,Iraq - Norway,EUR,1.66,1.66,2026-06-15 11:16:47,2026-06-15 16:22:39,False,string,0.46,-0.02352941176470591,305.8666666666667
MAH-21-14002,36966486,1-X-2 / 2 goals Up,1-X-2 / Ventaja 2 goles,1,4,4,Scotland - Morocco,EUR,5.37,5.37,2026-06-19 21:48:32,2026-06-19 21:51:29,False,string,600.0,0.0,2.95
MAH-23-01902,33890259,Team exact bookings (only players and in play),Número de tarjetas equipo (solo jugadores y en juego),Switzerland 2 or more,4,4,Qatar - Switzerland,PEN,2.33,1.98,2026-06-13 14:59:20,2026-06-13 18:01:57,False,string,2.04,0.001116071428571369,182.61666666666667
1907431,33890416,Team exact bookings (only players and in play),Número de tarjetas equipo (solo jugadores y en juego),France 3 or more,4,8,France - Senegal,EUR,3.56,3.56,2026-06-16 13:40:24,2026-06-16 13:47:45,True,numeric,0.28,-0.08717948717948709,7.35
MAH-05-15243,36966549,Team exact bookings (only players and in play),Número de tarjetas equipo (solo jugadores y en juego),Netherlands 3 or more,4,4,Netherlands - Sweden,EUR,3.66,3.66,2026-06-19 12:21:22,2026-06-19 12:22:00,False,string,1.0,-0.1180722891566266,0.6333333333333333
MAH-04-07640,36966485,Anytime goalscorer (Star Substitute),Goleador durante el partido (Suplente Estrella),Vinícius,4,4,Brazil - Haiti,EUR,1.8,1.8,2026-06-16 17:26:24,2026-06-16 17:29:44,False,string,2.26,0.0,3.3333333333333335
MAH-03-28081,36966549,1-X-2 / 2 goals Up,1-X-2 / Ventaja 2 goles,1,4,4,Netherlands - Sweden,EUR,1.69,1.59,2026-06-19 21:09:23,2026-06-20 16:07:42,False,string,0.76,-0.0029940119760478168,1138.3166666666666
MAH-02-18003,33890291,Team exact bookings (only players and in play),Número de tarjetas equipo (solo jugadores y en juego),Brazil 1 or more,4,4,Brazil - Morocco,EUR,1.14,1.15,2026-06-12 11:55:12,2026-06-12 12:52:28,False,string,5.41,-0.002173913043478276,57.266666666666666
MAH-03-28091,36024518,Team exact bookings (only players and in play),Número de tarjetas equipo (solo jugadores y en juego),Iraq 2 or more,4,4,Iraq - Norway,EUR,1.38,1.38,2026-06-13 12:39:43,2026-06-16 16:10:29,False,string,0.21000000000000002,-0.20029239766081874,4530.766666666666
TPV-10-38001,33890313,Team exact bookings (only players and in play),Número de tarjetas equipo (solo jugadores y en juego),Cape Verde 2 or more,4,4,Spain - Cape Verde,EUR,1.56,1.56,2026-06-15 12:57:09,2026-06-15 12:57:37,False,string,2041.0,0.006451612903225712,0.4666666666666667
2501977,36966638,Team goal kicks,Saques de puerta equipo,Ghana 12 or more,4,4,England - Ghana,EUR,2.21,2.21,2026-06-23 16:19:01,2026-06-23 16:21:23,False,numeric,121.52,-0.008968609865470878,2.3666666666666667
MAH-11-07003,37185827,1-X-2 / 2 goals Up,1-X-2 / Ventaja 2 goles,2,4,4,Ponte Preta - Cuiaba Esporte Clube MT,EUR,2.33,2.33,2026-06-09 19:23:36,2026-06-09 19:27:03,False,string,0.48,0.026431718061673992,3.45
MAH-01-54516,37214946,Match,Partido,Both teams not to score y Mbappe to score,4,4,France - Northern Ireland,EUR,2.52,2.56,2026-06-08 18:05:10,2026-06-08 18:23:52,False,string,1.58,0.015873015873015817,18.7
1795288,36966638,Match corners,Corners durante el partido,8 or more,4,4,England - Ghana,EUR,1.57,1.57,2026-06-23 10:40:34,2026-06-23 10:41:35,False,numeric,7.34,0.0,1.0166666666666666
MAH-11-07003,36966549,To score or assist (Star Substitute),Marcar gol o asistir (Suplente Estrella),Cody Gakpo,4,4,Netherlands - Sweden,EUR,2.02,2.0,2026-06-18 14:21:15,2026-06-19 15:00:26,False,string,0.6000000000000001,0.0718085106382979,1479.1833333333334
MAH-19-00903,33890238,1-X-2 / 2 goals Up,1-X-2 / Ventaja 2 goles,1,4,4,Mexico - South Africa,EUR,1.4,1.42,2026-06-11 09:51:33,2026-06-11 17:55:31,False,string,22.339999999999996,0.010791366906474809,483.96666666666664
MAH-07-01004,36966609,Match corners,Corners durante el partido,8 or more,4,4,Argentina - Austria,EUR,1.69,1.69,2026-06-22 16:34:37,2026-06-22 16:36:40,False,string,500.0,-0.011695906432748537,2.05
MAH-11-08001,37238914,To score or assist (Star Substitute),Marcar gol o asistir (Suplente Estrella),David Larrubia,4,4,Malaga - Las Palmas,EUR,2.45,2.45,2026-06-10 08:38:56,2026-06-10 08:40:10,False,string,100.0,0.08888888888888902,1.2333333333333334
MAH-02-02000,36966611,To score or assist (Star Substitute),Marcar gol o asistir (Suplente Estrella),Haaland,4,4,Norway - Senegal,EUR,1.69,1.9,2026-06-20 12:44:58,2026-06-21 12:18:10,False,string,2.76,0.019005847953216387,1413.2
1956808,33890306,Anytime goalscorer (Star Substitute),Goleador durante el partido (Suplente Estrella),Havertz,4,4,Germany - Curaçao,EUR,1.48,1.48,2026-06-13 21:31:45,2026-06-14 09:34:30,False,numeric,0.47000000000000003,0.020689655172413834,722.75
1861050,36966553,To score or assist (Star Substitute),Marcar gol o asistir (Suplente Estrella),Havertz,4,4,Germany - Ivory Coast,EUR,1.7,1.72,2026-06-20 16:15:40,2026-06-20 17:50:30,False,numeric,1.75,-0.008720930232558155,94.83333333333333
MAH-02-02144,36966485,To score or assist (Star Substitute),Marcar gol o asistir (Suplente Estrella),Vinícius,4,4,Brazil - Haiti,EUR,1.37,1.37,2026-06-18 20:50:16,2026-06-19 21:18:59,False,string,1.69,-0.007246376811594013,1468.7166666666667
MAH-06-00163,36966466,To score or assist (Star Substitute),Marcar gol o asistir (Suplente Estrella),Heung-Min Son,4,4,Mexico - South Korea,EUR,2.28,2.28,2026-06-18 23:40:41,2026-06-18 23:41:40,False,string,66.68,-0.03797468354430389,0.9833333333333333
MAH-01-51281,33890299,Anytime goalscorer (Star Substitute),Goleador durante el partido (Suplente Estrella),Tielemans,4,8,Belgium - Egypt,EUR,5.5,5.5,2026-06-14 16:55:03,2026-06-15 10:35:59,True,string,0.26,-0.14399999999999996,1060.9333333333334
MAH-03-03664,33890444,Anytime goalscorer (Star Substitute),Goleador durante el partido (Suplente Estrella),Harry Kane,4,4,England - Croatia,EUR,2.17,2.17,2026-06-16 12:34:33,2026-06-16 12:40:54,False,string,2.84,0.07425742574257432,6.35
MAH-01-55212,36966550,To score or assist (Star Substitute),Marcar gol o asistir (Suplente Estrella),Kenji Gorré,4,4,Ecuador - Curaçao,EUR,5.6,5.6,2026-06-18 08:02:34,2026-06-19 16:37:41,False,string,8.129999999999999,0.05660377358490565,1955.1166666666666
MAH-11-08001,33890416,To score or assist (Star Substitute),Marcar gol o asistir (Suplente Estrella),Mbappe,4,4,France - Senegal,EUR,1.55,1.58,2026-06-13 21:49:31,2026-06-16 17:09:19,False,string,0.28,0.03500000000000009,4039.8
2071502,33890444,Anytime goalscorer (Star Substitute),Goleador durante el partido (Suplente Estrella),Harry Kane,4,4,England - Croatia,EUR,2.18,2.23,2026-06-16 19:13:16,2026-06-17 17:30:57,False,numeric,0.64,0.0928217821782179,1337.6833333333334
MAH-01-51281,36966528,To score or assist (Star Substitute),Marcar gol o asistir (Suplente Estrella),Ritsu Doan,4,4,Tunisia - Japan,EUR,2.65,2.65,2026-06-20 17:51:56,2026-06-20 18:23:10,False,string,1.13,0.031128404669260812,31.233333333333334
844747,36966480,To score or assist (Star Substitute),Marcar gol o asistir (Suplente Estrella),Jordan Jacob Bos,4,8,Usa - Australia,EUR,5.2,5.2,2026-06-18 10:38:35,2026-06-19 10:18:49,True,numeric,0.26,0.0,1420.2333333333333
MAH-01-01670,33890290,Away-side combo (bet builder),Escocia,Scotland win y A goal in both halves,4,4,Haiti - Scotland,EUR,2.32,2.32,2026-06-13 12:38:14,2026-06-13 12:43:27,False,string,0.52,0.06422018348623837,5.216666666666667
MAH-04-07044,36971426,Shots on target (Star Substitute),Remates a puerta Arda Güler (Suplente Estrella),1 or more,4,4,Turkey - Paraguay,EUR,1.6,1.6,2026-06-17 12:03:37,2026-06-17 12:04:15,False,string,40.0,0.13475177304964547,0.6333333333333333
2332354,36966480,Shots on target (Star Substitute),Remates a puerta Ricardo Pepi (Suplente Estrella),2 or more,4,4,Usa - Australia,EUR,2.38,2.38,2026-06-19 18:02:35,2026-06-19 18:03:13,True,numeric,100.0,0.0,0.6333333333333333
2332354,33890211,Shots on target (Star Substitute),Remates a puerta Ibrahim Maza (Suplente Estrella),1 or more,4,4,Argentina - Algeria,EUR,2.67,2.67,2026-06-17 00:53:40,2026-06-17 00:53:58,True,numeric,100.0,0.0,0.3
MAH-02-02000,36966609,To score or assist (Star Substitute),Marcar gol o asistir (Suplente Estrella),Lionel Messi,4,4,Argentina - Austria,EUR,1.56,1.53,2026-06-20 12:44:58,2026-06-21 12:18:10,False,string,2.76,0.004901960784313708,1413.2
1444858,36024520,Shots on target (Star Substitute),Remates a puerta Cristiano Ronaldo (Suplente Estrella),4 or more,4,10,Portugal - Democratic Republic of the Congo,EUR,6.0,6.0,2026-06-17 16:23:32,2026-06-17 16:23:44,True,numeric,0.5,0.025641025641025772,0.2
MAH-01-51182,36966485,Shots on target (Star Substitute),Remates a puerta Vinícius (Suplente Estrella),2 or more,4,4,Brazil - Haiti,EUR,1.67,1.67,2026-06-19 08:15:33,2026-06-19 10:39:11,False,string,75.0,-0.005952380952380931,143.63333333333333
MAH-22-05002,37265484,Anytime goalscorer (Star Substitute),Goleador durante el partido (Suplente Estrella),Cristiano Ronaldo,4,4,Portugal - Democratic Republic of the Congo,EUR,1.61,1.61,2026-06-17 17:06:13,2026-06-17 17:06:46,False,string,400.0,,0.55
1885150,33890444,Player to score in fisrt ten minutes (from 0:00 to 9:59),Jugador en meter gol en los 10 primeros minutos (del 0:00 al 9:59),Harry Kane,4,4,England - Croatia,EUR,13.0,13.0,2026-06-17 12:00:41,2026-06-17 18:13:23,True,numeric,15.55,0.09704641350210963,372.7
TPV-10-38001,33890291,1st half: Shots on target,Vinícius,1 or more,4,4,Brazil - Morocco,EUR,1.98,1.98,2026-06-13 21:19:02,2026-06-13 21:19:45,False,string,2000.0,-0.005025125628140725,0.7166666666666667
MAH-11-07003,36966469,To score or assist (Star Substitute),Marcar gol o asistir (Suplente Estrella),Patrik Schick,4,4,Czech Republic - South Africa,EUR,2.06,2.06,2026-06-18 14:20:49,2026-06-18 14:23:08,False,string,0.5900000000000001,0.014778325123152802,2.316666666666667
MAH-11-07003,36966473,To score or assist (Star Substitute),Marcar gol o asistir (Suplente Estrella),Breel Embolo,4,4,Switzerland - Bosnia And Herzegovina,EUR,1.78,1.78,2026-06-18 14:20:49,2026-06-18 14:23:08,False,string,0.5900000000000001,0.053254437869822535,2.316666666666667
MAH-11-07003,36966472,To score or assist (Star Substitute),Marcar gol o asistir (Suplente Estrella),Jonathan David,4,4,Canada - Qatar,EUR,1.62,1.62,2026-06-18 14:20:49,2026-06-18 14:23:08,False,string,0.5900000000000001,0.012499999999999956,2.316666666666667
MAH-01-12133,36966611,goal scorer (Star Substitute),Jugador en meter el 1º gol (Suplente Estrella),Nicolas Jackson,4,4,Norway - Senegal,EUR,6.7,6.7,2026-06-22 17:52:39,2026-06-22 17:54:57,False,string,2.2600000000000002,-0.07586206896551717,2.3
MAH-04-07640,36024520,Anytime goalscorer (Star Substitute),Goleador durante el partido (Suplente Estrella),Cristiano Ronaldo,4,4,Portugal - Democratic Republic of the Congo,EUR,1.6,1.6,2026-06-16 17:26:24,2026-06-16 17:29:44,False,string,2.26,-0.09090909090909083,3.3333333333333335
1469880,33890220,1-X-2 / 2 goals Up,1-X-2 / Ventaja 2 goles,2,4,4,Uzbekistan - Colombia,EUR,1.36,1.37,2026-06-14 19:15:54,2026-06-15 21:16:57,False,numeric,3.41,0.058139534883721034,1561.05
MAH-03-27777,36966612,Player to score in 1st half,Jugador en meter gol en el 1º tiempo,Mbappe,4,4,France - Iraq,EUR,2.18,2.18,2026-06-22 15:49:06,2026-06-22 15:49:41,False,string,50.0,-0.00909090909090915,0.5833333333333334
894696,36966640,1-X-2 / 2 goals Up,1-X-2 / Ventaja 2 goles,1,4,4,Portugal - Uzbekistan,EUR,1.21,1.21,2026-06-21 09:41:42,2026-06-21 09:42:04,False,numeric,80.0,0.0803571428571428,0.36666666666666664
MAH-01-01598,36966469,1-X-2 / 2 goals Up,1-X-2 / Ventaja 2 goles,1,4,4,Czech Republic - South Africa,EUR,1.81,1.75,2026-06-17 19:03:01,2026-06-18 11:27:52,False,string,1.38,0.008426966292134769,984.85
2141796,33890444,1-X-2 / 2 goals Up,1-X-2 / Ventaja 2 goles,1,4,4,England - Croatia,EUR,1.73,1.73,2026-06-16 18:29:04,2026-06-16 18:29:25,False,numeric,16.67,0.04216867469879526,0.35
1768913,33890211,1-X-2 / 2 goals Up,1-X-2 / Ventaja 2 goles,1,4,4,Argentina - Algeria,EUR,1.44,1.4,2026-06-16 05:31:36,2026-06-16 19:54:59,False,numeric,1.97,-0.05921052631578952,863.3833333333333
1783724,33890211,1-X-2 / 2 goals Up,1-X-2 / Ventaja 2 goles,1,4,4,Argentina - Algeria,EUR,1.44,1.51,2026-06-16 09:29:34,2026-06-16 23:50:33,False,numeric,79.5,-0.04769736842105268,860.9833333333333
MAH-10-33002,36966592,1-X-2 / 2 goals Up,1-X-2 / Ventaja 2 goles,2,4,4,New Zealand - Egypt,EUR,1.55,1.55,2026-06-21 10:34:52,2026-06-21 20:36:10,False,string,54.17,-0.022012578616352196,601.3
MAH-03-25063,36966480,1-X-2 / 2 goals Up,1-X-2 / Ventaja 2 goles,1,4,4,Usa - Australia,EUR,1.54,1.54,2026-06-16 16:21:48,2026-06-16 16:24:18,False,string,15.489999999999998,0.006535947712418277,2.5
MAH-02-01829,36971426,1-X-2 / 2 goals Up,1-X-2 / Ventaja 2 goles,1,4,4,Turkey - Paraguay,EUR,2.04,2.04,2026-06-19 12:31:57,2026-06-19 12:40:29,False,string,26.67,-0.004878048780487698,8.533333333333333
MAH-11-10004,33890312,1-X-2 / 2 goals Up,1-X-2 / Ventaja 2 goles,2,4,4,Saudi Arabia - Uruguay,EUR,1.43,1.43,2026-06-13 14:33:07,2026-06-13 14:33:36,False,string,0.36,-0.020547945205479423,0.48333333333333334
MAH-19-68001,36966592,1-X-2 / 2 goals Up,1-X-2 / Ventaja 2 goles,2,4,4,New Zealand - Egypt,EUR,1.58,1.58,2026-06-21 12:20:00,2026-06-21 21:14:05,False,string,48.13,-0.0062893081761006275,534.0833333333334
MAH-19-39003,33890290,1-X-2 / 2 goals Up,1-X-2 / Ventaja 2 goles,2,4,4,Haiti - Scotland,EUR,1.54,1.56,2026-06-11 16:55:52,2026-06-13 17:00:48,False,string,3.17,-0.01273885350318471,2884.9333333333334
MAH-04-07224,33890210,Anytime goalscorer (Star Substitute),Goleador durante el partido (Suplente Estrella),Michael Gregoritsch,4,4,Austria - Jordan,EUR,2.07,2.07,2026-06-14 08:34:39,2026-06-14 08:35:17,False,string,0.4,-0.004807692307692402,0.6333333333333333
844747,36966593,Player to score in 1st half,Jugador en meter gol en el 1º tiempo,Trossard,4,8,Belgium - Iran,EUR,6.1,6.0,2026-06-21 10:38:04,2026-06-21 17:23:34,True,numeric,0.28,-0.07633587786259544,405.5
MAH-05-15262,33890313,2nd half: Team Corners,2º tiempo: Corners equipo,Spain 3 or more,4,4,Spain - Cape Verde,EUR,1.39,1.39,2026-06-15 10:11:33,2026-06-15 10:19:38,False,string,20.0,0.03731343283582067,8.083333333333334
MAH-08-14005,33890290,1-X-2 / 2 goals Up,1-X-2 / Ventaja 2 goles,2,4,4,Haiti - Scotland,EUR,1.53,1.53,2026-06-11 16:36:47,2026-06-11 16:58:14,False,string,1.16,-0.02547770700636942,21.45
MAH-11-07002,33890259,1-X-2 / 2 goals Up,1-X-2 / Ventaja 2 goles,2,4,4,Qatar - Switzerland,EUR,1.21,1.21,2026-06-11 18:41:06,2026-06-11 18:45:14,False,string,0.44,0.03418803418803429,4.133333333333334
844747,36966528,Player to score in 1st half,Jugador en meter gol en el 1º tiempo,Daizen Maeda,4,9,Tunisia - Japan,EUR,6.7,6.7,2026-06-20 16:49:05,2026-06-20 18:20:51,True,numeric,0.27,-0.028169014084507005,91.76666666666667
MAH-04-07224,33890306,Anytime goalscorer (Star Substitute),Goleador durante el partido (Suplente Estrella),Havertz,4,4,Germany - Curaçao,EUR,1.48,1.48,2026-06-14 08:34:39,2026-06-14 08:35:17,False,string,0.4,0.020689655172413834,0.6333333333333333
MAH-11-07007,33890309,1-X-2 / 2 goals Up,1-X-2 / Ventaja 2 goles,2,4,10,Usa - Paraguay,EUR,4.09,4.09,2026-06-11 16:53:17,2026-06-11 16:54:28,True,string,2.83,0.06788511749347248,1.1833333333333333
MAH-01-01350,33890211,1-X-2 / 2 goals Up,1-X-2 / Ventaja 2 goles,1,4,4,Argentina - Algeria,EUR,1.41,1.41,2026-06-16 16:25:08,2026-06-16 18:42:27,False,string,9.83,-0.0690789473684211,137.31666666666666
2141796,33890211,1-X-2 / 2 goals Up,1-X-2 / Ventaja 2 goles,1,4,4,Argentina - Algeria,EUR,1.43,1.43,2026-06-16 18:29:04,2026-06-16 18:29:25,False,numeric,16.67,-0.05921052631578949,0.35
MAH-11-02008,33890309,1-X-2 / 2 goals Up,1-X-2 / Ventaja 2 goles,2,4,4,Usa - Paraguay,EUR,3.74,3.78,2026-06-09 17:44:45,2026-06-12 18:07:18,False,string,16.5,-0.01827676240208881,4342.55
MAH-01-13171,36966609,Player to Score Free-Kick,Marcar gol de falta directa,Lionel Messi,4,4,Argentina - Austria,EUR,19.0,19.0,2026-06-22 15:27:50,2026-06-22 15:32:53,False,string,0.76,0.0,5.05
2635038,37317934,Anytime goalscorer (Star Substitute),Goleador durante el partido (Suplente Estrella),Ousmane Dembele,4,4,France - Iraq,EUR,2.41,2.6,2026-06-22 21:45:11,2026-06-22 21:52:54,False,numeric,1.83,,7.716666666666667
1453644,36024492,1-X-2 / 2 goals Up,1-X-2 / Ventaja 2 goles,2,4,4,Australia - Turkey,EUR,1.7,1.68,2026-06-10 17:43:44,2026-06-14 00:13:52,False,numeric,1.82,0.007440476190476164,4710.133333333333
2141796,36966486,1-X-2 / 2 goals Up,1-X-2 / Ventaja 2 goles,2,4,4,Scotland - Morocco,EUR,1.72,1.72,2026-06-16 18:29:04,2026-06-16 18:29:25,False,numeric,16.67,0.05521472392638049,0.35
MAH-04-07640,33890444,Anytime goalscorer (Star Substitute),Goleador durante el partido (Suplente Estrella),Harry Kane,4,4,England - Croatia,EUR,2.23,2.23,2026-06-16 17:26:24,2026-06-16 17:29:44,False,string,2.26,0.10396039603960405,3.3333333333333335
871753,36966473,1-X-2 / 2 goals Up,1-X-2 / Ventaja 2 goles,1,4,4,Switzerland - Bosnia And Herzegovina,EUR,1.53,1.56,2026-06-18 07:47:40,2026-06-18 17:59:07,False,numeric,8.45,0.01470588235294118,611.45
MAH-11-10008,36966480,Match,Partido,Over 2.5 goals y Over 7.5 corners,4,4,Usa - Australia,EUR,2.54,2.54,2026-06-19 17:59:21,2026-06-19 18:02:15,False,string,1.83,-0.12413793103448267,2.9
1511212,36966609,Anytime goalscorer (Star Substitute),Goleador durante el partido (Suplente Estrella),Lionel Messi,4,4,Argentina - Austria,EUR,1.99,2.0,2026-06-21 15:51:16,2026-06-22 14:48:39,False,numeric,1.89,0.04057591623036655,1377.3833333333334
1442420,36963981,Match,Partido,Both teams to score y A goal in both halves,4,4,Real Madrid - Athletic Club,EUR,1.8,1.8,2026-05-20 22:39:46,2026-05-20 22:43:23,False,numeric,0.52,0.0,3.6166666666666667
MAH-11-07007,33890238,1-X-2 / 2 goals Up,1-X-2 / Ventaja 2 goles,2,4,10,Mexico - South Africa,EUR,7.9,7.9,2026-06-11 16:53:17,2026-06-11 16:54:28,True,string,2.83,0.05898123324396787,1.1833333333333333
MAH-11-07007,36024480,1-X-2 / 2 goals Up,1-X-2 / Ventaja 2 goles,1,4,10,South Korea - Czech Republic,EUR,2.6,2.6,2026-06-11 16:53:17,2026-06-11 16:54:28,True,string,2.83,0.027667984189723382,1.1833333333333333
MAH-04-07640,33890210,Anytime goalscorer (Star Substitute),Goleador durante el partido (Suplente Estrella),Michael Gregoritsch,4,4,Austria - Jordan,EUR,2.07,2.07,2026-06-16 17:26:24,2026-06-16 17:29:44,False,string,2.26,-0.004807692307692402,3.3333333333333335
MAH-04-06974,33890444,Match,Partido,Both teams to score y Harry Kane 2 or more shots on target,4,5,England - Croatia,EUR,3.32,3.32,2026-06-16 17:38:15,2026-06-16 17:39:47,False,string,0.15,0.04075235109717856,1.5333333333333334
2577133,33890259,1-X-2 / 2 goals Up,1-X-2 / Ventaja 2 goles,2,4,4,Qatar - Switzerland,EUR,1.21,1.22,2026-06-11 07:30:15,2026-06-13 16:01:00,False,numeric,69.75,0.032051282051282104,3390.75
MAH-11-09017,36024493,Match,Partido,More than 4 total corners each team y Viktor Gyokeres 2 or more shots on target,4,4,Sweden - Tunisia,EUR,4.36,4.36,2026-06-14 19:00:00,2026-06-14 19:02:20,False,string,1.32,-0.006833712984054552,2.3333333333333335
MAH-01-12133,36966612,goal scorer (Star Substitute),Jugador en meter el 1º gol (Suplente Estrella),Michael Olise,4,4,France - Iraq,EUR,5.9,5.9,2026-06-22 17:52:39,2026-06-22 17:54:57,False,string,2.2600000000000002,-0.016666666666666607,2.3
2491256,36024493,1-X-2 / 2 goals Up,1-X-2 / Ventaja 2 goles,1,4,4,Sweden - Tunisia,EUR,1.94,1.94,2026-06-14 16:55:43,2026-06-15 01:11:25,False,numeric,2.38,0.034946236559139754,495.7
MAH-01-01245,33890416,Home-side combo (bet builder),Francia,France win y Mbappe to score,4,4,France - Senegal,EUR,2.32,2.28,2026-06-13 09:09:02,2026-06-15 17:24:52,False,string,3.05,-0.015217391304347822,3375.8333333333335
MAH-03-27831,33890211,Home-side combo (bet builder),Argentina,Argentina to win 1st half y Argentina to win 2nd half,4,4,Argentina - Algeria,EUR,3.66,3.66,2026-06-16 09:19:54,2026-06-16 09:51:21,False,string,0.97,-0.055051813471502564,31.45
MAH-03-24282,36966591,Anytime goalscorer (Star Substitute),Goleador durante el partido (Suplente Estrella),Oyarzabal,4,4,Spain - Saudi Arabia,EUR,1.5,1.5,2026-06-21 13:24:19,2026-06-21 13:33:10,False,string,4.67,0.0,8.85
MAH-02-01777,33890299,1-X-2 / 2 goals Up,1-X-2 / Ventaja 2 goles,1,4,4,Belgium - Egypt,EUR,1.57,1.57,2026-06-15 11:39:51,2026-06-15 11:40:41,False,string,345.0,0.039735099337748325,0.8333333333333334
MAH-23-01401,36966550,Anytime goalscorer (Star Substitute),Goleador durante el partido (Suplente Estrella),Enner Valencia,4,4,Ecuador - Curaçao,PEN,1.8,1.8,2026-06-20 23:06:41,2026-06-20 23:34:33,False,string,8.0,-0.0055248618784530246,27.866666666666667
MAH-04-07490,36966612,Hat trick (three or more goals) (Star Substitute),Hat trick (tres o más goles) (Suplente Estrella),Mbappe,4,4,France - Iraq,EUR,8.15,8.15,2026-06-22 19:11:15,2026-06-22 19:20:49,True,string,47.5,0.07947019867549665,9.566666666666666
2026934,36966592,Anytime goalscorer (Star Substitute),Goleador durante el partido (Suplente Estrella),Mohamed Salah,4,4,New Zealand - Egypt,EUR,2.27,2.27,2026-06-20 09:36:42,2026-06-21 21:05:53,False,numeric,4.49,-0.03862660944206009,2129.1833333333334
MAH-01-11006,33890306,Home-side combo (bet builder),Alemania,Germany win y A goal in both halves,4,4,Germany - Curaçao,EUR,1.25,1.25,2026-06-12 09:54:18,2026-06-12 16:40:24,False,string,0.8900000000000001,0.05932203389830515,406.1
2058870,37214947,Home-side combo (bet builder),España,Spain win y Over 2.5 goals,4,4,Spain - Peru,EUR,3.38,3.38,2026-06-08 21:42:28,2026-06-08 21:48:40,False,numeric,2.08,0.0,6.2
MAH-01-51282,36966593,Anytime goalscorer (Star Substitute),Goleador durante el partido (Suplente Estrella),Lukaku,4,4,Belgium - Iran,EUR,1.86,1.97,2026-06-21 11:30:23,2026-06-21 16:59:16,False,string,0.9,-0.07608695652173905,328.8833333333333
2143110,33890416,1-X-2 / 2 goals Up,1-X-2 / Ventaja 2 goles,1,4,4,France - Senegal,EUR,1.47,1.45,2026-06-13 21:12:56,2026-06-15 15:58:05,False,numeric,1.31,-0.01013513513513517,2565.15
2138429,36966638,Hat trick (three or more goals) (Star Substitute),Hat trick (tres o más goles) (Suplente Estrella),Harry Kane,4,4,England - Ghana,PEN,12.0,12.0,2026-06-23 03:29:44,2026-06-23 03:34:07,True,numeric,35.0,0.5,4.383333333333334
MAH-01-01340,36024492,1-X-2 / 2 goals Up,1-X-2 / Ventaja 2 goles,2,4,4,Australia - Turkey,EUR,1.67,1.67,2026-06-11 16:05:33,2026-06-11 16:13:41,False,string,1.59,-0.005952380952380931,8.133333333333333
2394434,36966549,Match corners,Corners durante el partido,12 or more,4,4,Netherlands - Sweden,EUR,3.17,3.17,2026-06-20 16:12:03,2026-06-20 16:24:01,False,numeric,1.67,-0.003144654088050425,11.966666666666667
2394434,36966549,Match corners,Corners durante el partido,10 or more,4,4,Netherlands - Sweden,EUR,2.05,2.02,2026-06-20 15:51:54,2026-06-20 16:02:13,False,numeric,0.33999999999999997,-0.002450980392156854,10.316666666666666
MAH-11-08002,37265891,Match corners,Corners durante el partido,10 or more,4,4,Juventude - Ponte Preta,EUR,1.6,1.6,2026-06-13 09:23:01,2026-06-13 09:30:00,False,string,2.9400000000000004,0.0596026490066226,6.983333333333333
MAH-05-15184,36966590,1-X-2 / 2 goals Up,1-X-2 / Ventaja 2 goles,1,4,4,Uruguay - Cape Verde,EUR,1.4,1.4,2026-06-21 14:16:36,2026-06-21 14:22:11,False,string,35.0,0.01449275362318847,5.583333333333333
1442420,36966612,Home-side combo (bet builder),Francia,France win y A goal in both halves,4,4,France - Iraq,EUR,1.46,1.46,2026-06-21 18:22:04,2026-06-21 18:22:55,False,numeric,2.1799999999999997,0.0,0.85
844747,37238914,To score or assist (Star Substitute),Marcar gol o asistir (Suplente Estrella),Kirian,4,8,Malaga - Las Palmas,EUR,4.5,4.5,2026-06-10 09:01:05,2026-06-10 18:21:20,True,numeric,0.28,0.08888888888888895,560.25
MAH-05-13001,36966593,Home-side combo (bet builder),Bélgica,Belgium win y Lukaku to score,4,4,Belgium - Iran,EUR,2.26,2.24,2026-06-21 18:20:13,2026-06-21 18:21:49,False,string,1.5699999999999998,-0.04872881355932193,1.6
MAH-01-01670,33890291,Home-side combo (bet builder),Brasil,Brazil win y A goal in both halves,4,4,Brazil - Morocco,EUR,2.72,2.72,2026-06-13 12:40:16,2026-06-13 12:43:27,False,string,0.43,-0.021582733812949506,3.183333333333333
1453644,33890220,1-X-2 / 2 goals Up,1-X-2 / Ventaja 2 goles,2,4,4,Uzbekistan - Colombia,EUR,1.36,1.35,2026-06-15 09:14:00,2026-06-17 21:28:24,False,numeric,1.24,0.05232558139534893,3614.4
2502424,33890210,Home-side combo (bet builder),Austria,Austria win y Over 2.5 goals,4,10,Austria - Jordan,EUR,2.12,2.12,2026-06-16 17:27:12,2026-06-16 17:29:46,True,numeric,0.51,-0.009345794392523366,2.566666666666667
MAH-01-05247,36024520,Home-side combo (bet builder),Portugal,"Portugal win, Over 2.5 goals y Over 8.5 corners",4,4,Portugal - Democratic Republic of the Congo,EUR,2.82,2.87,2026-06-15 03:16:05,2026-06-16 03:50:28,False,string,18.400000000000002,-0.019896193771626408,1474.3833333333334
2058870,37214947,Home-side combo (bet builder),España,Spain win y Ferran to score,4,4,Spain - Peru,EUR,3.45,3.45,2026-06-08 21:42:42,2026-06-08 21:48:23,False,numeric,1.96,0.0,5.683333333333334
1595169,36966593,1-X-2 / 2 goals Up,1-X-2 / Ventaja 2 goles,1,4,4,Belgium - Iran,EUR,1.41,1.41,2026-06-16 18:47:29,2026-06-21 16:43:29,False,numeric,5.76,0.003546099290780147,7076.0
MAH-19-00902,36966528,1-X-2 / 2 goals Up,1-X-2 / Ventaja 2 goles,2,4,4,Tunisia - Japan,EUR,1.53,1.53,2026-06-20 16:49:08,2026-06-20 16:50:16,False,string,5.49,0.08510638297872353,1.1333333333333333
1682945,36966469,Home-side combo (bet builder),República Checa,Czech Republic win y Patrik Schick to score,4,4,Czech Republic - South Africa,EUR,3.41,3.28,2026-06-17 21:24:30,2026-06-18 15:33:30,False,numeric,0.7100000000000001,-0.021014492753623243,1089.0
MAH-01-01583,37103277,Home-side combo (bet builder),Almería,Almeria win y A goal in both halves,4,4,Almeria - Valladolid,EUR,1.95,1.88,2026-05-29 07:30:19,2026-05-31 07:27:38,False,string,1.72,0.037234042553191626,2877.3166666666666
MAH-03-27834,33890220,Away-side combo (bet builder),Colombia,Colombia to win 1st half y Colombia to win 2nd half,4,4,Uzbekistan - Colombia,EUR,3.34,3.34,2026-06-17 09:24:24,2026-06-17 09:27:21,False,string,0.5900000000000001,0.0121212121212122,2.95
MAH-01-05194,36966480,Anytime goalscorer (Star Substitute),Goleador durante el partido (Suplente Estrella),Balogun,4,4,Usa - Australia,EUR,2.42,2.42,2026-06-19 15:52:02,2026-06-19 17:10:11,False,string,2.5599999999999996,0.0,78.15
MAH-05-15182,36966553,1-X-2 / 2 goals Up,1-X-2 / Ventaja 2 goles,2,4,4,Germany - Ivory Coast,EUR,5.75,5.75,2026-06-20 12:38:51,2026-06-20 12:39:41,False,string,3.68,0.045454545454545414,0.8333333333333334
MAH-19-00901,33890304,1-X-2 / 2 goals Up,1-X-2 / Ventaja 2 goles,1,4,4,Netherlands - Japan,EUR,2.06,2.06,2026-06-14 14:04:26,2026-06-14 17:27:32,False,string,21.82,0.035175879396984966,203.1
2025271,36966486,1-X-2 / 2 goals Up,1-X-2 / Ventaja 2 goles,2,4,4,Scotland - Morocco,EUR,1.65,1.65,2026-06-19 12:32:29,2026-06-19 16:26:15,False,numeric,373.55,0.012269938650306678,233.76666666666668
MAH-03-03008,36966480,Home-side combo (bet builder),Estados Unidos,"Usa win, Over 2.5 goals y Over 10.5 corners",4,4,Usa - Australia,EUR,6.75,6.75,2026-06-19 14:28:27,2026-06-19 15:46:32,False,string,4.25,-0.07993197278911562,78.08333333333333
MAH-10-38001,36966553,Match,Partido,Over 2.5 goals y Over 7.5 corners,4,4,Germany - Ivory Coast,EUR,1.98,1.98,2026-06-20 08:39:53,2026-06-20 08:42:16,False,string,0.75,-0.024630541871921152,2.3833333333333333
MAH-11-10008,36966485,Match,Partido,Over 3.5 goals y Vinícius to score,4,4,Brazil - Haiti,EUR,2.41,2.41,2026-06-19 18:14:46,2026-06-19 18:17:44,False,string,3.5,-0.04743083003952553,2.966666666666667
MAH-01-13372,33890290,Away-side combo (bet builder),Escocia,Scotland win y Che Adams to score,4,4,Haiti - Scotland,EUR,3.07,3.07,2026-06-13 10:45:28,2026-06-13 21:55:44,False,string,5.21,0.006666666666666654,670.2666666666667
MAH-11-04007,37265902,Match,Partido,Over 2.5 goals y Over 7.5 corners,4,4,Criciuma - Ceara,EUR,2.57,2.57,2026-06-15 17:08:26,2026-06-15 17:12:14,False,string,0.6200000000000001,0.0,3.8
MAH-01-00270,33890298,Team corners,Corners equipo,New Zealand 3 or more,4,4,Iran - New Zealand,EUR,1.47,1.47,2026-06-15 11:23:57,2026-06-15 11:26:57,False,string,3.27,-0.006756756756756799,3.0
MAH-03-27781,36966486,1-X-2 / 2 goals Up,1-X-2 / Ventaja 2 goles,2,4,4,Scotland - Morocco,EUR,1.67,1.67,2026-06-19 10:09:45,2026-06-19 10:13:18,False,string,52.4,0.024539877300613577,3.55
MAH-01-01012,36966549,1-X-2 / 2 goals Up,1-X-2 / Ventaja 2 goles,1,4,4,Netherlands - Sweden,EUR,1.7,1.7,2026-06-19 20:09:17,2026-06-20 08:16:51,False,string,0.21,0.02245508982035932,727.5666666666667
MAH-03-24951,36966592,1-X-2 / 2 goals Up,1-X-2 / Ventaja 2 goles,2,4,4,New Zealand - Egypt,EUR,1.53,1.53,2026-06-21 13:47:22,2026-06-21 14:22:27,False,string,52.6,-0.037735849056603765,35.083333333333336
MAH-01-13192,37275587,Team to miss a penalty,Equipo en fallar penalti durante el partido,Almeria,4,4,Malaga - Almeria,EUR,19.0,16.0,2026-06-12 15:02:02,2026-06-14 16:50:32,False,string,22.0,0.16666666666666663,2988.5
1955115,36966469,1-X-2 / 2 goals Up,1-X-2 / Ventaja 2 goles,1,4,4,Czech Republic - South Africa,EUR,1.8,1.8,2026-06-18 15:15:36,2026-06-18 15:21:04,False,numeric,292.12,0.011235955056179803,5.466666666666667
MAH-11-07003,36966609,Player to win a penalty,Jugador en provocar un penalti,Lionel Messi,4,4,Argentina - Austria,EUR,28.0,27.0,2026-06-21 09:04:33,2026-06-22 14:07:56,False,string,2.5,0.04807692307692313,1743.3833333333334
MAH-11-07003,36966591,Player to win a penalty,Jugador en provocar un penalti,Lamine Yamal,4,4,Spain - Saudi Arabia,EUR,14.0,14.0,2026-06-21 09:03:59,2026-06-21 09:07:00,False,string,2.5,0.0,3.0166666666666666
MAH-05-15045,33890299,1-X-2 / 2 goals Up,1-X-2 / Ventaja 2 goles,1,4,4,Belgium - Egypt,EUR,1.57,1.57,2026-06-14 10:22:53,2026-06-15 18:51:58,False,string,23.76,0.009933774834437081,1949.0833333333333
MAH-04-07629,36966592,Shots on target (Star Substitute),Remates a puerta Mohamed Salah (Suplente Estrella),2 or more,4,4,New Zealand - Egypt,EUR,2.4,2.4,2026-06-21 16:13:34,2026-06-21 16:15:10,False,string,15.0,0.004184100418409997,1.6
MAH-19-56002,33890416,Team corners,Corners equipo,Senegal 4 or more,4,4,France - Senegal,EUR,2.11,2.11,2026-06-16 18:26:29,2026-06-16 18:27:11,False,string,0.8,-0.04954954954954971,0.7
TPV-23-01401,36024520,Home-side combo (bet builder),Portugal,"Portugal win, Over 2.5 goals y Cristiano Ronaldo to score",4,4,Portugal - Democratic Republic of the Congo,PEN,2.55,2.55,2026-06-17 16:01:02,2026-06-17 16:28:35,False,string,4.5,-0.0019607843137254832,27.55
1320147,37254583,Team corners,Corners equipo,Mexico 6 or more,4,4,Mexico - South Africa,,1.91,1.91,2026-06-11 20:28:16,2026-06-11 20:28:51,False,numeric,100.0,,0.5833333333333334
MAH-03-27314,36024520,Home-side combo (bet builder),Portugal,"Portugal win, Over 2.5 goals y Cristiano Ronaldo to score",4,4,Portugal - Democratic Republic of the Congo,EUR,2.28,2.25,2026-06-13 23:32:31,2026-06-15 17:08:13,False,string,4.26,-0.11176470588235293,2495.7
MAH-04-07629,36966590,Shots on target (Star Substitute),Remates a puerta Maximiliano Araújo (Suplente Estrella),2 or more,4,4,Uruguay - Cape Verde,EUR,3.92,3.92,2026-06-21 16:13:34,2026-06-21 16:15:10,False,string,15.0,0.010309278350515427,1.6
2298839,36971426,Team corners,Corners equipo,Turkey 4 or more,4,4,Turkey - Paraguay,PEN,1.38,1.38,2026-06-16 18:16:22,2026-06-16 18:19:50,False,numeric,0.63,0.1499999999999999,3.466666666666667
2502424,33890416,Home-side combo (bet builder),Francia,France win y Mbappe 2 or more shots on target,4,10,France - Senegal,EUR,2.03,2.03,2026-06-16 17:27:12,2026-06-16 17:29:46,True,numeric,0.51,-0.030143540669856472,2.566666666666667
2130247,37330424,1-X-2 / 2 goals Up,1-X-2 / Ventaja 2 goles,X,4,4,Sao Bernardo FC SP - Juventude,PEN,2.89,2.89,2026-06-21 06:37:06,2026-06-21 06:38:58,False,numeric,0.52,0.0,1.8666666666666667
2138364,33890291,1-X-2 / 2 goals Up,1-X-2 / Ventaja 2 goles,1,4,4,Brazil - Morocco,EUR,1.65,1.65,2026-06-13 21:02:43,2026-06-13 21:03:01,False,numeric,200.0,0.0,0.3
MAH-01-04923,33890416,Home-side combo (bet builder),Francia,"France win, Over 2.5 goals y Mbappe first goalscorer",4,9,France - Senegal,EUR,7.16,7.16,2026-06-16 17:50:36,2026-06-16 17:52:12,True,string,0.26,0.006170662905500696,1.6
MAH-03-28081,36966611,1-X-2 / 2 goals Up,1-X-2 / Ventaja 2 goles,1,4,4,Norway - Senegal,EUR,2.11,2.11,2026-06-22 16:31:21,2026-06-22 19:20:43,False,string,1.27,-0.09623430962343105,169.36666666666667
MAH-22-05001,37254601,Anytime goalscorer (Star Substitute),Goleador durante el partido (Suplente Estrella),Havertz,4,4,Germany - Curaçao,EUR,1.38,1.38,2026-06-14 17:02:54,2026-06-14 17:03:40,False,string,315.0,,0.7666666666666667
MAH-06-24002,33890298,Match,Partido,Both teams to score y Over 11.5 corners,4,4,Iran - New Zealand,EUR,10.04,10.04,2026-06-13 18:47:14,2026-06-13 18:48:21,False,string,0.8400000000000001,0.0,1.1166666666666667
MAH-03-25063,36966553,1-X-2 / 2 goals Up,1-X-2 / Ventaja 2 goles,1,4,4,Germany - Ivory Coast,EUR,1.48,1.48,2026-06-16 16:21:48,2026-06-16 16:24:18,False,string,15.489999999999998,0.08029197080291972,2.5
2627239,33890291,Away-side combo (bet builder),Marruecos,Morocco win y Vinícius to score,4,4,Brazil - Morocco,EUR,31.0,31.0,2026-06-11 05:43:14,2026-06-13 06:09:34,False,numeric,3.06,-0.008064516129032251,2906.3333333333335
MAH-03-27653,33890419,To score 2 or more goals (Star Substitute),Marcar 2 goles o más (Suplente Estrella),Iñaki Williams,4,7,Ghana - Panama,EUR,17.0,17.0,2026-06-17 14:12:44,2026-06-17 14:14:31,True,string,0.72,-0.05555555555555558,1.7833333333333334
2084843,33890312,Saves (Star Substitute),Paradas Mohammed Al-Owais (Suplente Estrella),1 or more,4,4,Saudi Arabia - Uruguay,EUR,1.04,1.04,2026-06-14 12:02:44,2026-06-14 12:07:32,False,numeric,33.03,0.0,4.8
2056081,37275587,Saves (Star Substitute),Paradas Andres Fernandez (Suplente Estrella),5 or more,4,5,Malaga - Almeria,EUR,4.69,4.74,2026-06-14 14:09:55,2026-06-14 18:23:07,False,numeric,15.6,-0.004219409282700415,253.2
MAH-03-24543,33890259,Saves (Star Substitute),Paradas Mahmud Abunada (Suplente Estrella),3 or more,4,4,Qatar - Switzerland,EUR,1.33,1.33,2026-06-13 18:13:28,2026-06-13 18:23:31,False,string,0.6000000000000001,0.0,10.05
2336805,33890220,Away-side combo (bet builder),Colombia,Colombia win y Luis Diaz 2 or more shots on target,4,4,Uzbekistan - Colombia,EUR,2.24,2.23,2026-06-17 14:05:12,2026-06-17 19:33:43,False,numeric,17.93,-0.0077777777777778,328.51666666666665
1214074,36966612,To score 2 or more goals (Star Substitute),Marcar 2 goles o más (Suplente Estrella),Mbappe,4,4,France - Iraq,EUR,3.07,2.81,2026-06-22 15:00:10,2026-06-22 20:46:11,False,numeric,6.220000000000001,0.0462633451957295,346.01666666666665
MAH-04-07489,36966638,To score 2 or more goals (Star Substitute),Marcar 2 goles o más (Suplente Estrella),Harry Kane,4,4,England - Ghana,EUR,3.87,3.87,2026-06-22 14:25:42,2026-06-22 19:33:35,False,string,5.5,0.4118181818181818,307.8833333333333
854753,36966609,To score 2 or more goals (Star Substitute),Marcar 2 goles o más (Suplente Estrella),Lionel Messi,4,4,Argentina - Austria,EUR,6.2,6.2,2026-06-22 13:42:01,2026-06-22 13:46:54,False,numeric,6.58,-0.008000000000000007,4.883333333333334
MAH-11-08001,33890416,To score or assist (Star Substitute),Marcar gol o asistir (Suplente Estrella),Michael Olise,4,4,France - Senegal,EUR,1.7,1.65,2026-06-13 14:01:30,2026-06-15 09:12:23,False,string,0.36,0.033950617283950546,2590.883333333333
MAH-04-07755,36966486,Anytime goalscorer (Star Substitute),Goleador durante el partido (Suplente Estrella),Brahim,4,4,Scotland - Morocco,EUR,3.47,3.47,2026-06-19 21:42:42,2026-06-19 21:43:22,False,string,80.0,0.029673590504451175,0.6666666666666666
MAH-01-51281,33890312,To score or assist (Star Substitute),Marcar gol o asistir (Suplente Estrella),Valverde,4,4,Saudi Arabia - Uruguay,EUR,2.33,2.28,2026-06-15 15:39:07,2026-06-15 18:13:02,False,string,0.9500000000000001,-0.035564853556485476,153.91666666666666
MAH-03-24543,33890291,Saves (Star Substitute),Paradas Alisson (Suplente Estrella),3 or more,4,4,Brazil - Morocco,EUR,2.03,2.03,2026-06-13 18:13:28,2026-06-13 18:23:31,False,string,0.6000000000000001,-0.03333333333333344,10.05
MAH-01-04870,33890220,Away-side combo (bet builder),Colombia,Colombia win y Luis Diaz to score,4,4,Uzbekistan - Colombia,EUR,2.53,2.53,2026-06-17 16:58:04,2026-06-17 18:30:21,False,string,4.88,0.045454545454545414,92.28333333333333
MAH-05-15273,33890220,To score or assist (Star Substitute),Marcar gol o asistir (Suplente Estrella),Jhon Arias,4,4,Uzbekistan - Colombia,EUR,2.01,2.01,2026-06-17 16:34:42,2026-06-17 20:23:13,False,string,1.6099999999999999,0.0,228.51666666666668
2136349,36966609,Anytime goalscorer (Star Substitute),Goleador durante el partido (Suplente Estrella),Lionel Messi,4,4,Argentina - Austria,PEN,1.91,1.99,2026-06-22 03:10:03,2026-06-22 16:53:01,False,numeric,5.0,0.019633507853403176,822.9666666666667
MAH-01-05119,33890299,To score or assist (Star Substitute),Marcar gol o asistir (Suplente Estrella),Doku,4,4,Belgium - Egypt,EUR,1.95,1.95,2026-06-15 15:40:25,2026-06-15 15:52:25,False,string,4.0,-0.005102040816326481,12.0
MAH-03-27834,36024518,Away-side combo (bet builder),Noruega,"Norway win, Over 8.5 corners y Haaland to score",4,4,Iraq - Norway,EUR,2.42,2.42,2026-06-15 09:41:43,2026-06-15 09:46:48,False,string,0.56,0.0431034482758621,5.083333333333333
844747,37312355,To score or assist (Star Substitute),Marcar gol o asistir (Suplente Estrella),Álex Muñoz,4,8,Almeria - Malaga,EUR,5.3,5.3,2026-06-20 16:49:05,2026-06-20 18:20:51,True,numeric,0.26,0.0,91.76666666666667
2208140,36966469,To score 2 or more goals (Star Substitute),Marcar 2 goles o más (Suplente Estrella),Patrik Schick,4,6,Czech Republic - South Africa,EUR,9.65,8.75,2026-06-17 12:58:08,2026-06-18 15:37:40,True,numeric,0.30000000000000004,-0.041666666666666574,1599.5333333333333
1361572,36966485,To score 2 or more goals (Star Substitute),Marcar 2 goles o más (Suplente Estrella),Raphinha,4,5,Brazil - Haiti,EUR,5.4,5.4,2026-06-19 15:39:36,2026-06-19 15:48:47,True,numeric,0.45,-0.00917431192660545,9.183333333333334
MAH-04-07419,36966485,To score 2 or more goals (Star Substitute),Marcar 2 goles o más (Suplente Estrella),Raphinha,4,4,Brazil - Haiti,EUR,5.4,5.4,2026-06-19 15:38:59,2026-06-19 16:42:37,False,string,1.18,-0.00917431192660545,63.63333333333333
MAH-03-27862,36966640,To score 2 or more goals (Star Substitute),Marcar 2 goles o más (Suplente Estrella),Cristiano Ronaldo,4,4,Portugal - Uzbekistan,EUR,3.27,3.03,2026-06-22 09:07:56,2026-06-23 14:57:28,False,string,14.33,0.03253424657534243,1789.5333333333333
432986,33890306,Saves (Star Substitute),Paradas Eloy Room (Suplente Estrella),6 or more,4,4,Germany - Curaçao,EUR,2.05,2.05,2026-06-14 15:33:52,2026-06-14 15:34:09,False,numeric,400.0,-0.004854368932038944,0.2833333333333333
MAH-04-07489,33890416,To score 2 or more goals (Star Substitute),Marcar 2 goles o más (Suplente Estrella),Mbappe,4,4,France - Senegal,EUR,5.4,5.2,2026-06-16 14:46:24,2026-06-16 15:47:04,False,string,0.8700000000000001,-0.03211009174311924,60.666666666666664
931196,33890291,Saves (Star Substitute),Paradas Alisson (Suplente Estrella),5 or more,4,4,Brazil - Morocco,EUR,7.65,7.65,2026-06-13 21:28:01,2026-06-13 21:51:40,False,numeric,75.0,0.013157894736842257,23.65
MAH-04-07767,33890444,To score 2 or more goals (Star Substitute),Marcar 2 goles o más (Suplente Estrella),Harry Kane,4,4,England - Croatia,EUR,7.25,7.55,2026-06-17 19:08:04,2026-06-17 19:26:00,True,string,78.0,0.020689655172413834,17.933333333333334
MAH-11-07003,36966612,To score 2 or more goals (Star Substitute),Marcar 2 goles o más (Suplente Estrella),Mbappe,4,4,France - Iraq,EUR,3.2,3.2,2026-06-19 15:08:17,2026-06-22 14:48:01,False,string,10.5,0.1120996441281139,4299.733333333334
MAH-03-27824,36966638,Anytime goalscorer (Star Substitute),Goleador durante el partido (Suplente Estrella),Harry Kane,4,4,England - Ghana,EUR,1.58,1.58,2026-06-22 19:43:33,2026-06-22 19:44:25,False,string,25.0,0.104895104895105,0.8666666666666667
MAH-11-10008,36966553,Home-side combo (bet builder),Alemania,Germany to win both halves y Over 3.5 goals,4,4,Germany - Ivory Coast,EUR,6.24,6.24,2026-06-19 21:25:42,2026-06-19 21:33:28,False,string,2.95,0.10052910052910069,7.766666666666667
MAH-03-27776,36966469,Saves (Star Substitute),Paradas Ronwen Williams (Suplente Estrella),3 or more,4,4,Czech Republic - South Africa,EUR,1.53,1.9,2026-06-15 14:47:54,2026-06-16 13:15:27,False,string,5.23,0.08061002178649239,1347.55
MAH-03-27653,33890291,To score 2 or more goals (Star Substitute),Marcar 2 goles o más (Suplente Estrella),Brahim,4,7,Brazil - Morocco,EUR,31.0,31.0,2026-06-13 09:04:38,2026-06-13 09:05:07,True,string,0.58,-0.13888888888888884,0.48333333333333334
1361572,33890291,To score 2 or more goals (Star Substitute),Marcar 2 goles o más (Suplente Estrella),Raphinha,4,4,Brazil - Morocco,EUR,15.0,15.0,2026-06-13 15:49:37,2026-06-13 15:55:15,False,numeric,0.88,0.15384615384615374,5.633333333333334
844747,36966485,To score 2 or more goals (Star Substitute),Marcar 2 goles o más (Suplente Estrella),Raphinha,4,8,Brazil - Haiti,EUR,5.2,5.4,2026-06-19 10:25:40,2026-06-19 18:12:36,True,numeric,0.25,-0.02752293577981646,466.93333333333334
MAH-22-03002,33890444,To score 2 or more goals (Star Substitute),Marcar 2 goles o más (Suplente Estrella),Harry Kane,4,4,England - Croatia,EUR,7.0,7.2,2026-06-17 16:53:51,2026-06-17 19:40:54,False,string,85.0,-0.006896551724137917,167.05
MAH-04-07419,36966640,To score 2 or more goals (Star Substitute),Marcar 2 goles o más (Suplente Estrella),Cristiano Ronaldo,4,4,Portugal - Uzbekistan,EUR,3.32,3.32,2026-06-22 15:07:34,2026-06-22 15:09:47,False,string,0.52,0.1369863013698629,2.216666666666667
MAH-03-03008,33890304,Home-side combo (bet builder),Países Bajos,"Netherlands win, Over 10.5 corners y Virgil Van Dijk to be booked",4,4,Netherlands - Japan,EUR,30.0,30.0,2026-06-13 13:56:18,2026-06-13 14:06:55,False,string,4.5,0.034482758620689724,10.616666666666667
1983036,33890299,Home-side combo (bet builder),Bélgica,Belgium win y A goal in both halves,4,4,Belgium - Egypt,EUR,2.52,2.55,2026-06-14 21:02:59,2026-06-15 18:21:14,False,numeric,8.42,0.02582644628099176,1278.25
2391039,33890416,To score 2 or more goals (Star Substitute),Marcar 2 goles o más (Suplente Estrella),Michael Olise,4,4,France - Senegal,EUR,15.0,15.0,2026-06-16 18:37:50,2026-06-16 18:39:11,False,numeric,144.79999999999998,0.0,1.35
2502424,33890211,Saves (Star Substitute),Paradas Emiliano Martinez (Suplente Estrella),5 or more,4,6,Argentina - Algeria,EUR,6.0,6.0,2026-06-16 17:27:12,2026-06-16 17:29:46,True,numeric,0.48000000000000004,0.0,2.566666666666667
MAH-01-12010,36971426,1-X-2 / 2 goals Up,1-X-2 / Ventaja 2 goles,1,4,4,Turkey - Paraguay,EUR,2.03,2.03,2026-06-19 13:16:41,2026-06-19 13:23:24,False,string,13.34,-0.009756097560975618,6.716666666666667
MAH-03-03008,36966486,Away-side combo (bet builder),Marruecos,"Morocco win, Both teams to score y Over 10.5 corners",4,4,Scotland - Morocco,EUR,10.3,10.4,2026-06-19 14:28:27,2026-06-19 15:46:32,False,string,4.25,-0.002415458937197995,78.08333333333333
844747,37183312,Team to score a penalty,Equipo en marcar gol de penalti durante el partido,Gremio Novorizontino SP,4,8,Goias - Gremio Novorizontino SP,EUR,6.9,6.9,2026-06-10 08:59:11,2026-06-10 18:21:20,True,numeric,0.25,0.0,562.15
MAH-19-39003,36024518,1-X-2 / 2 goals Up,1-X-2 / Ventaja 2 goles,2,4,4,Iraq - Norway,EUR,1.18,1.18,2026-06-13 17:00:48,2026-06-15 18:15:23,False,string,0.8599999999999999,-0.018750000000000044,2954.5833333333335
MAH-02-01655,33890306,Team goals,Goles equipo,Germany 3 or more,4,4,Germany - Curaçao,EUR,1.32,1.32,2026-06-14 16:47:48,2026-06-14 16:48:56,False,string,266.65999999999997,0.0,1.1333333333333333
2623956,37238914,1-X-2 / 2 goals Up,1-X-2 / Ventaja 2 goles,1,4,4,Malaga - Las Palmas,EUR,2.17,2.14,2026-06-10 11:15:25,2026-06-10 15:23:44,False,numeric,0.62,0.08585858585858591,248.31666666666666
MAH-23-01902,36966612,Team corners,Corners equipo,Iraq 3 or more,4,4,France - Iraq,PEN,2.7,2.8,2026-06-22 15:07:49,2026-06-22 19:22:10,False,string,2.25,0.005535055350553542,254.35
MAH-04-07874,33890444,Match,Partido,Over 2.5 goals y Over 7.5 corners,4,4,England - Croatia,EUR,2.8,2.84,2026-06-16 09:49:21,2026-06-17 09:10:04,False,string,0.68,0.09302325581395343,1400.7166666666667
2585334,36024518,Saves handicap - vs (both starters),Hándicap paradas - Jalal Hassan vs Orjan Nyland (Ambos titulares o se anula),Jalal Hassan(-2.5),4,4,Iraq - Norway,EUR,2.7,2.7,2026-06-16 19:11:06,2026-06-16 19:16:22,False,numeric,77.0,-0.007352941176470562,5.266666666666667
2298238,36966609,Anytime goalscorer (Star Substitute),Goleador durante el partido (Suplente Estrella),Lionel Messi,4,4,Argentina - Austria,EUR,2.0,2.0,2026-06-21 20:05:49,2026-06-22 08:49:51,False,numeric,37.3,0.04057591623036649,764.0333333333333
2502424,36024518,Away-side combo (bet builder),Noruega,Norway win y Haaland 2 or more shots on target,4,9,Iraq - Norway,EUR,1.53,1.53,2026-06-16 17:27:12,2026-06-16 17:29:46,True,numeric,0.46,0.02684563758389258,2.566666666666667
MAH-01-05459,36966553,Match,Partido,2-1 y Musiala to score,4,8,Germany - Ivory Coast,EUR,19.95,19.95,2026-06-20 11:37:37,2026-06-20 11:43:33,False,string,2.67,-0.0025000000000000577,5.933333333333334
2027155,37183511,1-X-2 / 2 goals Up,1-X-2 / Ventaja 2 goles,1,4,4,England - Costa Rica,EUR,1.14,1.14,2026-06-10 14:49:41,2026-06-10 14:58:36,False,numeric,3.65,0.02702702702702675,8.916666666666666
MAH-02-01737,37238914,1-X-2 / 2 goals Up,1-X-2 / Ventaja 2 goles,1,4,4,Malaga - Las Palmas,EUR,2.16,2.16,2026-06-10 08:52:43,2026-06-10 18:30:38,False,string,22.0,0.07196969696969707,577.9166666666666
MAH-01-13372,37343357,Home-side combo (bet builder),Shamrock Rovers,Shamrock Rovers win y Graham Burke to score,4,4,Shamrock Rovers - Derry City,EUR,3.61,3.61,2026-06-22 13:42:53,2026-06-22 16:28:33,False,string,4.34,0.02801724137931033,165.66666666666666
MAH-04-07640,36024518,Away-side combo (bet builder),Noruega,Norway win y Haaland to score,4,4,Iraq - Norway,EUR,1.53,1.53,2026-06-16 17:26:24,2026-06-16 17:29:44,False,string,2.26,0.0,3.3333333333333335
MAH-08-17004,33890304,Match corners,Corners durante el partido,10 or more,4,4,Netherlands - Japan,EUR,1.99,1.99,2026-06-11 19:36:38,2026-06-11 19:37:51,False,string,0.12,0.041884816753926746,1.2166666666666666
1260975,33890304,Match shots,Remates durante el partido,23 or more,4,4,Netherlands - Japan,EUR,1.34,1.34,2026-06-14 10:55:28,2026-06-14 19:57:14,False,numeric,1.51,0.0,541.7666666666667
1687175,33890211,1-X-2 / 2 goals Up,1-X-2 / Ventaja 2 goles,1,4,4,Argentina - Algeria,EUR,1.39,1.44,2026-06-15 23:05:11,2026-06-16 20:45:41,False,numeric,22.75,-0.06907894736842113,1300.5
2502424,36966485,Home-side combo (bet builder),Brasil,"Brazil win, Over 8.5 corners y Raphinha 2 or more shots on target",4,6,Brazil - Haiti,EUR,3.04,3.04,2026-06-19 22:06:12,2026-06-19 22:07:55,True,numeric,0.28,0.0,1.7166666666666666
MAH-05-15243,36966480,Home-side combo (bet builder),Estados Unidos,Usa win y Balogun to score,4,4,Usa - Australia,EUR,2.79,2.79,2026-06-19 12:21:22,2026-06-19 12:22:00,False,string,1.0,-0.057432432432432456,0.6333333333333333
MAH-01-49612,36966528,1-X-2 / 2 goals Up,1-X-2 / Ventaja 2 goles,2,4,4,Tunisia - Japan,EUR,1.54,1.54,2026-06-20 10:22:30,2026-06-20 10:23:17,False,string,360.0,0.09219858156028371,0.7833333333333333
MAH-04-07224,36024518,Away-side combo (bet builder),Noruega,Norway win y Haaland to score,4,4,Iraq - Norway,EUR,1.5,1.5,2026-06-14 08:34:39,2026-06-14 08:35:17,False,string,0.4,-0.019607843137254943,0.6333333333333333
2083472,36966550,Shots (Star Substitute),Remates Leandro Bacuna (Suplente Estrella),3 or more,4,4,Ecuador - Curaçao,EUR,7.75,7.75,2026-06-20 19:09:10,2026-06-20 19:10:35,False,numeric,388.0,0.0,1.4166666666666667
MAH-19-45005,36966640,1-X-2 / 2 goals Up,1-X-2 / Ventaja 2 goles,1,4,4,Portugal - Uzbekistan,EUR,1.18,1.19,2026-06-21 20:20:24,2026-06-22 15:23:14,False,string,457.33000000000004,0.05803571428571408,1142.8333333333333
2571262,36966609,Team corners,Corners equipo,Austria 3 or more,4,4,Argentina - Austria,EUR,3.22,3.22,2026-06-19 21:25:50,2026-06-19 21:26:22,False,numeric,374.0,0.5,0.5333333333333333
MAH-01-13372,36966592,Away-side combo (bet builder),Egipto,"Egypt win, Omar Marmoush to score y Mohamed Salah to score",4,4,New Zealand - Egypt,EUR,5.99,6.03,2026-06-21 10:04:34,2026-06-21 20:07:12,False,string,2.46,0.028587764436821022,602.6333333333333
2391039,33890291,Team corners,Corners equipo,Brazil 6 or more,4,4,Brazil - Morocco,EUR,1.9,1.9,2026-06-12 14:25:22,2026-06-12 14:45:08,False,numeric,12.24,-0.05472636815920395,19.766666666666666
1503238,33890419,1-X-2 / 2 goals Up,1-X-2 / Ventaja 2 goles,1,4,4,Ghana - Panama,EUR,2.35,2.35,2026-06-17 16:49:42,2026-06-17 20:13:30,False,numeric,23.3,0.017316017316017396,203.8
MAH-08-17004,33890306,Team corners,Corners equipo,Germany 9 or more,4,4,Germany - Curaçao,EUR,1.85,1.85,2026-06-11 19:36:38,2026-06-11 19:37:51,False,string,0.12,0.08187134502923987,1.2166666666666666
2600202,36024520,Team Shots,Remates equipo,Portugal 17 or more,4,4,Portugal - Democratic Republic of the Congo,PEN,2.56,2.56,2026-06-14 05:16:21,2026-06-14 05:16:37,False,numeric,2000.0,0.5,0.26666666666666666
MAH-01-01598,36966528,1-X-2 / 2 goals Up,1-X-2 / Ventaja 2 goles,2,4,4,Tunisia - Japan,EUR,1.52,1.51,2026-06-19 17:00:49,2026-06-20 18:23:22,False,string,1.24,0.07624113475177308,1522.55
MAH-04-07767,37265483,Team corners,Corners equipo,Croatia 5 or more,4,4,England - Croatia,EUR,5.7,15.0,2026-06-17 20:54:32,2026-06-17 21:40:20,True,string,80.0,,45.8
MAH-01-01506,33890444,Team corners,Corners equipo,Croatia 6 or more,4,4,England - Croatia,EUR,4.5,4.5,2026-06-16 19:13:42,2026-06-16 19:18:47,False,string,1.09,-0.16666666666666674,5.083333333333333
MAH-01-01340,36024491,1-X-2 / 2 goals Up,1-X-2 / Ventaja 2 goles,1,4,4,Canada - Bosnia And Herzegovina,EUR,1.81,1.81,2026-06-11 16:05:33,2026-06-11 16:13:41,False,string,1.59,0.04022988505747138,8.133333333333333
2359184,33890259,Team corners,Corners equipo,Qatar 2 or more,4,4,Qatar - Switzerland,EUR,1.21,1.33,2026-06-11 20:30:28,2026-06-13 17:55:51,False,numeric,5.46,0.024793388429752095,2725.383333333333
MAH-04-07604,36966528,1-X-2 / 2 goals Up,1-X-2 / Ventaja 2 goles,2,4,4,Tunisia - Japan,EUR,1.53,1.53,2026-06-20 15:22:02,2026-06-20 19:06:06,False,string,5.43,0.07801418439716323,224.06666666666666
MAH-03-25063,33890211,1-X-2 / 2 goals Up,1-X-2 / Ventaja 2 goles,1,4,4,Argentina - Algeria,EUR,1.37,1.37,2026-06-16 16:21:48,2026-06-16 16:24:18,False,string,15.489999999999998,-0.09868421052631571,2.5
MAH-04-07874,36966549,Match,Partido,Over 2.5 goals y Over 7.5 corners,4,4,Netherlands - Sweden,EUR,2.45,2.45,2026-06-17 08:49:13,2026-06-19 10:36:25,False,string,0.6200000000000001,0.18149038461538464,2987.2
MAH-11-07003,37183313,1-X-2 / 2 goals Up,1-X-2 / Ventaja 2 goles,1,4,4,Sport Recife - Athletic Club SJDR MG,EUR,1.74,1.74,2026-06-10 19:47:34,2026-06-10 19:50:57,False,string,0.32,-0.005714285714285672,3.3833333333333333
1695554,37173241,Match corners,Corners durante el partido,11 or more,4,4,Waterford United FC - Sligo Rovers,PEN,1.51,1.51,2026-06-12 16:40:02,2026-06-12 16:41:12,False,numeric,0.74,0.0,1.1666666666666667
MAH-03-03039,36966549,Match corners,Corners durante el partido,12 or more,4,4,Netherlands - Sweden,EUR,3.17,3.08,2026-06-18 07:31:17,2026-06-20 16:19:04,False,string,0.74,-0.0558176100628931,3407.7833333333333
MAH-01-13162,33890306,Match corners,Corners durante el partido,11 or more,4,4,Germany - Curaçao,EUR,1.9,1.9,2026-06-14 12:36:47,2026-06-14 12:38:26,False,string,27.8,0.04972375690607733,1.65
1642930,33890220,Team to score a penalty,Equipo en marcar gol de penalti durante el partido,Colombia,4,12,Uzbekistan - Colombia,EUR,3.7,3.7,2026-06-17 13:59:38,2026-06-17 14:00:34,False,numeric,0.14,0.019283746556473913,0.9333333333333333
2138364,33890290,1-X-2 / 2 goals Up,1-X-2 / Ventaja 2 goles,2,4,4,Haiti - Scotland,EUR,1.54,1.54,2026-06-13 21:02:43,2026-06-13 21:03:01,False,numeric,200.0,-0.019108280254777066,0.3
1655915,36966593,1-X-2 / 2 goals Up,1-X-2 / Ventaja 2 goles,1,4,4,Belgium - Iran,EUR,1.43,1.43,2026-06-21 12:47:31,2026-06-21 14:32:35,False,numeric,227.07999999999998,0.012411347517730487,105.06666666666666
2138976,33890290,1-X-2 / 2 goals Up,1-X-2 / Ventaja 2 goles,2,4,4,Haiti - Scotland,EUR,1.54,1.54,2026-06-10 05:41:46,2026-06-13 21:34:12,False,numeric,64.11,-0.015923566878980888,5272.433333333333
2509268,36966593,1-X-2 / 2 goals Up,1-X-2 / Ventaja 2 goles,1,4,4,Belgium - Iran,EUR,1.42,1.42,2026-06-21 12:52:34,2026-06-21 13:00:11,False,numeric,85.83,0.008865248226950284,7.616666666666666
2107012,33890259,Team to score a penalty,Equipo en marcar gol de penalti durante el partido,Qatar,4,7,Qatar - Switzerland,EUR,6.45,6.65,2026-06-12 15:14:29,2026-06-13 12:12:07,True,numeric,0.26,-0.495054945054945,1257.6333333333334
2311578,36024492,1-X-2 / 2 goals Up,1-X-2 / Ventaja 2 goles,2,4,4,Australia - Turkey,PEN,1.7,1.7,2026-06-11 02:26:47,2026-06-13 23:01:27,False,numeric,28.97,0.008928571428571397,4114.666666666667
MAH-03-24951,36966593,1-X-2 / 2 goals Up,1-X-2 / Ventaja 2 goles,1,4,4,Belgium - Iran,EUR,1.36,1.36,2026-06-21 13:47:22,2026-06-21 14:22:27,False,string,52.6,-0.0319148936170211,35.083333333333336
2143110,33890290,1-X-2 / 2 goals Up,1-X-2 / Ventaja 2 goles,2,4,4,Haiti - Scotland,EUR,1.54,1.54,2026-06-13 21:12:56,2026-06-13 21:22:40,False,numeric,1.1600000000000001,-0.019108280254777066,9.733333333333333
MAH-04-07629,36966593,Shots on target (Star Substitute),Remates a puerta Trossard (Suplente Estrella),2 or more,4,4,Belgium - Iran,EUR,3.17,3.17,2026-06-21 16:13:34,2026-06-21 16:15:10,False,string,15.0,0.02922077922077926,1.6
MAH-21-14001,33890290,1-X-2 / 2 goals Up,1-X-2 / Ventaja 2 goles,2,4,4,Haiti - Scotland,EUR,1.52,1.55,2026-06-11 10:22:01,2026-06-12 00:54:13,False,string,46.730000000000004,-0.017515923566878977,872.2
MAH-04-07530,33890309,Team corners,Corners equipo,Usa 4 or more,4,4,Usa - Paraguay,EUR,1.38,1.38,2026-06-10 18:26:50,2026-06-10 18:44:10,False,string,2.1500000000000004,0.06153846153846132,17.333333333333332
2113374,33890299,1-X-2 / 2 goals Up,1-X-2 / Ventaja 2 goles,1,4,4,Belgium - Egypt,EUR,1.53,1.58,2026-06-15 11:15:44,2026-06-15 17:58:12,False,numeric,300.0,0.03642384105960267,402.46666666666664
MAH-05-15243,36971426,Home-side combo (bet builder),Turquía,Turkey win y Akturkoglu to score,4,4,Turkey - Paraguay,EUR,4.03,4.03,2026-06-19 12:21:22,2026-06-19 12:22:00,False,string,1.0,-0.12770562770562766,0.6333333333333333
1687175,36966609,1-X-2 / 2 goals Up,1-X-2 / Ventaja 2 goles,1,4,4,Argentina - Austria,EUR,1.59,1.56,2026-06-18 00:22:36,2026-06-22 11:17:23,False,numeric,5.38,0.08865248226950362,6414.783333333334
MAH-19-00902,33890304,1-X-2 / 2 goals Up,1-X-2 / Ventaja 2 goles,1,4,4,Netherlands - Japan,EUR,2.06,2.06,2026-06-14 08:19:32,2026-06-14 16:48:16,False,string,49.03,0.02889447236180903,508.73333333333335
2113374,33890312,1-X-2 / 2 goals Up,1-X-2 / Ventaja 2 goles,2,4,4,Saudi Arabia - Uruguay,EUR,1.44,1.46,2026-06-15 11:15:44,2026-06-15 17:58:12,False,numeric,300.0,-0.010273972602739767,402.46666666666664
844747,33890299,Team to score a penalty,Equipo en marcar gol de penalti durante el partido,Belgium,4,8,Belgium - Egypt,EUR,5.3,5.3,2026-06-15 15:48:54,2026-06-15 18:03:21,True,numeric,0.27,0.019230769230769162,134.45
MAH-19-39003,33890313,1-X-2 / 2 goals Up,1-X-2 / Ventaja 2 goles,1,4,4,Spain - Cape Verde,EUR,1.08,1.06,2026-06-11 16:55:52,2026-06-15 11:35:46,False,string,0.87,0.02380952380952389,5439.9
MAH-19-56001,33890299,Team corners,Corners equipo,Egypt 4 or more,4,4,Belgium - Egypt,EUR,2.31,2.31,2026-06-15 10:07:36,2026-06-15 10:08:15,False,string,0.8,0.08962264150943389,0.65
MAH-05-15162,33890291,Team corners,Corners equipo,Brazil 4 or more,4,4,Brazil - Morocco,EUR,1.18,1.18,2026-06-13 07:57:55,2026-06-13 19:58:59,False,string,0.64,-0.01666666666666672,721.0666666666667
MAH-03-27812,36966640,Player to score a penalty (No penalty shootout),Marcar gol de penalti (No tanda de penaltis),Cristiano Ronaldo,4,4,Portugal - Uzbekistan,EUR,6.05,6.05,2026-06-23 10:03:32,2026-06-23 10:08:43,False,string,260.0,-0.03200000000000003,5.183333333333334
MAH-04-07776,33890416,Saves (Star Substitute),Paradas Edouard Mendy (Suplente Estrella),1 or more,3,3,France - Senegal,EUR,1.03,1.03,2026-06-15 15:21:49,2026-06-15 15:23:52,False,string,12.5,0.0,2.05
MAH-04-07577,33890416,Home-side combo (bet builder),Francia,A goal in both halves y Mbappe 2 or more shots on target,3,3,France - Senegal,EUR,2.34,2.37,2026-06-13 16:16:46,2026-06-15 21:59:36,False,string,0.39,0.0727272727272726,3222.8333333333335
MAH-19-10001,33890211,Home-side combo (bet builder),Argentina,Argentina to win 1st half y Argentina to win 2nd half,3,3,Argentina - Algeria,EUR,3.85,3.85,2026-06-16 20:21:03,2026-06-16 20:40:44,False,string,0.67,-0.002590673575129432,19.683333333333334
2624219,36024492,Match tackles,Entradas ganadas (tackles) durante el partido,31 or more,3,3,Australia - Turkey,PEN,2.17,2.17,2026-06-12 15:34:55,2026-06-12 15:35:11,False,numeric,1471.0,0.1361256544502618,0.26666666666666666
MAH-04-07419,36966591,Anytime goalscorer (Star Substitute),Goleador durante el partido (Suplente Estrella),Pedri,3,5,Spain - Saudi Arabia,EUR,4.43,4.43,2026-06-21 15:16:33,2026-06-21 15:16:50,True,string,0.35,0.0,0.2833333333333333
MAH-08-37003,36966485,Match,Partido,Over 2.5 goals y Vinícius to score,3,3,Brazil - Haiti,EUR,2.06,2.08,2026-06-17 10:49:59,2026-06-19 18:05:49,False,string,1.08,-0.019138755980861195,3315.8333333333335
MAH-03-03359,36966553,To score or assist (Star Substitute),Marcar gol o asistir (Suplente Estrella),Deniz Undav,3,3,Germany - Ivory Coast,EUR,1.58,1.58,2026-06-19 07:21:39,2026-06-19 07:23:39,False,string,2.05,-0.024691358024691357,2.0
1454068,37254588,Shots (Star Substitute),Remates Raphinha (Suplente Estrella),2 or more,3,3,Brazil - Morocco,EUR,1.66,1.44,2026-06-13 23:31:34,2026-06-13 23:39:29,True,numeric,100.0,,7.916666666666667
MAH-01-05194,36966593,Anytime goalscorer (Star Substitute),Goleador durante el partido (Suplente Estrella),Lukaku,3,3,Belgium - Iran,EUR,1.96,1.86,2026-06-21 11:02:41,2026-06-21 15:10:44,False,string,2.16,-0.06924315619967784,248.05
MAH-15-02001,36966593,Match corners,Corners durante el partido,9 or more,3,3,Belgium - Iran,EUR,1.78,1.78,2026-06-21 17:19:02,2026-06-21 17:43:36,False,string,14.33,0.028901734104046284,24.566666666666666
2138976,33890220,1-X-2 / 2 goals Up,1-X-2 / Ventaja 2 goles,2,3,3,Uzbekistan - Colombia,EUR,1.36,1.36,2026-06-15 05:59:34,2026-06-17 14:30:31,False,numeric,19.25,0.05943152454780365,3390.95
MAH-06-00056,36966611,Anytime goalscorer (Star Substitute),Goleador durante el partido (Suplente Estrella),Haaland,3,4,Norway - Senegal,EUR,1.94,1.94,2026-06-21 08:54:11,2026-06-21 08:59:30,False,string,0.30000000000000004,-0.025125628140703515,5.316666666666666
2402888,33890304,Team goal kicks,Saques de puerta equipo,Japan 7 or more,3,3,Netherlands - Japan,PEN,2.02,2.02,2026-06-14 04:01:55,2026-06-14 04:08:05,False,numeric,595.0,0.4326241134751774,6.166666666666667
MAH-03-27776,36966612,Match corners,Corners durante el partido,9 or more,3,3,France - Iraq,EUR,1.54,1.54,2026-06-19 19:03:06,2026-06-19 19:04:43,False,string,3.0,-0.0434782608695653,1.6166666666666667
2336805,36966485,Home-side combo (bet builder),Brasil,Brazil win y Vinícius 2 or more shots on target,3,3,Brazil - Haiti,EUR,1.78,1.78,2026-06-19 16:44:51,2026-06-19 16:58:08,False,numeric,2.0700000000000003,0.0,13.283333333333333
MAH-03-03008,36966473,Home-side combo (bet builder),Suiza,Draw y Both teams to score in first half,3,3,Switzerland - Bosnia And Herzegovina,EUR,18.0,18.0,2026-06-18 14:29:56,2026-06-18 14:30:53,False,string,2.5,0.0,0.95
2426513,36966609,Anytime goalscorer (Star Substitute),Goleador durante el partido (Suplente Estrella),Lionel Messi,3,3,Argentina - Austria,EUR,1.97,2.0,2026-06-22 14:12:01,2026-06-22 15:40:40,False,numeric,55.5,0.03664921465968581,88.65
MAH-01-12010,36966549,1-X-2 / 2 goals Up,1-X-2 / Ventaja 2 goles,1,3,3,Netherlands - Sweden,EUR,1.74,1.63,2026-06-19 13:16:41,2026-06-20 16:55:45,False,string,5.84,0.019960079840319334,1659.0666666666666
1288509,36966609,Anytime goalscorer (Star Substitute),Goleador durante el partido (Suplente Estrella),Lionel Messi,3,3,Argentina - Austria,EUR,2.0,2.0,2026-06-21 17:24:18,2026-06-22 11:52:56,False,numeric,6.33,0.038394415357766144,1108.6333333333334
TPV-23-01601,36966609,To score or assist (Star Substitute),Marcar gol o asistir (Suplente Estrella),Lionel Messi,3,3,Argentina - Austria,PEN,1.53,1.52,2026-06-22 15:57:41,2026-06-22 16:47:09,False,string,180.0,-0.004357298474945519,49.46666666666667
MAH-01-08881,36966609,Shots on target (Star Substitute),Remates a puerta Lionel Messi (Suplente Estrella),2 or more,3,3,Argentina - Austria,EUR,1.73,1.8,2026-06-21 16:52:50,2026-06-22 13:20:01,False,string,29.24,0.02107279693486593,1227.1833333333334
MAH-01-00260,36966553,Team corners,Corners equipo,Ivory Coast 5 or more,3,3,Germany - Ivory Coast,EUR,3.0,3.0,2026-06-20 12:06:16,2026-06-20 12:06:47,False,string,0.51,0.010101010101009944,0.5166666666666667
2391039,33890259,goal scorer (Star Substitute),Jugador en meter el 1º gol (Suplente Estrella),Breel Embolo,3,3,Qatar - Switzerland,EUR,4.05,4.05,2026-06-12 14:47:45,2026-06-12 14:49:21,False,numeric,3.8,0.057441253263707415,1.6
2382966,36966609,Team corners,Corners equipo,Austria 4 or more,3,3,Argentina - Austria,EUR,2.62,2.62,2026-06-19 20:14:19,2026-06-19 21:17:36,False,numeric,231.5,0.29702970297029707,63.28333333333333
MAH-01-05175,36966550,Home-side combo (bet builder),Ecuador,"Ecuador win, Over 2.5 goals y Over 8.5 corners",3,3,Ecuador - Curaçao,EUR,2.39,2.39,2026-06-20 19:25:59,2026-06-20 21:00:53,False,string,3.33,-0.030303030303030203,94.9
2348435,33890220,1-X-2 / 2 goals Up,1-X-2 / Ventaja 2 goles,2,3,3,Uzbekistan - Colombia,EUR,1.38,1.38,2026-06-16 17:35:47,2026-06-17 19:24:17,False,numeric,2.21,0.06459948320413433,1548.5
MAH-19-68001,36966466,1-X-2 / 2 goals Up,1-X-2 / Ventaja 2 goles,1,3,3,Mexico - South Korea,EUR,2.05,2.05,2026-06-18 18:09:05,2026-06-18 22:32:13,False,string,38.05,0.014851485148514865,263.1333333333333
MAH-05-15124,36966611,Match corners,Corners durante el partido,9 or more,3,3,Norway - Senegal,EUR,1.78,1.78,2026-06-22 20:55:45,2026-06-22 20:56:02,False,string,0.33,-0.016574585635359185,0.2833333333333333
2629733,33890299,1-X-2 / 2 goals Up,1-X-2 / Ventaja 2 goles,1,3,3,Belgium - Egypt,EUR,1.63,1.57,2026-06-13 14:55:12,2026-06-15 13:43:32,False,numeric,5.31,0.0529801324503311,2808.3333333333335
1422869,36966612,Match corners,Corners durante el partido,9 or more,3,3,France - Iraq,EUR,1.59,1.68,2026-06-19 14:13:09,2026-06-20 22:04:21,False,numeric,0.71,0.024844720496894384,1911.2
MAH-01-51282,36966591,Anytime goalscorer (Star Substitute),Goleador durante el partido (Suplente Estrella),Oyarzabal,3,3,Spain - Saudi Arabia,EUR,1.51,1.55,2026-06-21 11:30:23,2026-06-21 15:48:19,False,string,0.65,0.015555555555555545,257.93333333333334
MAH-19-93002,36966609,Home-side combo (bet builder),Argentina,Argentina win y A goal in both halves,3,3,Argentina - Austria,EUR,2.22,2.39,2026-06-21 08:08:47,2026-06-22 16:51:08,False,string,0.8400000000000001,0.0540123456790124,1962.35
1884779,36966591,Home-side combo (bet builder),España,Spain win y A goal in both halves,3,3,Spain - Saudi Arabia,EUR,1.51,1.51,2026-06-20 07:13:20,2026-06-21 09:00:49,False,numeric,1.17,0.0,1547.4833333333333
MAH-01-13483,36966611,Team corners,Corners equipo,Norway 6 or more,3,3,Norway - Senegal,EUR,2.37,2.37,2026-06-21 11:57:57,2026-06-22 16:13:31,False,string,1.5,0.008510638297872353,1695.5666666666666
MAH-01-17004,36966591,Match corners,Corners durante el partido,10 or more,3,3,Spain - Saudi Arabia,EUR,1.73,1.73,2026-06-19 18:13:27,2026-06-19 18:14:17,False,string,0.21000000000000002,0.054878048780487854,0.8333333333333334
MAH-03-27776,36966591,Match corners,Corners durante el partido,10 or more,3,3,Spain - Saudi Arabia,EUR,1.69,1.69,2026-06-19 19:03:06,2026-06-19 19:04:43,False,string,3.0,0.030487804878048808,1.6166666666666667
2306331,36966590,Home-side combo (bet builder),Uruguay,"Uruguay win, Federico Viñas to score y Valverde to score",3,5,Uruguay - Cape Verde,EUR,8.84,8.84,2026-06-21 20:40:33,2026-06-21 20:42:18,True,numeric,0.48,0.0,1.75
MAH-19-00402,36966590,Home-side combo (bet builder),Uruguay,Uruguay win y Valverde 4 or more shots,3,3,Uruguay - Cape Verde,EUR,4.16,4.15,2026-06-21 17:21:20,2026-06-21 17:23:39,False,string,5.84,0.00120481927710836,2.316666666666667
MAH-25-00008,36966590,Shots on target (Star Substitute),Remates a puerta Valverde (Suplente Estrella),2 or more,3,3,Uruguay - Cape Verde,EUR,2.95,2.9,2026-06-20 19:00:38,2026-06-21 13:35:55,False,string,0.8200000000000001,0.09238451935081149,1115.2833333333333
MAH-19-93002,36966593,Home-side combo (bet builder),Bélgica,Belgium win y A goal in both halves,3,3,Belgium - Iran,EUR,2.1,2.12,2026-06-21 08:08:47,2026-06-21 18:13:21,False,string,0.65,0.026016260162601723,604.5666666666667
MAH-01-00370,36966593,Home-side combo (bet builder),Bélgica,Belgium to win 1st half y Belgium to win 2nd half,3,5,Belgium - Iran,EUR,3.77,3.77,2026-06-20 11:02:08,2026-06-20 11:10:11,False,string,1.5,0.07714285714285718,8.05
MAH-01-04897,36966550,Match corners,Corners durante el partido,9 or more,3,3,Ecuador - Curaçao,EUR,1.69,1.69,2026-06-20 18:53:38,2026-06-20 18:54:15,False,string,0.75,-0.04519774011299438,0.6166666666666667
1382013,37317934,Match corners,Corners durante el partido,8 or more,3,3,France - Iraq,EUR,2.37,2.37,2026-06-22 21:53:24,2026-06-22 22:00:47,False,numeric,0.4,,7.383333333333334
822138,36966528,Match corners,Corners durante el partido,10 or more,3,3,Tunisia - Japan,EUR,2.28,2.28,2026-06-21 03:54:51,2026-06-21 03:55:03,False,numeric,300.0,0.0,0.2
MAH-04-07750,36966591,Shots on target (Star Substitute),Remates a puerta Oyarzabal (Suplente Estrella),3 or more,3,3,Spain - Saudi Arabia,EUR,2.81,2.81,2026-06-21 15:50:55,2026-06-21 15:57:47,False,string,50.0,-0.0035460992907800915,6.866666666666666
2214574,37296145,To be booked (only players and in play)(Star Substitute),Recibir tarjeta amarilla (sólo jugadores y en juego) (Suplente Estrella),Arda Güler,3,3,Turkey - Paraguay,EUR,10.05,5.4,2026-06-20 03:13:29,2026-06-20 04:48:47,False,numeric,65.0,,95.3
1959213,36966612,Shots on target (Star Substitute),Remates a puerta Mbappe (Suplente Estrella),2 or more,3,3,France - Iraq,EUR,1.27,1.27,2026-06-22 04:33:38,2026-06-22 16:56:20,False,numeric,4.17,-0.0078125,742.7
MAH-01-05194,36966592,Anytime goalscorer (Star Substitute),Goleador durante el partido (Suplente Estrella),Omar Marmoush,3,3,New Zealand - Egypt,EUR,2.49,2.49,2026-06-21 16:33:26,2026-06-21 18:22:07,False,string,7.5,-0.06616729088639195,108.68333333333334
MAH-19-20001,36966486,To score 2 or more goals (Star Substitute),Marcar 2 goles o más (Suplente Estrella),Ismael Saibari,3,3,Scotland - Morocco,EUR,13.0,13.0,2026-06-19 18:52:45,2026-06-19 18:55:26,False,string,11.67,0.0,2.683333333333333
MAH-11-14002,36966549,Team corners,Corners equipo,Sweden 6 or more,3,3,Netherlands - Sweden,EUR,4.2,4.2,2026-06-20 16:30:40,2026-06-20 16:40:56,False,string,0.78,-0.004739336492890933,10.266666666666667
MAH-01-00260,36966549,Team corners,Corners equipo,Sweden 4 or more,3,3,Netherlands - Sweden,EUR,1.8,1.8,2026-06-20 12:06:16,2026-06-20 12:06:47,False,string,0.51,0.05882352941176472,0.5166666666666667
979187,36966550,Team corners,Corners equipo,Ecuador 6 or more,3,3,Ecuador - Curaçao,EUR,1.45,1.45,2026-06-20 22:29:15,2026-06-20 22:30:54,False,numeric,2.2,0.00694444444444442,1.65
865411,36966638,Team corners,Corners equipo,England 9 or more,3,12,England - Ghana,EUR,3.38,3.38,2026-06-23 13:54:05,2026-06-23 13:55:45,False,numeric,0.09,0.0,1.6666666666666667
MAH-01-01277,36966609,To score 2 or more goals (Star Substitute),Marcar 2 goles o más (Suplente Estrella),Lionel Messi,3,3,Argentina - Austria,EUR,5.8,5.8,2026-06-22 09:18:26,2026-06-22 09:22:30,False,string,3.0,-0.07200000000000006,4.066666666666666
MAH-19-00402,36966593,Home-side combo (bet builder),Bélgica,Kevin De Bruyne 2 or more shots on target y Lukaku 2 or more shots on target,3,3,Belgium - Iran,EUR,4.8,4.8,2026-06-21 17:21:20,2026-06-21 17:23:39,False,string,5.84,0.0,2.316666666666667
2394268,36966611,Match corners,Corners durante el partido,11 or more,3,3,Norway - Senegal,EUR,2.76,2.76,2026-06-22 19:04:46,2026-06-22 19:08:59,False,numeric,0.23,0.0,4.216666666666667
MAH-05-13001,36966550,Home-side combo (bet builder),Ecuador,Ecuador win y Enner Valencia to score,3,3,Ecuador - Curaçao,EUR,1.85,1.85,2026-06-20 11:06:03,2026-06-20 11:06:21,False,string,0.39,-0.02631578947368407,0.3
MAH-01-00568,36966528,Match corners,Corners durante el partido,8 or more,3,3,Tunisia - Japan,EUR,1.61,1.61,2026-06-20 23:32:30,2026-06-20 23:33:10,False,string,2.35,0.02547770700636942,0.6666666666666666
MAH-04-08088,36966638,Team corners,Corners equipo,England 6 or more,3,3,England - Ghana,EUR,1.58,1.58,2026-06-23 15:20:07,2026-06-23 15:20:48,False,string,25.0,0.025974025974025983,0.6833333333333333
MAH-15-02001,37341538,Team corners,Corners equipo,CRB Al 5 or more,3,3,CRB Al - Fortaleza CE,EUR,1.5,1.5,2026-06-21 17:19:02,2026-06-21 17:43:36,False,string,14.33,0.0,24.566666666666666
MAH-03-02541,36966590,Match corners,Corners durante el partido,10 or more,3,3,Uruguay - Cape Verde,EUR,2.06,2.06,2026-06-21 20:52:58,2026-06-21 20:53:31,False,string,25.0,0.024875621890547484,0.55
MAH-03-03208,36966611,Match corners,Corners durante el partido,8 or more,3,3,Norway - Senegal,EUR,1.49,1.49,2026-06-22 18:47:31,2026-06-22 18:48:11,False,string,12.5,-0.032467532467532534,0.6666666666666666
MAH-01-01350,36966485,1-X-2 / 2 goals Up,1-X-2 / Ventaja 2 goles,1,3,3,Brazil - Haiti,EUR,1.1,1.09,2026-06-18 17:45:42,2026-06-19 16:37:15,False,string,1.95,0.0061162079510703,1371.55
MAH-01-13483,36966610,Team corners,Corners equipo,Algeria 6 or more,3,3,Jordan - Algeria,EUR,2.22,2.16,2026-06-21 11:57:57,2026-06-22 16:13:31,False,string,1.5,0.03286384976525839,1695.5666666666666
MAH-01-01561,36966612,Match corners,Corners durante el partido,9 or more,3,3,France - Iraq,EUR,1.6,1.6,2026-06-22 16:31:43,2026-06-22 20:19:59,False,string,1.25,0.008281573498964745,228.26666666666668
MAH-01-05214,36966609,Match corners,Corners durante el partido,9 or more,3,3,Argentina - Austria,EUR,2.06,2.06,2026-06-22 13:18:57,2026-06-22 13:19:24,False,string,300.0,0.0,0.45
MAH-03-03208,36966553,Match corners,Corners durante el partido,9 or more,3,3,Germany - Ivory Coast,EUR,1.64,1.64,2026-06-20 10:21:19,2026-06-20 10:22:08,False,string,9.99,0.08609271523178808,0.8166666666666667
2306331,36966609,Home-side combo (bet builder),Argentina,"Argentina win, Over 2.5 goals y Over 8.5 corners",3,5,Argentina - Austria,EUR,5.06,5.07,2026-06-21 20:40:33,2026-06-21 20:42:18,True,numeric,0.48,0.03095723014256615,1.75
MAH-05-15033,36966612,Match penalty missed,Penalti fallado durante el partido,Yes,3,3,France - Iraq,EUR,8.3,8.3,2026-06-22 17:18:22,2026-06-22 20:58:30,False,string,15.5,-0.011904761904761862,220.13333333333333
1802376,33890210,Team Fouls,Faltas Equipo,Jordan 11 or more,3,3,Austria - Jordan,EUR,1.22,1.22,2026-06-16 17:36:18,2026-06-16 17:36:59,False,numeric,300.0,0.0,0.6833333333333333
MAH-11-14006,33890290,Team corners,Corners equipo,Haiti 4 or more,3,3,Haiti - Scotland,EUR,1.9,1.9,2026-06-10 19:30:00,2026-06-10 19:49:47,False,string,0.17,0.11764705882352944,19.783333333333335
MAH-08-50001,36966610,Match shots on target,Remates a puerta durante el partido,10 or more,3,3,Jordan - Algeria,EUR,2.04,2.04,2026-06-22 16:46:26,2026-06-22 16:47:27,False,string,7.5,-0.019230769230769273,1.0166666666666666
MAH-01-05266,36966638,Match,Partido,Both teams to score y More than 4 total corners each team,3,3,England - Ghana,EUR,14.29,14.37,2026-06-23 19:33:19,2026-06-23 19:36:43,False,string,5.0,-0.002783576896311757,3.4
MAH-04-08189,36966591,Match shots on target,Remates a puerta durante el partido,12 or more,3,3,Spain - Saudi Arabia,EUR,1.86,1.86,2026-06-21 14:14:35,2026-06-21 14:15:57,False,string,3.09,0.12048192771084354,1.3666666666666667
MAH-19-39001,33890211,1-X-2 / 2 goals Up,1-X-2 / Ventaja 2 goles,1,3,3,Argentina - Algeria,EUR,1.44,1.44,2026-06-16 14:14:30,2026-06-16 19:51:29,False,string,12.67,-0.052631578947368474,336.98333333333335
MAH-01-01350,36024491,1-X-2 / 2 goals Up,1-X-2 / Ventaja 2 goles,1,3,3,Canada - Bosnia And Herzegovina,EUR,1.81,1.81,2026-06-12 16:47:03,2026-06-12 17:37:25,False,string,8.75,0.04022988505747138,50.36666666666667
2624219,36966640,Team Shots,Remates equipo,Portugal 18 or more,3,3,Portugal - Uzbekistan,PEN,2.33,2.33,2026-06-20 05:43:23,2026-06-20 05:43:36,False,numeric,1650.0,0.3869047619047621,0.21666666666666667
1682945,37312355,Home-side combo (bet builder),Almería,Almeria win y Sergio Arribas to score,3,3,Almeria - Malaga,EUR,4.24,4.15,2026-06-19 17:01:20,2026-06-20 17:12:57,False,numeric,0.45000000000000007,0.01294498381877022,1451.6166666666666
MAH-01-01541,36024492,1-X-2 / 2 goals Up,1-X-2 / Ventaja 2 goles,2,3,3,Australia - Turkey,EUR,1.69,1.69,2026-06-13 15:25:46,2026-06-13 20:07:05,False,string,2.1,0.005952380952380931,281.31666666666666
MAH-03-03712,36966485,Match shots on target,Remates a puerta durante el partido,13 or more,3,3,Brazil - Haiti,EUR,2.59,2.59,2026-06-19 18:52:20,2026-06-19 18:55:50,False,string,0.8699999999999999,0.0,3.5
MAH-03-03712,36966553,Match shots on target,Remates a puerta durante el partido,12 or more,3,3,Germany - Ivory Coast,EUR,3.12,3.12,2026-06-19 18:52:20,2026-06-19 18:55:50,False,string,0.8699999999999999,-0.025000000000000022,3.5
MAH-03-03712,36971426,Match shots on target,Remates a puerta durante el partido,11 or more,3,3,Turkey - Paraguay,EUR,3.22,3.22,2026-06-19 18:52:20,2026-06-19 18:55:50,False,string,0.8699999999999999,0.14184397163120588,3.5
MAH-06-24001,36966592,Team Shots,Remates equipo,New Zealand 8 or more,3,3,New Zealand - Egypt,EUR,1.53,1.53,2026-06-20 13:57:29,2026-06-20 13:57:59,False,string,40.0,0.02684563758389258,0.5
576063,33890416,Team corners,Corners equipo,Senegal 4 or more,3,3,France - Senegal,EUR,2.32,2.12,2026-06-16 09:53:41,2026-06-16 18:25:40,False,numeric,4.58,0.030030030030029947,511.98333333333335
MAH-07-01004,37311633,Match corners,Corners durante el partido,9 or more,3,3,Belgium - Iran,EUR,2.14,2.18,2026-06-21 20:12:37,2026-06-21 20:13:32,False,string,1170.0,,0.9166666666666666
MAH-19-39001,36024520,1-X-2 / 2 goals Up,1-X-2 / Ventaja 2 goles,1,3,3,Portugal - Democratic Republic of the Congo,EUR,1.26,1.27,2026-06-16 14:14:30,2026-06-17 12:53:56,False,string,5.17,0.0052910052910052725,1359.4333333333334
MAH-01-05194,33890312,Anytime goalscorer (Star Substitute),Goleador durante el partido (Suplente Estrella),Darwin Nunez,3,3,Saudi Arabia - Uruguay,EUR,2.07,2.09,2026-06-15 16:38:14,2026-06-15 18:40:08,False,string,3.83,-0.03993855606758837,121.9
2476029,36966609,To score or assist (Star Substitute),Marcar gol o asistir (Suplente Estrella),Lionel Messi,3,3,Argentina - Austria,PEN,1.53,1.53,2026-06-22 13:28:52,2026-06-22 15:25:04,False,numeric,15.0,0.0,116.2
MAH-01-05191,33890312,Fouls Won (Star Substitute),Faltas recibidas Darwin Nunez(Suplente Estrella),2 or more,3,3,Saudi Arabia - Uruguay,EUR,3.4,3.45,2026-06-15 20:52:25,2026-06-15 21:07:59,False,string,115.0,-0.018199233716475065,15.566666666666666
2600202,36966640,Team Shots,Remates equipo,Portugal 18 or more,3,3,Portugal - Uzbekistan,PEN,2.33,2.33,2026-06-20 05:43:25,2026-06-20 05:43:34,False,numeric,1500.0,0.3869047619047621,0.15
MAH-08-41002,36966612,Match,Partido,"Over 2.5 goals, Michael Olise 4 or more shots y Barcola 4 or more shots",3,3,France - Iraq,EUR,3.45,3.36,2026-06-22 10:00:02,2026-06-22 19:52:01,False,string,2.37,-0.020289855072463836,591.9833333333333
MAH-18-01003,36966592,Team Shots,Remates equipo,New Zealand 8 or more,3,3,New Zealand - Egypt,EUR,1.49,1.49,2026-06-20 14:39:48,2026-06-20 14:40:35,False,string,30.0,0.0,0.7833333333333333
2386337,36966473,1-X-2 / 2 goals Up,1-X-2 / Ventaja 2 goles,1,3,3,Switzerland - Bosnia And Herzegovina,EUR,1.57,1.55,2026-06-18 13:11:11,2026-06-18 15:20:28,False,numeric,8.33,0.02178649237472774,129.28333333333333
1861050,36966638,To score or assist (Star Substitute),Marcar gol o asistir (Suplente Estrella),Harry Kane,3,3,England - Ghana,EUR,1.41,1.41,2026-06-23 10:45:45,2026-06-23 11:07:45,False,numeric,1.23,0.09302325581395343,22.0
1551914,36966553,1-X-2 / 2 goals Up,1-X-2 / Ventaja 2 goles,1,3,3,Germany - Ivory Coast,EUR,1.53,1.53,2026-06-19 15:56:31,2026-06-20 10:20:57,False,numeric,57.07,0.11192214111922127,1104.4333333333334
MAH-18-01003,36966590,Team shots on target,Remates a puerta equipo,Uruguay 4 or more,3,3,Uruguay - Cape Verde,EUR,1.16,1.16,2026-06-20 14:39:48,2026-06-20 14:40:35,False,string,30.0,-0.008547008547008517,0.7833333333333333
2210424,36966592,To score or assist (Star Substitute),Marcar gol o asistir (Suplente Estrella),Mohamed Salah,3,3,New Zealand - Egypt,EUR,1.69,1.7,2026-06-21 21:14:07,2026-06-21 21:17:31,False,numeric,3.75,-0.02490421455938696,3.4
MAH-05-15066,36966638,Team shots on target,Remates a puerta equipo,Ghana 3 or more,3,3,England - Ghana,EUR,2.16,2.16,2026-06-21 18:58:12,2026-06-22 17:21:27,False,string,0.97,-0.02262443438914019,1343.25
430846,36966472,Match corners,Corners durante el partido,10 or more,3,3,Canada - Qatar,EUR,1.71,1.71,2026-06-18 11:27:44,2026-06-18 11:52:43,False,numeric,300.0,0.13245033112582782,24.983333333333334
MAH-08-50001,36966611,Match shots on target,Remates a puerta durante el partido,11 or more,3,3,Norway - Senegal,EUR,2.62,2.62,2026-06-22 16:46:26,2026-06-22 16:47:27,False,string,7.5,0.0,1.0166666666666666
MAH-03-27622,36966591,Match,Partido,Over 2.5 goals y Over 7.5 corners,3,3,Spain - Saudi Arabia,EUR,1.41,1.41,2026-06-21 08:35:09,2026-06-21 12:37:48,False,string,4.5,-0.025641025641025588,242.65
2388067,36966466,Team corners,Corners equipo,South Korea 3 or more,3,3,Mexico - South Korea,EUR,1.41,1.46,2026-06-15 14:43:18,2026-06-18 14:48:41,False,numeric,0.15000000000000002,-0.10416666666666674,4325.383333333333
MAH-04-07673,36966591,Match,Partido,Over 2.5 goals y Over 7.5 corners,3,3,Spain - Saudi Arabia,EUR,1.55,1.55,2026-06-20 21:01:52,2026-06-20 21:04:06,False,string,0.32,0.08391608391608396,2.2333333333333334
MAH-03-24282,36966609,Anytime goalscorer (Star Substitute),Goleador durante el partido (Suplente Estrella),Lionel Messi,3,3,Argentina - Austria,EUR,1.91,1.91,2026-06-21 13:26:36,2026-06-21 13:28:54,False,string,0.74,0.0,2.3
2369503,36966640,Anytime goalscorer (Star Substitute),Goleador durante el partido (Suplente Estrella),Cristiano Ronaldo,3,3,Portugal - Uzbekistan,EUR,1.45,1.47,2026-06-22 10:11:45,2026-06-23 01:51:15,False,numeric,136.25,0.011574074074074034,939.5
MAH-01-55368,36966612,1st half: Shots on target,Mbappe,2 or more,3,3,France - Iraq,EUR,2.37,2.37,2026-06-22 14:49:51,2026-06-22 14:50:09,False,string,300.0,-0.004201680672268782,0.3
MAH-03-02926,36966638,1st half: Shots on target,Harry Kane,3 or more,3,3,England - Ghana,EUR,8.7,8.7,2026-06-23 19:50:11,2026-06-23 19:50:40,False,string,50.0,0.0,0.48333333333333334
MAH-19-95001,36966609,Anytime goalscorer (Star Substitute),Goleador durante el partido (Suplente Estrella),Lionel Messi,3,3,Argentina - Austria,EUR,2.01,2.0,2026-06-20 18:54:25,2026-06-21 15:35:58,False,string,4.78,0.05061082024432806,1241.55
2314105,36966612,1st half: Shots on target,Mbappe,3 or more,3,5,France - Iraq,EUR,5.7,5.7,2026-06-21 15:04:35,2026-06-21 15:05:56,True,numeric,0.8500000000000001,0.05555555555555558,1.35
MAH-02-01977,36966640,Player to score in fisrt ten minutes (from 0:00 to 9:59),Jugador en meter gol en los 10 primeros minutos (del 0:00 al 9:59),João Félix,3,3,Portugal - Uzbekistan,EUR,11.05,11.05,2026-06-23 16:50:38,2026-06-23 16:52:26,False,string,11.25,-0.0045045045045044585,1.8
MAH-05-15001,37342959,Match,Partido,Over 1.5 half time goals y Over 1.5 second half goals,3,3,B. Kopavogur - KA Akureyri,EUR,2.53,2.53,2026-06-21 08:09:11,2026-06-21 08:21:16,False,string,3.09,0.0,12.083333333333334
720367,36966591,Anytime goalscorer (Star Substitute),Goleador durante el partido (Suplente Estrella),Oyarzabal,3,3,Spain - Saudi Arabia,EUR,1.56,1.56,2026-06-21 15:46:35,2026-06-21 15:46:51,False,numeric,5.0,0.040000000000000036,0.26666666666666666
MAH-03-24282,36966592,Anytime goalscorer (Star Substitute),Goleador durante el partido (Suplente Estrella),Mohamed Salah,3,3,New Zealand - Egypt,EUR,2.09,2.09,2026-06-21 13:26:36,2026-06-21 13:28:54,False,string,0.74,-0.10300429184549365,2.3
430446,36966612,Anytime goalscorer (Star Substitute),Goleador durante el partido (Suplente Estrella),Mbappe,3,3,France - Iraq,EUR,1.46,1.46,2026-06-22 16:25:09,2026-06-22 19:25:58,False,numeric,22.5,0.0,180.81666666666666
MAH-03-03008,36966609,Player to score in fisrt ten minutes (from 0:00 to 9:59),Jugador en meter gol en los 10 primeros minutos (del 0:00 al 9:59),Lionel Messi,3,3,Argentina - Austria,EUR,11.7,11.7,2026-06-22 14:51:33,2026-06-22 14:52:22,False,string,26.83,-0.025000000000000022,0.8166666666666667
MAH-11-04004,37342954,Match,Partido,Under 0.5 half time goals y Both teams to score in second half,3,3,Deportivo Madryn - CA Los Andes,EUR,11.29,11.29,2026-06-21 13:56:22,2026-06-21 14:02:47,False,string,0.54,0.0,6.416666666666667
MAH-03-27834,33890416,Match,Partido,Over 7.5 corners y Mbappe to score,3,3,France - Senegal,EUR,2.59,2.59,2026-06-13 08:22:39,2026-06-14 09:04:06,False,string,0.31000000000000005,0.11304347826086958,1481.45
2446212,36966528,Match penalty scored,Gol de penalti durante el partido,Yes,3,3,Tunisia - Japan,EUR,2.95,3.0,2026-06-20 12:25:23,2026-06-20 22:32:56,False,numeric,8.0,-0.2447257383966245,607.55
MAH-04-07936,36966593,Assists (Star Substitute),Asistencias Trossard (Suplente Estrella),1 or more,3,6,Belgium - Iran,EUR,3.92,3.92,2026-06-21 11:38:27,2026-06-21 11:55:12,True,string,1.78,0.02887139107611536,16.75
MAH-03-02890,36966609,Shots (Star Substitute),Remates Lionel Messi (Suplente Estrella),5 or more,3,3,Argentina - Austria,EUR,2.34,2.34,2026-06-22 16:23:58,2026-06-22 16:24:26,False,string,50.0,-0.03305785123966942,0.4666666666666667
2340659,36966590,Match penalty scored,Gol de penalti durante el partido,Yes,3,3,Uruguay - Cape Verde,EUR,4.14,4.14,2026-06-21 21:01:24,2026-06-21 21:51:47,False,numeric,37.0,0.009756097560975618,50.38333333333333
MAH-08-50001,36966609,Match shots on target,Remates a puerta durante el partido,11 or more,3,3,Argentina - Austria,EUR,2.52,2.52,2026-06-22 16:46:26,2026-06-22 16:47:27,False,string,7.5,-0.01945525291828787,1.0166666666666666
MAH-01-13372,37341538,Match,Partido,Both teams to score y Mikael Filipe to score,3,3,CRB Al - Fortaleza CE,EUR,3.66,3.7,2026-06-21 09:55:34,2026-06-21 15:42:43,False,string,4.14,-0.005405405405405406,347.15
MAH-01-05283,36966611,Shots on target (Star Substitute),Remates a puerta Haaland (Suplente Estrella),2 or more,3,3,Norway - Senegal,EUR,1.63,1.63,2026-06-22 20:09:43,2026-06-22 20:20:57,False,string,3.67,0.0,11.233333333333333
MAH-03-27651,36024520,Right foot shots on target (Star Substitute),Remates a puerta con la pierna derecha Cristiano Ronaldo (Suplente Estrella),2 or more,3,3,Portugal - Democratic Republic of the Congo,EUR,2.78,2.78,2026-06-17 16:23:47,2026-06-17 16:25:30,False,string,39.0,0.0,1.7166666666666666
MAH-03-24271,36966553,1-X-2 / 2 goals Up,1-X-2 / Ventaja 2 goles,1,3,3,Germany - Ivory Coast,EUR,1.35,1.46,2026-06-20 08:51:10,2026-06-20 19:45:50,False,string,3.36,0.04379562043795615,654.6666666666666
MAH-02-02144,33890444,Anytime goalscorer (Star Substitute),Goleador durante el partido (Suplente Estrella),Harry Kane,3,3,England - Croatia,EUR,2.19,2.18,2026-06-17 17:10:13,2026-06-17 19:53:22,False,string,4.83,0.06435643564356441,163.15
2234678,33890220,1-X-2 / 2 goals Up,1-X-2 / Ventaja 2 goles,2,3,3,Uzbekistan - Colombia,PEN,1.37,1.37,2026-06-16 23:11:36,2026-06-17 00:34:39,False,numeric,0.30000000000000004,0.0620155038759691,83.05
MAH-19-28002,36966609,Match,Partido,Over 7.5 corners y Lionel Messi to score,3,3,Argentina - Austria,EUR,3.21,3.21,2026-06-22 11:34:40,2026-06-22 11:57:13,False,string,0.8300000000000001,-0.0092592592592593,22.55
MAH-19-45005,36966553,1-X-2 / 2 goals Up,1-X-2 / Ventaja 2 goles,1,3,3,Germany - Ivory Coast,EUR,1.5,1.5,2026-06-20 13:21:28,2026-06-20 13:22:06,False,string,325.0,0.0948905109489051,0.6333333333333333
2214574,37301355,To be carded (only players and in play)(Star Substitute),Recibir tarjeta (sólo jugadores y en juego) (Suplente Estrella),Adrian Nino,3,3,Ud Almería - Málaga,EUR,8.15,8.05,2026-06-20 20:46:50,2026-06-20 20:57:29,False,numeric,75.0,,10.65
MAH-19-24001,36024520,1-X-2 / 2 goals Up,1-X-2 / Ventaja 2 goles,1,3,3,Portugal - Democratic Republic of the Congo,EUR,1.27,1.25,2026-06-17 16:49:46,2026-06-17 16:58:33,False,string,48.33,-0.005291005291005309,8.783333333333333
1432058,36966486,Team corners,Corners equipo,Scotland 3 or more,3,3,Scotland - Morocco,EUR,1.5,1.5,2026-06-19 21:56:10,2026-06-19 21:56:34,False,numeric,9.99,0.0,0.4
MAH-25-02002,36966611,Match goal kicks,Saques de puerta durante el partido,13 or more,3,3,Norway - Senegal,EUR,1.52,1.52,2026-06-22 16:14:03,2026-06-22 16:14:20,False,string,40.0,0.0,0.2833333333333333
2355045,36966640,Match penalty scored,Gol de penalti durante el partido,Yes,3,3,Portugal - Uzbekistan,EUR,3.1,3.1,2026-06-23 15:02:21,2026-06-23 15:07:01,False,numeric,225.0,-0.02208201892744477,4.666666666666667
1794222,33890220,Match,Partido,A goal in both halves y More than 4 corners in each half,3,3,Uzbekistan - Colombia,PEN,4.41,4.47,2026-06-17 19:38:39,2026-06-18 01:05:37,False,numeric,66.67,0.0113378684807256,326.96666666666664
MAH-01-04839,36966609,Anytime goalscorer (Star Substitute),Goleador durante el partido (Suplente Estrella),Lionel Messi,3,3,Argentina - Austria,EUR,1.94,1.94,2026-06-22 09:08:10,2026-06-22 09:13:53,False,string,9.17,0.015706806282722585,5.716666666666667
2295552,36966472,Team corners,Corners equipo,Canada 8 or more,3,3,Canada - Qatar,EUR,1.81,1.71,2026-06-17 19:14:56,2026-06-18 18:46:06,False,numeric,0.32,0.15452538631346582,1411.1666666666667
MAH-03-24164,36966591,Match penalty missed,Penalti fallado durante el partido,Yes,3,3,Spain - Saudi Arabia,EUR,9.55,9.55,2026-06-21 09:11:01,2026-06-21 09:17:32,False,string,2.5,0.1506024096385543,6.516666666666667
MAH-07-02001,37310664,Anytime goalscorer (Star Substitute),Goleador durante el partido (Suplente Estrella),Dani Olmo,3,3,Spain - Saudi Arabia,EUR,2.14,2.14,2026-06-21 16:19:56,2026-06-21 16:30:08,False,string,45.0,,10.2
1503238,36024493,1-X-2 / 2 goals Up,1-X-2 / Ventaja 2 goles,1,3,3,Sweden - Tunisia,EUR,1.94,1.91,2026-06-14 19:09:50,2026-06-14 23:48:04,False,numeric,10.18,0.037634408602150504,278.23333333333335
MAH-03-02851,36966640,Match penalty missed,Penalti fallado durante el partido,Yes,3,3,Portugal - Uzbekistan,EUR,8.7,8.7,2026-06-22 17:58:59,2026-06-23 16:00:51,True,string,7.75,0.01685393258426952,1321.8666666666666
MAH-03-02926,36966638,Anytime goalscorer (Star Substitute),Goleador durante el partido (Suplente Estrella),Harry Kane,3,3,England - Ghana,EUR,1.58,1.58,2026-06-21 14:14:06,2026-06-21 14:17:29,False,string,12.0,0.104895104895105,3.3833333333333333
MAH-19-44001,36966486,1-X-2 / 2 goals Up,1-X-2 / Ventaja 2 goles,2,3,3,Scotland - Morocco,EUR,1.72,1.66,2026-06-18 13:38:51,2026-06-19 13:35:57,False,string,1.1,0.04294478527607374,1437.1
MAH-03-02851,36966638,Match penalty missed,Penalti fallado durante el partido,Yes,3,3,England - Ghana,EUR,10.75,9.55,2026-06-22 17:58:59,2026-06-23 16:00:51,True,string,7.75,-0.01485148514851479,1321.8666666666666
2206808,36966609,Match tackles,Entradas ganadas (tackles) durante el partido,31 or more,3,3,Argentina - Austria,PEN,1.61,1.61,2026-06-22 14:35:00,2026-06-22 15:05:51,False,numeric,206.0,0.0,30.85
MAH-01-51281,36966473,Player to score in 1st half,Jugador en meter gol en el 1º tiempo,Ermedin Demirovic,3,3,Switzerland - Bosnia And Herzegovina,EUR,10.0,10.0,2026-06-18 18:01:22,2026-06-18 18:22:12,False,string,1.83,0.0,20.833333333333332
MAH-03-27811,36966612,Anytime goalscorer (Star Substitute),Goleador durante el partido (Suplente Estrella),Mbappe,3,3,France - Iraq,EUR,1.37,1.37,2026-06-19 11:12:56,2026-06-19 11:13:17,False,string,0.8500000000000001,-0.06164383561643827,0.35
2338298,33890290,1-X-2 / 2 goals Up,1-X-2 / Ventaja 2 goles,2,3,3,Haiti - Scotland,PEN,1.54,1.55,2026-06-13 21:59:36,2026-06-14 00:50:16,False,numeric,17.56,-0.02123142250530785,170.66666666666666
2600202,33890290,Team Shots,Remates equipo,Scotland 17 or more,3,3,Haiti - Scotland,PEN,3.42,3.42,2026-06-10 13:16:58,2026-06-10 13:17:16,False,numeric,900.0,0.5,0.3
MAH-03-24543,36966612,Anytime goalscorer (Star Substitute),Goleador durante el partido (Suplente Estrella),Mbappe,3,3,France - Iraq,EUR,1.41,1.41,2026-06-22 14:46:07,2026-06-22 14:48:54,False,string,0.63,-0.03424657534246578,2.783333333333333
1260975,36966593,2nd half: Corners,2º tiempo: Corners,4 or more,3,3,Belgium - Iran,EUR,1.58,1.58,2026-06-21 11:57:27,2026-06-21 15:17:34,False,numeric,1.5,0.06040268456375841,200.11666666666667
2139266,36966480,1-X-2 / 2 goals Up,1-X-2 / Ventaja 2 goles,1,3,3,Usa - Australia,EUR,1.6,1.61,2026-06-18 03:46:25,2026-06-19 00:43:55,False,numeric,17.490000000000002,0.047930283224400926,1257.5
MAH-03-02716,36966609,Anytime goalscorer (Star Substitute),Goleador durante el partido (Suplente Estrella),Lionel Messi,3,3,Argentina - Austria,EUR,1.94,1.94,2026-06-22 14:12:55,2026-06-22 14:19:21,False,string,35.0,0.015706806282722585,6.433333333333334
MAH-03-24286,36966466,Team corners,Corners equipo,Mexico 4 or more,3,3,Mexico - South Korea,EUR,1.35,1.35,2026-06-18 18:25:30,2026-06-18 18:25:56,False,string,0.33,0.0,0.43333333333333335
2186169,37185827,Team exact bookings (only players and in play),Número de tarjetas equipo (solo jugadores y en juego),Ponte Preta 2 or more,3,3,Ponte Preta - Cuiaba Esporte Clube MT,,1.22,1.22,2026-06-09 16:13:10,2026-06-09 16:13:31,False,numeric,13.149999999999999,0.0,0.35
2172794,37305535,Team corners,Corners equipo,Curaçao 1 or more,3,3,Ecuador - Curaçao,EUR,2.01,2.03,2026-06-21 01:25:35,2026-06-21 01:26:32,False,numeric,60.0,,0.95
MAH-19-56002,36966593,Team corners,Corners equipo,Iran 4 or more,3,3,Belgium - Iran,EUR,2.21,2.21,2026-06-21 10:11:42,2026-06-21 10:12:12,False,string,1.2000000000000002,-0.08677685950413216,0.5
MAH-01-04883,36966591,Anytime goalscorer (Star Substitute),Goleador durante el partido (Suplente Estrella),Oyarzabal,3,3,Spain - Saudi Arabia,EUR,1.54,1.54,2026-06-21 14:03:16,2026-06-21 14:03:41,False,string,3.0,0.026666666666666616,0.4166666666666667
1260975,36966591,2nd half: Corners,2º tiempo: Corners,4 or more,3,3,Spain - Saudi Arabia,EUR,1.44,1.39,2026-06-21 11:57:27,2026-06-21 15:17:34,False,numeric,1.5,0.03597122302158273,200.11666666666667
2295552,37237611,Team corners,Corners equipo,Castellón 5 or more,3,3,Almeria - Castellón,EUR,1.61,1.71,2026-06-08 18:29:37,2026-06-09 18:58:12,False,numeric,0.89,-0.011695906432748426,1468.5833333333333
MAH-06-01001,36024518,Away-side combo (bet builder),Noruega,"Norway win, Over 2.5 goals y Haaland to score",3,3,Iraq - Norway,EUR,2.0,2.0,2026-06-16 12:50:15,2026-06-16 12:51:50,False,string,20.0,0.015228426395939021,1.5833333333333333
MAH-02-01782,36966550,Team corners,Corners equipo,Curaçao 3 or more,3,3,Ecuador - Curaçao,EUR,2.31,2.31,2026-06-20 23:17:09,2026-06-20 23:21:04,False,string,42.0,0.0,3.9166666666666665
MAH-04-07419,36966609,Anytime goalscorer (Star Substitute),Goleador durante el partido (Suplente Estrella),Lionel Messi,3,3,Argentina - Austria,EUR,1.97,1.98,2026-06-21 15:38:44,2026-06-22 15:34:03,False,string,3.59,0.038394415357766144,1435.3166666666666
1749195,36966612,Match penalty scored,Gol de penalti durante el partido,Yes,3,3,France - Iraq,EUR,2.92,2.92,2026-06-22 19:08:55,2026-06-22 19:22:21,False,numeric,80.0,-0.01683501683501687,13.433333333333334
MAH-03-24983,36966612,Anytime goalscorer (Star Substitute),Goleador durante el partido (Suplente Estrella),Barcola,3,3,France - Iraq,EUR,2.2,2.2,2026-06-22 17:53:10,2026-06-22 18:12:15,False,string,3.5,-0.03083700440528625,19.083333333333332
MAH-06-24001,36966590,Team shots on target,Remates a puerta equipo,Uruguay 4 or more,3,3,Uruguay - Cape Verde,EUR,1.19,1.19,2026-06-20 13:57:29,2026-06-20 13:57:59,False,string,40.0,0.017094017094017033,0.5
2624219,33890298,Match tackles,Entradas ganadas (tackles) durante el partido,31 or more,3,3,Iran - New Zealand,PEN,2.35,2.35,2026-06-12 15:10:13,2026-06-12 15:10:29,False,numeric,1274.0,0.0,0.26666666666666666
2497201,36966611,Team Shots,Remates equipo,Norway 13 or more,3,3,Norway - Senegal,EUR,2.67,2.67,2026-06-19 12:07:44,2026-06-19 12:08:40,False,numeric,200.0,0.5,0.9333333333333333
429915,36966590,Team shots on target,Remates a puerta equipo,Uruguay 8 or more,3,3,Uruguay - Cape Verde,EUR,3.13,3.33,2026-06-21 15:59:04,2026-06-21 21:53:49,False,numeric,1.58,0.03583061889250816,354.75
MAH-01-05432,36966612,To score or assist (Star Substitute),Marcar gol o asistir (Suplente Estrella),Mbappe,3,3,France - Iraq,EUR,1.2,1.22,2026-06-20 08:08:01,2026-06-22 13:46:05,False,string,1.65,0.0027548209366391094,3218.0666666666666
MAH-19-32001,36971426,Match corners,Corners durante el partido,8 or more,3,3,Turkey - Paraguay,EUR,1.64,1.63,2026-06-18 16:40:13,2026-06-19 16:37:04,False,string,0.65,0.1690476190476191,1436.85
MAH-05-15066,36966640,Team shots on target,Remates a puerta equipo,Uzbekistan 3 or more,3,3,Portugal - Uzbekistan,EUR,2.31,2.32,2026-06-21 19:08:23,2026-06-22 17:23:11,False,string,0.93,0.007246376811594235,1334.8
2628425,36966612,Team shots on target,Remates a puerta equipo,France 9 or more,3,3,France - Iraq,EUR,1.53,1.53,2026-06-22 14:26:06,2026-06-22 14:26:38,False,numeric,26.67,-0.019230769230769273,0.5333333333333333
2210424,36966609,To score or assist (Star Substitute),Marcar gol o asistir (Suplente Estrella),Lionel Messi,3,3,Argentina - Austria,EUR,1.54,1.54,2026-06-21 21:14:07,2026-06-21 21:17:31,False,numeric,3.75,0.006535947712418277,3.4
980219,36966593,Team shots on target,Remates a puerta equipo,Belgium 6 or more,3,3,Belgium - Iran,EUR,2.19,2.19,2026-06-19 04:39:47,2026-06-19 04:42:19,False,numeric,203.5,0.43137254901960786,2.533333333333333
MAH-01-13271,36966612,To score or assist (Star Substitute),Marcar gol o asistir (Suplente Estrella),Michael Olise,3,3,France - Iraq,EUR,1.36,1.36,2026-06-21 22:14:38,2026-06-22 09:31:29,False,string,2.2800000000000002,0.022556390977443552,676.85
1322453,36966611,To score or assist (Star Substitute),Marcar gol o asistir (Suplente Estrella),Sorloth,3,3,Norway - Senegal,EUR,2.21,2.25,2026-06-22 16:56:19,2026-06-22 23:57:14,False,numeric,2.69,0.004504504504504403,420.9166666666667
MAH-03-03039,33890304,Match corners,Corners durante el partido,12 or more,3,3,Netherlands - Japan,EUR,3.03,3.03,2026-06-13 18:15:55,2026-06-14 06:48:56,False,string,0.6000000000000001,-0.007726269315673329,753.0166666666667
931196,36966593,Team Shots,Remates equipo,Belgium 20 or more,3,3,Belgium - Iran,EUR,2.66,2.66,2026-06-21 18:08:33,2026-06-21 18:08:52,False,numeric,300.0,-0.03623188405797084,0.31666666666666665
2623956,33890304,1-X-2 / 2 goals Up,1-X-2 / Ventaja 2 goles,1,3,3,Netherlands - Japan,EUR,2.07,2.04,2026-06-14 00:31:51,2026-06-14 18:12:50,False,numeric,0.7000000000000001,0.018425460636515883,1060.9833333333333
MAH-01-01537,33890298,Shots on target (Star Substitute),Remates a puerta Taremi (Suplente Estrella),2 or more,3,3,Iran - New Zealand,EUR,2.31,2.31,2026-06-15 21:11:05,2026-06-15 21:14:21,False,string,3.5,-0.008583690987124526,3.2666666666666666
429915,36966593,Team shots on target,Remates a puerta equipo,Belgium 8 or more,3,3,Belgium - Iran,EUR,2.77,2.82,2026-06-21 15:59:04,2026-06-21 18:55:23,False,numeric,1.58,0.009661835748792313,176.31666666666666
528848,36966553,Home-side combo (bet builder),Alemania,Germany win y A goal in both halves,3,3,Germany - Ivory Coast,EUR,2.08,2.09,2026-06-20 13:05:14,2026-06-20 16:20:51,False,numeric,1.0699999999999998,0.03135313531353138,195.61666666666667
MAH-03-02569,36966638,Match penalty scored,Gol de penalti durante el partido,Yes,3,3,England - Ghana,EUR,2.25,2.25,2026-06-23 14:53:14,2026-06-23 14:53:41,False,string,30.0,-0.296875,0.45
MAH-01-00370,36966553,Match,Partido,Both teams to score y Florian Wirtz to score,3,5,Germany - Ivory Coast,EUR,4.22,4.22,2026-06-20 11:03:54,2026-06-20 11:10:11,False,string,1.33,0.007159904534606021,6.283333333333333
2054042,36966612,To score or assist (Star Substitute),Marcar gol o asistir (Suplente Estrella),Mbappe,3,3,France - Iraq,EUR,1.23,1.23,2026-06-22 16:42:04,2026-06-22 16:44:30,False,numeric,0.71,0.016528925619834656,2.433333333333333
MAH-03-27661,36966591,Anytime goalscorer (Star Substitute),Goleador durante el partido (Suplente Estrella),Oyarzabal,3,3,Spain - Saudi Arabia,EUR,1.53,1.53,2026-06-20 16:46:48,2026-06-20 16:48:50,False,string,9.02,0.020000000000000018,2.033333333333333
1453204,36966609,Match penalty scored,Gol de penalti durante el partido,Yes,3,5,Argentina - Austria,EUR,3.98,3.98,2026-06-22 16:18:46,2026-06-22 16:19:01,True,numeric,1.9500000000000002,0.031088082901554515,0.25
MAH-01-01541,36966612,Anytime goalscorer (Star Substitute),Goleador durante el partido (Suplente Estrella),Mbappe,3,3,France - Iraq,EUR,1.45,1.45,2026-06-22 15:58:36,2026-06-22 16:01:08,False,string,2.48,-0.006849315068493178,2.533333333333333
MAH-23-01405,36966612,Anytime goalscorer (Star Substitute),Goleador durante el partido (Suplente Estrella),Mbappe,3,3,France - Iraq,PEN,1.45,1.45,2026-06-22 16:17:48,2026-06-22 16:35:14,False,string,3.75,-0.006849315068493178,17.433333333333334
MAH-03-02716,36966612,Anytime goalscorer (Star Substitute),Goleador durante el partido (Suplente Estrella),Mbappe,3,3,France - Iraq,EUR,1.41,1.41,2026-06-22 14:12:55,2026-06-22 14:14:50,False,string,9.17,-0.03424657534246578,1.9166666666666667
MAH-01-05175,36966612,Anytime goalscorer (Star Substitute),Goleador durante el partido (Suplente Estrella),Michael Olise,3,4,France - Iraq,EUR,2.12,2.12,2026-06-22 19:37:30,2026-06-22 20:33:20,False,string,6.66,-0.019495412844036775,55.833333333333336
MAH-08-50001,36966612,Match shots on target,Remates a puerta durante el partido,12 or more,3,3,France - Iraq,EUR,1.9,1.9,2026-06-22 16:46:26,2026-06-22 16:47:27,False,string,7.5,-0.02564102564102566,1.0166666666666666
MAH-11-09016,36966609,1-X-2 / 2 goals Up,1-X-2 / Ventaja 2 goles,1,3,3,Argentina - Austria,EUR,1.51,1.51,2026-06-21 19:14:06,2026-06-21 19:16:33,False,string,1950.0,0.07092198581560294,2.45
1322453,36966591,To score or assist (Star Substitute),Marcar gol o asistir (Suplente Estrella),Ferran,3,3,Spain - Saudi Arabia,EUR,1.41,1.41,2026-06-21 02:10:37,2026-06-21 13:18:05,False,numeric,2.5,0.011904761904761862,667.4666666666667
MAH-11-04001,37330429,Match,Partido,Over 2.5 goals y Over 7.5 corners,3,3,Ceara - Botafogo SP,EUR,2.63,2.65,2026-06-20 19:07:31,2026-06-20 19:21:58,False,string,0.39,-0.007547169811320753,14.45
833359,36966640,Player to score a penalty (No penalty shootout),Marcar gol de penalti (No tanda de penaltis),Cristiano Ronaldo,3,3,Portugal - Uzbekistan,EUR,6.2,6.2,2026-06-23 07:35:10,2026-06-23 07:35:30,False,numeric,52.7,-0.008000000000000007,0.3333333333333333
1702204,36966611,Tackles (Star Substitute),Entradas ganadas (tackles) El Hadji Malick Diouf (Suplente Estrella),2 or more,3,3,Norway - Senegal,EUR,1.76,1.76,2026-06-22 22:57:27,2026-06-22 22:58:14,True,numeric,15.0,0.0,0.7833333333333333
MAH-03-27812,36966640,To miss a penalty (No penalty shootout),Fallará un penalti (No tanda de penaltis),Cristiano Ronaldo,3,3,Portugal - Uzbekistan,EUR,17.0,17.0,2026-06-23 10:15:04,2026-06-23 10:15:38,False,string,165.0,-0.05555555555555558,0.5666666666666667
1702204,36966611,Tackles (Star Substitute),Entradas ganadas (tackles) El Hadji Malick Diouf (Suplente Estrella),3 or more,3,3,Norway - Senegal,EUR,3.28,3.28,2026-06-22 22:57:27,2026-06-22 22:58:14,True,numeric,9.0,0.0,0.7833333333333333
MAH-01-12133,36966611,Away-side combo (bet builder),Senegal,Senegal win y Both teams to score,3,3,Norway - Senegal,EUR,5.85,5.85,2026-06-22 17:05:19,2026-06-22 17:06:30,False,string,0.09,0.0,1.1833333333333333
1702204,36966590,Tackles (Star Substitute),Entradas ganadas (tackles) Steven Moreira (Suplente Estrella),4 or more,3,3,Uruguay - Cape Verde,EUR,7.65,7.65,2026-06-21 21:41:49,2026-06-21 21:42:07,True,numeric,4.0,0.0,0.3
2306331,36966592,Away-side combo (bet builder),Egipto,"Egypt win, Over 8.5 corners y Trezeguet to score",3,5,New Zealand - Egypt,EUR,6.55,6.55,2026-06-21 20:40:33,2026-06-21 20:42:18,True,numeric,0.48,0.0,1.75
1702204,36966611,Tackles (Star Substitute),Entradas ganadas (tackles) El Hadji Malick Diouf (Suplente Estrella),5 or more,3,3,Norway - Senegal,EUR,12.0,12.0,2026-06-22 22:57:27,2026-06-22 22:58:38,True,numeric,3.0,0.0,1.1833333333333333
1702204,36966611,Tackles (Star Substitute),Entradas ganadas (tackles) El Hadji Malick Diouf (Suplente Estrella),4 or more,3,3,Norway - Senegal,EUR,7.25,7.25,2026-06-22 22:57:27,2026-06-22 22:58:14,True,numeric,4.55,0.0,0.7833333333333333
1702204,36966590,Tackles (Star Substitute),Entradas ganadas (tackles) Steven Moreira (Suplente Estrella),5 or more,3,3,Uruguay - Cape Verde,EUR,12.0,12.0,2026-06-21 21:41:49,2026-06-21 21:42:07,True,numeric,3.0,0.0,0.3
MAH-03-02890,36966609,Tackles (Star Substitute),Entradas ganadas (tackles) Xaver Schlager (Suplente Estrella),4 or more,3,3,Argentina - Austria,EUR,2.54,2.54,2026-06-22 16:24:57,2026-06-22 16:25:26,False,string,50.0,0.0,0.48333333333333334
1682945,36966528,Away-side combo (bet builder),Japón,Japan win y Ayase Ueda to score,3,3,Tunisia - Japan,EUR,3.06,3.03,2026-06-20 19:27:55,2026-06-20 21:41:34,False,numeric,0.48000000000000004,0.05190311418685112,133.65
MAH-04-07290,36966640,Player to score in both halves (Star Substitute),Jugador en meter gol en el 1º y 2º tiempo (Suplente Estrella),Cristiano Ronaldo,3,3,Portugal - Uzbekistan,EUR,4.22,4.22,2026-06-23 16:49:30,2026-06-23 16:50:08,False,string,25.0,0.004761904761904745,0.6333333333333333
MAH-03-27776,36966590,Saves (Star Substitute),Paradas Vozinha (Suplente Estrella),4 or more,3,3,Uruguay - Cape Verde,EUR,1.91,1.91,2026-06-19 19:03:06,2026-06-19 19:04:43,False,string,3.0,0.21656050955414008,1.6166666666666667
MAH-01-05175,36966528,Away-side combo (bet builder),Japón,Japan win y Over 2.5 goals,3,3,Tunisia - Japan,EUR,2.47,2.51,2026-06-20 19:25:59,2026-06-20 21:00:53,False,string,3.33,0.0026773761713519972,94.9
MAH-01-53451,36966612,Home-side combo (bet builder),Francia,France win y Mbappe to score,3,8,France - Iraq,EUR,1.44,1.4,2026-06-21 07:35:22,2026-06-22 07:39:05,False,string,3.81,-0.05369127516778527,1443.7166666666667
1861050,36966638,Team corners,Corners equipo,England 5 or more,3,3,England - Ghana,EUR,1.33,1.34,2026-06-23 02:57:23,2026-06-23 10:08:05,False,numeric,0.99,0.025641025641025623,430.7
MAH-19-20001,36966593,Fouls (Star Substitute),Faltas Lukaku (Suplente Estrella),3 or more,3,3,Belgium - Iran,EUR,9.85,9.85,2026-06-21 15:38:24,2026-06-21 18:56:05,True,string,26.67,0.0,197.68333333333334
MAH-01-49802,37378580,Match,Partido,Over 1.5 half time goals y Over 1.5 second half goals,3,3,Rigas Futbola SKola - Ogre United,EUR,2.17,2.17,2026-06-22 13:36:40,2026-06-22 13:38:53,True,string,18.33,0.0,2.216666666666667
MAH-23-01902,36966611,Team corners,Corners equipo,Senegal 5 or more,3,3,Norway - Senegal,PEN,2.44,2.44,2026-06-22 15:07:49,2026-06-22 19:22:10,False,string,1.58,0.012448132780082943,254.35
MAH-01-00370,36966591,Player to score a penalty (No penalty shootout),Marcar gol de penalti (No tanda de penaltis),Oyarzabal,3,5,Spain - Saudi Arabia,EUR,4.35,4.35,2026-06-20 11:09:04,2026-06-20 11:11:07,False,string,1.33,0.038186157517899666,2.05
MAH-01-01632,36966609,Player anytime not to score,No marcará ningún gol,José Manuel López,3,3,Argentina - Austria,EUR,1.35,1.35,2026-06-22 16:46:23,2026-06-22 16:48:26,False,string,2.25,0.0,2.05
MAH-01-01655,36966593,Team corners,Corners equipo,Iran 4 or more,3,3,Belgium - Iran,EUR,2.2,2.2,2026-06-20 12:36:12,2026-06-21 11:09:38,False,string,0.26,-0.09090909090909083,1353.4333333333334
MAH-01-01519,36966609,Player anytime not to score,No marcará ningún gol,José Manuel López,3,3,Argentina - Austria,EUR,1.34,1.34,2026-06-21 18:42:39,2026-06-21 18:43:52,False,string,0.78,-0.007407407407407418,1.2166666666666666
MAH-19-56002,36966592,Team corners,Corners equipo,New Zealand 5 or more,3,3,New Zealand - Egypt,EUR,2.61,2.61,2026-06-21 10:11:42,2026-06-21 10:12:12,False,string,1.2000000000000002,-0.011363636363636465,0.5
MAH-19-56001,36966593,Team corners,Corners equipo,Iran 4 or more,3,3,Belgium - Iran,EUR,2.41,2.41,2026-06-21 18:36:32,2026-06-21 18:37:00,False,string,1.2000000000000002,-0.004132231404958553,0.4666666666666667
MAH-19-56001,36966592,Team corners,Corners equipo,New Zealand 5 or more,3,3,New Zealand - Egypt,EUR,2.71,2.71,2026-06-21 18:36:32,2026-06-21 18:37:00,False,string,1.2000000000000002,0.02651515151515138,0.4666666666666667
MAH-01-00260,36966612,Team corners,Corners equipo,France 8 or more,3,3,France - Iraq,EUR,1.88,1.88,2026-06-21 09:29:25,2026-06-21 09:29:56,False,string,0.30000000000000004,0.05617977528089879,0.5166666666666667
MAH-07-02001,36966638,Match,Partido,Over 7.5 corners y Harry Kane to score,3,3,England - Ghana,EUR,2.02,2.02,2026-06-23 17:15:45,2026-06-23 17:35:35,False,string,43.33,-0.03349282296650713,19.833333333333332
2138429,36966638,Match,Partido,England win y Both teams to score in both halves,3,3,England - Ghana,PEN,31.0,31.0,2026-06-23 08:25:37,2026-06-23 19:19:40,True,numeric,22.5,0.0,654.05
2215524,36966611,Match,Partido,Over 7.5 corners y Haaland to score,3,3,Norway - Senegal,EUR,2.74,2.74,2026-06-22 12:45:02,2026-06-22 14:08:30,False,numeric,1.09,0.00366300366300365,83.46666666666667
2571829,36966611,Match,Partido,1-2 y Sadio Mane to score,3,3,Norway - Senegal,EUR,23.0,23.0,2026-06-22 22:00:53,2026-06-22 22:10:58,False,numeric,2.4,0.0,10.083333333333334
1516441,36966612,Player anytime not to score,No marcará ningún gol,Jean-Philippe Mateta,3,3,France - Iraq,EUR,1.74,1.74,2026-06-22 19:45:34,2026-06-22 19:45:48,True,numeric,75.0,0.0,0.23333333333333334
1516441,36966612,Player anytime not to score,No marcará ningún gol,Marcus Thuram,3,3,France - Iraq,EUR,1.73,1.73,2026-06-22 19:45:34,2026-06-22 19:45:48,True,numeric,75.0,0.0,0.23333333333333334
MAH-04-07673,36966638,Match,Partido,Over 2.5 goals y Over 7.5 corners,3,3,England - Ghana,EUR,2.41,2.3,2026-06-22 20:29:34,2026-06-23 17:07:21,False,string,0.5900000000000001,0.03851851851851847,1237.7833333333333
2215524,36966609,Match,Partido,Over 7.5 corners y Lionel Messi to score,3,3,Argentina - Austria,EUR,3.33,3.22,2026-06-22 12:45:02,2026-06-22 14:08:30,False,numeric,1.09,0.016460905349794164,83.46666666666667
2215524,36966612,Match,Partido,Over 7.5 corners y Mbappe to score,3,3,France - Iraq,EUR,1.93,1.93,2026-06-22 12:45:02,2026-06-22 14:08:30,False,numeric,1.09,0.037634408602150504,83.46666666666667
MAH-19-28002,36966611,Match,Partido,Over 7.5 corners y Haaland to score,3,3,Norway - Senegal,EUR,2.69,2.69,2026-06-22 11:34:40,2026-06-22 11:57:13,False,string,0.8300000000000001,-0.014652014652014711,22.55
MAH-23-01902,36966609,Team corners,Corners equipo,Austria 4 or more,3,3,Argentina - Austria,PEN,2.1,2.1,2026-06-22 15:07:49,2026-06-22 15:08:48,False,string,1.92,0.03960396039603964,0.9833333333333333
2298666,36966528,Team offsides,Fueras de juego equipo,Japan 3 or more,3,3,Tunisia - Japan,PEN,2.2,2.19,2026-06-19 23:34:49,2026-06-20 04:14:08,False,numeric,0.6000000000000001,-0.00454545454545463,279.31666666666666
MAH-01-01519,36966590,Player anytime not to score,No marcará ningún gol,Rodrigo Aguirre,3,3,Uruguay - Cape Verde,EUR,1.35,1.35,2026-06-21 18:42:39,2026-06-21 18:43:52,False,string,0.78,0.0,1.2166666666666666
1256949,36966553,1-X-2 / 2 goals Up,1-X-2 / Ventaja 2 goles,1,3,3,Germany - Ivory Coast,EUR,1.53,1.53,2026-06-18 15:35:24,2026-06-20 08:13:12,False,numeric,4.72,0.11678832116788307,2437.8
MAH-01-49413,36966638,1-X-2 / 2 goals Up,1-X-2 / Ventaja 2 goles,1,3,3,England - Ghana,EUR,1.21,1.21,2026-06-22 08:22:27,2026-06-22 08:23:00,False,string,60.0,0.0431034482758621,0.55
MAH-01-49413,36966640,1-X-2 / 2 goals Up,1-X-2 / Ventaja 2 goles,1,3,3,Portugal - Uzbekistan,EUR,1.19,1.19,2026-06-22 08:22:27,2026-06-22 08:23:00,False,string,60.0,0.06249999999999978,0.55
430294,36966592,1-X-2 / 2 goals Up,1-X-2 / Ventaja 2 goles,2,3,3,New Zealand - Egypt,EUR,1.58,1.55,2026-06-21 13:42:54,2026-06-21 23:39:55,False,numeric,4.01,-0.018867924528301883,597.0166666666667
MAH-11-07003,36966609,To score 2 or more goals (Star Substitute),Marcar 2 goles o más (Suplente Estrella),Lionel Messi,3,3,Argentina - Austria,EUR,6.3,6.3,2026-06-19 15:08:17,2026-06-22 14:06:44,False,string,8.5,0.002666666666666669,4258.45
2348435,36966590,1-X-2 / 2 goals Up,1-X-2 / Ventaja 2 goles,1,3,3,Uruguay - Cape Verde,EUR,1.45,1.47,2026-06-16 18:11:56,2026-06-20 15:58:55,False,numeric,0.8,0.06038647342995174,5626.983333333334
MAH-04-06977,36966590,1-X-2 / 2 goals Up,1-X-2 / Ventaja 2 goles,1,3,3,Uruguay - Cape Verde,EUR,1.42,1.42,2026-06-21 13:49:44,2026-06-21 14:22:42,False,string,1.47,0.02898550724637694,32.96666666666667
MAH-03-27777,36966590,1-X-2 / 2 goals Up,1-X-2 / Ventaja 2 goles,1,3,3,Uruguay - Cape Verde,EUR,1.41,1.41,2026-06-20 09:21:07,2026-06-20 09:21:25,False,string,1.6800000000000002,0.021739130434782705,0.3
1682945,36966609,To score 2 or more goals (Star Substitute),Marcar 2 goles o más (Suplente Estrella),Lionel Messi,3,3,Argentina - Austria,EUR,5.95,5.85,2026-06-21 09:53:35,2026-06-22 12:00:20,False,numeric,0.78,-0.05866666666666668,1566.75
MAH-22-03002,36966593,1-X-2 / 2 goals Up,1-X-2 / Ventaja 2 goles,1,3,3,Belgium - Iran,EUR,1.38,1.38,2026-06-21 08:58:48,2026-06-21 17:59:38,False,string,30.15,-0.030732860520094534,540.8333333333334
1991206,36966593,1-X-2 / 2 goals Up,1-X-2 / Ventaja 2 goles,1,3,3,Belgium - Iran,EUR,1.39,1.39,2026-06-21 18:27:26,2026-06-21 18:27:39,False,numeric,292.0,-0.014184397163120588,0.21666666666666667
MAH-01-01224,36966528,1-X-2 / 2 goals Up,1-X-2 / Ventaja 2 goles,2,3,3,Tunisia - Japan,EUR,1.52,1.52,2026-06-20 17:09:29,2026-06-20 17:13:10,False,string,1.4,0.07801418439716312,3.683333333333333
2469553,36966640,1-X-2 / 2 goals Up,1-X-2 / Ventaja 2 goles,1,3,3,Portugal - Uzbekistan,EUR,1.21,1.18,2026-06-20 10:32:06,2026-06-21 07:17:53,False,numeric,69.99,0.062499999999999854,1245.7833333333333
MAH-03-24283,36966638,To score 2 or more goals (Star Substitute),Marcar 2 goles o más (Suplente Estrella),Harry Kane,3,3,England - Ghana,EUR,3.81,3.86,2026-06-21 22:29:59,2026-06-22 10:48:01,False,string,1.0,0.39151515151515154,738.0333333333333
MAH-22-03002,36966591,To score 2 or more goals (Star Substitute),Marcar 2 goles o más (Suplente Estrella),Oyarzabal,3,3,Spain - Saudi Arabia,EUR,3.66,3.66,2026-06-21 15:24:32,2026-06-21 15:35:40,False,string,21.66,-0.03174603174603163,11.133333333333333
MAH-19-20001,36966593,To score 2 or more goals (Star Substitute),Marcar 2 goles o más (Suplente Estrella),Lukaku,3,3,Belgium - Iran,EUR,6.4,6.0,2026-06-21 15:45:39,2026-06-21 18:53:08,False,string,36.67,-0.0052910052910051615,187.48333333333332
MAH-01-01541,36966640,1-X-2 / 2 goals Up,1-X-2 / Ventaja 2 goles,1,3,3,Portugal - Uzbekistan,EUR,1.18,1.18,2026-06-22 17:58:33,2026-06-22 17:59:51,False,string,1.51,0.05357142857142838,1.3
MAH-03-28044,36966590,1-X-2 / 2 goals Up,1-X-2 / Ventaja 2 goles,1,3,3,Uruguay - Cape Verde,EUR,1.33,1.33,2026-06-21 21:22:30,2026-06-21 21:23:17,False,string,500.0,-0.03623188405797084,0.7833333333333333
2302758,36966553,1-X-2 / 2 goals Up,1-X-2 / Ventaja 2 goles,1,3,3,Germany - Ivory Coast,PEN,1.46,1.53,2026-06-19 04:49:53,2026-06-20 18:13:57,False,numeric,11.58,0.0924574209245741,2244.0666666666666
2302758,36966550,1-X-2 / 2 goals Up,1-X-2 / Ventaja 2 goles,1,3,3,Ecuador - Curaçao,PEN,1.1,1.1,2026-06-19 04:49:53,2026-06-20 18:13:57,False,numeric,11.58,-0.012012012012012038,2244.0666666666666
MAH-11-10006,36966611,Home-side combo (bet builder),Noruega,Norway win y Over 2.5 goals,3,3,Norway - Senegal,EUR,3.49,3.49,2026-06-21 11:55:11,2026-06-21 12:15:55,False,string,2.17,-0.054200542005420016,20.733333333333334
2302758,36966528,1-X-2 / 2 goals Up,1-X-2 / Ventaja 2 goles,2,3,3,Tunisia - Japan,PEN,1.52,1.53,2026-06-19 04:49:53,2026-06-20 18:13:57,False,numeric,11.58,0.08274231678487005,2244.0666666666666
1970379,36966612,Home-side combo (bet builder),Francia,France win y Mbappe to score,3,3,France - Iraq,EUR,1.5,1.5,2026-06-22 16:46:57,2026-06-22 16:47:09,False,numeric,0.42000000000000004,0.006711409395973256,0.2
MAH-11-10003,36966612,Home-side combo (bet builder),Francia,France to win both halves y Over 3.5 goals,3,3,France - Iraq,EUR,2.33,2.33,2026-06-22 15:41:04,2026-06-22 15:55:16,False,string,9.33,0.03259259259259258,14.2
MAH-04-07673,36966612,Home-side combo (bet builder),Francia,France win y A goal in both halves,3,3,France - Iraq,EUR,1.46,1.46,2026-06-20 21:01:52,2026-06-20 21:04:06,False,string,0.32,0.0,2.2333333333333334
MAH-11-10003,36966609,Home-side combo (bet builder),Argentina,Argentina to win 1st half y Argentina to win 2nd half,3,3,Argentina - Austria,EUR,3.66,3.68,2026-06-22 15:41:04,2026-06-22 15:44:19,False,string,9.83,0.02327746741154561,3.25
MAH-11-10007,36966638,Home-side combo (bet builder),Inglaterra,"England win, Over 8.5 corners y Harry Kane to score 2 or more goals",3,3,England - Ghana,EUR,5.39,5.39,2026-06-23 15:24:13,2026-06-23 15:25:50,False,string,8.2,0.016981132075471583,1.6166666666666667
MAH-03-27776,36966549,Saves (Star Substitute),Paradas Bart Verbruggen (Suplente Estrella),3 or more,3,3,Netherlands - Sweden,EUR,1.5,1.5,2026-06-19 19:03:06,2026-06-19 19:04:43,False,string,3.0,-0.025974025974025983,1.6166666666666667
MAH-03-27833,36966591,Home-side combo (bet builder),España,A goal in both halves y Lamine Yamal 2 or more shots on target,3,3,Spain - Saudi Arabia,EUR,2.31,2.31,2026-06-21 08:29:14,2026-06-21 08:37:35,False,string,1.06,0.008733624454148492,8.35
1682976,36966591,Home-side combo (bet builder),España,"Spain win, Over 2.5 goals y Oyarzabal to score",3,3,Spain - Saudi Arabia,EUR,1.82,1.83,2026-06-20 11:23:49,2026-06-21 11:15:47,False,numeric,0.25,0.0,1431.9666666666667
2568644,36966611,1-X-2 / 2 goals Up,1-X-2 / Ventaja 2 goles,1,3,3,Norway - Senegal,EUR,2.32,2.31,2026-06-22 21:45:11,2026-06-22 21:55:01,False,numeric,305.0,-0.03207810320781035,9.833333333333334
1641118,36966612,1-X-2 / 2 goals Up,1-X-2 / Ventaja 2 goles,1,3,3,France - Iraq,EUR,1.08,1.08,2026-06-22 16:42:57,2026-06-22 16:44:02,False,numeric,9.99,0.018867924528301883,1.0833333333333333
2307433,36966592,1-X-2 / 2 goals Up,1-X-2 / Ventaja 2 goles,2,3,3,New Zealand - Egypt,EUR,1.58,1.58,2026-06-21 21:51:52,2026-06-21 21:52:49,False,numeric,116.66,-0.0062893081761006275,0.95
MAH-22-03003,36966593,Player headed shots on target (Star Substitute),Remates a puerta con la cabeza Lukaku (Suplente Estrella),1 or more,3,3,Belgium - Iran,EUR,3.17,3.17,2026-06-21 18:17:37,2026-06-21 18:52:50,False,string,243.0,-0.024615384615384595,35.21666666666667
MAH-03-02926,36966609,Left foot shots on target (Star Substitute),Remates a puerta con la pierna izquierda Lionel Messi (Suplente Estrella),2 or more,3,3,Argentina - Austria,EUR,1.97,1.97,2026-06-21 14:14:06,2026-06-21 14:17:29,False,string,12.0,-0.01005025125628145,3.3833333333333333
2138976,36966528,1-X-2 / 2 goals Up,1-X-2 / Ventaja 2 goles,2,3,3,Tunisia - Japan,EUR,1.55,1.52,2026-06-18 15:22:57,2026-06-20 10:47:04,False,numeric,29.789999999999996,0.09929078014184405,2604.116666666667
MAH-22-03002,36966593,Left foot shots on target (Star Substitute),Remates a puerta con la pierna izquierda Lukaku (Suplente Estrella),2 or more,3,3,Belgium - Iran,EUR,3.91,3.91,2026-06-21 18:55:47,2026-06-21 18:56:14,False,string,300.0,0.0,0.45
MAH-19-96001,36966528,1-X-2 / 2 goals Up,1-X-2 / Ventaja 2 goles,2,3,3,Tunisia - Japan,EUR,1.52,1.52,2026-06-20 18:18:05,2026-06-20 18:21:14,False,string,5.7,0.07801418439716312,3.15
2083472,36966612,To score 2 or more goals (Star Substitute),Marcar 2 goles o más (Suplente Estrella),Michael Olise,3,3,France - Iraq,EUR,7.85,7.85,2026-06-22 19:40:34,2026-06-22 19:41:03,False,numeric,1026.0,-0.012578616352201366,0.48333333333333334
MAH-01-00882,36966590,Team corners,Corners equipo,Uruguay 7 or more,3,3,Uruguay - Cape Verde,EUR,1.93,1.93,2026-06-21 15:09:47,2026-06-21 15:10:43,False,string,3.75,0.048913043478260754,0.9333333333333333
MAH-05-15012,36966591,Team corners,Corners equipo,Spain 8 or more,3,3,Spain - Saudi Arabia,EUR,1.38,1.38,2026-06-18 12:51:54,2026-06-19 13:04:27,False,string,3.6100000000000003,-0.0778443113772455,1452.55
MAH-05-15321,36966612,To score 2 or more goals (Star Substitute),Marcar 2 goles o más (Suplente Estrella),Mbappe,3,11,France - Iraq,EUR,2.92,2.92,2026-06-22 16:23:52,2026-06-22 16:25:41,True,string,0.5,0.039145907473309594,1.8166666666666667
TPV-23-01601,36966612,To score 2 or more goals (Star Substitute),Marcar 2 goles o más (Suplente Estrella),Mbappe,3,3,France - Iraq,PEN,2.8,2.95,2026-06-22 19:24:45,2026-06-22 20:20:01,False,string,25.0,0.014234875444839812,55.266666666666666
MAH-06-00389,36966591,To score 2 or more goals (Star Substitute),Marcar 2 goles o más (Suplente Estrella),Lamine Yamal,3,3,Spain - Saudi Arabia,EUR,5.25,5.25,2026-06-21 14:38:14,2026-06-21 15:47:08,False,string,21.25,-0.03669724770642202,68.9
MAH-19-00901,36024493,1-X-2 / 2 goals Up,1-X-2 / Ventaja 2 goles,1,3,3,Sweden - Tunisia,EUR,1.88,1.9,2026-06-12 11:00:02,2026-06-13 08:57:26,False,string,1.08,0.017921146953405003,1317.4
MAH-01-11006,36966591,Home-side combo (bet builder),España,Spain win y A goal in both halves,3,3,Spain - Saudi Arabia,EUR,1.51,1.5,2026-06-20 11:44:08,2026-06-20 18:06:08,False,string,2.17,-0.002207505518763808,382.0
1361572,36966638,To score 2 or more goals (Star Substitute),Marcar 2 goles o más (Suplente Estrella),Harry Kane,3,3,England - Ghana,EUR,2.97,2.97,2026-06-23 14:54:54,2026-06-23 14:58:40,True,numeric,0.95,0.08000000000000007,3.7666666666666666
MAH-04-08091,36966638,To score 2 or more goals (Star Substitute),Marcar 2 goles o más (Suplente Estrella),Harry Kane,3,3,England - Ghana,EUR,2.92,2.92,2026-06-23 15:54:11,2026-06-23 16:11:42,False,string,17.5,0.06787878787878787,17.516666666666666
MAH-11-10006,36966593,Home-side combo (bet builder),Bélgica,Belgium to win 1st half y Belgium to win 2nd half,3,3,Belgium - Iran,EUR,3.71,3.77,2026-06-20 22:11:49,2026-06-21 12:00:59,False,string,3.92,0.07142857142857147,829.1666666666666
MAH-01-05173,36966593,Home-side combo (bet builder),Bélgica,Belgium to win 1st half y Belgium to win 2nd half,3,5,Belgium - Iran,EUR,3.77,3.77,2026-06-20 13:15:56,2026-06-20 13:23:07,False,string,0.15000000000000002,0.07714285714285718,7.183333333333334
2619998,36966640,To score 2 or more goals (Star Substitute),Marcar 2 goles o más (Suplente Estrella),Cristiano Ronaldo,3,3,Portugal - Uzbekistan,EUR,3.03,3.03,2026-06-23 13:10:40,2026-06-23 13:16:04,False,numeric,10.0,0.03767123287671237,5.4
1642129,36966638,To score 2 or more goals (Star Substitute),Marcar 2 goles o más (Suplente Estrella),Harry Kane,3,3,England - Ghana,EUR,3.88,3.88,2026-06-23 05:16:19,2026-06-23 12:19:48,False,numeric,4.18,0.4109090909090909,423.48333333333335
958267,36966612,Home-side combo (bet builder),Francia,France win y Mbappe to score,3,3,France - Iraq,EUR,1.49,1.4,2026-06-21 21:51:16,2026-06-22 20:28:10,False,numeric,15.42,-0.017897091722595054,1356.9
MAH-03-03054,36966609,To score 2 or more goals (Star Substitute),Marcar 2 goles o más (Suplente Estrella),Lionel Messi,3,3,Argentina - Austria,EUR,5.75,5.75,2026-06-21 17:28:09,2026-06-21 18:09:29,False,string,0.75,-0.07999999999999996,41.333333333333336
2058816,36966609,To score 2 or more goals (Star Substitute),Marcar 2 goles o más (Suplente Estrella),Lionel Messi,3,3,Argentina - Austria,EUR,5.95,5.95,2026-06-21 07:28:40,2026-06-21 23:39:48,False,numeric,0.5900000000000001,-0.04799999999999993,971.1333333333333
MAH-03-03232,36966609,To score 2 or more goals (Star Substitute),Marcar 2 goles o más (Suplente Estrella),Lionel Messi,3,3,Argentina - Austria,EUR,6.05,5.65,2026-06-22 12:39:42,2026-06-22 16:46:40,False,string,3.6399999999999997,-0.053333333333333344,246.96666666666667
MAH-03-03008,36966612,Home-side combo (bet builder),Francia,"France win, Over 2.5 goals y Over 10.5 corners",3,3,France - Iraq,EUR,3.2,3.2,2026-06-22 14:58:06,2026-06-22 14:59:19,False,string,1.6600000000000001,0.049180327868852514,1.2166666666666666
MAH-10-38002,36966611,Home-side combo (bet builder),Noruega,Norway win y Haaland 2 or more shots on target,3,3,Norway - Senegal,EUR,3.35,3.35,2026-06-22 19:25:12,2026-06-22 19:58:09,False,string,1.85,-0.020467836257309857,32.95
MAH-03-03185,36966640,Home-side combo (bet builder),Portugal,Portugal to win 1st half y Portugal to win 2nd half,3,3,Portugal - Uzbekistan,EUR,2.24,2.24,2026-06-22 15:55:06,2026-06-22 19:51:54,False,string,0.71,0.14871794871794886,236.8
435473,36966609,To score 2 or more goals (Star Substitute),Marcar 2 goles o más (Suplente Estrella),Lionel Messi,3,3,Argentina - Austria,EUR,6.25,6.25,2026-06-22 14:15:28,2026-06-22 14:25:50,False,numeric,1.5,0.0,10.366666666666667
MAH-02-02144,36966612,To score 2 or more goals (Star Substitute),Marcar 2 goles o más (Suplente Estrella),Mbappe,3,3,France - Iraq,EUR,2.81,2.81,2026-06-22 20:06:39,2026-06-22 20:54:03,False,string,7.0,0.0,47.4
MAH-03-28002,36966612,To score 2 or more goals (Star Substitute),Marcar 2 goles o más (Suplente Estrella),Mbappe,3,3,France - Iraq,EUR,2.93,2.93,2026-06-22 17:55:41,2026-06-22 18:05:20,False,string,5.0,0.04270462633451966,9.65
MAH-04-08088,36966640,Home-side combo (bet builder),Portugal,"Portugal win, Over 2.5 goals y Over 8.5 corners",3,3,Portugal - Uzbekistan,EUR,2.49,2.49,2026-06-23 15:20:07,2026-06-23 15:20:48,False,string,25.0,-0.019685039370078705,0.6833333333333333
MAH-21-14001,36971426,1-X-2 / 2 goals Up,1-X-2 / Ventaja 2 goles,1,3,3,Turkey - Paraguay,EUR,2.03,2.03,2026-06-19 21:25:45,2026-06-19 21:26:05,False,string,40.0,-0.009756097560975618,0.3333333333333333
MAH-01-04991,36966593,1-X-2 / 2 goals Up,1-X-2 / Ventaja 2 goles,1,3,3,Belgium - Iran,EUR,1.41,1.41,2026-06-21 10:25:48,2026-06-21 10:26:34,False,string,3.33,0.0,0.7666666666666667
MAH-03-03679,36966591,1-X-2 / 2 goals Up,1-X-2 / Ventaja 2 goles,2,3,3,Spain - Saudi Arabia,EUR,19.0,19.0,2026-06-21 09:57:37,2026-06-21 15:54:04,False,string,33.0,0.0,356.45
MAH-05-15311,36966528,1-X-2 / 2 goals Up,1-X-2 / Ventaja 2 goles,2,3,3,Tunisia - Japan,EUR,1.49,1.5,2026-06-18 12:22:48,2026-06-20 16:28:29,False,string,14.04,0.05910165484633575,3125.6833333333334
1978131,36966528,1-X-2 / 2 goals Up,1-X-2 / Ventaja 2 goles,2,3,3,Tunisia - Japan,EUR,1.48,1.53,2026-06-15 13:54:53,2026-06-20 16:59:57,False,numeric,4.0,0.07092198581560287,7385.066666666667
2337061,36966486,1-X-2 / 2 goals Up,1-X-2 / Ventaja 2 goles,2,3,3,Scotland - Morocco,EUR,1.72,1.72,2026-06-18 09:59:11,2026-06-18 18:54:38,False,numeric,11.42,0.05521472392638049,535.45
2579113,36966590,1-X-2 / 2 goals Up,1-X-2 / Ventaja 2 goles,1,3,3,Uruguay - Cape Verde,EUR,1.44,1.45,2026-06-21 15:45:27,2026-06-21 20:03:53,False,numeric,31.67,0.03381642512077295,258.43333333333334
2234678,36966486,1-X-2 / 2 goals Up,1-X-2 / Ventaja 2 goles,2,3,3,Scotland - Morocco,PEN,1.72,1.72,2026-06-16 23:38:56,2026-06-18 21:30:27,False,numeric,0.19,0.05521472392638049,2751.516666666667
2445126,36966480,1-X-2 / 2 goals Up,1-X-2 / Ventaja 2 goles,1,3,3,Usa - Australia,EUR,1.58,1.58,2026-06-16 10:26:56,2026-06-16 10:27:22,False,numeric,2.31,0.03267973856209161,0.43333333333333335
MAH-06-22001,36966549,1-X-2 / 2 goals Up,1-X-2 / Ventaja 2 goles,1,3,3,Netherlands - Sweden,EUR,1.67,1.67,2026-06-17 20:29:58,2026-06-17 20:31:42,False,string,3.79,0.0,1.7333333333333334
2394163,36966609,1-X-2 / 2 goals Up,1-X-2 / Ventaja 2 goles,1,3,3,Argentina - Austria,EUR,1.53,1.53,2026-06-21 12:09:25,2026-06-21 15:07:28,False,numeric,13.86,0.08510638297872353,178.05
MAH-01-04991,36966609,1-X-2 / 2 goals Up,1-X-2 / Ventaja 2 goles,1,3,3,Argentina - Austria,EUR,1.52,1.52,2026-06-21 10:25:48,2026-06-21 10:26:34,False,string,3.33,0.07801418439716312,0.7666666666666667
1256949,36966609,1-X-2 / 2 goals Up,1-X-2 / Ventaja 2 goles,1,3,3,Argentina - Austria,EUR,1.52,1.56,2026-06-17 22:34:49,2026-06-21 22:39:35,False,numeric,7.37,0.09929078014184405,5764.766666666666
1768913,36966611,1-X-2 / 2 goals Up,1-X-2 / Ventaja 2 goles,1,3,3,Norway - Senegal,EUR,2.18,2.28,2026-06-22 14:41:17,2026-06-22 19:00:32,False,numeric,2.21,-0.0599721059972107,259.25
MAH-01-04991,36966592,1-X-2 / 2 goals Up,1-X-2 / Ventaja 2 goles,2,3,3,New Zealand - Egypt,EUR,1.58,1.58,2026-06-21 10:25:48,2026-06-21 10:26:34,False,string,3.33,-0.0062893081761006275,0.7666666666666667
2337061,36966528,1-X-2 / 2 goals Up,1-X-2 / Ventaja 2 goles,2,3,3,Tunisia - Japan,EUR,1.53,1.52,2026-06-18 09:59:11,2026-06-19 14:43:02,False,numeric,15.98,0.08274231678487005,1723.85
1257659,36966550,1-X-2 / 2 goals Up,1-X-2 / Ventaja 2 goles,2,3,3,Ecuador - Curaçao,EUR,20.0,20.0,2026-06-20 04:02:41,2026-06-20 22:23:53,False,numeric,107.5,0.33333333333333326,1101.2
MAH-01-13001,36966480,1-X-2 / 2 goals Up,1-X-2 / Ventaja 2 goles,1,3,3,Usa - Australia,EUR,1.59,1.59,2026-06-17 20:46:59,2026-06-17 20:48:29,False,string,0.33999999999999997,0.03921568627450989,1.5
MAH-01-55212,36966640,Home-side combo (bet builder),Portugal,Portugal win y Cristiano Ronaldo to score,3,3,Portugal - Uzbekistan,EUR,1.6,1.59,2026-06-20 12:30:02,2026-06-21 12:39:39,False,string,7.92,0.07158836689038035,1449.6166666666666
MAH-01-13372,36966638,Home-side combo (bet builder),Inglaterra,England win y Harry Kane 2 or more fouls,3,3,England - Ghana,EUR,3.43,3.43,2026-06-22 19:53:17,2026-06-22 20:16:36,False,string,1.67,0.0058651026392961825,23.316666666666666
MAH-02-12003,36966591,Team corners,Corners equipo,Spain 7 or more,3,3,Spain - Saudi Arabia,EUR,1.56,1.56,2026-06-19 12:34:29,2026-06-19 12:35:01,False,string,22.22,0.08333333333333348,0.5333333333333333
MAH-04-07276,36966612,Home-side combo (bet builder),Francia,France win y Mbappe 2 or more shots on target,3,3,France - Iraq,EUR,1.33,1.33,2026-06-21 18:09:14,2026-06-21 18:10:37,False,string,1.2,-0.007462686567164201,1.3833333333333333
MAH-04-08189,36966612,Home-side combo (bet builder),Francia,"France win, Over 3.5 goals y Mbappe to score",3,3,France - Iraq,EUR,2.24,2.24,2026-06-22 15:40:03,2026-06-22 15:44:29,False,string,28.25,0.06666666666666665,4.433333333333334
2214574,37327465,To be carded (only players and in play)(Star Substitute),Recibir tarjeta (sólo jugadores y en juego) (Suplente Estrella),Marvin Senaya,3,3,England - Ghana,EUR,7.55,7.55,2026-06-23 21:41:10,2026-06-23 21:41:28,False,numeric,75.0,,0.3
MAH-01-48963,36966591,Home-side combo (bet builder),España,"Spain win, Over 8.5 corners y Ferran 2 or more shots on target",3,3,Spain - Saudi Arabia,EUR,1.97,1.97,2026-06-20 08:28:24,2026-06-20 08:29:36,False,string,0.6799999999999999,0.0,1.2
1752620,36966593,Home-side combo (bet builder),Bélgica,Belgium win y A goal in both halves,3,3,Belgium - Iran,EUR,2.1,2.1,2026-06-20 16:36:37,2026-06-21 01:53:49,False,numeric,3.6100000000000003,0.024390243902439046,557.2
2214574,37327465,To be carded (only players and in play)(Star Substitute),Recibir tarjeta (sólo jugadores y en juego) (Suplente Estrella),Marc Guehi,3,3,England - Ghana,EUR,19.0,8.35,2026-06-23 20:46:00,2026-06-23 21:43:05,False,numeric,72.0,,57.083333333333336
MAH-04-07276,36966590,Home-side combo (bet builder),Uruguay,Uruguay win y Mathías Olivera 65 or more total passes,3,3,Uruguay - Cape Verde,EUR,1.63,1.63,2026-06-21 18:09:14,2026-06-21 18:10:37,False,string,1.2,0.0,1.3833333333333333
430294,36966590,Team corners,Corners equipo,Uruguay 6 or more,3,3,Uruguay - Cape Verde,EUR,1.57,1.57,2026-06-21 13:42:02,2026-06-21 13:53:21,False,numeric,3.5,0.039735099337748325,11.316666666666666
MAH-01-01468,36966591,Fouls Won (Star Substitute),Faltas recibidas Lamine Yamal (Suplente Estrella),2 or more,3,3,Spain - Saudi Arabia,EUR,1.61,1.61,2026-06-21 15:48:54,2026-06-21 15:50:25,False,string,300.0,-0.006172839506172867,1.5166666666666666
2076902,36966593,Fouls Won (Star Substitute),Faltas recibidas Nathan Ngoy (Suplente Estrella),1 or more,3,3,Belgium - Iran,EUR,1.54,1.54,2026-06-21 18:02:53,2026-06-21 18:52:38,False,numeric,17.5,0.004357298474945519,49.75
MAH-01-01519,36966640,Player anytime not to score,No marcará ningún gol,Francisco Trincão,3,3,Portugal - Uzbekistan,EUR,1.32,1.32,2026-06-21 18:42:39,2026-06-21 18:43:52,False,string,0.78,0.0,1.2166666666666666
MAH-01-01519,36966638,Player anytime not to score,No marcará ningún gol,Ivan Toney,3,3,England - Ghana,EUR,1.69,1.69,2026-06-21 18:42:39,2026-06-21 18:43:52,False,string,0.78,0.0,1.2166666666666666
MAH-03-24237,36966590,Team corners,Corners equipo,Uruguay 5 or more,3,3,Uruguay - Cape Verde,EUR,1.29,1.29,2026-06-21 10:10:13,2026-06-21 10:16:55,False,string,106.66,-0.04444444444444451,6.7
2626782,36966640,Team corners,Corners equipo,Uzbekistan 3 or more,3,3,Portugal - Uzbekistan,EUR,2.41,2.41,2026-06-23 13:08:29,2026-06-23 13:09:33,False,numeric,500.0,0.1990049751243783,1.0666666666666667
1861050,36966640,Team corners,Corners equipo,Portugal 6 or more,3,3,Portugal - Uzbekistan,EUR,1.54,1.54,2026-06-23 10:45:45,2026-06-23 11:07:45,False,numeric,1.23,0.2777777777777779,22.0
2567313,36966550,Team corners,Corners equipo,Curaçao 3 or more,3,3,Ecuador - Curaçao,EUR,3.53,3.53,2026-06-18 12:31:37,2026-06-18 12:31:49,False,numeric,300.0,0.5,0.2
MAH-01-01519,36966610,Player anytime not to score,No marcará ningún gol,Nadhir Benbouali,3,3,Jordan - Algeria,EUR,1.37,1.37,2026-06-21 18:42:39,2026-06-21 18:43:52,False,string,0.78,-0.014388489208632893,1.2166666666666666
MAH-01-01519,36966612,Player anytime not to score,No marcará ningún gol,Maghnes Akliouche,3,3,France - Iraq,EUR,1.32,1.32,2026-06-21 18:42:39,2026-06-21 18:43:52,False,string,0.78,0.0,1.2166666666666666
MAH-03-27834,36966612,Home-side combo (bet builder),Francia,France win y Michael Olise 1 or more assists,3,3,France - Iraq,EUR,2.0,1.99,2026-06-20 15:03:08,2026-06-20 15:06:41,False,string,0.52,-0.001666666666666668,3.55
2214574,37327465,To be carded (only players and in play)(Star Substitute),Recibir tarjeta (sólo jugadores y en juego) (Suplente Estrella),Harry Kane,3,3,England - Ghana,EUR,12.0,29.0,2026-06-23 20:15:52,2026-06-23 21:41:00,False,numeric,48.0,,85.13333333333334
MAH-03-27832,36966591,Home-side combo (bet builder),España,Spain to win 1st half y Spain to win 2nd half,3,3,Spain - Saudi Arabia,EUR,1.85,1.85,2026-06-20 08:35:25,2026-06-20 08:43:18,False,string,0.43,0.07558139534883734,7.883333333333334
1642129,36966640,To score 2 or more goals (Star Substitute),Marcar 2 goles o más (Suplente Estrella),Cristiano Ronaldo,3,3,Portugal - Uzbekistan,EUR,3.18,3.18,2026-06-23 05:16:19,2026-06-23 12:19:48,False,numeric,4.18,0.08333333333333341,423.48333333333335
MAH-01-01360,36966591,Home-side combo (bet builder),España,Spain win y Oyarzabal 2 or more shots on target,3,3,Spain - Saudi Arabia,EUR,1.7,1.71,2026-06-21 12:43:58,2026-06-21 12:53:33,False,string,1.3699999999999999,-0.007751937984496138,9.583333333333334
MAH-03-27055,36966591,Home-side combo (bet builder),España,"Spain win, Over 2.5 goals y Over 10.5 corners",3,3,Spain - Saudi Arabia,EUR,2.02,2.02,2026-06-21 15:30:29,2026-06-21 15:31:39,False,string,110.0,-0.028846153846153855,1.1666666666666667
1539251,36966612,To score 2 or more goals (Star Substitute),Marcar 2 goles o más (Suplente Estrella),Mbappe,3,3,France - Iraq,EUR,3.08,3.13,2026-06-21 16:06:46,2026-06-22 09:43:43,False,numeric,0.67,0.10201660735468561,1056.95
2298238,36966612,To score 2 or more goals (Star Substitute),Marcar 2 goles o más (Suplente Estrella),Mbappe,3,3,France - Iraq,EUR,3.13,3.08,2026-06-21 21:35:36,2026-06-22 08:49:51,False,numeric,32.3,0.11387900355871887,674.25
1682945,36966593,Home-side combo (bet builder),Bélgica,Belgium win y Kevin De Bruyne 1 or more assists,3,3,Belgium - Iran,EUR,3.09,3.11,2026-06-21 09:46:03,2026-06-21 14:51:52,False,numeric,0.5700000000000001,0.01748633879781421,305.81666666666666
MAH-01-00162,36966612,To score 2 or more goals (Star Substitute),Marcar 2 goles o más (Suplente Estrella),Mbappe,3,3,France - Iraq,EUR,3.1,2.8,2026-06-21 15:08:08,2026-06-22 20:43:35,False,string,1.0,0.06761565836298929,1775.45
1884779,36966590,Home-side combo (bet builder),Uruguay,Uruguay win y A goal in both halves,3,3,Uruguay - Cape Verde,EUR,2.4,2.4,2026-06-21 19:37:50,2026-06-21 19:39:38,False,numeric,5.45,0.0,1.8
854753,36966612,To score 2 or more goals (Star Substitute),Marcar 2 goles o más (Suplente Estrella),Mbappe,3,3,France - Iraq,EUR,3.07,3.07,2026-06-22 13:42:01,2026-06-22 13:43:29,False,numeric,5.58,0.092526690391459,1.4666666666666666
MAH-03-27781,36966592,To score 2 or more goals (Star Substitute),Marcar 2 goles o más (Suplente Estrella),Omar Marmoush,3,3,New Zealand - Egypt,EUR,10.75,10.75,2026-06-21 21:28:13,2026-06-21 21:28:45,False,string,25.0,-0.03153153153153154,0.5333333333333333
1884779,36966609,Home-side combo (bet builder),Argentina,Argentina win y A goal in both halves,3,3,Argentina - Austria,EUR,2.29,2.24,2026-06-21 19:38:54,2026-06-22 06:59:27,False,numeric,0.95,0.05246913580246907,680.55
MAH-19-20001,36966593,To score 2 or more goals (Star Substitute),Marcar 2 goles o más (Suplente Estrella),Kevin De Bruyne,3,3,Belgium - Iran,EUR,12.0,12.0,2026-06-21 15:36:17,2026-06-21 18:52:27,False,string,40.0,0.0,196.16666666666666
2618838,33890444,1-X-2 / 2 goals Up,1-X-2 / Ventaja 2 goles,1,3,3,England - Croatia,PEN,1.71,1.71,2026-06-13 03:47:03,2026-06-15 05:59:53,False,numeric,0.30000000000000004,0.026104417670682684,3012.8333333333335
1511212,36966612,To score 2 or more goals (Star Substitute),Marcar 2 goles o más (Suplente Estrella),Mbappe,3,3,France - Iraq,EUR,2.82,3.08,2026-06-21 20:59:59,2026-06-22 20:03:55,False,numeric,0.59,0.07117437722419921,1383.9333333333334
2299533,36966591,To score 2 or more goals (Star Substitute),Marcar 2 goles o más (Suplente Estrella),Lamine Yamal,3,3,Spain - Saudi Arabia,EUR,5.15,5.25,2026-06-19 21:16:34,2026-06-20 07:58:05,False,numeric,2.17,-0.04281345565749236,641.5166666666667
2147019,36966609,Home-side combo (bet builder),Argentina,Argentina win y Lionel Messi to score,3,3,Argentina - Austria,EUR,2.4,2.43,2026-06-21 03:45:17,2026-06-21 22:11:06,False,numeric,6.5,0.05050505050505046,1105.8166666666666
2299533,36966550,To score 2 or more goals (Star Substitute),Marcar 2 goles o más (Suplente Estrella),Enner Valencia,3,3,Ecuador - Curaçao,EUR,3.58,3.58,2026-06-19 21:16:34,2026-06-20 07:58:05,False,numeric,2.17,-0.0879396984924623,641.5166666666667
MAH-03-02744,36966638,To score 2 or more goals (Star Substitute),Marcar 2 goles o más (Suplente Estrella),Harry Kane,3,3,England - Ghana,EUR,3.81,3.81,2026-06-22 12:12:17,2026-06-22 12:33:15,False,string,2.07,0.3854545454545455,20.966666666666665
MAH-03-02851,36966612,To score 2 or more goals (Star Substitute),Marcar 2 goles o más (Suplente Estrella),Mbappe,3,3,France - Iraq,EUR,2.93,2.88,2026-06-22 16:55:40,2026-06-22 17:54:22,False,string,7.17,0.036773428232503035,58.7
574007,36966593,1-X-2 / 2 goals Up,1-X-2 / Ventaja 2 goles,1,3,3,Belgium - Iran,EUR,1.42,1.43,2026-06-21 07:29:21,2026-06-21 12:38:26,False,numeric,1.79,0.01182033096926712,309.0833333333333
1966683,36966610,Home-side combo (bet builder),Jordania,Jordan win y Bensebaini to be sent off,3,3,Jordan - Algeria,EUR,181.0,181.0,2026-06-22 19:09:59,2026-06-22 19:16:08,False,numeric,0.8400000000000001,0.0,6.15
MAH-01-51181,36966550,Saves handicap - vs (both starters),Hándicap paradas - Hernan Galindez vs Eloy Room (Ambos titulares o se anula),Eloy Room(-1.5),3,3,Ecuador - Curaçao,EUR,1.51,1.51,2026-06-20 23:02:30,2026-06-20 23:02:57,False,string,300.0,0.0,0.45
MAH-01-08005,36966549,2nd half: Team Corners,2º tiempo: Corners equipo,Sweden 2 or more,3,3,Netherlands - Sweden,EUR,1.72,1.72,2026-06-20 10:41:47,2026-06-20 11:24:37,False,string,0.87,0.0,42.833333333333336
MAH-12-16004,36966640,1st half: Team corners,1º tiempo: Corners equipo,Uzbekistan 3 or more,3,3,Portugal - Uzbekistan,EUR,5.2,7.8,2026-06-23 11:35:33,2026-06-23 16:34:24,False,string,2.5,-0.33333333333333326,298.85
2473425,36966609,goal scorer (Star Substitute),Jugador en meter el 1º gol (Suplente Estrella),Lautaro Martínez,3,3,Argentina - Austria,EUR,4.69,4.69,2026-06-22 16:55:44,2026-06-22 16:55:56,False,numeric,300.0,0.0,0.2
MAH-01-00906,36966593,1st half: Team corners,1º tiempo: Corners equipo,Iran 3 or more,3,3,Belgium - Iran,EUR,6.6,6.6,2026-06-21 18:55:07,2026-06-21 18:55:43,False,string,300.0,0.0,0.6
MAH-01-12171,36966590,1st half: Team corners,1º tiempo: Corners equipo,Uruguay 2 or more,3,3,Uruguay - Cape Verde,EUR,1.25,1.25,2026-06-21 09:15:02,2026-06-21 09:18:28,False,string,2.68,-0.007936507936507908,3.433333333333333
2277221,36966609,1st half: Team corners,1º tiempo: Corners equipo,Austria 4 or more,3,3,Argentina - Austria,EUR,11.05,11.05,2026-06-22 09:22:29,2026-06-22 09:24:41,False,numeric,1.5,0.15706806282722519,2.2
MAH-01-01558,36966640,goal scorer (Star Substitute),Jugador en meter el 1º gol (Suplente Estrella),Cristiano Ronaldo,3,3,Portugal - Uzbekistan,EUR,3.0,3.0,2026-06-23 10:26:42,2026-06-23 15:45:13,False,string,2.5,-0.001122334455667932,318.51666666666665
MAH-01-00603,36966612,Team goal kicks,Saques de puerta equipo,Iraq 14 or more,3,3,France - Iraq,EUR,2.7,2.7,2026-06-22 19:25:31,2026-06-22 19:27:13,False,string,80.0,0.0,1.7
MAH-01-05119,36966609,Home-side combo (bet builder),Argentina,Argentina win y Over 2.5 goals,3,3,Argentina - Austria,EUR,2.41,2.38,2026-06-22 14:27:58,2026-06-22 15:05:49,False,string,103.33,0.043478260869565334,37.85
MAH-04-07276,36966609,Home-side combo (bet builder),Argentina,Argentina win y Lionel Messi 2 or more shots on target,3,3,Argentina - Austria,EUR,2.45,2.45,2026-06-21 18:09:14,2026-06-21 18:10:37,False,string,1.2,0.08407079646017723,1.3833333333333333
1682945,36966609,Home-side combo (bet builder),Argentina,"Argentina win, Over 2.5 goals y Lionel Messi to score",3,3,Argentina - Austria,EUR,3.22,3.14,2026-06-22 08:48:29,2026-06-22 16:14:10,False,numeric,0.54,0.0010449320794149546,445.68333333333334
MAH-04-08209,36966609,Home-side combo (bet builder),Argentina,"Argentina win, Over 8.5 corners y Lionel Messi to score",3,3,Argentina - Austria,EUR,4.72,5.0,2026-06-21 15:44:53,2026-06-21 21:29:12,False,string,3.0700000000000003,-0.037908496732026085,344.31666666666666
2526702,36966528,Team assists,Asistencias equipo,Japan 1 or more,3,3,Tunisia - Japan,EUR,1.4,1.45,2026-06-19 18:57:38,2026-06-21 00:01:58,False,numeric,10.42,0.03571428571428581,1744.3333333333333
MAH-03-03712,36966486,Match corners,Corners durante el partido,8 or more,3,3,Scotland - Morocco,EUR,1.57,1.57,2026-06-19 18:52:20,2026-06-19 18:55:50,False,string,0.8699999999999999,-0.012578616352201255,3.5
MAH-03-27776,36966553,Match corners,Corners durante el partido,9 or more,3,3,Germany - Ivory Coast,EUR,1.67,1.67,2026-06-19 19:03:06,2026-06-19 19:04:43,False,string,3.0,0.10596026490066213,1.6166666666666667
MAH-01-17004,36966480,Match corners,Corners durante el partido,10 or more,3,3,Usa - Australia,EUR,2.24,2.24,2026-06-19 18:13:27,2026-06-19 18:14:17,False,string,0.21000000000000002,-0.04680851063829783,0.8333333333333334
MAH-03-27661,36966553,Match corners,Corners durante el partido,9 or more,3,3,Germany - Ivory Coast,EUR,1.64,1.64,2026-06-20 16:46:48,2026-06-20 16:48:50,False,string,9.02,0.08609271523178808,2.033333333333333
MAH-22-05003,36966590,1st Half: Team Cards (only players and in play),1º tiempo: Tarjetas equipo (solo jugadores y en juego),Uruguay 1 or more,3,3,Uruguay - Cape Verde,EUR,2.38,2.38,2026-06-21 18:20:07,2026-06-21 20:01:02,False,string,55.0,-0.002100840336134391,100.91666666666667
MAH-01-12133,36966610,goal scorer (Star Substitute),Jugador en meter el 1º gol (Suplente Estrella),Amine Gouiri,3,3,Jordan - Algeria,EUR,4.9,4.9,2026-06-22 17:53:20,2026-06-22 17:54:57,False,string,0.76,-0.018036072144288595,1.6166666666666667
MAH-03-24891,36966640,Match corners,Corners durante el partido,9 or more,3,3,Portugal - Uzbekistan,EUR,1.62,1.62,2026-06-22 17:10:42,2026-06-22 17:17:58,False,string,2.2,0.23664122137404586,7.266666666666667
MAH-04-07629,36966591,goal scorer (Star Substitute),Jugador en meter el 1º gol (Suplente Estrella),Oyarzabal,3,3,Spain - Saudi Arabia,EUR,3.77,3.77,2026-06-21 15:52:01,2026-06-21 15:52:30,False,string,50.0,-0.002645502645502562,0.48333333333333334
1595169,36966472,1-X-2 / 2 goals Up,1-X-2 / Ventaja 2 goles,1,3,3,Canada - Qatar,EUR,1.29,1.27,2026-06-16 18:47:29,2026-06-18 19:18:33,False,numeric,2.54,0.040650406504065074,2911.0666666666666
MAH-01-01541,36966638,1-X-2 / 2 goals Up,1-X-2 / Ventaja 2 goles,1,3,3,England - Ghana,EUR,1.21,1.21,2026-06-22 17:58:33,2026-06-22 17:59:51,False,string,1.51,0.0431034482758621,1.3
1768913,36966610,1-X-2 / 2 goals Up,1-X-2 / Ventaja 2 goles,2,3,3,Jordan - Algeria,EUR,1.53,1.53,2026-06-22 14:41:17,2026-06-22 19:00:32,False,numeric,2.21,0.020000000000000018,259.25
MAH-05-15184,36966609,1-X-2 / 2 goals Up,1-X-2 / Ventaja 2 goles,1,3,3,Argentina - Austria,EUR,1.5,1.5,2026-06-21 14:16:36,2026-06-21 14:17:52,False,string,20.0,0.06382978723404253,1.2666666666666666
MAH-08-37003,36966609,1-X-2 / 2 goals Up,1-X-2 / Ventaja 2 goles,1,3,3,Argentina - Austria,EUR,1.5,1.5,2026-06-18 10:35:42,2026-06-21 09:53:02,False,string,1.3599999999999999,0.07092198581560287,4277.333333333333
801289,36966610,1-X-2 / 2 goals Up,1-X-2 / Ventaja 2 goles,X,3,3,Jordan - Algeria,EUR,4.27,4.27,2026-06-22 14:54:53,2026-06-22 14:55:55,False,numeric,1.5,0.051724137931034475,1.0333333333333334
2568148,36966592,1-X-2 / 2 goals Up,1-X-2 / Ventaja 2 goles,2,3,3,New Zealand - Egypt,PEN,1.59,1.59,2026-06-21 05:06:21,2026-06-21 05:08:03,False,numeric,0.56,0.0,1.7
MAH-19-61002,36966640,Hat trick (three or more goals) (Star Substitute),Hat trick (tres o más goles) (Suplente Estrella),Cristiano Ronaldo,3,3,Portugal - Uzbekistan,EUR,8.35,8.35,2026-06-23 09:15:50,2026-06-23 09:17:06,False,string,10.5,0.07051282051282048,1.2666666666666666
MAH-10-40004,36966638,Hat trick (three or more goals) (Star Substitute),Hat trick (tres o más goles) (Suplente Estrella),Harry Kane,3,3,England - Ghana,EUR,10.75,10.75,2026-06-23 08:48:04,2026-06-23 12:30:38,False,string,7.5,0.5,222.56666666666666
MAH-01-13172,36966612,Hat trick (three or more goals) (Star Substitute),Hat trick (tres o más goles) (Suplente Estrella),Mbappe,3,3,France - Iraq,EUR,7.9,7.9,2026-06-22 19:53:02,2026-06-22 19:54:03,False,string,210.0,0.04635761589403975,1.0166666666666666
MAH-10-40004,36966640,Hat trick (three or more goals) (Star Substitute),Hat trick (tres o más goles) (Suplente Estrella),Cristiano Ronaldo,3,3,Portugal - Uzbekistan,EUR,8.1,8.1,2026-06-23 08:48:04,2026-06-23 12:30:38,False,string,7.5,0.03846153846153855,222.56666666666666
2578658,36966480,1-X-2 / 2 goals Up,1-X-2 / Ventaja 2 goles,1,3,3,Usa - Australia,PEN,1.58,1.61,2026-06-18 16:45:36,2026-06-19 02:43:40,False,numeric,2.33,0.045751633986928164,598.0666666666667
2138429,36966640,Hat trick (three or more goals) (Star Substitute),Hat trick (tres o más goles) (Suplente Estrella),Cristiano Ronaldo,3,3,Portugal - Uzbekistan,PEN,8.75,8.75,2026-06-23 03:29:44,2026-06-23 03:34:07,True,numeric,35.0,0.1217948717948718,4.383333333333334
MAH-04-07490,36966611,Hat trick (three or more goals) (Star Substitute),Hat trick (tres o más goles) (Suplente Estrella),Haaland,3,3,Norway - Senegal,EUR,21.0,21.0,2026-06-22 19:11:51,2026-06-22 19:12:57,True,string,27.5,-0.125,1.1
MAH-04-08091,36966640,Hat trick (three or more goals) (Star Substitute),Hat trick (tres o más goles) (Suplente Estrella),Cristiano Ronaldo,3,3,Portugal - Uzbekistan,EUR,8.05,8.15,2026-06-23 15:54:11,2026-06-23 16:11:42,False,string,17.5,0.04914529914529919,17.516666666666666
MAH-10-02011,36966612,goal scorer (Star Substitute),Jugador en meter el 1º gol (Suplente Estrella),Mbappe,3,3,France - Iraq,EUR,3.16,3.16,2026-06-20 13:56:49,2026-06-20 13:58:06,False,string,0.24,0.025974025974025983,1.2833333333333334
MAH-03-27834,36966553,Team goals,Goles equipo,Germany 2 or more,3,3,Germany - Ivory Coast,EUR,1.55,1.55,2026-06-18 09:36:33,2026-06-18 09:46:34,False,string,0.2,0.026490066225165476,10.016666666666667
MAH-01-12133,36966612,Home-side combo (bet builder),Francia,"France win, Over 8.5 corners y Michael Olise to score",3,3,France - Iraq,EUR,3.46,3.46,2026-06-22 17:05:19,2026-06-22 17:06:30,False,string,0.09,0.05810397553516822,1.1833333333333333
MAH-10-33002,36966590,1-X-2 / 2 goals Up,1-X-2 / Ventaja 2 goles,1,3,3,Uruguay - Cape Verde,EUR,1.42,1.36,2026-06-21 10:38:54,2026-06-21 20:36:10,False,string,44.17,1.4802973661668753e-16,597.2666666666667
2555563,36966590,1-X-2 / 2 goals Up,1-X-2 / Ventaja 2 goles,1,3,3,Uruguay - Cape Verde,EUR,1.45,1.45,2026-06-21 13:00:56,2026-06-21 13:21:44,False,numeric,7.93,0.050724637681159424,20.8
MAH-04-08150,36966609,Home-side combo (bet builder),Argentina,Lionel Messi 2 or more shots on target y Arnautovic 2 or more shots on target,3,3,Argentina - Austria,EUR,6.65,6.6,2026-06-21 14:54:02,2026-06-22 14:37:54,False,string,0.46,0.01582440020418585,1423.8666666666666
MAH-10-35004,33890444,To score or assist (Star Substitute),Marcar gol o asistir (Suplente Estrella),Harry Kane,3,3,England - Croatia,EUR,1.74,1.74,2026-06-17 12:52:26,2026-06-17 12:52:49,False,string,0.03,0.011627906976744207,0.38333333333333336
MAH-06-00056,33890291,To score or assist (Star Substitute),Marcar gol o asistir (Suplente Estrella),Vinícius,3,3,Brazil - Morocco,EUR,2.01,1.93,2026-06-11 17:46:31,2026-06-13 08:54:09,False,string,0.5700000000000001,-0.013266998341625183,2347.633333333333
MAH-01-12133,36966638,To score or assist (Star Substitute),Marcar gol o asistir (Suplente Estrella),Bellingham,3,3,England - Ghana,EUR,1.89,1.89,2026-06-22 17:05:19,2026-06-22 17:06:30,False,string,0.09,-0.0052631578947368585,1.1833333333333333
MAH-11-02002,36966612,Home-side combo (bet builder),Francia,France win y A goal in both halves,3,3,France - Iraq,EUR,1.46,1.46,2026-06-22 16:53:38,2026-06-22 16:56:05,False,string,1.6600000000000001,0.0,2.45
MAH-02-02000,36966638,To score or assist (Star Substitute),Marcar gol o asistir (Suplente Estrella),Harry Kane,3,3,England - Ghana,EUR,1.52,1.44,2026-06-20 12:44:58,2026-06-21 12:18:10,False,string,1.76,0.1369509043927648,1413.2
MAH-01-05432,36966638,To score or assist (Star Substitute),Marcar gol o asistir (Suplente Estrella),Harry Kane,3,3,England - Ghana,EUR,1.42,1.42,2026-06-20 08:08:01,2026-06-22 13:46:05,False,string,1.65,0.12403100775193798,3218.0666666666666
MAH-01-12184,36966640,To score or assist (Star Substitute),Marcar gol o asistir (Suplente Estrella),Vitinha,3,3,Portugal - Uzbekistan,EUR,2.75,2.75,2026-06-23 15:01:19,2026-06-23 15:01:50,False,string,25.0,-0.0072202166064981865,0.5166666666666667
MAH-01-05432,36966611,To score or assist (Star Substitute),Marcar gol o asistir (Suplente Estrella),Haaland,3,3,Norway - Senegal,EUR,1.67,1.67,2026-06-20 08:08:01,2026-06-22 13:46:05,False,string,1.65,0.01949317738791419,3218.0666666666666
MAH-02-02000,36966612,To score or assist (Star Substitute),Marcar gol o asistir (Suplente Estrella),Mbappe,3,3,France - Iraq,EUR,1.21,1.22,2026-06-20 12:44:58,2026-06-21 12:18:10,False,string,1.76,0.005509641873278219,1413.2
MAH-01-51282,36966590,To score or assist (Star Substitute),Marcar gol o asistir (Suplente Estrella),Valverde,3,3,Uruguay - Cape Verde,EUR,2.35,2.35,2026-06-21 11:43:09,2026-06-21 16:59:16,False,string,0.65,0.015804597701149465,316.1166666666667
MAH-04-07152,36966550,To score or assist (Star Substitute),Marcar gol o asistir (Suplente Estrella),Enner Valencia,3,3,Ecuador - Curaçao,EUR,1.39,1.39,2026-06-20 09:54:53,2026-06-20 09:56:48,False,string,0.49,-0.027972027972028024,1.9166666666666667
MAH-03-24543,36966609,To score or assist (Star Substitute),Marcar gol o asistir (Suplente Estrella),Lionel Messi,3,3,Argentina - Austria,EUR,1.48,1.48,2026-06-22 14:46:07,2026-06-22 14:48:54,False,string,0.6300000000000001,-0.0326797385620915,2.783333333333333
MAH-01-11006,36966612,Home-side combo (bet builder),Francia,"France win, Over 2.5 goals y Mbappe to score",3,3,France - Iraq,EUR,1.63,1.63,2026-06-21 11:53:37,2026-06-21 17:07:12,False,string,2.08,0.0,313.5833333333333
MAH-03-27313,36966612,Home-side combo (bet builder),Francia,"France win, Over 3.5 goals y Mbappe to score",3,3,France - Iraq,EUR,2.28,2.28,2026-06-19 20:17:56,2026-06-19 20:37:43,False,string,3.4699999999999998,0.08571428571428563,19.783333333333335
1966683,36966612,Home-side combo (bet builder),Francia,"France win, Over 10.5 corners y Mbappe to score a Hat trick (three or more goals)",3,3,France - Iraq,EUR,20.0,20.0,2026-06-22 19:13:20,2026-06-22 19:16:26,False,numeric,0.77,0.17647058823529416,3.1
MAH-01-05520,36966609,To score or assist (Star Substitute),Marcar gol o asistir (Suplente Estrella),Lionel Messi,3,3,Argentina - Austria,EUR,1.51,1.52,2026-06-22 09:57:25,2026-06-22 16:18:10,False,string,0.7000000000000001,-0.008714596949891074,380.75
1322453,36966611,To score or assist (Star Substitute),Marcar gol o asistir (Suplente Estrella),Sadio Mane,3,3,Norway - Senegal,EUR,2.38,2.46,2026-06-22 16:53:43,2026-06-22 23:55:19,False,numeric,3.41,0.0399159663865547,421.6
2314105,36966609,Home-side combo (bet builder),Argentina,"Argentina win, Over 3.5 goals y Lionel Messi to score",3,5,Argentina - Austria,EUR,5.45,5.45,2026-06-21 15:04:35,2026-06-21 15:05:56,True,numeric,0.78,0.04807692307692313,1.35
MAH-05-13001,36966609,Home-side combo (bet builder),Argentina,Argentina win y Lautaro Martínez to score,3,3,Argentina - Austria,EUR,2.74,2.74,2026-06-21 18:20:13,2026-06-21 18:26:49,False,string,1.58,0.02621722846441954,6.6
2189927,36966609,1-X-2 / 2 goals Up,1-X-2 / Ventaja 2 goles,1,3,3,Argentina - Austria,EUR,1.52,1.52,2026-06-21 20:20:26,2026-06-21 22:08:18,False,numeric,5.5,0.07801418439716312,107.86666666666666
2627239,36966593,Home-side combo (bet builder),Bélgica,Belgium win y Doku to score,3,3,Belgium - Iran,EUR,3.95,3.94,2026-06-19 11:50:48,2026-06-21 03:13:09,False,numeric,0.53,0.09233610341643583,2362.35
2314105,36966611,Home-side combo (bet builder),Noruega,"Norway win, Over 8.5 corners y Haaland to score",3,5,Norway - Senegal,EUR,5.35,5.35,2026-06-21 15:04:35,2026-06-21 15:05:56,True,numeric,0.78,-0.03603603603603611,1.35
871753,36966593,1-X-2 / 2 goals Up,1-X-2 / Ventaja 2 goles,1,3,3,Belgium - Iran,EUR,1.42,1.4,2026-06-20 22:00:46,2026-06-21 08:13:59,False,numeric,0.8500000000000001,-0.002364066193853468,613.2166666666667
MAH-03-27873,36966609,1-X-2 / 2 goals Up,1-X-2 / Ventaja 2 goles,1,3,3,Argentina - Austria,EUR,1.38,1.38,2026-06-22 16:33:23,2026-06-22 16:36:43,False,string,670.0,-0.021276595744680882,3.3333333333333335
MAH-05-13001,36966638,Home-side combo (bet builder),Inglaterra,"England win, Both teams to score y Harry Kane to score",3,3,England - Ghana,EUR,3.78,3.78,2026-06-23 15:59:19,2026-06-23 16:00:33,False,string,9.5,0.061797752808988804,1.2333333333333334
MAH-01-55212,36966550,First to score for their team (Star Substitute),Jugador en meter el 1º gol del equipo (Suplente Estrella),Kenji Gorré,3,3,Ecuador - Curaçao,EUR,14.0,14.0,2026-06-20 12:51:56,2026-06-20 12:54:29,False,string,5.5,0.0,2.55
MAH-03-24236,36966609,First to score for their team (Star Substitute),Jugador en meter el 1º gol del equipo (Suplente Estrella),Lionel Messi,3,3,Argentina - Austria,EUR,2.73,2.73,2026-06-22 15:30:02,2026-06-22 15:31:25,False,string,4.17,-0.03191489361702127,1.3833333333333333
MAH-01-13172,36966591,To Score a Header (Star Substitute),Marcar gol con la cabeza (Suplente Estrella),Laporte,3,3,Spain - Saudi Arabia,EUR,17.0,17.0,2026-06-21 08:15:46,2026-06-21 08:23:48,False,string,0.65,0.1333333333333333,8.033333333333333
MAH-01-12184,36966638,To Score a Header (Star Substitute),Marcar gol con la cabeza (Suplente Estrella),Harry Kane,3,3,England - Ghana,EUR,4.0,4.0,2026-06-23 15:01:19,2026-06-23 15:01:50,False,string,25.0,0.058201058201058364,0.5166666666666667
MAH-03-03008,36966591,To score from outside the box (Star Substitute),Marcar gol desde fuera del área (Suplente Estrella),Lamine Yamal,3,3,Spain - Saudi Arabia,EUR,7.1,7.1,2026-06-21 14:44:23,2026-06-21 14:44:51,False,string,60.0,0.021582733812949506,0.4666666666666667
MAH-04-07271,36966609,To score from outside the box (Star Substitute),Marcar gol desde fuera del área (Suplente Estrella),Lionel Messi,3,3,Argentina - Austria,EUR,5.3,5.3,2026-06-21 15:35:21,2026-06-22 16:55:17,False,string,0.9,-0.009345794392523366,1519.9333333333334
MAH-02-02144,36966590,To score from outside the box (Star Substitute),Marcar gol desde fuera del área (Suplente Estrella),Valverde,3,3,Uruguay - Cape Verde,EUR,7.35,7.35,2026-06-21 21:46:08,2026-06-21 21:48:10,False,string,9.0,0.0,2.033333333333333
MAH-01-01337,36966485,Home-side combo (bet builder),Brasil,Brazil win y Over 2.5 goals,3,3,Brazil - Haiti,EUR,1.36,1.36,2026-06-19 15:12:06,2026-06-19 15:21:20,False,string,0.44999999999999996,-0.03546099290780125,9.233333333333333
1322453,36966611,To score or assist (Star Substitute),Marcar gol o asistir (Suplente Estrella),Odegaard,3,3,Norway - Senegal,EUR,2.57,2.52,2026-06-22 16:56:42,2026-06-22 23:55:48,False,numeric,3.1999999999999997,-0.009727626459143934,419.1
1322453,36966612,To score or assist (Star Substitute),Marcar gol o asistir (Suplente Estrella),Mbappe,3,3,France - Iraq,EUR,1.22,1.22,2026-06-22 16:54:32,2026-06-22 20:46:09,False,numeric,6.49,0.011019283746556438,231.61666666666667
MAH-01-13371,37312355,Home-side combo (bet builder),Almería,Almeria win y Sergio Arribas to score,3,3,Almeria - Malaga,EUR,4.17,4.17,2026-06-20 10:50:55,2026-06-20 16:36:57,False,string,5.789999999999999,0.006472491909384999,346.03333333333336
2314105,36966591,Home-side combo (bet builder),España,Spain wins at half time / Spain wins full time y Pedri to score,3,5,Spain - Saudi Arabia,EUR,5.5,5.5,2026-06-21 15:04:35,2026-06-21 15:05:56,True,numeric,0.78,0.0,1.35
MAH-05-15163,36966593,Home-side combo (bet builder),Bélgica,Belgium win y A goal in both halves,3,3,Belgium - Iran,EUR,2.05,2.04,2026-06-21 07:38:36,2026-06-21 18:18:05,False,string,0.1,0.003252032520325243,639.4833333333333
MAH-01-04991,36966590,1-X-2 / 2 goals Up,1-X-2 / Ventaja 2 goles,1,3,3,Uruguay - Cape Verde,EUR,1.46,1.46,2026-06-21 10:25:48,2026-06-21 10:26:34,False,string,3.33,0.05797101449275366,0.7666666666666667
MAH-08-37003,36966590,1-X-2 / 2 goals Up,1-X-2 / Ventaja 2 goles,1,3,3,Uruguay - Cape Verde,EUR,1.44,1.43,2026-06-20 09:25:42,2026-06-21 09:53:02,False,string,1.53,0.04106280193236711,1467.3333333333333
1256949,36966593,1-X-2 / 2 goals Up,1-X-2 / Ventaja 2 goles,1,3,3,Belgium - Iran,EUR,1.41,1.41,2026-06-18 15:35:24,2026-06-20 08:13:12,False,numeric,4.72,0.007092198581560257,2437.8
2624613,36966612,To score 2 or more goals (Star Substitute),Marcar 2 goles o más (Suplente Estrella),Mbappe,3,3,France - Iraq,PEN,3.17,3.17,2026-06-20 18:02:26,2026-06-20 23:17:56,False,numeric,3.97,0.12811387900355875,315.5
2138429,36966640,To score 2 or more goals (Star Substitute),Marcar 2 goles o más (Suplente Estrella),Cristiano Ronaldo,3,3,Portugal - Uzbekistan,PEN,3.17,3.17,2026-06-23 03:29:18,2026-06-23 03:33:08,False,numeric,20.0,0.08561643835616439,3.8333333333333335
895037,36966611,To score 2 or more goals (Star Substitute),Marcar 2 goles o más (Suplente Estrella),Haaland,3,3,Norway - Senegal,EUR,5.85,5.85,2026-06-22 19:59:19,2026-06-22 20:44:09,False,numeric,2.8499999999999996,-0.05774278215223094,44.833333333333336
MAH-01-01277,36966611,To score 2 or more goals (Star Substitute),Marcar 2 goles o más (Suplente Estrella),Haaland,3,3,Norway - Senegal,EUR,5.7,5.7,2026-06-22 09:18:26,2026-06-22 09:22:30,False,string,3.0,-0.10236220472440938,4.066666666666666
MAH-04-07419,36966590,To score 2 or more goals (Star Substitute),Marcar 2 goles o más (Suplente Estrella),Federico Viñas,3,5,Uruguay - Cape Verde,EUR,8.35,8.35,2026-06-21 15:14:13,2026-06-21 15:14:40,True,string,0.33,0.07741935483870965,0.45
1361572,36966592,To score 2 or more goals (Star Substitute),Marcar 2 goles o más (Suplente Estrella),Mohamed Salah,3,3,New Zealand - Egypt,EUR,7.0,8.05,2026-06-21 15:33:05,2026-06-21 21:59:33,False,numeric,0.42000000000000004,-0.16949152542372872,386.46666666666664
MAH-04-07419,36966592,To score 2 or more goals (Star Substitute),Marcar 2 goles o más (Suplente Estrella),Omar Marmoush,3,5,New Zealand - Egypt,EUR,9.25,9.25,2026-06-21 15:14:13,2026-06-21 15:14:40,True,string,0.33,-0.16666666666666663,0.45
MAH-03-27862,36966638,To score 2 or more goals (Star Substitute),Marcar 2 goles o más (Suplente Estrella),Harry Kane,3,3,England - Ghana,EUR,3.76,3.76,2026-06-23 09:36:40,2026-06-23 09:39:05,False,string,2.5,0.3672727272727272,2.4166666666666665
MAH-04-07419,36966612,Hat trick (three or more goals) (Star Substitute),Hat trick (tres o más goles) (Suplente Estrella),Mbappe,3,4,France - Iraq,EUR,8.25,8.25,2026-06-22 15:31:11,2026-06-22 15:31:41,True,string,0.63,0.0927152317880795,0.5
MAH-18-01007,36966612,To score 2 or more goals (Star Substitute),Marcar 2 goles o más (Suplente Estrella),Mbappe,3,3,France - Iraq,EUR,3.03,3.03,2026-06-21 11:32:11,2026-06-21 11:32:43,False,string,0.2,0.07829181494661919,0.5333333333333333
1361572,36966612,Hat trick (three or more goals) (Star Substitute),Hat trick (tres o más goles) (Suplente Estrella),Mbappe,3,5,France - Iraq,EUR,8.45,8.45,2026-06-21 15:27:48,2026-06-21 15:28:26,True,numeric,0.45,0.11920529801324498,0.6333333333333333
MAH-01-01277,36966612,To score 2 or more goals (Star Substitute),Marcar 2 goles o más (Suplente Estrella),Mbappe,3,3,France - Iraq,EUR,3.05,3.05,2026-06-22 09:18:26,2026-06-22 09:22:30,False,string,3.0,0.08540925266903909,4.066666666666666
MAH-01-01411,36966612,To score 2 or more goals (Star Substitute),Marcar 2 goles o más (Suplente Estrella),Mbappe,3,3,France - Iraq,EUR,3.05,3.05,2026-06-22 08:36:26,2026-06-22 08:41:47,False,string,22.0,0.08540925266903909,5.35
MAH-10-40004,36966612,Hat trick (three or more goals) (Star Substitute),Hat trick (tres o más goles) (Suplente Estrella),Mbappe,3,3,France - Iraq,EUR,8.0,8.0,2026-06-22 08:30:27,2026-06-22 12:07:13,False,string,10.0,0.0596026490066226,216.76666666666668
MAH-05-15124,36966612,Hat trick (three or more goals) (Star Substitute),Hat trick (tres o más goles) (Suplente Estrella),Mbappe,3,3,France - Iraq,EUR,7.2,7.2,2026-06-22 20:55:45,2026-06-22 20:56:02,False,string,0.33,-0.04635761589403964,0.2833333333333333
MAH-01-13342,36966612,To score 2 or more goals (Star Substitute),Marcar 2 goles o más (Suplente Estrella),Mbappe,3,3,France - Iraq,EUR,3.0,2.8,2026-06-22 18:14:54,2026-06-22 20:29:04,False,string,7.75,0.020166073546856362,134.16666666666666
MAH-02-01767,36966640,Hat trick (three or more goals) (Star Substitute),Hat trick (tres o más goles) (Suplente Estrella),Cristiano Ronaldo,3,4,Portugal - Uzbekistan,EUR,8.05,8.05,2026-06-23 16:42:21,2026-06-23 16:44:28,True,string,15.15,0.03205128205128216,2.1166666666666667
MAH-04-07046,36966612,To score 2 or more goals (Star Substitute),Marcar 2 goles o más (Suplente Estrella),Mbappe,3,3,France - Iraq,EUR,3.12,3.12,2026-06-20 09:28:59,2026-06-21 21:41:19,False,string,1.04,0.12218268090154212,2172.3333333333335
2044042,36966638,To score 2 or more goals (Star Substitute),Marcar 2 goles o más (Suplente Estrella),Harry Kane,3,3,England - Ghana,EUR,2.92,3.88,2026-06-23 06:25:50,2026-06-23 18:45:18,False,numeric,9.5,0.18424242424242424,739.4666666666667
MAH-04-07419,36966591,To score 2 or more goals (Star Substitute),Marcar 2 goles o más (Suplente Estrella),Oyarzabal,3,5,Spain - Saudi Arabia,EUR,3.87,3.92,2026-06-21 15:14:13,2026-06-21 15:14:40,True,string,0.33,0.034391534391534376,0.45
2138429,36966612,Hat trick (three or more goals) (Star Substitute),Hat trick (tres o más goles) (Suplente Estrella),Mbappe,3,3,France - Iraq,PEN,7.95,7.25,2026-06-22 19:46:21,2026-06-22 19:50:59,True,numeric,68.75,3.700743415417188e-17,4.633333333333334
2157361,36966591,To score 2 or more goals (Star Substitute),Marcar 2 goles o más (Suplente Estrella),Oyarzabal,3,3,Spain - Saudi Arabia,EUR,3.83,3.83,2026-06-19 23:38:15,2026-06-21 07:48:20,False,numeric,0.73,0.013227513227513255,1930.0833333333333
MAH-02-02000,36966612,To score 2 or more goals (Star Substitute),Marcar 2 goles o más (Suplente Estrella),Mbappe,3,3,France - Iraq,EUR,3.12,3.17,2026-06-20 12:31:01,2026-06-21 12:16:16,False,string,3.3,0.1162514827995255,1425.25
430294,36966593,1-X-2 / 2 goals Up,1-X-2 / Ventaja 2 goles,1,3,3,Belgium - Iran,EUR,1.42,1.42,2026-06-21 13:39:43,2026-06-21 13:49:40,False,numeric,4.17,0.007092198581560183,9.95
MAH-03-02744,36966609,To score 2 or more goals (Star Substitute),Marcar 2 goles o más (Suplente Estrella),Lionel Messi,3,3,Argentina - Austria,EUR,5.65,5.65,2026-06-22 12:12:17,2026-06-22 12:33:15,False,string,2.07,-0.09599999999999997,20.966666666666665
MAH-04-07490,36966609,To score 2 or more goals (Star Substitute),Marcar 2 goles o más (Suplente Estrella),Lionel Messi,3,3,Argentina - Austria,EUR,6.2,6.2,2026-06-22 16:47:36,2026-06-22 16:49:29,True,string,43.0,-0.008000000000000007,1.8833333333333333
MAH-04-07489,36966612,To score 2 or more goals (Star Substitute),Marcar 2 goles o más (Suplente Estrella),Michael Olise,3,3,France - Iraq,EUR,7.35,7.35,2026-06-22 14:27:30,2026-06-22 14:33:54,False,string,0.91,-0.07547169811320764,6.4
1423458,36966612,To score 2 or more goals (Star Substitute),Marcar 2 goles o más (Suplente Estrella),Michael Olise,3,3,France - Iraq,EUR,7.65,7.65,2026-06-21 00:15:10,2026-06-22 00:10:30,False,numeric,0.8300000000000001,-0.037735849056603765,1435.3333333333333
MAH-05-15321,36966611,To score 2 or more goals (Star Substitute),Marcar 2 goles o más (Suplente Estrella),Haaland,3,11,Norway - Senegal,EUR,5.8,5.8,2026-06-22 16:23:52,2026-06-22 16:25:41,True,string,0.5,-0.08661417322834641,1.8166666666666667
MAH-03-02744,36966611,To score 2 or more goals (Star Substitute),Marcar 2 goles o más (Suplente Estrella),Haaland,3,3,Norway - Senegal,EUR,5.55,5.55,2026-06-22 12:12:17,2026-06-22 12:33:15,False,string,2.07,-0.12598425196850394,20.966666666666665
MAH-03-27442,36966609,To score 2 or more goals (Star Substitute),Marcar 2 goles o más (Suplente Estrella),Lionel Messi,3,3,Argentina - Austria,EUR,5.75,6.05,2026-06-21 12:10:42,2026-06-22 16:24:30,False,string,7.3,-0.06399999999999999,1693.8
2138429,36966611,To score 2 or more goals (Star Substitute),Marcar 2 goles o más (Suplente Estrella),Haaland,3,3,Norway - Senegal,PEN,6.2,6.2,2026-06-22 19:45:58,2026-06-22 19:50:59,True,numeric,60.0,-0.023622047244094446,5.016666666666667
MAH-03-24282,36966609,To score 2 or more goals (Star Substitute),Marcar 2 goles o más (Suplente Estrella),Lionel Messi,3,3,Argentina - Austria,EUR,5.75,6.15,2026-06-20 16:11:46,2026-06-21 17:18:52,False,string,0.96,-0.05866666666666661,1507.1
MAH-03-26074,36966609,To score 2 or more goals (Star Substitute),Marcar 2 goles o más (Suplente Estrella),Lionel Messi,3,3,Argentina - Austria,EUR,6.05,6.05,2026-06-22 16:39:57,2026-06-22 16:41:25,False,string,6.23,-0.03200000000000003,1.4666666666666666
2391039,36966609,To score 2 or more goals (Star Substitute),Marcar 2 goles o más (Suplente Estrella),Lionel Messi,3,3,Argentina - Austria,EUR,6.4,6.4,2026-06-22 16:06:29,2026-06-22 16:07:08,False,numeric,300.0,0.02400000000000002,0.65
MAH-18-01007,36966638,To score 2 or more goals (Star Substitute),Marcar 2 goles o más (Suplente Estrella),Harry Kane,3,3,England - Ghana,EUR,3.86,3.86,2026-06-21 11:32:11,2026-06-21 11:32:43,False,string,0.2,0.40363636363636357,0.5333333333333333
MAH-03-03054,36966612,To score 2 or more goals (Star Substitute),Marcar 2 goles o más (Suplente Estrella),Mbappe,3,3,France - Iraq,EUR,3.03,3.03,2026-06-21 17:28:09,2026-06-21 18:09:29,False,string,0.75,0.07829181494661919,41.333333333333336
MAH-03-24282,36966638,To score 2 or more goals (Star Substitute),Marcar 2 goles o más (Suplente Estrella),Harry Kane,3,3,England - Ghana,EUR,3.86,3.86,2026-06-20 16:11:46,2026-06-21 17:18:52,False,string,0.96,0.40363636363636357,1507.1
1310667,36966612,To score 2 or more goals (Star Substitute),Marcar 2 goles o más (Suplente Estrella),Mbappe,3,3,France - Iraq,EUR,3.13,2.97,2026-06-21 12:55:38,2026-06-22 16:59:25,False,numeric,12.15,0.07591933570581255,1683.7833333333333
MAH-10-40004,36966609,Hat trick (three or more goals) (Star Substitute),Hat trick (tres o más goles) (Suplente Estrella),Lionel Messi,3,3,Argentina - Austria,EUR,20.0,20.0,2026-06-22 08:30:00,2026-06-22 12:07:13,False,string,10.0,-0.04761904761904767,217.21666666666667
1304614,36966612,To score 2 or more goals (Star Substitute),Marcar 2 goles o más (Suplente Estrella),Mbappe,3,3,France - Iraq,EUR,3.13,3.13,2026-06-21 15:27:50,2026-06-22 14:30:49,False,numeric,1.08,0.10794780545670217,1382.9833333333333
MAH-19-39003,36966553,1-X-2 / 2 goals Up,1-X-2 / Ventaja 2 goles,1,3,3,Germany - Ivory Coast,EUR,1.51,1.5,2026-06-20 09:53:55,2026-06-20 16:48:57,False,string,15.129999999999999,0.09732360097323596,415.03333333333336
1810137,36966638,To score 2 or more goals (Star Substitute),Marcar 2 goles o más (Suplente Estrella),Harry Kane,3,3,England - Ghana,EUR,2.97,2.97,2026-06-23 13:56:39,2026-06-23 13:57:40,False,numeric,30.0,0.08000000000000007,1.0166666666666666
1467011,36966638,To score 2 or more goals (Star Substitute),Marcar 2 goles o más (Suplente Estrella),Harry Kane,3,3,England - Ghana,EUR,2.92,2.92,2026-06-23 16:09:54,2026-06-23 19:17:43,False,numeric,46.95,0.06181818181818177,187.81666666666666
MAH-01-49793,36966612,Team exact bookings (only players and in play),Número de tarjetas equipo (solo jugadores y en juego),France 1 or more,3,3,France - Iraq,EUR,1.55,1.55,2026-06-22 12:42:23,2026-06-22 12:49:03,False,string,2.7800000000000002,-0.04320987654320996,6.666666666666667
2625901,36966612,Team exact bookings (only players and in play),Número de tarjetas equipo (solo jugadores y en juego),Iraq 2 or more,3,3,France - Iraq,EUR,1.51,1.52,2026-06-21 23:35:58,2026-06-22 20:57:03,False,numeric,0.8300000000000001,-0.0982142857142857,1281.0833333333333
2295284,36966638,Team exact bookings (only players and in play),Número de tarjetas equipo (solo jugadores y en juego),Ghana 1 or more,3,3,England - Ghana,EUR,1.13,1.13,2026-06-23 12:53:18,2026-06-23 12:55:18,False,numeric,64.17,-0.03418803418803418,2.0
MAH-04-07629,37310664,To score 2 or more goals (Star Substitute),Marcar 2 goles o más (Suplente Estrella),Fabián Ruiz,3,3,Spain - Saudi Arabia,EUR,121.0,121.0,2026-06-21 17:39:59,2026-06-21 17:40:51,True,string,26.0,,0.8666666666666667
2206414,37327465,Team exact bookings (only players and in play),Número de tarjetas equipo (solo jugadores y en juego),Ghana 2 or more,3,3,England - Ghana,EUR,2.21,2.81,2026-06-23 21:50:40,2026-06-23 21:54:09,False,numeric,22.5,,3.4833333333333334
MAH-19-45003,33890211,1-X-2 / 2 goals Up,1-X-2 / Ventaja 2 goles,1,3,3,Argentina - Algeria,EUR,1.41,1.41,2026-06-16 15:33:27,2026-06-16 15:33:51,False,string,32.13,-0.07236842105263164,0.4
2445126,36966473,1-X-2 / 2 goals Up,1-X-2 / Ventaja 2 goles,1,3,3,Switzerland - Bosnia And Herzegovina,EUR,1.55,1.55,2026-06-16 10:26:56,2026-06-16 10:27:22,False,numeric,2.31,0.013071895424836555,0.43333333333333335
MAH-11-14002,36966553,Team to score a penalty,Equipo en marcar gol de penalti durante el partido,Germany,3,3,Germany - Ivory Coast,EUR,4.4,4.4,2026-06-20 16:30:40,2026-06-20 16:40:56,False,string,0.78,-0.009009009009009028,10.266666666666667
MAH-04-07248,36966612,Team to score a penalty,Equipo en marcar gol de penalti durante el partido,France,3,3,France - Iraq,EUR,3.37,3.37,2026-06-22 20:33:02,2026-06-22 20:35:31,False,string,1.48,0.0,2.4833333333333334
MAH-01-12121,36966609,Player to Score Free-Kick,Marcar gol de falta directa,Lionel Messi,3,3,Argentina - Austria,EUR,19.0,19.0,2026-06-21 10:09:42,2026-06-21 11:01:05,False,string,12.5,0.0,51.38333333333333
MAH-03-27882,36966612,Player to Score Free-Kick,Marcar gol de falta directa,Ousmane Dembele,3,3,France - Iraq,EUR,51.0,51.0,2026-06-22 19:09:39,2026-06-22 19:57:03,False,string,10.5,-0.12068965517241381,47.4
MAH-11-07003,36966609,Player to Score Free-Kick,Marcar gol de falta directa,Lionel Messi,3,3,Argentina - Austria,EUR,19.0,19.0,2026-06-21 09:07:00,2026-06-22 14:07:18,False,string,2.0,0.0,1740.3
MAH-03-27832,36966553,Home-side combo (bet builder),Alemania,Germany win y Both teams to score in first half,3,3,Germany - Ivory Coast,EUR,6.4,6.4,2026-06-19 09:24:20,2026-06-19 09:53:25,False,string,0.51,-0.0031152647975076775,29.083333333333332
1397693,36966612,Home-side combo (bet builder),Francia,France to win both halves y Over 3.5 goals,3,3,France - Iraq,EUR,2.53,2.41,2026-06-19 16:13:19,2026-06-21 23:04:35,False,numeric,0.62,0.08888888888888886,3291.266666666667
MAH-19-95003,36966593,1-X-2 / 2 goals Up,1-X-2 / Ventaja 2 goles,1,3,3,Belgium - Iran,EUR,1.4,1.4,2026-06-21 15:40:17,2026-06-21 15:41:30,False,string,293.2,-0.007092198581560294,1.2166666666666666
MAH-19-39003,36966549,1-X-2 / 2 goals Up,1-X-2 / Ventaja 2 goles,1,3,3,Netherlands - Sweden,EUR,1.71,1.64,2026-06-20 09:53:55,2026-06-20 16:48:57,False,string,15.129999999999999,0.009980039920159648,415.03333333333336
2257924,36966611,Team exact bookings (only players and in play),Número de tarjetas equipo (solo jugadores y en juego),Senegal 2 or more,3,3,Norway - Senegal,PEN,1.49,1.5,2026-06-22 00:59:39,2026-06-22 19:32:10,False,numeric,1.04,-0.00666666666666671,1112.5166666666667
1467011,36966640,To score 2 or more goals (Star Substitute),Marcar 2 goles o más (Suplente Estrella),Cristiano Ronaldo,3,3,Portugal - Uzbekistan,EUR,2.92,2.97,2026-06-23 16:09:54,2026-06-23 16:25:59,False,numeric,48.0,0.01141552511415537,16.083333333333332
MAH-01-01598,36966612,Home-side combo (bet builder),Francia,France win y Mbappe to score,3,3,France - Iraq,EUR,1.49,1.49,2026-06-22 16:39:56,2026-06-22 16:58:54,False,string,0.9400000000000001,0.0,18.966666666666665
2625901,36966550,Team exact bookings (only players and in play),Número de tarjetas equipo (solo jugadores y en juego),Curaçao 3 or more,3,3,Ecuador - Curaçao,EUR,2.28,2.28,2026-06-20 19:29:55,2026-06-20 23:53:09,False,numeric,3.21,0.019736842105263275,263.23333333333335
MAH-03-27985,36966612,To score 2 or more goals (Star Substitute),Marcar 2 goles o más (Suplente Estrella),Mbappe,3,4,France - Iraq,EUR,2.98,2.88,2026-06-22 15:22:18,2026-06-22 17:54:51,False,string,1.67,0.03825622775800713,152.55
MAH-04-07419,36966612,To score 2 or more goals (Star Substitute),Marcar 2 goles o más (Suplente Estrella),Mbappe,3,5,France - Iraq,EUR,3.07,3.12,2026-06-21 21:59:00,2026-06-22 15:34:54,False,string,0.6,0.09608540925266902,1055.9
MAH-03-24061,36966612,To score 2 or more goals (Star Substitute),Marcar 2 goles o más (Suplente Estrella),Michael Olise,3,3,France - Iraq,EUR,7.2,7.6,2026-06-22 17:03:11,2026-06-22 17:04:29,False,string,2.67,-0.07756813417190778,1.3
MAH-10-38002,36966612,Home-side combo (bet builder),Francia,"France win, Over 8.5 corners y Michael Olise to score",3,3,France - Iraq,EUR,3.43,3.27,2026-06-22 19:25:12,2026-06-22 19:58:09,False,string,1.85,0.024464831804281384,32.95
MAH-03-27833,36966612,Home-side combo (bet builder),Francia,"France win, Over 8.5 corners y Mbappe to score",3,3,France - Iraq,EUR,2.11,2.11,2026-06-21 08:29:14,2026-06-21 08:37:35,False,string,1.06,-0.045248868778280604,8.35
MAH-11-10006,36966609,Home-side combo (bet builder),Argentina,Argentina to win 1st half y Argentina to win 2nd half,3,3,Argentina - Austria,EUR,4.4,4.4,2026-06-21 11:42:49,2026-06-21 12:07:22,False,string,4.77,0.22905027932960897,24.55
MAH-05-15073,36966611,To score 2 or more goals (Star Substitute),Marcar 2 goles o más (Suplente Estrella),Haaland,3,3,Norway - Senegal,EUR,6.2,6.2,2026-06-22 20:30:23,2026-06-22 20:34:51,False,string,1.25,-0.023622047244094446,4.466666666666667
MAH-05-13001,36966638,Home-side combo (bet builder),Inglaterra,"England win, Over 2.5 goals y Harry Kane first goalscorer",3,3,England - Ghana,EUR,4.27,4.27,2026-06-23 16:02:48,2026-06-23 16:04:30,False,string,7.51,0.01909307875894961,1.7
MAH-03-28004,36966611,Home-side combo (bet builder),Noruega,Norway win y Haaland to score,3,3,Norway - Senegal,EUR,3.1,3.15,2026-06-22 16:33:06,2026-06-22 16:35:12,False,string,5.01,-0.14855072463768118,2.1
2600202,36966612,Team tackles,Entradas ganadas (tackles) equipo,France 16 or more,3,3,France - Iraq,PEN,2.19,2.19,2026-06-19 09:11:24,2026-06-19 09:11:34,False,numeric,1200.0,0.0,0.16666666666666666
1304614,36966609,To score 2 or more goals (Star Substitute),Marcar 2 goles o más (Suplente Estrella),Lionel Messi,3,3,Argentina - Austria,EUR,5.95,5.95,2026-06-21 15:27:50,2026-06-22 14:30:49,False,numeric,1.08,-0.03199999999999995,1382.9833333333333
2600202,36966591,Team tackles,Entradas ganadas (tackles) equipo,Saudi Arabia 18 or more,3,3,Spain - Saudi Arabia,PEN,2.51,2.51,2026-06-18 04:09:31,2026-06-18 04:09:48,False,numeric,1138.0,0.0,0.2833333333333333
1970379,36966609,To score 2 or more goals (Star Substitute),Marcar 2 goles o más (Suplente Estrella),Lionel Messi,3,3,Argentina - Austria,EUR,6.2,6.2,2026-06-22 16:46:57,2026-06-22 16:47:09,False,numeric,0.42000000000000004,-0.008000000000000007,0.2
MAH-04-07419,36966609,To score 2 or more goals (Star Substitute),Marcar 2 goles o más (Suplente Estrella),Lautaro Martínez,3,3,Argentina - Austria,EUR,8.65,8.65,2026-06-21 15:18:33,2026-06-21 21:56:37,False,string,0.56,0.02366863905325456,398.06666666666666
2600202,36966609,Team tackles,Entradas ganadas (tackles) equipo,Austria 17 or more,3,3,Argentina - Austria,PEN,2.61,2.61,2026-06-19 05:05:56,2026-06-19 05:06:10,False,numeric,1062.0,0.29850746268656714,0.23333333333333334
MAH-01-13473,36966640,To score 2 or more goals (Star Substitute),Marcar 2 goles o más (Suplente Estrella),Cristiano Ronaldo,3,3,Portugal - Uzbekistan,EUR,3.1,3.35,2026-06-22 08:43:14,2026-06-23 08:42:38,False,string,0.95,0.11872146118721465,1439.4
2624219,36966591,Team tackles,Entradas ganadas (tackles) equipo,Saudi Arabia 18 or more,3,3,Spain - Saudi Arabia,PEN,2.51,2.51,2026-06-18 04:09:32,2026-06-18 04:09:49,False,numeric,1138.0,0.0,0.2833333333333333
2320951,36966472,Match corners,Corners durante el partido,9 or more,3,3,Canada - Qatar,EUR,1.41,1.41,2026-06-18 18:57:50,2026-06-18 20:54:28,True,numeric,3.14,0.08461538461538454,116.63333333333334
MAH-11-10008,36966553,Match,Partido,Over 1.5 half time goals y Over 1.5 second half goals,3,3,Germany - Ivory Coast,EUR,4.12,4.12,2026-06-19 21:36:47,2026-06-19 21:38:27,False,string,1.7999999999999998,0.059125964010282805,1.6666666666666667
MAH-05-15124,33890309,Team Fouls,Faltas Equipo,Paraguay 13 or more,3,3,Usa - Paraguay,EUR,1.71,1.71,2026-06-12 17:33:16,2026-06-12 17:37:37,False,string,42.7,0.0,4.35
MAH-01-05459,36815870,Match,Partido,Both teams to score y A goal in both halves,3,3,Anyang - Sangju Sangmu Phoenix,EUR,2.16,2.16,2026-05-13 08:11:58,2026-05-13 08:13:20,False,string,2.71,0.0,1.3666666666666667
MAH-04-07673,33890259,Away-side combo (bet builder),Suiza,Switzerland win y A goal in both halves,3,3,Qatar - Switzerland,EUR,1.82,1.82,2026-06-13 12:46:33,2026-06-13 16:05:54,False,string,1.1400000000000001,0.02285714285714287,199.35
1682097,33890290,Away-side combo (bet builder),Escocia,Scotland win y Lawrence Shankland to score,3,3,Haiti - Scotland,PEN,2.33,2.46,2026-06-13 18:52:16,2026-06-14 00:34:33,False,numeric,31.67,-0.0467479674796748,342.28333333333336
2336805,36024518,Away-side combo (bet builder),Noruega,"Norway win, Over 8.5 corners y Haaland 2 or more shots on target",3,3,Iraq - Norway,EUR,2.63,2.33,2026-06-16 16:29:54,2026-06-16 21:53:37,False,numeric,1.3,0.08296943231441045,323.71666666666664
MAH-03-27314,36024518,Away-side combo (bet builder),Noruega,"Norway win, Over 8.5 corners y Haaland to score 2 or more goals",3,3,Iraq - Norway,EUR,4.52,4.65,2026-06-14 16:59:46,2026-06-14 18:20:27,False,string,3.2800000000000002,0.005822416302765661,80.68333333333334
MAH-01-05287,33890444,Match,Partido,Both teams to score y Over 7.5 corners,3,3,England - Croatia,EUR,2.69,2.63,2026-06-15 16:05:37,2026-06-17 16:01:45,False,string,0.47000000000000003,0.016731016731016807,2876.133333333333
MAH-10-38002,37316389,Match,Partido,Over 2.5 goals y Over 7.5 corners,3,3,Universidad de Chile - O'higgins FC,EUR,2.31,2.31,2026-06-18 21:19:34,2026-06-18 22:19:30,False,string,1.27,0.0,59.93333333333333
MAH-11-04001,37244243,Match,Partido,Under 0.5 half time goals y Both teams to score in second half,3,3,Renaissance Ezzmamra - Union Touarga,EUR,11.4,11.3,2026-06-09 16:44:42,2026-06-09 16:54:19,False,string,0.5700000000000001,0.005899705014749272,9.616666666666667
1442420,33890304,Match,Partido,Both teams to score y A goal in both halves,3,3,Netherlands - Japan,EUR,2.24,2.24,2026-06-14 16:03:13,2026-06-14 16:03:33,False,numeric,0.99,0.032258064516129226,0.3333333333333333
MAH-04-07673,36966549,Match,Partido,Both teams to score y Over 7.5 corners,3,3,Netherlands - Sweden,EUR,2.09,2.02,2026-06-20 12:24:08,2026-06-20 15:18:26,False,string,0.67,-0.006410256410256425,174.3
MAH-01-55368,36024492,Match,Partido,Both teams to score in first half y Over 10.5 corners,3,5,Australia - Turkey,EUR,11.53,11.42,2026-06-13 10:14:37,2026-06-13 18:17:42,True,string,1.45,-0.0023850823937554,483.0833333333333
2138429,33890416,Match,Partido,France win y Both teams to score in both halves,3,3,France - Senegal,PEN,31.0,31.0,2026-06-16 09:38:11,2026-06-16 18:57:47,True,numeric,24.0,0.34782608695652173,559.6
MAH-04-07673,33890416,Match,Partido,Over 2.5 goals y Over 7.5 corners,3,3,France - Senegal,EUR,2.23,2.23,2026-06-16 15:30:40,2026-06-16 18:36:46,False,string,0.38,0.07804878048780495,186.1
2336805,33890444,Match,Partido,Over 2.5 goals y Over 7.5 corners,3,3,England - Croatia,EUR,2.85,2.85,2026-06-16 21:57:00,2026-06-17 00:58:26,False,numeric,2.17,0.10465116279069764,181.43333333333334
2138429,37359071,Match,Partido,FK Transinvest win y Both teams to score in both halves,3,3,FK Transinvest - FK Zalgiris Kaunas,PEN,41.0,36.0,2026-06-20 13:01:17,2026-06-20 13:14:44,True,numeric,11.5,-0.12195121951219512,13.45
MAH-05-15162,33890259,To score or assist (Star Substitute),Marcar gol o asistir (Suplente Estrella),Xhaka,3,3,Qatar - Switzerland,EUR,2.19,2.19,2026-06-13 15:05:58,2026-06-13 15:06:47,False,string,25.0,-0.013513513513513598,0.8166666666666667
MAH-11-08001,36966469,Right foot shots on target (Star Substitute),Remates a puerta con la pierna derecha Tomas Soucek (Suplente Estrella),1 or more,3,3,Czech Republic - South Africa,EUR,3.0,3.0,2026-06-18 14:36:33,2026-06-18 14:37:24,False,string,94.0,0.0,0.85
435048,33890313,Shots on target outside the box (Star Substitute),Remates a puerta desde fuera del área Oyarzabal (Suplente Estrella),1 or more,3,3,Spain - Cape Verde,EUR,3.33,3.33,2026-06-14 19:36:45,2026-06-15 13:24:23,False,numeric,1.08,-0.04034582132564846,1067.6333333333334
2581405,36966466,Shots on target outside the box (Star Substitute),Remates a puerta desde fuera del área In-Beom Hwang (Suplente Estrella),1 or more,3,3,Mexico - South Korea,EUR,11.1,11.1,2026-06-19 00:28:59,2026-06-19 00:52:30,False,numeric,15.0,0.0,23.516666666666666
MAH-01-00821,36024520,Shots on target outside the box (Star Substitute),Remates a puerta desde fuera del área Cristiano Ronaldo (Suplente Estrella),2 or more,3,3,Portugal - Democratic Republic of the Congo,EUR,7.2,14.0,2026-06-17 13:10:05,2026-06-17 16:48:32,False,string,51.0,0.25,218.45
2054473,33890444,Shots on target outside the box (Star Substitute),Remates a puerta desde fuera del área Luka Modric (Suplente Estrella),1 or more,3,3,England - Croatia,EUR,6.95,6.95,2026-06-17 17:42:01,2026-06-17 18:41:32,False,numeric,43.75,0.0,59.516666666666666
MAH-08-17002,33890220,To score or assist (Star Substitute),Marcar gol o asistir (Suplente Estrella),Luis Diaz,3,3,Uzbekistan - Colombia,EUR,1.69,1.69,2026-06-16 21:17:36,2026-06-17 19:43:29,False,string,0.54,0.022222222222222216,1345.8833333333334
MAH-04-07851,33890444,To score or assist (Star Substitute),Marcar gol o asistir (Suplente Estrella),Harry Kane,3,3,England - Croatia,EUR,1.81,1.78,2026-06-16 08:42:49,2026-06-17 18:18:24,False,string,0.49,0.04651162790697683,2015.5833333333333
2457105,33890419,To score or assist (Star Substitute),Marcar gol o asistir (Suplente Estrella),Antoine Semenyo,3,3,Ghana - Panama,PEN,2.25,2.23,2026-06-17 17:29:24,2026-06-17 20:03:12,False,numeric,2.7399999999999998,0.06319115323854667,153.8
MAH-05-15273,36966549,To score or assist (Star Substitute),Marcar gol o asistir (Suplente Estrella),Cody Gakpo,3,3,Netherlands - Sweden,EUR,1.82,1.86,2026-06-17 20:14:14,2026-06-20 13:00:05,False,string,1.08,0.007092198581560368,3885.85
MAH-01-13262,36024520,To score or assist (Star Substitute),Marcar gol o asistir (Suplente Estrella),Cristiano Ronaldo,3,3,Portugal - Democratic Republic of the Congo,EUR,1.5,1.5,2026-06-17 16:25:09,2026-06-17 16:27:26,False,string,7.64,-0.0066225165562914245,2.283333333333333
MAH-01-05419,36966485,To score or assist (Star Substitute),Marcar gol o asistir (Suplente Estrella),Vinícius,3,3,Brazil - Haiti,EUR,1.37,1.37,2026-06-19 06:27:08,2026-06-19 22:39:24,False,string,3.67,-0.007246376811594013,972.2666666666667
1322453,36966466,To score or assist (Star Substitute),Marcar gol o asistir (Suplente Estrella),Heung-Min Son,3,3,Mexico - South Korea,EUR,2.36,2.44,2026-06-18 18:27:37,2026-06-19 00:42:00,False,numeric,2.65,0.04360056258790431,374.3833333333333
MAH-01-01541,33890416,To score or assist (Star Substitute),Marcar gol o asistir (Suplente Estrella),Mbappe,3,3,France - Senegal,EUR,1.53,1.53,2026-06-16 15:37:43,2026-06-16 17:15:57,False,string,3.5,0.020000000000000018,98.23333333333333
MAH-11-10008,36966485,Home-side combo (bet builder),Brasil,Brazil win y Over 2.5 goals,3,3,Brazil - Haiti,EUR,1.36,1.36,2026-06-19 17:57:21,2026-06-19 21:40:13,False,string,3.0,-0.04255319148936154,222.86666666666667
1397693,33890210,Home-side combo (bet builder),Austria,Austria win y A goal in both halves,3,3,Austria - Jordan,EUR,1.95,1.95,2026-06-16 12:19:46,2026-06-16 15:07:46,False,numeric,0.7,-0.010152284263959421,168.0
MAH-19-56001,36966549,Team shots on target,Remates a puerta equipo,Sweden 5 or more,3,3,Netherlands - Sweden,EUR,2.56,2.56,2026-06-19 17:45:43,2026-06-19 17:46:10,False,string,1.2000000000000002,-0.022900763358778664,0.45
1389493,36024518,Team shots on target,Remates a puerta equipo,Iraq 3 or more,3,3,Iraq - Norway,EUR,1.75,1.75,2026-06-16 18:11:52,2026-06-16 21:56:10,False,numeric,66.67,0.005714285714285672,224.3
MAH-01-00054,36966553,Match,Partido,Over 11.5 corners y Musiala to score,3,3,Germany - Ivory Coast,EUR,8.98,8.98,2026-06-20 18:45:30,2026-06-20 18:45:57,False,string,300.0,-0.04973544973544963,0.45
MAH-03-27873,36966553,Match,Partido,Over 2.5 goals y Over 7.5 corners,3,3,Germany - Ivory Coast,EUR,2.01,2.0,2026-06-19 08:18:26,2026-06-19 16:32:42,False,string,2.53,-0.013136288998357873,494.26666666666665
MAH-11-04001,36024492,Match,Partido,Over 2.5 goals y Over 7.5 corners,3,3,Australia - Turkey,EUR,2.51,2.51,2026-06-13 16:54:19,2026-06-13 17:08:39,False,string,0.33,0.008032128514056103,14.333333333333334
MAH-03-27873,36966480,Match,Partido,Over 2.5 goals y Over 7.5 corners,3,3,Usa - Australia,EUR,2.38,2.42,2026-06-19 08:18:26,2026-06-19 16:32:42,False,string,2.53,-0.17011494252873563,494.26666666666665
MAH-01-01578,33890306,Match,Partido,Over 2.5 goals y Over 9.5 corners,3,3,Germany - Curaçao,EUR,2.0,1.99,2026-06-14 14:13:31,2026-06-14 14:21:38,False,string,4.5,0.08333333333333333,8.116666666666667
MAH-01-01578,36024493,Match,Partido,Over 2.5 goals y Over 7.5 corners,3,3,Sweden - Tunisia,EUR,2.57,2.57,2026-06-14 14:13:31,2026-06-14 14:21:38,False,string,4.5,-0.019083969465648942,8.116666666666667
MAH-11-04001,37275587,Match,Partido,Over 2.5 goals y Over 7.5 corners,3,3,Malaga - Almeria,EUR,2.38,2.38,2026-06-14 14:07:16,2026-06-14 14:41:36,False,string,0.46,-0.028571428571428692,34.333333333333336
1258432,33890312,Team exact bookings (only players and in play),Número de tarjetas equipo (solo jugadores y en juego),Saudi Arabia 2 or more,3,3,Saudi Arabia - Uruguay,EUR,1.39,1.43,2026-06-15 20:51:47,2026-06-15 21:33:02,False,numeric,113.66,-0.009324009324009341,41.25
2010686,33890211,Team exact bookings (only players and in play),Número de tarjetas equipo (solo jugadores y en juego),Argentina 1 or more,3,3,Argentina - Algeria,EUR,1.23,1.23,2026-06-16 21:50:57,2026-06-16 21:58:37,False,numeric,20.0,0.03361344537815136,7.666666666666667
MAH-23-01902,33890290,Team exact bookings (only players and in play),Número de tarjetas equipo (solo jugadores y en juego),Scotland 2 or more,3,3,Haiti - Scotland,PEN,1.86,1.86,2026-06-13 14:59:20,2026-06-13 15:08:56,False,string,0.89,-0.015873015873015817,9.6
430294,33890291,Team exact bookings (only players and in play),Número de tarjetas equipo (solo jugadores y en juego),Morocco 2 or more,3,3,Brazil - Morocco,EUR,1.39,1.39,2026-06-13 17:55:33,2026-06-13 17:57:18,False,numeric,2.25,0.007246376811594235,1.75
MAH-03-03871,33890291,Team exact bookings (only players and in play),Número de tarjetas equipo (solo jugadores y en juego),Morocco 3 or more,3,3,Brazil - Morocco,EUR,2.06,2.06,2026-06-13 15:57:48,2026-06-13 15:58:17,False,string,12.5,-0.028301886792452824,0.48333333333333334
2039441,33890291,Team exact bookings (only players and in play),Número de tarjetas equipo (solo jugadores y en juego),Brazil 1 or more,3,3,Brazil - Morocco,EUR,1.16,1.17,2026-06-13 16:02:29,2026-06-13 21:09:32,False,numeric,2.1,0.008695652173913068,307.05
1634968,33890304,Team exact bookings (only players and in play),Número de tarjetas equipo (solo jugadores y en juego),Netherlands 1 or more,3,3,Netherlands - Japan,EUR,1.26,1.16,2026-06-11 08:58:13,2026-06-14 13:03:25,False,numeric,12.77,-0.05641025641025643,4565.2
2264489,37280327,Team exact bookings (only players and in play),Número de tarjetas equipo (solo jugadores y en juego),Bosnia-Herzegovina 1 or more,3,3,Switzerland - Bosnia-Herzegovina,EUR,1.13,1.11,2026-06-18 19:20:05,2026-06-18 19:30:02,False,numeric,3.0,,9.95
MAH-03-27783,36024493,Team exact bookings (only players and in play),Número de tarjetas equipo (solo jugadores y en juego),Tunisia 3 or more,3,3,Sweden - Tunisia,EUR,2.54,1.75,2026-06-11 15:31:28,2026-06-13 19:03:42,False,string,0.51,-0.14088050314465406,3092.233333333333
MAH-18-01007,33890313,Team exact bookings (only players and in play),Número de tarjetas equipo (solo jugadores y en juego),Cape Verde 2 or more,3,3,Spain - Cape Verde,EUR,1.6,1.5,2026-06-14 15:30:16,2026-06-15 14:53:06,False,string,9.0,0.010752688172042965,1402.8333333333333
MAH-03-03208,37265484,Team exact bookings (only players and in play),Número de tarjetas equipo (solo jugadores y en juego),Democratic Republic of the Congo 3 or more,3,3,Portugal - Democratic Republic of the Congo,EUR,1.95,1.95,2026-06-17 17:57:05,2026-06-17 17:57:44,False,string,16.67,,0.65
MAH-05-15074,36966486,Team exact bookings (only players and in play),Número de tarjetas equipo (solo jugadores y en juego),Scotland 2 or more,3,3,Scotland - Morocco,EUR,1.37,1.37,2026-06-19 10:16:03,2026-06-19 10:28:31,False,string,5.01,-0.055172413793103336,12.466666666666667
MAH-23-01902,33890291,Team exact bookings (only players and in play),Número de tarjetas equipo (solo jugadores y en juego),Brazil 2 or more,3,3,Brazil - Morocco,PEN,1.7,1.7,2026-06-13 14:59:20,2026-06-13 18:01:57,False,string,1.04,0.042944785276073594,182.61666666666667
MAH-04-07849,36966549,Team shots on target,Remates a puerta equipo,Netherlands 6 or more,3,3,Netherlands - Sweden,EUR,1.76,1.76,2026-06-20 11:35:39,2026-06-20 11:36:23,False,string,25.0,0.0,0.7333333333333333
2137209,33890291,Team shots on target,Remates a puerta equipo,Brazil 5 or more,3,3,Brazil - Morocco,PEN,1.5,1.5,2026-06-13 21:47:23,2026-06-13 21:47:51,False,numeric,13.5,-0.0066225165562914245,0.4666666666666667
2384825,33890419,Team shots on target,Remates a puerta equipo,Panama 3 or more,3,3,Ghana - Panama,PEN,1.26,1.27,2026-06-17 15:37:12,2026-06-17 19:21:00,False,numeric,3.92,-0.002624671916010494,223.8
2017597,36024480,Team shots on target,Remates a puerta equipo,Czech Republic 8 or more,3,3,South Korea - Czech Republic,PEN,4.73,4.73,2026-06-11 18:45:55,2026-06-11 18:57:28,False,numeric,3.0,0.0,11.55
MAH-08-50002,33890299,Team shots on target,Remates a puerta equipo,Egypt 4 or more,3,3,Belgium - Egypt,EUR,1.85,1.8,2026-06-12 17:09:03,2026-06-13 18:31:11,False,string,8.17,-0.0248226950354609,1522.1333333333334
MAH-08-50002,33890291,Team shots on target,Remates a puerta equipo,Morocco 4 or more,3,3,Brazil - Morocco,EUR,2.11,2.07,2026-06-12 17:09:03,2026-06-13 18:31:11,False,string,8.17,-0.012638230647709303,1522.1333333333334
2480701,33890291,Team shots on target,Remates a puerta equipo,Brazil 5 or more,3,3,Brazil - Morocco,PEN,1.5,1.5,2026-06-13 13:13:35,2026-06-13 14:50:37,False,numeric,16.15,-0.0066225165562914245,97.03333333333333
MAH-01-01541,36966485,To score or assist (Star Substitute),Marcar gol o asistir (Suplente Estrella),Vinícius,3,3,Brazil - Haiti,EUR,1.37,1.37,2026-06-19 16:08:56,2026-06-19 17:41:33,False,string,2.8,-0.007246376811594013,92.61666666666666
MAH-05-15273,36024491,To score or assist (Star Substitute),Marcar gol o asistir (Suplente Estrella),Jonathan David,3,3,Canada - Bosnia And Herzegovina,EUR,1.86,1.84,2026-06-09 18:39:16,2026-06-12 18:14:16,False,string,1.04,-0.03931623931623929,4295.0
MAH-11-08002,33890290,Match corners,Corners durante el partido,9 or more,3,3,Haiti - Scotland,EUR,1.6,1.6,2026-06-13 09:26:11,2026-06-13 09:38:20,False,string,1.77,0.0596026490066226,12.15
1783724,33890290,1-X-2 / 2 goals Up,1-X-2 / Ventaja 2 goles,2,3,3,Haiti - Scotland,EUR,1.54,1.5,2026-06-13 22:05:56,2026-06-14 00:12:25,False,numeric,105.5,-0.03609341825902335,126.48333333333333
MAH-04-08159,33890291,1-X-2 / 2 goals Up,1-X-2 / Ventaja 2 goles,1,3,3,Brazil - Morocco,EUR,1.65,1.65,2026-06-13 21:13:24,2026-06-13 21:14:03,False,string,45.5,0.0,0.65
MAH-05-15184,33890309,1-X-2 / 2 goals Up,1-X-2 / Ventaja 2 goles,X,3,3,Usa - Paraguay,EUR,3.23,3.23,2026-06-12 07:40:47,2026-06-12 07:42:02,False,string,4.88,0.041935483870967794,1.25
MAH-08-14005,33890309,1-X-2 / 2 goals Up,1-X-2 / Ventaja 2 goles,1,3,3,Usa - Paraguay,EUR,1.9,1.9,2026-06-11 16:56:34,2026-06-11 16:58:14,False,string,0.44999999999999996,-0.064039408866995,1.6666666666666667
833483,33890309,1-X-2 / 2 goals Up,1-X-2 / Ventaja 2 goles,2,3,5,Usa - Paraguay,EUR,4.13,4.13,2026-06-11 10:35:19,2026-06-11 10:35:28,True,numeric,1.05,0.07832898172323755,0.15
MAH-22-03001,36024492,1-X-2 / 2 goals Up,1-X-2 / Ventaja 2 goles,2,3,3,Australia - Turkey,EUR,1.64,1.64,2026-06-12 07:10:32,2026-06-12 07:17:32,False,string,3.11,-0.023809523809523836,7.0
MAH-03-27881,33890304,1-X-2 / 2 goals Up,1-X-2 / Ventaja 2 goles,1,3,3,Netherlands - Japan,EUR,1.94,1.93,2026-06-09 10:53:55,2026-06-12 09:54:09,False,string,0.26,-0.028475711892797333,4260.233333333334
2623956,37265705,1-X-2 / 2 goals Up,1-X-2 / Ventaja 2 goles,1,3,3,Atletico Goianiense - CRB Al,EUR,2.17,2.17,2026-06-12 20:26:55,2026-06-12 21:45:08,False,numeric,0.51,0.07425742574257432,78.21666666666667
1917714,33890299,1-X-2 / 2 goals Up,1-X-2 / Ventaja 2 goles,1,3,3,Belgium - Egypt,PEN,1.6,1.55,2026-06-14 22:28:46,2026-06-15 17:20:23,False,numeric,34.17,0.04856512141280356,1131.6166666666666
MAH-11-04002,36966553,1-X-2 / 2 goals Up,1-X-2 / Ventaja 2 goles,1,3,3,Germany - Ivory Coast,EUR,1.52,1.52,2026-06-17 12:07:47,2026-06-19 21:54:53,False,string,1.5,0.11192214111922134,3467.1
833483,33890238,1-X-2 / 2 goals Up,1-X-2 / Ventaja 2 goles,2,3,5,Mexico - South Africa,EUR,7.9,7.9,2026-06-11 10:35:19,2026-06-11 10:35:28,True,numeric,1.15,0.05898123324396787,0.15
2579113,33890259,1-X-2 / 2 goals Up,1-X-2 / Ventaja 2 goles,2,3,3,Qatar - Switzerland,EUR,1.21,1.23,2026-06-12 08:52:08,2026-06-12 18:22:23,False,numeric,31.0,0.042735042735042805,570.25
2302758,33890290,1-X-2 / 2 goals Up,1-X-2 / Ventaja 2 goles,2,3,3,Haiti - Scotland,PEN,1.56,1.56,2026-06-12 01:42:35,2026-06-13 03:25:06,False,numeric,5.57,-0.00424628450106157,1542.5166666666667
MAH-19-68002,33890290,1-X-2 / 2 goals Up,1-X-2 / Ventaja 2 goles,2,3,3,Haiti - Scotland,EUR,1.54,1.54,2026-06-13 19:37:38,2026-06-13 21:54:00,False,string,49.95,-0.019108280254777066,136.36666666666667
2042810,33890290,1-X-2 / 2 goals Up,1-X-2 / Ventaja 2 goles,2,3,3,Haiti - Scotland,EUR,1.54,1.54,2026-06-13 18:42:57,2026-06-13 18:43:15,False,numeric,10.86,-0.019108280254777066,0.3
MAH-11-08001,33890291,To score or assist (Star Substitute),Marcar gol o asistir (Suplente Estrella),Vinícius,3,3,Brazil - Morocco,EUR,1.97,1.97,2026-06-12 20:48:33,2026-06-13 21:40:23,False,string,0.23,-0.013266998341625147,1491.8333333333333
MAH-22-03002,33890290,1-X-2 / 2 goals Up,1-X-2 / Ventaja 2 goles,2,3,3,Haiti - Scotland,EUR,1.49,1.49,2026-06-13 21:14:53,2026-06-13 21:23:50,False,string,21.33,-0.05095541401273884,8.95
MAH-03-03679,33890291,1-X-2 / 2 goals Up,1-X-2 / Ventaja 2 goles,1,3,3,Brazil - Morocco,EUR,1.6,1.6,2026-06-13 17:11:29,2026-06-13 17:11:58,False,string,18.34,-0.030303030303030165,0.48333333333333334
2239154,33890416,1-X-2 / 2 goals Up,1-X-2 / Ventaja 2 goles,1,3,3,France - Senegal,EUR,1.46,1.48,2026-06-16 18:52:23,2026-06-16 18:58:27,False,numeric,0.96,-0.009009009009008992,6.066666666666666
MAH-19-00111,36024520,1-X-2 / 2 goals Up,1-X-2 / Ventaja 2 goles,1,3,3,Portugal - Democratic Republic of the Congo,EUR,1.27,1.27,2026-06-17 16:28:38,2026-06-17 16:31:20,False,string,1.83,0.007936507936507908,2.7
MAH-19-39001,37275587,1-X-2 / 2 goals Up,1-X-2 / Ventaja 2 goles,1,3,3,Malaga - Almeria,EUR,2.19,2.16,2026-06-14 14:17:43,2026-06-14 18:35:24,False,string,20.009999999999998,0.004629629629629613,257.68333333333334
MAH-22-03002,33890419,1-X-2 / 2 goals Up,1-X-2 / Ventaja 2 goles,1,3,3,Ghana - Panama,EUR,2.27,2.27,2026-06-17 12:31:18,2026-06-17 19:19:05,False,string,9.0,-0.017316017316017285,407.78333333333336
MAH-22-03002,36966473,1-X-2 / 2 goals Up,1-X-2 / Ventaja 2 goles,1,3,3,Switzerland - Bosnia And Herzegovina,EUR,1.47,1.47,2026-06-17 12:23:01,2026-06-18 18:22:31,False,string,6.92,-0.032679738562091575,1799.5
MAH-02-01829,36966486,1-X-2 / 2 goals Up,1-X-2 / Ventaja 2 goles,2,3,3,Scotland - Morocco,EUR,1.66,1.66,2026-06-19 12:31:57,2026-06-19 12:33:09,False,string,16.67,0.01840490797546024,1.2
2387665,33890416,1st Half: Team Cards (only players and in play),1º tiempo: Tarjetas equipo (solo jugadores y en juego),France 1 or more,3,3,France - Senegal,EUR,1.92,1.97,2026-06-16 09:59:39,2026-06-16 18:51:56,False,numeric,0.8600000000000001,-0.01767676767676768,532.2833333333333
1431043,36971426,1st Half: Team Cards (only players and in play),1º tiempo: Tarjetas equipo (solo jugadores y en juego),Turkey 1 or more,3,3,Turkey - Paraguay,EUR,1.77,1.81,2026-06-19 18:19:17,2026-06-20 00:29:33,False,numeric,1.38,0.02259887005649719,370.26666666666665
MAH-01-13273,33890313,2nd half: Team Corners,2º tiempo: Corners equipo,Spain 3 or more,3,3,Spain - Cape Verde,EUR,1.39,1.39,2026-06-12 12:47:50,2026-06-12 13:02:53,False,string,0.59,0.03731343283582067,15.05
MAH-01-13273,33890306,2nd half: Team Corners,2º tiempo: Corners equipo,Germany 3 or more,3,3,Germany - Curaçao,EUR,1.35,1.35,2026-06-12 13:00:10,2026-06-12 13:02:53,False,string,0.63,0.022727272727272707,2.716666666666667
MAH-03-03813,33890304,2nd half: Team Corners,2º tiempo: Corners equipo,Japan 3 or more,3,7,Netherlands - Japan,EUR,2.4,2.42,2026-06-12 15:44:55,2026-06-14 12:15:57,True,string,0.33,-0.008264462809917328,2671.0333333333333
2350467,33890291,1-X-2 / 2 goals Up,1-X-2 / Ventaja 2 goles,1,3,3,Brazil - Morocco,EUR,1.64,1.64,2026-06-13 17:30:15,2026-06-13 17:31:41,False,numeric,4.17,-0.0060606060606061,1.4333333333333333
MAH-08-37003,36966480,1-X-2 / 2 goals Up,1-X-2 / Ventaja 2 goles,1,3,3,Usa - Australia,EUR,1.57,1.56,2026-06-15 08:59:03,2026-06-19 18:34:46,False,string,5.77,0.019607843137254905,6335.716666666666
MAH-01-01270,36024492,1-X-2 / 2 goals Up,1-X-2 / Ventaja 2 goles,2,3,3,Australia - Turkey,EUR,1.69,1.69,2026-06-13 21:19:09,2026-06-13 21:53:32,False,string,2.17,0.005952380952380931,34.38333333333333
2302758,36024492,1-X-2 / 2 goals Up,1-X-2 / Ventaja 2 goles,2,3,3,Australia - Turkey,PEN,1.67,1.67,2026-06-12 01:42:35,2026-06-13 03:25:06,False,numeric,5.57,0.003968253968253954,1542.5166666666667
MAH-05-15273,36024492,To score or assist (Star Substitute),Marcar gol o asistir (Suplente Estrella),Baris Yilmaz,3,3,Australia - Turkey,EUR,2.39,2.36,2026-06-11 18:54:24,2026-06-13 18:58:17,False,string,0.9099999999999999,0.03392330383480835,2883.883333333333
MAH-03-27571,33890304,To score or assist (Star Substitute),Marcar gol o asistir (Suplente Estrella),Crysencio Summerville,3,6,Netherlands - Japan,EUR,2.24,2.24,2026-06-14 18:48:05,2026-06-14 18:49:05,True,string,3.5,-0.03862660944205998,1.0
MAH-25-00002,33890291,Anytime goalscorer (Star Substitute),Goleador durante el partido (Suplente Estrella),Vinícius,3,3,Brazil - Morocco,EUR,3.0,3.0,2026-06-13 13:53:44,2026-06-13 21:00:18,False,string,1.7,-0.03138528138528137,426.56666666666666
1639909,36966480,Anytime goalscorer (Star Substitute),Goleador durante el partido (Suplente Estrella),Balogun,3,3,Usa - Australia,EUR,2.45,2.44,2026-06-19 14:42:08,2026-06-19 15:11:43,False,numeric,5.83,0.01101928374655651,29.583333333333332
MAH-19-07002,33890313,Anytime goalscorer (Star Substitute),Goleador durante el partido (Suplente Estrella),Lamine Yamal,3,3,Spain - Cape Verde,EUR,1.85,1.85,2026-06-14 08:40:52,2026-06-14 08:42:58,False,string,21.43,0.0277777777777779,2.1
2229500,33890313,Anytime goalscorer (Star Substitute),Goleador durante el partido (Suplente Estrella),Oyarzabal,3,3,Spain - Cape Verde,EUR,1.49,1.58,2026-06-12 10:28:55,2026-06-14 18:24:23,False,numeric,0.67,-0.004329004329004367,3355.4666666666667
MAH-03-03664,33890313,Anytime goalscorer (Star Substitute),Goleador durante el partido (Suplente Estrella),Oyarzabal,3,3,Spain - Cape Verde,EUR,1.47,1.47,2026-06-15 13:07:25,2026-06-15 13:13:08,False,string,7.0600000000000005,-0.045454545454545525,5.716666666666667
2621639,36966485,Anytime goalscorer (Star Substitute),Goleador durante el partido (Suplente Estrella),Vinícius,3,3,Brazil - Haiti,EUR,1.78,1.78,2026-06-19 17:52:51,2026-06-19 21:47:51,False,numeric,11.0,-0.011111111111111072,235.0
MAH-22-03002,36971426,Anytime goalscorer (Star Substitute),Goleador durante el partido (Suplente Estrella),Arda Güler,3,3,Turkey - Paraguay,EUR,3.42,3.42,2026-06-19 22:07:51,2026-06-20 00:04:33,False,string,28.33,-0.031161473087818692,116.7
MAH-03-24544,33890306,Anytime goalscorer (Star Substitute),Goleador durante el partido (Suplente Estrella),Havertz,3,3,Germany - Curaçao,EUR,1.4,1.4,2026-06-14 16:01:58,2026-06-14 16:13:45,False,string,4.58,-0.034482758620689724,11.783333333333333
1961484,36966549,Anytime goalscorer (Star Substitute),Goleador durante el partido (Suplente Estrella),Viktor Gyokeres,3,3,Netherlands - Sweden,EUR,2.9,2.85,2026-06-20 00:33:58,2026-06-20 07:50:47,False,numeric,1.0699999999999998,0.022458628841607615,436.81666666666666
2449660,36024518,Anytime goalscorer (Star Substitute),Goleador durante el partido (Suplente Estrella),Haaland,3,3,Iraq - Norway,EUR,1.42,1.42,2026-06-16 17:28:24,2026-06-16 18:55:21,False,numeric,1.26,0.0,86.95
1256949,36024520,1-X-2 / 2 goals Up,1-X-2 / Ventaja 2 goles,1,3,3,Portugal - Democratic Republic of the Congo,EUR,1.28,1.27,2026-06-16 22:04:52,2026-06-17 16:10:11,False,numeric,11.0,0.010582010582010545,1085.3166666666666
MAH-05-15153,37275587,1-X-2 / 2 goals Up,1-X-2 / Ventaja 2 goles,1,3,3,Malaga - Almeria,EUR,2.2,2.2,2026-06-13 08:56:01,2026-06-13 18:58:48,False,string,41.67,0.0185185185185186,602.7833333333333
1256949,33890444,1-X-2 / 2 goals Up,1-X-2 / Ventaja 2 goles,1,3,3,England - Croatia,EUR,1.71,1.71,2026-06-16 22:04:52,2026-06-17 16:10:11,False,numeric,11.0,0.034136546184738936,1085.3166666666666
1798922,33890444,1-X-2 / 2 goals Up,1-X-2 / Ventaja 2 goles,1,3,3,England - Croatia,EUR,1.7,1.73,2026-06-14 18:35:00,2026-06-15 21:13:08,False,numeric,17.5,0.036144578313253094,1598.1333333333334
MAH-21-14003,33890220,1-X-2 / 2 goals Up,1-X-2 / Ventaja 2 goles,2,3,3,Uzbekistan - Colombia,EUR,1.36,1.36,2026-06-14 14:41:42,2026-06-14 20:56:35,False,string,40.0,0.054263565891472965,374.8833333333333
MAH-02-01695,37238914,1-X-2 / 2 goals Up,1-X-2 / Ventaja 2 goles,1,3,3,Malaga - Las Palmas,EUR,2.2,2.14,2026-06-08 16:03:42,2026-06-10 15:25:01,False,string,8.33,0.10101010101010106,2841.3166666666666
MAH-11-07001,33890238,1-X-2 / 2 goals Up,1-X-2 / Ventaja 2 goles,1,3,3,Mexico - South Africa,EUR,1.41,1.41,2026-06-11 15:44:47,2026-06-11 15:45:20,False,string,1.5,0.014388489208633004,0.55
1917693,36024491,1-X-2 / 2 goals Up,1-X-2 / Ventaja 2 goles,1,3,3,Canada - Bosnia And Herzegovina,EUR,1.82,1.79,2026-06-12 17:14:25,2026-06-12 18:12:47,False,numeric,91.67,0.03448275862068965,58.36666666666667
2050040,33890290,1-X-2 / 2 goals Up,1-X-2 / Ventaja 2 goles,2,3,3,Haiti - Scotland,EUR,1.56,1.56,2026-06-11 13:44:59,2026-06-11 13:45:11,False,numeric,9.99,-0.006369426751592355,0.2
1768913,33890291,1-X-2 / 2 goals Up,1-X-2 / Ventaja 2 goles,1,3,3,Brazil - Morocco,EUR,1.62,1.62,2026-06-09 17:59:23,2026-06-13 06:34:50,False,numeric,0.61,-0.008080808080807985,5075.45
MAH-22-03003,33890291,1-X-2 / 2 goals Up,1-X-2 / Ventaja 2 goles,1,3,3,Brazil - Morocco,EUR,1.6,1.62,2026-06-13 00:57:10,2026-06-13 18:06:30,False,string,9.36,-0.026262626262626137,1029.3333333333333
1958979,33890291,1-X-2 / 2 goals Up,1-X-2 / Ventaja 2 goles,1,3,3,Brazil - Morocco,EUR,1.65,1.65,2026-06-13 17:39:42,2026-06-13 19:42:18,False,numeric,9.16,0.0,122.6
430294,33890309,1-X-2 / 2 goals Up,1-X-2 / Ventaja 2 goles,1,3,3,Usa - Paraguay,EUR,1.93,2.1,2026-06-11 14:27:37,2026-06-12 18:53:04,False,numeric,4.17,0.006568144499179048,1705.45
2055492,36024492,1-X-2 / 2 goals Up,1-X-2 / Ventaja 2 goles,2,3,3,Australia - Turkey,EUR,1.7,1.7,2026-06-11 20:10:00,2026-06-13 17:14:21,False,numeric,7.4,0.011904761904761862,2704.35
MAH-08-14005,36024492,1-X-2 / 2 goals Up,1-X-2 / Ventaja 2 goles,2,3,3,Australia - Turkey,EUR,1.65,1.65,2026-06-11 16:56:34,2026-06-11 16:58:14,False,string,0.44999999999999996,-0.017857142857142905,1.6666666666666667
MAH-10-38002,36966486,Match,Partido,Over 2.5 goals y Over 7.5 corners,3,3,Scotland - Morocco,EUR,2.98,2.98,2026-06-19 18:31:27,2026-06-19 18:33:55,False,string,4.0,-0.009966777408637828,2.466666666666667
MAH-05-13001,33890313,Home-side combo (bet builder),España,"Spain win, Over 2.5 goals y Oyarzabal to score",3,3,Spain - Cape Verde,EUR,1.73,1.73,2026-06-15 15:22:33,2026-06-15 15:23:01,False,string,10.0,-0.028089887640449507,0.4666666666666667
MAH-01-13372,33890419,Home-side combo (bet builder),Ghana,"Ghana win, Both teams to score y Antoine Semenyo to score",3,3,Ghana - Panama,EUR,9.05,9.05,2026-06-17 19:39:48,2026-06-17 19:41:31,False,string,4.66,0.0,1.7166666666666666
MAH-02-02345,33890444,To score or assist (Star Substitute),Marcar gol o asistir (Suplente Estrella),Harry Kane,3,3,England - Croatia,EUR,1.79,1.79,2026-06-17 09:22:21,2026-06-17 09:23:39,False,string,0.27,0.04069767441860472,1.3
MAH-03-27776,33890259,Saves (Star Substitute),Paradas Mahmud Abunada (Suplente Estrella),4 or more,3,3,Qatar - Switzerland,EUR,1.85,1.78,2026-06-11 12:42:45,2026-06-12 18:53:39,False,string,5.5,-0.03859649122807007,1810.9
MAH-03-27776,36024491,Saves (Star Substitute),Paradas Maxime Crépeau (Suplente Estrella),3 or more,3,3,Canada - Bosnia And Herzegovina,EUR,2.15,2.11,2026-06-11 12:42:45,2026-06-12 18:53:39,False,string,5.5,-0.02599388379204907,1810.9
2235415,33890290,Saves (Star Substitute),Paradas Johny Placide (Suplente Estrella),3 or more,3,3,Haiti - Scotland,EUR,1.26,1.45,2026-06-13 11:45:24,2026-06-14 00:22:23,False,numeric,13.26,0.1507936507936507,756.9833333333333
2084843,37275587,Saves (Star Substitute),Paradas Alfonso Herrero (Suplente Estrella),1 or more,3,3,Malaga - Almeria,EUR,1.04,1.04,2026-06-14 12:04:43,2026-06-14 12:07:32,False,numeric,27.779999999999998,0.0,2.816666666666667
MAH-04-07044,37275587,Saves (Star Substitute),Paradas Andres Fernandez (Suplente Estrella),4 or more,3,3,Malaga - Almeria,EUR,2.61,2.61,2026-06-14 16:56:54,2026-06-14 16:57:22,False,string,50.0,-0.003816793893129833,0.4666666666666667
1936426,37312355,Saves (Star Substitute),Paradas Andres Fernandez (Suplente Estrella),3 or more,3,3,Almeria - Malaga,EUR,1.73,1.71,2026-06-20 18:14:42,2026-06-20 18:34:39,False,numeric,30.0,0.011695906432748648,19.95
MAH-03-24545,33890291,Saves (Star Substitute),Paradas Alisson (Suplente Estrella),3 or more,3,3,Brazil - Morocco,EUR,2.02,2.02,2026-06-13 15:31:48,2026-06-13 15:32:49,False,string,0.75,-0.03809523809523818,1.0166666666666666
MAH-03-24545,33890290,Saves (Star Substitute),Paradas Johny Placide (Suplente Estrella),3 or more,3,3,Haiti - Scotland,EUR,1.4,1.4,2026-06-13 15:31:48,2026-06-13 15:32:49,False,string,0.75,0.11111111111111094,1.0166666666666666
MAH-03-27777,33890291,Saves (Star Substitute),Paradas Yassine Bounou (Suplente Estrella),4 or more,3,3,Brazil - Morocco,EUR,2.25,2.25,2026-06-13 19:01:04,2026-06-13 19:01:27,False,string,3.75,-0.038461538461538436,0.38333333333333336
734089,37238914,Saves (Star Substitute),Paradas Horkas (Suplente Estrella),2 or more,3,3,Malaga - Las Palmas,EUR,1.16,1.16,2026-06-10 17:19:31,2026-06-10 17:27:20,False,numeric,0.99,0.0,7.816666666666666
1588492,33890220,To score or assist (Star Substitute),Marcar gol o asistir (Suplente Estrella),Luis Diaz,3,3,Uzbekistan - Colombia,EUR,1.66,1.71,2026-06-17 16:54:27,2026-06-18 01:54:47,False,numeric,15.3,0.026262626262626283,540.3333333333334
1747383,36966473,To score or assist (Star Substitute),Marcar gol o asistir (Suplente Estrella),Dan Ndoye,3,3,Switzerland - Bosnia And Herzegovina,EUR,2.15,2.15,2026-06-18 18:26:17,2026-06-18 18:26:32,False,numeric,129.7,0.0,0.25
MAH-02-02345,36024520,To score or assist (Star Substitute),Marcar gol o asistir (Suplente Estrella),Cristiano Ronaldo,3,3,Portugal - Democratic Republic of the Congo,EUR,1.51,1.51,2026-06-17 09:22:21,2026-06-17 09:23:39,False,string,0.27,0.0,1.3
MAH-11-08001,36024492,To score or assist (Star Substitute),Marcar gol o asistir (Suplente Estrella),Arda Güler,3,3,Australia - Turkey,EUR,1.82,1.89,2026-06-12 20:48:33,2026-06-13 21:40:23,False,string,0.23,0.018214936247723006,1491.8333333333333
MAH-01-13372,33890444,Home-side combo (bet builder),Inglaterra,"England win, Over 8.5 corners y Harry Kane to score 2 or more goals",3,3,England - Croatia,EUR,13.15,13.15,2026-06-17 19:39:48,2026-06-17 19:41:31,False,string,4.66,0.011538461538461497,1.7166666666666666
MAH-11-08001,33890306,To score or assist (Star Substitute),Marcar gol o asistir (Suplente Estrella),Havertz,3,3,Germany - Curaçao,EUR,1.25,1.24,2026-06-12 20:48:33,2026-06-13 21:40:23,False,string,0.23,-0.005333333333333338,1491.8333333333333
MAH-11-08001,33890298,To score or assist (Star Substitute),Marcar gol o asistir (Suplente Estrella),Taremi,3,3,Iran - New Zealand,EUR,1.98,1.97,2026-06-14 18:51:17,2026-06-15 18:44:54,False,string,0.25,-0.09741248097412476,1433.6166666666666
MAH-03-27571,33890309,To score or assist (Star Substitute),Marcar gol o asistir (Suplente Estrella),Pulisic,3,6,Usa - Paraguay,EUR,2.21,2.21,2026-06-12 23:08:04,2026-06-12 23:12:08,True,string,1.75,-0.026431718061673992,4.066666666666666
686658,33890211,To score or assist (Star Substitute),Marcar gol o asistir (Suplente Estrella),Lionel Messi,3,3,Argentina - Algeria,EUR,1.52,1.51,2026-06-15 18:23:26,2026-06-16 20:03:02,False,numeric,3.1100000000000003,0.03174603174603178,1539.6
MAH-01-13273,33890298,To score or assist (Star Substitute),Marcar gol o asistir (Suplente Estrella),Taremi,3,3,Iran - New Zealand,EUR,2.01,1.98,2026-06-15 09:58:25,2026-06-15 14:08:08,False,string,2.4299999999999997,-0.08675799086757996,249.71666666666667
MAH-01-05341,33890444,To score or assist (Star Substitute),Marcar gol o asistir (Suplente Estrella),Harry Kane,3,3,England - Croatia,EUR,1.78,1.71,2026-06-17 09:44:30,2026-06-17 19:38:15,False,string,3.83,0.01744186046511631,593.75
787392,36971426,To score or assist (Star Substitute),Marcar gol o asistir (Suplente Estrella),Arda Güler,3,3,Turkey - Paraguay,EUR,2.08,2.08,2026-06-20 02:34:08,2026-06-20 02:45:28,False,numeric,27.16,-0.01421800947867291,11.333333333333334
MAH-03-24544,33890313,To score or assist (Star Substitute),Marcar gol o asistir (Suplente Estrella),Oyarzabal,3,3,Spain - Cape Verde,EUR,1.25,1.26,2026-06-15 09:42:38,2026-06-15 13:14:19,False,string,3.4699999999999998,-0.04071246819338429,211.68333333333334
MAH-04-08145,36966485,To score 2 or more goals (Star Substitute),Marcar 2 goles o más (Suplente Estrella),Vinícius,3,3,Brazil - Haiti,EUR,4.68,4.68,2026-06-19 15:33:16,2026-06-19 15:49:24,False,string,5.83,-0.012658227848101333,16.133333333333333
MAH-03-27221,33890238,To score 2 or more goals (Star Substitute),Marcar 2 goles o más (Suplente Estrella),Raúl Jiménez,3,3,Mexico - South Africa,EUR,8.4,8.4,2026-06-11 17:21:43,2026-06-11 17:29:40,False,string,40.0,-0.06145251396648033,7.95
2398881,33890416,To score 2 or more goals (Star Substitute),Marcar 2 goles o más (Suplente Estrella),Mbappe,3,3,France - Senegal,EUR,5.4,5.4,2026-06-16 18:01:47,2026-06-16 18:02:15,False,numeric,7.1499999999999995,-0.00917431192660545,0.4666666666666667
MAH-01-04963,36024520,To score 2 or more goals (Star Substitute),Marcar 2 goles o más (Suplente Estrella),Cristiano Ronaldo,3,3,Portugal - Democratic Republic of the Congo,EUR,3.95,3.95,2026-06-17 07:37:30,2026-06-17 07:38:00,False,string,0.23,-0.1577825159914712,0.5
1682945,36024520,To score 2 or more goals (Star Substitute),Marcar 2 goles o más (Suplente Estrella),Cristiano Ronaldo,3,3,Portugal - Democratic Republic of the Congo,EUR,4.69,4.69,2026-06-17 11:15:25,2026-06-17 16:38:36,False,numeric,0.5700000000000001,0.010660980810234477,323.18333333333334
1983036,33890313,Match,Partido,Over 2.5 goals y Over 7.5 corners,3,3,Spain - Cape Verde,EUR,1.66,1.67,2026-06-14 21:02:59,2026-06-15 07:40:01,False,numeric,5.75,0.06157112526539277,637.0333333333333
1983036,33890291,Match,Partido,Both teams to score y Over 7.5 corners,3,3,Brazil - Morocco,EUR,2.61,2.76,2026-06-13 17:16:19,2026-06-13 21:42:25,False,numeric,2.82,-0.008578431372549064,266.1
MAH-03-03871,36024491,Match,Partido,Over 2.5 goals y Over 7.5 corners,3,3,Canada - Bosnia And Herzegovina,EUR,2.89,2.87,2026-06-12 14:03:43,2026-06-12 17:35:25,False,string,20.009999999999998,-0.009163802978235972,211.7
MAH-01-51271,33890313,Match,Partido,Over 1.5 half time goals y Over 1.5 second half goals,3,3,Spain - Cape Verde,EUR,2.65,2.67,2026-06-15 15:41:46,2026-06-15 15:50:29,False,string,6.0,0.01132075471698113,8.716666666666667
MAH-03-24552,36024520,Team to score a penalty,Equipo en marcar gol de penalti durante el partido,Portugal,3,3,Portugal - Democratic Republic of the Congo,EUR,4.26,4.26,2026-06-17 16:14:33,2026-06-17 16:15:22,False,string,500.0,-0.038374717832957095,0.8166666666666667
MAH-04-08189,37275587,Team exact bookings (only players and in play),Número de tarjetas equipo (solo jugadores y en juego),Almeria 4 or more,3,3,Malaga - Almeria,EUR,2.0,2.0,2026-06-14 09:57:09,2026-06-14 09:58:53,False,string,2.66,-0.180327868852459,1.7333333333333334
2295552,36024518,Team corners,Corners equipo,Norway 8 or more,3,3,Iraq - Norway,EUR,2.57,2.22,2026-06-15 01:38:17,2026-06-16 08:53:15,False,numeric,26.009999999999998,0.2757417102966842,1874.9666666666667
MAH-01-05554,36966473,Team corners,Corners equipo,Switzerland 6 or more,3,3,Switzerland - Bosnia And Herzegovina,EUR,1.4,1.4,2026-06-18 16:07:04,2026-06-18 16:07:52,False,string,49.5,-0.007092198581560294,0.8
MAH-01-01610,36966472,Team corners,Corners equipo,Canada 7 or more,3,3,Canada - Qatar,EUR,1.4,1.4,2026-06-18 16:54:20,2026-06-18 18:24:52,False,string,2.0,0.06870229007633566,90.53333333333333
MAH-04-07767,37265483,Team corners,Corners equipo,Croatia 6 or more,3,3,England - Croatia,EUR,10.05,10.05,2026-06-17 20:54:32,2026-06-17 20:55:48,True,string,45.0,,1.2666666666666666
MAH-03-03660,33890238,Team corners,Corners equipo,Mexico 8 or more,3,3,Mexico - South Africa,EUR,2.83,2.83,2026-06-11 15:06:32,2026-06-11 15:07:18,False,string,20.009999999999998,-0.05666666666666664,0.7666666666666667
MAH-01-09142,33890291,Team corners,Corners equipo,Morocco 6 or more,3,3,Brazil - Morocco,EUR,4.4,4.4,2026-06-13 17:51:37,2026-06-13 18:01:55,False,string,11.01,0.11959287531806617,10.3
1930674,33890259,Team corners,Corners equipo,Switzerland 8 or more,3,3,Qatar - Switzerland,EUR,2.12,2.12,2026-06-13 17:58:39,2026-06-13 17:59:20,False,numeric,0.26,0.06000000000000005,0.6833333333333333
MAH-01-05523,36024493,Team corners,Corners equipo,Tunisia 4 or more,3,3,Sweden - Tunisia,EUR,1.5,1.5,2026-06-13 09:34:35,2026-06-13 09:40:59,False,string,0.27,-0.1428571428571429,6.4
MAH-04-07398,36024493,Team corners,Corners equipo,Sweden 4 or more,3,3,Sweden - Tunisia,EUR,1.2,1.2,2026-06-14 19:07:51,2026-06-14 19:28:23,False,string,0.8300000000000001,-0.0625,20.533333333333335
2113848,33890306,Team corners,Corners equipo,Germany 8 or more,3,3,Germany - Curaçao,PEN,1.51,1.51,2026-06-13 19:25:20,2026-06-13 20:48:50,False,numeric,1.51,0.07092198581560294,83.5
MAH-11-09014,36024518,Team corners,Corners equipo,Norway 7 or more,3,3,Iraq - Norway,EUR,1.8,1.8,2026-06-16 15:44:18,2026-06-16 15:45:39,False,string,1.83,0.11801242236024834,1.35
MAH-19-63003,36966480,Team corners,Corners equipo,Australia 3 or more,3,3,Usa - Australia,EUR,1.83,1.83,2026-06-18 18:12:07,2026-06-19 07:44:24,False,string,1.63,0.23095238095238116,812.2833333333333
MAH-01-05186,33890313,Home-side combo (bet builder),España,"Spain win, Over 8.5 corners y Ferran to score 2 or more goals",3,3,Spain - Cape Verde,EUR,6.93,6.96,2026-06-15 15:26:23,2026-06-15 15:27:05,False,string,0.99,0.014598540145985531,0.7
MAH-11-10007,33890299,Home-side combo (bet builder),Bélgica,Belgium to win both halves y Over 3.5 goals,3,3,Belgium - Egypt,EUR,7.89,7.89,2026-06-15 15:41:53,2026-06-15 15:59:37,False,string,6.0,0.04503311258278142,17.733333333333334
MAH-23-02602,36966485,Home-side combo (bet builder),Brasil,Brazil win y Vinícius first goalscorer,3,3,Brazil - Haiti,PEN,4.58,4.58,2026-06-19 23:29:39,2026-06-20 00:24:51,False,string,1.6,-0.004347826086956386,55.2
MAH-11-10008,36966485,Home-side combo (bet builder),Brasil,Vinícius to score y Raphinha to score,3,3,Brazil - Haiti,EUR,3.41,3.41,2026-06-19 21:35:15,2026-06-19 21:36:47,False,string,2.7,0.002941176470588225,1.5333333333333334
MAH-01-01667,36966549,Home-side combo (bet builder),Países Bajos,Netherlands win y Both teams to score,3,3,Netherlands - Sweden,EUR,2.99,3.05,2026-06-20 16:47:49,2026-06-20 16:51:03,False,string,0.45,-0.011475409836065487,3.2333333333333334
MAH-03-27993,36966553,Home-side combo (bet builder),Alemania,Germany to win 1st half y Germany to win 2nd half,3,3,Germany - Ivory Coast,EUR,3.97,3.68,2026-06-17 11:36:25,2026-06-20 11:19:52,False,string,0.24,0.05570776255707773,4303.45
MAH-01-13281,36966553,Home-side combo (bet builder),Alemania,"Germany win, Over 2.5 goals y Over 8.5 corners",3,3,Germany - Ivory Coast,EUR,3.1,2.97,2026-06-20 12:16:34,2026-06-20 18:37:51,False,string,1.44,-0.02962962962962956,381.28333333333336
MAH-03-24901,37214947,Home-side combo (bet builder),España,"Spain win, Over 2.5 goals y Over 10.5 corners",3,3,Spain - Peru,EUR,8.75,8.75,2026-06-08 17:01:46,2026-06-08 20:39:59,False,string,21.0,0.0,218.21666666666667
MAH-11-02005,36024493,Home-side combo (bet builder),Suecia,Sweden win y A goal in both halves,3,3,Sweden - Tunisia,EUR,3.07,3.07,2026-06-13 11:27:05,2026-06-13 11:27:33,False,string,1.1099999999999999,-0.06402439024390238,0.4666666666666667
MAH-08-23003,33890306,Home-side combo (bet builder),Alemania,Germany to win 1st half y Germany to win 2nd half,3,3,Germany - Curaçao,EUR,1.41,1.4,2026-06-14 11:22:17,2026-06-14 14:59:26,False,string,1.6099999999999999,-0.018648018648018683,217.15
2627239,33890304,Home-side combo (bet builder),Países Bajos,Netherlands win y Cody Gakpo to score,3,3,Netherlands - Japan,EUR,4.88,4.43,2026-06-11 16:22:09,2026-06-14 07:25:33,False,numeric,0.73,0.06574923547400606,3783.4
1405102,33890313,Home-side combo (bet builder),España,Spain win y A goal in both halves,3,3,Spain - Cape Verde,EUR,1.4,1.4,2026-06-14 21:19:46,2026-06-15 12:43:00,False,numeric,5.24,-0.0023809523809523725,923.2333333333333
MAH-11-04001,37173238,Match,Partido,Over 2.5 goals y Over 7.5 corners,3,3,Galway United FC - Dundalk,EUR,1.86,1.86,2026-06-12 16:37:47,2026-06-12 16:39:32,False,string,0.33,-0.005347593582887722,1.75
MAH-04-07419,37237611,To score 2 or more goals (Star Substitute),Marcar 2 goles o más (Suplente Estrella),Sergio Arribas,3,3,Almeria - Castellón,EUR,11.15,11.15,2026-06-09 15:46:47,2026-06-09 15:52:02,False,string,0.8300000000000001,0.009049773755656076,5.25
1252364,33890291,To score 2 or more goals (Star Substitute),Marcar 2 goles o más (Suplente Estrella),Vinícius,3,3,Brazil - Morocco,EUR,13.0,12.0,2026-06-12 14:22:06,2026-06-13 12:52:27,False,numeric,30.0,-0.025641025641025623,1350.35
2397186,33890444,To score 2 or more goals (Star Substitute),Marcar 2 goles o más (Suplente Estrella),Harry Kane,3,3,England - Croatia,EUR,7.65,7.45,2026-06-17 16:51:10,2026-06-17 17:00:13,False,numeric,60.0,0.04597701149425296,9.05
MAH-01-55102,37233846,1-X-2 / 2 goals Up,1-X-2 / Ventaja 2 goles,1,3,3,Portugal - Nigeria,EUR,1.32,1.32,2026-06-10 18:47:53,2026-06-10 18:49:05,False,string,1.25,-0.022222222222222254,1.2
MAH-01-49412,36024491,1-X-2 / 2 goals Up,1-X-2 / Ventaja 2 goles,1,3,3,Canada - Bosnia And Herzegovina,EUR,1.81,1.81,2026-06-11 16:52:30,2026-06-11 16:55:36,False,string,1.31,0.04022988505747138,3.1
MAH-10-02010,33890259,1-X-2 / 2 goals Up,1-X-2 / Ventaja 2 goles,2,3,3,Qatar - Switzerland,EUR,1.17,1.17,2026-06-13 13:43:42,2026-06-13 14:11:42,False,string,2.52,0.0,28.0
1929736,36966549,1-X-2 / 2 goals Up,1-X-2 / Ventaja 2 goles,1,3,3,Netherlands - Sweden,EUR,1.71,1.71,2026-06-20 14:51:51,2026-06-20 14:54:31,False,numeric,82.16,0.0239520958083832,2.6666666666666665
871753,36966549,1-X-2 / 2 goals Up,1-X-2 / Ventaja 2 goles,1,3,3,Netherlands - Sweden,EUR,1.64,1.71,2026-06-20 06:37:23,2026-06-20 16:34:48,False,numeric,3.44,0.007984031936127733,597.4166666666666
MAH-05-15311,37312355,1-X-2 / 2 goals Up,1-X-2 / Ventaja 2 goles,1,3,3,Almeria - Malaga,EUR,2.02,2.05,2026-06-19 18:20:08,2026-06-20 18:15:43,False,string,267.5,-0.011217948717948789,1435.5833333333333
MAH-11-07003,33890419,1-X-2 / 2 goals Up,1-X-2 / Ventaja 2 goles,1,3,3,Ghana - Panama,EUR,2.33,2.33,2026-06-17 16:56:26,2026-06-17 19:03:29,False,string,1.26,0.008658008658008587,127.05
1990645,36024493,1-X-2 / 2 goals Up,1-X-2 / Ventaja 2 goles,1,3,3,Sweden - Tunisia,EUR,1.91,1.94,2026-06-14 18:05:39,2026-06-14 22:08:37,False,numeric,21.22,0.037634408602150504,242.96666666666667
2530813,33890313,Team goals,Goles equipo,Spain 2 or more,3,3,Spain - Cape Verde,EUR,1.16,1.16,2026-06-15 14:03:10,2026-06-15 14:03:26,False,numeric,75.0,0.0,0.26666666666666666
MAH-07-01007,33890306,Team goals,Goles equipo,Germany 5 or more,3,3,Germany - Curaçao,EUR,2.58,2.58,2026-06-14 16:27:17,2026-06-14 16:36:12,False,string,1500.0,-0.0851063829787233,8.916666666666666
1686523,36966480,Team goals,Goles equipo,Usa 2 or more,3,3,Usa - Australia,EUR,1.88,1.88,2026-06-18 21:42:32,2026-06-18 21:52:06,False,numeric,2.49,-0.06000000000000005,9.566666666666666
MAH-01-51183,36024493,Most Saves - vs (both starters),Más paradas - Jacob Widell Zetterstrom vs Abdelmouhib Chamakh (Ambos titulares o se anula),Abdelmouhib Chamakh,3,3,Sweden - Tunisia,EUR,1.72,1.7,2026-06-14 16:38:52,2026-06-14 22:14:21,False,string,12.86,0.0117647058823529,335.48333333333335
2585334,33890211,Most Saves - vs (both starters),Más paradas - Emiliano Martinez vs Melvin Feycal Mastil (Ambos titulares o se anula),Melvin Feycal Mastil,3,3,Argentina - Algeria,EUR,1.59,1.5,2026-06-16 17:40:23,2026-06-16 17:40:53,False,numeric,425.0,-0.012658227848101259,0.5
MAH-01-49792,36966485,2nd Half: Team Cards (only players and in play),2º tiempo: Tarjetas equipo (solo jugadores y en juego),Brazil 1 or more,3,3,Brazil - Haiti,EUR,1.83,1.83,2026-06-19 20:39:07,2026-06-19 20:48:27,False,string,1.8199999999999998,-0.005434782608695676,9.333333333333334
2630638,33890416,Match corners,Corners durante el partido,10 or more,3,3,France - Senegal,EUR,2.02,2.02,2026-06-15 18:56:00,2026-06-15 22:06:00,False,numeric,44.18,0.12222222222222223,190.0
MAH-01-12122,36024518,Match corners,Corners durante el partido,9 or more,3,3,Iraq - Norway,EUR,1.7,1.7,2026-06-16 15:41:21,2026-06-16 15:44:15,False,string,0.61,0.1258278145695364,2.9
1382013,33890416,Match corners,Corners durante el partido,12 or more,3,3,France - Senegal,EUR,2.81,2.81,2026-06-16 16:38:22,2026-06-16 16:40:20,False,numeric,0.42000000000000004,0.03308823529411753,1.9666666666666666
MAH-01-49862,36024518,Match corners,Corners durante el partido,10 or more,3,3,Iraq - Norway,EUR,2.16,1.9,2026-06-15 21:17:27,2026-06-16 21:18:09,False,string,5.2,0.14548802946593006,1440.7
MAH-03-27834,33890211,Home-side combo (bet builder),Argentina,Argentina to win 1st half y Argentina to win 2nd half,3,3,Argentina - Algeria,EUR,3.56,3.56,2026-06-15 10:03:17,2026-06-15 10:05:06,False,string,2.13,-0.07772020725388595,1.8166666666666667
1682976,36024520,Home-side combo (bet builder),Portugal,Portugal win y Cristiano Ronaldo 2 or more shots on target,3,3,Portugal - Democratic Republic of the Congo,EUR,2.02,1.93,2026-06-15 06:48:07,2026-06-17 14:56:42,False,numeric,0.29000000000000004,0.027350427350427402,3368.5833333333335
MAH-03-02570,36966469,Home-side combo (bet builder),República Checa,Czech Republic win y Over 2.5 goals,3,3,Czech Republic - South Africa,EUR,3.06,3.06,2026-06-18 13:17:06,2026-06-18 15:48:04,False,string,5.0,-0.047034764826175746,150.96666666666667
MAH-01-12133,36971426,Home-side combo (bet builder),Turquía,"Turkey win, Over 10.5 corners y Arda Güler first goalscorer",3,3,Turkey - Paraguay,EUR,31.12,31.12,2026-06-19 23:15:15,2026-06-19 23:15:44,True,string,3.0,0.0,0.48333333333333334
MAH-01-01583,36966485,Home-side combo (bet builder),Brasil,Brazil win y Vinícius to score,3,3,Brazil - Haiti,EUR,1.82,1.82,2026-06-19 12:56:33,2026-06-19 12:58:14,False,string,2.2800000000000002,-0.021505376344086002,1.6833333333333333
2571829,36971426,Home-side combo (bet builder),Turquía,"Arda Güler 4 or more shots, Calhanoglu 4 or more shots y Diego Gómez 4 or more shots",3,3,Turkey - Paraguay,EUR,51.0,51.0,2026-06-20 01:43:58,2026-06-20 02:55:41,False,numeric,5.65,0.0,71.71666666666667
MAH-01-13372,37173241,Home-side combo (bet builder),Waterford United FC,Waterford United FC win y Tom Lonergan to score,3,3,Waterford United FC - Sligo Rovers,EUR,3.41,3.41,2026-06-12 18:24:12,2026-06-12 18:27:17,False,string,4.1899999999999995,0.0,3.0833333333333335
MAH-01-05183,33890299,Home-side combo (bet builder),Bélgica,Belgium win y A goal in both halves,3,3,Belgium - Egypt,EUR,2.47,2.47,2026-06-15 11:03:47,2026-06-15 11:09:36,False,string,0.5700000000000001,0.02066115702479343,5.816666666666666
MAH-04-08150,33890416,Home-side combo (bet builder),Francia,France win y Mbappe 2 or more shots on target,3,4,France - Senegal,EUR,2.05,2.05,2026-06-14 14:45:44,2026-06-16 17:02:10,False,string,0.47000000000000003,-0.009569377990430616,3016.4333333333334
MAH-05-15283,36024520,Home-side combo (bet builder),Portugal,Portugal win y A goal in both halves,3,3,Portugal - Democratic Republic of the Congo,EUR,1.82,1.82,2026-06-17 11:30:31,2026-06-17 11:33:41,False,string,0.78,-0.016216216216216273,3.1666666666666665
MAH-01-05239,36024480,1-X-2 / 2 goals Up,1-X-2 / Ventaja 2 goles,1,3,3,South Korea - Czech Republic,EUR,2.56,2.56,2026-06-11 21:18:02,2026-06-11 22:04:42,False,string,16.67,0.017127799736495513,46.666666666666664
2556677,36589302,1-X-2 / 2 goals Up,1-X-2 / Ventaja 2 goles,1,3,3,Rayo Vallecano - Girona,EUR,2.43,2.43,2026-05-09 23:29:00,2026-05-10 20:10:18,False,numeric,0.12,-0.012345679012345678,1241.3
MAH-04-07489,33890211,To score 2 or more goals (Star Substitute),Marcar 2 goles o más (Suplente Estrella),Lionel Messi,3,3,Argentina - Algeria,EUR,5.6,5.6,2026-06-16 14:58:48,2026-06-16 15:11:16,False,string,0.8300000000000001,0.0,12.466666666666667
1798922,33890416,1-X-2 / 2 goals Up,1-X-2 / Ventaja 2 goles,1,3,3,France - Senegal,EUR,1.47,1.47,2026-06-14 18:35:00,2026-06-15 21:13:08,False,numeric,17.5,-0.002252252252252266,1598.1333333333334
MAH-22-05002,37254601,Anytime goalscorer (Star Substitute),Goleador durante el partido (Suplente Estrella),Havertz,3,3,Germany - Curaçao,EUR,1.38,1.38,2026-06-14 17:03:26,2026-06-14 17:04:03,False,string,290.0,,0.6166666666666667
MAH-01-01102,36966485,Anytime goalscorer (Star Substitute),Goleador durante el partido (Suplente Estrella),Vinícius,3,3,Brazil - Haiti,EUR,1.76,1.76,2026-06-19 16:44:41,2026-06-19 16:46:21,False,string,51.67,-0.022222222222222254,1.6666666666666667
1706128,36966485,Anytime goalscorer (Star Substitute),Goleador durante el partido (Suplente Estrella),Vinícius,3,3,Brazil - Haiti,EUR,1.78,1.79,2026-06-19 04:58:12,2026-06-19 18:09:25,False,numeric,9.67,-0.009259259259259226,791.2166666666667
2009239,33890444,Anytime goalscorer (Star Substitute),Goleador durante el partido (Suplente Estrella),Harry Kane,3,3,England - Croatia,EUR,2.23,2.21,2026-06-16 21:09:30,2026-06-17 19:42:39,False,numeric,366.83,0.07755775577557762,1353.15
2331201,36966486,1-X-2 / 2 goals Up,1-X-2 / Ventaja 2 goles,2,3,3,Scotland - Morocco,EUR,1.64,1.64,2026-06-19 21:58:01,2026-06-19 21:58:11,False,numeric,250.0,0.006134969325153339,0.16666666666666666
1641118,36966485,1-X-2 / 2 goals Up,1-X-2 / Ventaja 2 goles,1,3,3,Brazil - Haiti,EUR,1.1,1.1,2026-06-19 16:37:17,2026-06-19 16:38:49,False,numeric,16.66,0.00917431192660545,1.5333333333333334
MAH-19-68001,36024492,1-X-2 / 2 goals Up,1-X-2 / Ventaja 2 goles,2,3,3,Australia - Turkey,EUR,1.7,1.7,2026-06-13 21:11:43,2026-06-13 22:08:48,False,string,36.25,0.011904761904761862,57.083333333333336
744635,33890304,1-X-2 / 2 goals Up,1-X-2 / Ventaja 2 goles,1,3,3,Netherlands - Japan,EUR,2.02,2.07,2026-06-14 11:18:20,2026-06-14 14:40:33,False,numeric,56.67,0.031825795644891075,202.21666666666667
2281860,33890304,1-X-2 / 2 goals Up,1-X-2 / Ventaja 2 goles,2,3,3,Netherlands - Japan,EUR,3.59,3.59,2026-06-14 12:55:48,2026-06-14 12:58:51,False,numeric,55.0,-0.011019283746556474,3.05
1815764,36024493,1-X-2 / 2 goals Up,1-X-2 / Ventaja 2 goles,1,3,4,Sweden - Tunisia,EUR,1.91,1.88,2026-06-14 09:59:18,2026-06-15 01:09:34,False,numeric,28.42,0.018817204301075252,910.2666666666667
2266138,33890416,1-X-2 / 2 goals Up,1-X-2 / Ventaja 2 goles,1,3,3,France - Senegal,EUR,1.45,1.47,2026-06-14 22:20:50,2026-06-16 11:24:43,False,numeric,1.92,-0.011261261261261294,2223.883333333333
2266138,33890211,1-X-2 / 2 goals Up,1-X-2 / Ventaja 2 goles,1,3,3,Argentina - Algeria,EUR,1.44,1.4,2026-06-14 22:20:50,2026-06-16 11:24:43,False,numeric,1.92,-0.07017543859649127,2223.883333333333
1403762,33890211,1-X-2 / 2 goals Up,1-X-2 / Ventaja 2 goles,1,3,3,Argentina - Algeria,EUR,1.44,1.4,2026-06-15 08:09:29,2026-06-16 21:10:12,False,numeric,31.44,-0.06578947368421058,2220.7166666666667
1856719,33890211,1-X-2 / 2 goals Up,1-X-2 / Ventaja 2 goles,1,3,3,Argentina - Algeria,EUR,1.42,1.38,2026-06-11 20:55:21,2026-06-16 21:11:29,False,numeric,101.11,-0.0701754385964913,7216.133333333333
MAH-01-01150,33890419,1-X-2 / 2 goals Up,1-X-2 / Ventaja 2 goles,1,3,3,Ghana - Panama,EUR,2.33,2.33,2026-06-17 19:44:50,2026-06-17 19:47:39,False,string,2.44,0.008658008658008587,2.816666666666667
MAH-01-01603,36966466,1-X-2 / 2 goals Up,1-X-2 / Ventaja 2 goles,1,3,3,Mexico - South Korea,EUR,2.04,2.04,2026-06-18 13:56:58,2026-06-18 17:02:16,False,string,6.66,0.00990099009900991,185.3
MAH-03-02602,36024491,1-X-2 / 2 goals Up,1-X-2 / Ventaja 2 goles,1,3,3,Canada - Bosnia And Herzegovina,EUR,1.74,1.74,2026-06-12 18:08:31,2026-06-12 18:09:51,False,string,3.5300000000000002,0.0,1.3333333333333333
1195286,33890309,1-X-2 / 2 goals Up,1-X-2 / Ventaja 2 goles,1,3,3,Usa - Paraguay,EUR,2.1,2.1,2026-06-12 21:57:50,2026-06-12 21:58:38,False,numeric,21.200000000000003,0.034482758620689724,0.8
2491256,33890299,1-X-2 / 2 goals Up,1-X-2 / Ventaja 2 goles,1,3,3,Belgium - Egypt,EUR,1.6,1.6,2026-06-14 20:50:20,2026-06-15 18:23:18,False,numeric,1.4,0.0397350993377484,1292.9666666666667
2019255,33890298,1-X-2 / 2 goals Up,1-X-2 / Ventaja 2 goles,1,3,3,Iran - New Zealand,EUR,1.92,1.92,2026-06-15 07:39:07,2026-06-15 07:59:19,False,numeric,4.41,0.06077348066298338,20.2
1453644,33890211,1-X-2 / 2 goals Up,1-X-2 / Ventaja 2 goles,1,3,3,Argentina - Algeria,EUR,1.44,1.39,2026-06-15 09:14:00,2026-06-16 19:37:53,False,numeric,1.04,-0.07456140350877201,2063.883333333333
833483,37275587,1-X-2 / 2 goals Up,1-X-2 / Ventaja 2 goles,2,3,5,Malaga - Almeria,EUR,3.15,3.15,2026-06-12 08:39:32,2026-06-12 08:39:39,True,numeric,1.0499999999999998,-0.03076923076923077,0.11666666666666667
MAH-01-12011,36966469,1-X-2 / 2 goals Up,1-X-2 / Ventaja 2 goles,1,3,3,Czech Republic - South Africa,EUR,1.79,1.83,2026-06-18 14:56:26,2026-06-18 15:42:36,False,string,59.58,0.013108614232209659,46.166666666666664
MAH-11-07003,37183144,1-X-2 / 2 goals Up,1-X-2 / Ventaja 2 goles,1,3,3,Nautico - Fortaleza CE,EUR,2.24,2.24,2026-06-09 19:21:56,2026-06-09 19:26:18,False,string,0.37,-0.01754385964912264,4.366666666666666
MAH-04-07702,33890304,1-X-2 / 2 goals Up,1-X-2 / Ventaja 2 goles,1,3,3,Netherlands - Japan,EUR,2.0,2.0,2026-06-13 17:34:50,2026-06-13 17:40:15,False,string,1.63,0.005025125628140614,5.416666666666667
1195286,33890299,1-X-2 / 2 goals Up,1-X-2 / Ventaja 2 goles,1,3,3,Belgium - Egypt,EUR,1.51,1.51,2026-06-15 18:24:37,2026-06-15 18:25:58,False,numeric,14.379999999999999,0.0,1.35
2502933,33890299,1-X-2 / 2 goals Up,1-X-2 / Ventaja 2 goles,1,3,3,Belgium - Egypt,EUR,1.5,1.5,2026-06-15 18:50:49,2026-06-15 18:56:03,False,numeric,300.0,-0.0066225165562914245,5.233333333333333
MAH-22-03002,36966486,1st half: Team corners,1º tiempo: Corners equipo,Morocco 3 or more,3,3,Scotland - Morocco,EUR,2.0,1.96,2026-06-18 13:05:25,2026-06-19 07:08:35,False,string,0.29000000000000004,-0.00837520938023458,1083.1666666666667
MAH-03-27776,33890416,Match corners,Corners durante el partido,10 or more,3,3,France - Senegal,EUR,1.95,1.95,2026-06-16 13:15:02,2026-06-16 13:15:27,False,string,2.73,0.08333333333333326,0.4166666666666667
MAH-04-07851,36966485,To score or assist (Star Substitute),Marcar gol o asistir (Suplente Estrella),Raphinha,3,3,Brazil - Haiti,EUR,1.39,1.41,2026-06-18 18:43:03,2026-06-19 19:53:16,False,string,0.92,-0.009456264775413725,1510.2166666666667
MAH-04-07220,33890259,Match corners,Corners durante el partido,9 or more,3,9,Qatar - Switzerland,EUR,1.67,1.67,2026-06-10 12:14:22,2026-06-10 12:14:59,True,string,1.65,0.11333333333333329,0.6166666666666667
MAH-01-05341,36966480,1st half: Team corners,1º tiempo: Corners equipo,Australia 1 or more,3,3,Usa - Australia,EUR,1.31,1.31,2026-06-19 17:32:00,2026-06-19 18:40:30,False,string,13.59,-0.019753086419753114,68.5
MAH-11-09007,36966485,1st half: Team corners,1º tiempo: Corners equipo,Haiti 1 or more,3,3,Brazil - Haiti,EUR,1.59,1.59,2026-06-19 14:29:47,2026-06-19 14:36:06,False,string,1.1,0.0,6.316666666666666
2623772,33890444,1st half: Team corners,1º tiempo: Corners equipo,England 4 or more,3,3,England - Croatia,EUR,2.57,2.57,2026-06-17 19:01:23,2026-06-17 19:56:47,False,numeric,27.5,-0.009727626459143934,55.4
MAH-22-03002,36966473,1st half: Team corners,1º tiempo: Corners equipo,Bosnia And Herzegovina 2 or more,3,3,Switzerland - Bosnia And Herzegovina,EUR,2.54,2.49,2026-06-18 06:48:34,2026-06-18 13:05:25,False,string,0.32,-0.061173533083645405,376.85
1860061,33890313,1st half: Team corners,1º tiempo: Corners equipo,Spain 4 or more,3,3,Spain - Cape Verde,EUR,1.56,1.55,2026-06-14 18:12:38,2026-06-15 01:33:59,False,numeric,17.22,0.015250544662309315,441.35
2417684,33890313,1st half: Team corners,1º tiempo: Corners equipo,Cape Verde 1 or more,3,3,Spain - Cape Verde,PEN,1.82,1.82,2026-06-15 14:51:06,2026-06-15 15:32:27,False,numeric,1.23,0.02824858757062154,41.35
MAH-04-07220,36024480,Match corners,Corners durante el partido,9 or more,3,9,South Korea - Czech Republic,EUR,1.74,1.74,2026-06-10 12:14:22,2026-06-10 12:14:59,True,string,1.57,-0.033333333333333326,0.6166666666666667
MAH-19-66001,36024518,Match corners,Corners durante el partido,9 or more,3,3,Iraq - Norway,EUR,1.8,1.8,2026-06-15 18:37:27,2026-06-15 18:46:43,False,string,2.37,0.19205298013245042,9.266666666666667
1689764,36024518,Match corners,Corners durante el partido,12 or more,3,3,Iraq - Norway,EUR,3.03,3.03,2026-06-16 21:18:33,2026-06-16 21:19:02,False,numeric,517.6700000000001,0.11397058823529393,0.48333333333333334
MAH-03-24544,36966549,Match corners,Corners durante el partido,11 or more,3,3,Netherlands - Sweden,EUR,2.44,2.44,2026-06-20 14:16:20,2026-06-20 15:34:23,False,string,17.5,-0.01733333333333331,78.05
MAH-04-07220,33890238,Match corners,Corners durante el partido,9 or more,3,6,Mexico - South Africa,EUR,1.76,1.76,2026-06-10 12:14:22,2026-06-10 12:14:59,True,string,1.65,-0.05376344086021512,0.6166666666666667
MAH-04-07220,36024491,Match corners,Corners durante el partido,9 or more,3,9,Canada - Bosnia And Herzegovina,EUR,1.82,1.82,2026-06-10 12:14:22,2026-06-10 12:14:59,True,string,1.57,0.13749999999999996,0.6166666666666667
MAH-23-01902,33890220,Match corners,Corners durante el partido,10 or more,3,3,Uzbekistan - Colombia,PEN,2.3,2.3,2026-06-17 15:04:11,2026-06-17 19:19:57,False,string,1.75,-0.0043290043290044045,255.76666666666668
MAH-01-04929,36024520,Match corners,Corners durante el partido,10 or more,3,3,Portugal - Democratic Republic of the Congo,EUR,2.02,2.02,2026-06-17 08:50:45,2026-06-17 09:05:26,False,string,4.5,0.0,14.683333333333334
MAH-01-04004,33890444,Match,Partido,Both teams to score y Over 7.5 corners,3,23,England - Croatia,EUR,2.63,2.63,2026-06-17 09:24:02,2026-06-17 09:24:39,False,string,0.19,0.015444015444015413,0.6166666666666667
2394434,36966553,Match corners,Corners durante el partido,12 or more,3,3,Germany - Ivory Coast,EUR,3.12,3.12,2026-06-20 16:12:03,2026-06-20 16:19:36,False,numeric,0.53,0.1428571428571428,7.55
MAH-03-27052,33890238,Match corners,Corners durante el partido,8 or more,3,3,Mexico - South Africa,EUR,1.5,1.5,2026-06-11 17:56:32,2026-06-11 17:58:38,False,string,60.0,-0.04458598726114649,2.1
1689764,36024518,Match corners,Corners durante el partido,11 or more,3,3,Iraq - Norway,EUR,2.42,2.42,2026-06-16 21:15:27,2026-06-16 21:16:05,False,numeric,1233.5,0.008333333333333304,0.6333333333333333
MAH-04-07220,33890309,Match corners,Corners durante el partido,9 or more,3,6,Usa - Paraguay,EUR,1.78,1.78,2026-06-10 12:14:22,2026-06-10 12:14:59,True,string,1.5,0.10559006211180111,0.6166666666666667
MAH-01-15009,36024518,Match corners,Corners durante el partido,9 or more,3,5,Iraq - Norway,EUR,1.6,1.6,2026-06-16 19:15:47,2026-06-16 19:16:29,True,string,0.8,0.0596026490066226,0.7
MAH-01-05247,33890444,Home-side combo (bet builder),Inglaterra,"England win, Over 2.5 goals y Over 8.5 corners",3,3,England - Croatia,EUR,4.79,4.79,2026-06-16 03:49:38,2026-06-16 03:50:28,False,string,1.73,0.08126410835214459,0.8333333333333334
MAH-01-05175,33890416,Home-side combo (bet builder),Francia,France win y Mbappe to score,3,3,France - Senegal,EUR,2.18,2.23,2026-06-16 12:07:31,2026-06-16 18:53:27,False,string,7.5,-0.04492753623188391,405.93333333333334
MAH-01-04923,36966553,Home-side combo (bet builder),Alemania,"Germany win, Over 2.5 goals y Havertz to score",3,5,Germany - Ivory Coast,EUR,3.15,3.15,2026-06-20 16:56:43,2026-06-20 16:59:36,True,string,1.32,-0.021739130434782705,2.8833333333333333
MAH-11-10004,36966553,Home-side combo (bet builder),Alemania,Germany to win 1st half y Germany to win 2nd half,3,3,Germany - Ivory Coast,EUR,3.79,3.79,2026-06-20 16:53:50,2026-06-20 16:54:50,False,string,8.33,0.03835616438356171,1.0
MAH-03-27834,33890416,Home-side combo (bet builder),Francia,France win y Michael Olise 1 or more assists,3,3,France - Senegal,EUR,2.66,2.66,2026-06-15 09:41:43,2026-06-15 09:43:46,False,string,0.45,-0.011152416356877248,2.05
MAH-04-07248,33890299,Home-side combo (bet builder),Bélgica,"Belgium win, Over 8.5 corners y Doku to score",3,3,Belgium - Egypt,EUR,5.5,5.5,2026-06-15 15:52:10,2026-06-15 16:03:05,False,string,1.67,0.028037383177570208,10.916666666666666
MAH-01-01245,36024520,Home-side combo (bet builder),Portugal,Portugal win y Cristiano Ronaldo 2 or more shots on target,3,3,Portugal - Democratic Republic of the Congo,EUR,1.93,1.93,2026-06-17 13:56:50,2026-06-17 14:00:40,False,string,30.0,-0.01025641025641022,3.8333333333333335
MAH-05-15015,33890444,Home-side combo (bet builder),Inglaterra,England win y Harry Kane to score,3,3,England - Croatia,EUR,2.77,2.77,2026-06-16 20:36:09,2026-06-17 14:59:02,False,string,13.33,0.0580808080808081,1102.8833333333334
2541362,33890290,1st half: Team corners,1º tiempo: Corners equipo,Scotland 2 or more,3,3,Haiti - Scotland,EUR,1.39,1.43,2026-06-11 13:34:54,2026-06-13 18:27:53,False,numeric,28.89,0.04938271604938257,3172.983333333333
MAH-01-12172,36966473,1st half: Team corners,1º tiempo: Corners equipo,Bosnia And Herzegovina 1 or more,3,3,Switzerland - Bosnia And Herzegovina,EUR,1.4,1.4,2026-06-18 16:41:10,2026-06-18 16:49:41,False,string,4.13,0.0,8.516666666666667
MAH-03-24954,36966472,1-X-2 / 2 goals Up,1-X-2 / Ventaja 2 goles,1,3,3,Canada - Qatar,EUR,1.23,1.23,2026-06-18 09:39:22,2026-06-18 09:39:51,False,string,5.91,0.0,0.48333333333333334
MAH-11-07002,36966473,1-X-2 / 2 goals Up,1-X-2 / Ventaja 2 goles,2,3,15,Switzerland - Bosnia And Herzegovina,EUR,5.72,5.72,2026-06-18 14:56:31,2026-06-18 14:57:17,False,string,0.18000000000000002,-0.00521739130434784,0.7666666666666667
2555563,33890211,1-X-2 / 2 goals Up,1-X-2 / Ventaja 2 goles,1,3,3,Argentina - Algeria,EUR,1.44,1.42,2026-06-15 20:52:51,2026-06-16 21:41:22,False,numeric,6.8100000000000005,-0.06578947368421058,1488.5166666666667
MAH-11-07003,33890210,1-X-2 / 2 goals Up,1-X-2 / Ventaja 2 goles,1,3,3,Austria - Jordan,EUR,1.32,1.29,2026-06-11 13:21:18,2026-06-12 15:05:17,False,string,0.28,-0.051094890510948954,1543.9833333333333
MAH-01-49804,36966469,1-X-2 / 2 goals Up,1-X-2 / Ventaja 2 goles,1,3,3,Czech Republic - South Africa,EUR,1.79,1.83,2026-06-18 09:30:08,2026-06-18 14:27:42,False,string,101.1,0.013108614232209659,297.56666666666666
MAH-11-07002,36966469,1-X-2 / 2 goals Up,1-X-2 / Ventaja 2 goles,2,3,15,Czech Republic - South Africa,EUR,4.3,4.3,2026-06-18 14:56:31,2026-06-18 14:57:17,False,string,0.16,0.016548463356973908,0.7666666666666667
MAH-11-07002,36966466,1-X-2 / 2 goals Up,1-X-2 / Ventaja 2 goles,2,3,15,Mexico - South Korea,EUR,3.79,3.79,2026-06-18 14:56:31,2026-06-18 14:57:17,False,string,0.19,0.01608579088471851,0.7666666666666667
2146595,36966473,1-X-2 / 2 goals Up,1-X-2 / Ventaja 2 goles,1,3,3,Switzerland - Bosnia And Herzegovina,PEN,1.53,1.55,2026-06-18 11:31:43,2026-06-18 18:53:15,False,numeric,105.75,0.008714596949891037,441.53333333333336
MAH-19-68001,36966473,1-X-2 / 2 goals Up,1-X-2 / Ventaja 2 goles,1,3,3,Switzerland - Bosnia And Herzegovina,EUR,1.55,1.52,2026-06-17 07:48:10,2026-06-18 18:09:05,False,string,27.450000000000003,0.008714596949891037,2060.9166666666665
MAH-01-49804,36966486,1-X-2 / 2 goals Up,1-X-2 / Ventaja 2 goles,2,3,3,Scotland - Morocco,EUR,1.71,1.71,2026-06-18 14:30:35,2026-06-18 14:31:38,False,string,83.33,0.04907975460122693,1.05
1917693,36966486,1-X-2 / 2 goals Up,1-X-2 / Ventaja 2 goles,2,3,3,Scotland - Morocco,EUR,1.66,1.66,2026-06-19 16:44:54,2026-06-19 18:11:12,False,numeric,25.42,0.01840490797546024,86.3
MAH-04-07604,36966486,1-X-2 / 2 goals Up,1-X-2 / Ventaja 2 goles,2,3,3,Scotland - Morocco,EUR,1.72,1.72,2026-06-19 08:25:50,2026-06-19 10:10:06,False,string,3.16,0.05521472392638049,104.26666666666667
1446317,36966486,1-X-2 / 2 goals Up,1-X-2 / Ventaja 2 goles,2,3,3,Scotland - Morocco,EUR,1.72,1.61,2026-06-18 18:03:44,2026-06-19 21:19:57,False,numeric,26.66,0.0327198364008181,1636.2166666666667
MAH-03-24943,36971426,1-X-2 / 2 goals Up,1-X-2 / Ventaja 2 goles,1,3,3,Turkey - Paraguay,EUR,1.98,1.98,2026-06-19 20:19:22,2026-06-19 20:20:13,False,string,4.16,-0.03414634146341455,0.85
1768913,37173498,1-X-2 / 2 goals Up,1-X-2 / Ventaja 2 goles,1,3,3,Las Palmas - Malaga,EUR,2.22,2.22,2026-06-07 08:18:37,2026-06-07 16:29:09,False,numeric,0.79,0.013824884792626927,490.53333333333336
MAH-11-07002,37237611,1-X-2 / 2 goals Up,1-X-2 / Ventaja 2 goles,2,3,18,Almeria - Castellón,EUR,2.8,2.8,2026-06-09 16:49:51,2026-06-09 16:51:28,False,string,0.30000000000000004,-0.003558718861210064,1.6166666666666667
MAH-19-96003,37238914,1-X-2 / 2 goals Up,1-X-2 / Ventaja 2 goles,1,3,3,Malaga - Las Palmas,EUR,2.16,2.16,2026-06-10 13:56:35,2026-06-10 13:57:13,False,string,0.6000000000000001,0.09090909090909105,0.6333333333333333
2348435,37238914,1-X-2 / 2 goals Up,1-X-2 / Ventaja 2 goles,1,3,3,Malaga - Las Palmas,EUR,2.02,2.17,2026-06-10 12:17:35,2026-06-10 18:51:10,False,numeric,1.23,0.06565656565656568,393.5833333333333
MAH-01-01224,36024492,1-X-2 / 2 goals Up,1-X-2 / Ventaja 2 goles,2,3,3,Australia - Turkey,EUR,1.69,1.69,2026-06-13 09:16:32,2026-06-13 10:11:27,False,string,0.5800000000000001,0.005952380952380931,54.916666666666664
1783724,36024492,1-X-2 / 2 goals Up,1-X-2 / Ventaja 2 goles,2,3,3,Australia - Turkey,EUR,1.69,1.7,2026-06-13 22:05:56,2026-06-14 03:07:05,False,numeric,42.5,0.007936507936507908,301.15
MAH-19-99001,33890299,1-X-2 / 2 goals Up,1-X-2 / Ventaja 2 goles,1,3,3,Belgium - Egypt,EUR,1.57,1.57,2026-06-15 14:35:17,2026-06-15 14:36:13,False,string,400.0,0.039735099337748325,0.9333333333333333
2178367,33890416,1-X-2 / 2 goals Up,1-X-2 / Ventaja 2 goles,1,3,3,France - Senegal,EUR,1.4,1.4,2026-06-16 17:34:55,2026-06-16 17:36:04,False,numeric,11.98,-0.05405405405405406,1.15
1403762,33890416,1-X-2 / 2 goals Up,1-X-2 / Ventaja 2 goles,1,3,3,France - Senegal,EUR,1.47,1.47,2026-06-15 08:09:29,2026-06-16 09:24:38,False,numeric,28.44,-0.006756756756756799,1515.15
2178367,36024518,1-X-2 / 2 goals Up,1-X-2 / Ventaja 2 goles,2,3,3,Iraq - Norway,EUR,1.17,1.17,2026-06-16 17:34:55,2026-06-16 17:36:04,False,numeric,11.98,-0.025000000000000022,1.15
2553933,37275587,1-X-2 / 2 goals Up,1-X-2 / Ventaja 2 goles,1,3,3,Malaga - Almeria,EUR,2.2,2.25,2026-06-14 08:28:54,2026-06-14 15:45:47,False,numeric,68.66,0.026234567901234573,436.8833333333333
MAH-22-01001,33890444,1-X-2 / 2 goals Up,1-X-2 / Ventaja 2 goles,1,3,3,England - Croatia,EUR,1.63,1.68,2026-06-16 18:04:28,2026-06-17 17:53:45,False,string,1.48,-0.00803212851405625,1429.2833333333333
MAH-04-08047,33890419,1-X-2 / 2 goals Up,1-X-2 / Ventaja 2 goles,1,3,3,Ghana - Panama,EUR,2.34,2.31,2026-06-17 21:24:35,2026-06-17 21:32:00,False,string,43.78,0.0043290043290042934,7.416666666666667
2492579,33890220,1-X-2 / 2 goals Up,1-X-2 / Ventaja 2 goles,2,3,3,Uzbekistan - Colombia,EUR,1.37,1.38,2026-06-14 00:52:41,2026-06-17 08:34:19,False,numeric,82.73,0.06718346253229972,4781.633333333333
MAH-03-24954,36966473,1-X-2 / 2 goals Up,1-X-2 / Ventaja 2 goles,1,3,3,Switzerland - Bosnia And Herzegovina,EUR,1.5,1.5,2026-06-18 09:39:22,2026-06-18 09:39:51,False,string,5.91,-0.019607843137254943,0.48333333333333334
1638658,33890444,Match,Partido,Both teams to score y Over 7.5 corners,3,14,England - Croatia,EUR,2.65,2.65,2026-06-17 09:01:53,2026-06-17 09:02:12,True,numeric,0.73,0.02316602316602312,0.31666666666666665
MAH-01-05173,36966553,Match,Partido,Both teams to score y Florian Wirtz to score,3,6,Germany - Ivory Coast,EUR,4.19,4.19,2026-06-20 13:17:05,2026-06-20 13:23:07,False,string,0.15000000000000002,0.0,6.033333333333333
1772009,33890444,Home-side combo (bet builder),Inglaterra,England win y Harry Kane 2 or more shots on target,3,3,England - Croatia,EUR,2.82,2.82,2026-06-17 16:42:59,2026-06-17 19:03:29,False,numeric,6.67,0.06463878326996197,140.5
MAH-01-05186,33890312,Away-side combo (bet builder),Uruguay,Uruguay win y Federico Viñas to score,3,3,Saudi Arabia - Uruguay,EUR,2.95,2.95,2026-06-15 15:26:23,2026-06-15 15:27:05,False,string,0.99,-0.10060975609756084,0.7
2165050,36966472,Home-side combo (bet builder),Canadá,Canada win y Over 2.5 goals,3,3,Canada - Qatar,EUR,1.94,1.87,2026-06-18 14:13:08,2026-06-18 21:09:18,False,numeric,0.62,0.02898550724637679,416.1666666666667
MAH-04-07673,36966485,Home-side combo (bet builder),Brasil,Brazil win y A goal in both halves,3,3,Brazil - Haiti,EUR,1.44,1.45,2026-06-19 11:58:14,2026-06-19 15:58:16,False,string,0.46,-0.004597701149425297,240.03333333333333
MAH-01-12133,36966485,Home-side combo (bet builder),Brasil,Brazil win y Vinícius to score,3,3,Brazil - Haiti,EUR,1.86,1.83,2026-06-19 23:17:55,2026-06-19 23:18:44,False,string,0.39,-0.010752688172043001,0.8166666666666667
MAH-01-12133,36966485,Home-side combo (bet builder),Brasil,"Brazil win, Over 10.5 corners y Vinícius to score a Hat trick (three or more goals)",3,3,Brazil - Haiti,EUR,29.25,29.25,2026-06-19 23:15:15,2026-06-19 23:15:44,True,string,3.0,0.008620689655172376,0.48333333333333334
1545330,36966553,Home-side combo (bet builder),Alemania,Germany win y Over 2.5 goals,3,3,Germany - Ivory Coast,EUR,2.15,1.95,2026-06-19 20:46:25,2026-06-20 19:04:50,False,numeric,140.5,-0.0065681444991789,1338.4166666666667
MAH-03-24591,36024491,Home-side combo (bet builder),Canadá,"Canada win, Over 2.5 goals y Over 8.5 corners",3,3,Canada - Bosnia And Herzegovina,EUR,5.05,5.05,2026-06-12 18:15:40,2026-06-12 18:17:42,False,string,6.99,0.0,2.033333333333333
528848,36024493,Home-side combo (bet builder),Suecia,Sweden win y Viktor Gyokeres to score,3,3,Sweden - Tunisia,EUR,3.42,3.42,2026-06-14 17:52:55,2026-06-14 21:22:46,False,numeric,0.7100000000000001,0.09294871794871784,209.85
2079116,36024493,Home-side combo (bet builder),Suecia,Sweden win y Viktor Gyokeres to score,3,3,Sweden - Tunisia,EUR,3.2,3.2,2026-06-14 22:54:55,2026-06-14 22:59:50,False,numeric,5.0,0.025641025641025772,4.916666666666667
2053359,33890220,Away-side combo (bet builder),Colombia,Colombia win y Luis Diaz 1 or more assists,3,3,Uzbekistan - Colombia,EUR,4.38,4.44,2026-06-17 19:22:58,2026-06-18 01:42:06,False,numeric,7.73,0.013698630136986356,379.1333333333333
2159085,36966466,Away-side combo (bet builder),Corea del Sur,South Korea win y Hyeon-Gyu Oh to score,3,4,Mexico - South Korea,EUR,8.8,8.8,2026-06-18 18:40:16,2026-06-18 21:18:13,True,numeric,0.88,-0.027624309392265234,157.95
MAH-03-02570,33890259,Away-side combo (bet builder),Suiza,Switzerland win y Over 2.5 goals,3,3,Qatar - Switzerland,EUR,1.78,1.78,2026-06-13 11:40:07,2026-06-13 11:41:14,False,string,10.67,0.02298850574712641,1.1166666666666667
2627916,33890291,Away-side combo (bet builder),Marruecos,Morocco win y Brahim to score,3,3,Brazil - Morocco,EUR,12.0,11.85,2026-06-11 14:49:37,2026-06-12 15:24:42,False,numeric,1.25,-0.006250000000000033,1475.0833333333333
MAH-03-27574,33890220,Away-side combo (bet builder),Colombia,Colombia win y Luis Diaz 2 or more shots on target,3,3,Uzbekistan - Colombia,EUR,2.17,2.17,2026-06-17 16:45:32,2026-06-17 17:23:13,False,string,1.21,-0.03555555555555556,37.68333333333333
MAH-01-04923,36966549,Away-side combo (bet builder),Suecia,"Sweden win, Over 8.5 corners y Yasin Ayari to score",3,5,Netherlands - Sweden,EUR,27.35,27.35,2026-06-20 16:56:43,2026-06-20 16:59:36,True,string,1.3199999999999998,0.003290676416819016,2.8833333333333333
MAH-08-37003,33890306,Match,Partido,Over 2.5 goals y Havertz to score,3,3,Germany - Curaçao,EUR,1.57,1.58,2026-06-12 10:28:05,2026-06-13 18:43:22,False,string,1.46,-0.022916666666666658,1935.2833333333333
MAH-01-04870,33890220,Away-side combo (bet builder),Colombia,Colombia win y James Rodríguez to score,3,3,Uzbekistan - Colombia,EUR,3.61,3.61,2026-06-17 17:11:32,2026-06-17 17:31:52,False,string,13.34,-0.005509641873278293,20.333333333333332
MAH-05-15015,33890220,Away-side combo (bet builder),Colombia,Colombia win y Luis Diaz 2 or more shots on target,3,3,Uzbekistan - Colombia,EUR,2.18,2.18,2026-06-17 14:57:47,2026-06-17 19:15:51,False,string,13.33,-0.029629629629629634,258.06666666666666
MAH-04-07604,37310675,Away-side combo (bet builder),Flora Tallinn,FC Flora Tallinn win y Over 2.5 goals,3,3,Parnu JK Vaprus - FC Flora Tallinn,EUR,1.81,1.87,2026-06-16 14:21:27,2026-06-16 15:27:10,False,string,3.04,0.03314917127071837,65.71666666666667
2627239,33890291,Away-side combo (bet builder),Marruecos,Morocco win y Raphinha to score,3,3,Brazil - Morocco,EUR,31.0,31.0,2026-06-13 06:23:41,2026-06-13 10:27:51,False,numeric,2.44,-0.13888888888888884,244.16666666666666
MAH-01-12133,33890220,Away-side combo (bet builder),Colombia,Colombia win y Luis Diaz first goalscorer,3,5,Uzbekistan - Colombia,EUR,5.37,5.35,2026-06-17 22:33:49,2026-06-17 22:37:28,True,string,1.63,0.03192307692307681,3.65
MAH-03-27831,33890220,Away-side combo (bet builder),Colombia,"Colombia win, Over 8.5 corners y Luis Diaz 4 or more shots",3,3,Uzbekistan - Colombia,EUR,3.48,3.48,2026-06-16 09:19:54,2026-06-16 09:21:41,False,string,0.5700000000000001,0.0,1.7833333333333334
428035,37244371,Away-side combo (bet builder),Azerbaiyán,Azerbaijan win y A goal in both halves,3,3,San Marino - Azerbaijan,EUR,1.61,1.61,2026-06-09 15:38:27,2026-06-09 15:39:16,False,numeric,0.52,0.0,0.8166666666666667
MAH-11-02005,33890259,Away-side combo (bet builder),Suiza,Switzerland win y A goal in both halves,3,3,Qatar - Switzerland,EUR,1.81,1.81,2026-06-13 11:27:05,2026-06-13 11:27:33,False,string,1.1099999999999999,0.03428571428571425,0.4666666666666667
MAH-01-05247,36024518,Away-side combo (bet builder),Noruega,"Norway win, Over 2.5 goals y Over 8.5 corners",3,3,Iraq - Norway,EUR,2.58,2.58,2026-06-16 03:49:38,2026-06-16 03:50:28,False,string,1.73,0.04453441295546545,0.8333333333333334
2627239,33890290,Away-side combo (bet builder),Escocia,Scotland win y McTominay to score,3,3,Haiti - Scotland,EUR,3.63,3.5,2026-06-11 16:22:09,2026-06-13 06:09:34,False,numeric,0.73,0.09918200408997957,2267.4166666666665
2627239,33890291,Away-side combo (bet builder),Marruecos,Morocco win y Brahim to score,3,3,Brazil - Morocco,EUR,12.0,11.85,2026-06-11 05:28:49,2026-06-12 15:16:15,False,numeric,1.25,-0.004166666666666689,2027.4333333333334
1569191,36024492,Away-side combo (bet builder),Turquía,Turkey win y Arda Güler to score,3,3,Australia - Turkey,EUR,3.91,3.91,2026-06-13 21:41:41,2026-06-13 21:57:19,False,numeric,1.3,0.04266666666666663,15.633333333333333
MAH-03-24592,33890298,Away-side combo (bet builder),Nueva Zelanda,"New Zealand win, Over 8.5 corners y Elijah Just to score",3,3,Iran - New Zealand,EUR,31.0,26.0,2026-06-15 21:01:36,2026-06-15 21:14:39,False,string,1.23,-0.08064516129032256,13.05
MAH-03-27834,36966553,Home-side combo (bet builder),Alemania,"Germany win, Over 2.5 goals y Over 8.5 corners",3,3,Germany - Ivory Coast,EUR,3.28,3.28,2026-06-18 09:13:02,2026-06-18 09:19:12,False,string,0.27,0.041269841269841345,6.166666666666667
1861050,36966485,Home-side combo (bet builder),Brasil,"Brazil win, Over 2.5 goals y Vinícius to score",3,3,Brazil - Haiti,EUR,2.11,2.15,2026-06-20 00:03:48,2026-06-20 00:15:20,False,numeric,1.5,-0.010852713178294579,11.533333333333333
1682945,36966473,Home-side combo (bet builder),Suiza,Switzerland win y Breel Embolo to score,3,3,Switzerland - Bosnia And Herzegovina,EUR,2.82,2.82,2026-06-18 12:37:49,2026-06-18 15:33:30,False,numeric,0.51,0.004761904761904745,175.68333333333334
MAH-01-05247,33890211,Home-side combo (bet builder),Argentina,"Argentina win, Over 2.5 goals y Over 8.5 corners",3,3,Argentina - Algeria,EUR,3.92,3.92,2026-06-16 03:49:38,2026-06-16 03:50:28,False,string,1.73,-0.09048723897911826,0.8333333333333334
2298666,36966486,Team offsides,Fueras de juego equipo,Scotland 2 or more,3,3,Scotland - Morocco,PEN,1.72,1.72,2026-06-19 19:15:40,2026-06-19 21:57:53,False,numeric,0.6000000000000001,0.0029069767441860517,162.21666666666667
MAH-01-00371,36024518,Team corners,Corners equipo,Iraq 4 or more,3,3,Iraq - Norway,EUR,3.7,3.7,2026-06-15 18:26:48,2026-06-15 18:30:34,False,string,0.67,-0.08415841584158412,3.7666666666666666
2113848,36024518,Team corners,Corners equipo,Norway 7 or more,3,3,Iraq - Norway,PEN,1.92,1.61,2026-06-14 16:18:23,2026-06-16 20:28:25,False,numeric,0.23,0.10559006211180118,3130.0333333333333
2338266,33890419,Team corners,Corners equipo,Ghana 4 or more,3,3,Ghana - Panama,PEN,1.51,1.5,2026-06-17 04:07:44,2026-06-17 18:39:26,False,numeric,2.17,0.14758269720101777,871.7
MAH-01-13292,36966486,Team corners,Corners equipo,Scotland 3 or more,3,3,Scotland - Morocco,EUR,1.48,1.5,2026-06-18 15:20:11,2026-06-19 18:14:31,False,string,0.77,-0.008888888888888872,1614.3333333333333
MAH-19-56001,36024520,Team corners,Corners equipo,Democratic Republic of the Congo 4 or more,3,6,Portugal - Democratic Republic of the Congo,EUR,2.41,2.41,2026-06-17 08:14:15,2026-06-17 08:14:46,False,string,1.2000000000000002,-0.11397058823529416,0.5166666666666667
MAH-02-01857,33890313,Team corners,Corners equipo,Cape Verde 2 or more,3,3,Spain - Cape Verde,EUR,1.81,1.81,2026-06-15 15:11:39,2026-06-15 15:24:36,False,string,0.9,0.018416206261510082,12.95
2212804,33890259,Team corners,Corners equipo,Qatar 3 or more,3,3,Qatar - Switzerland,EUR,1.64,1.84,2026-06-11 03:51:40,2026-06-12 15:08:04,False,numeric,0.89,-0.06486486486486494,2116.4
MAH-01-13431,33890259,Team corners,Corners equipo,Switzerland 7 or more,3,3,Qatar - Switzerland,EUR,1.6,1.6,2026-06-13 18:45:53,2026-06-13 18:51:09,False,string,2.5,0.0,5.266666666666667
2176321,37275587,Team corners,Corners equipo,Almeria 4 or more,3,3,Malaga - Almeria,EUR,1.36,1.46,2026-06-13 16:48:49,2026-06-14 06:42:12,False,numeric,1.2,-0.07726269315673288,833.3833333333333
MAH-19-56002,36966469,Team corners,Corners equipo,South Africa 4 or more,3,3,Czech Republic - South Africa,EUR,2.09,2.1,2026-06-18 09:44:25,2026-06-18 09:45:02,False,string,1.2000000000000002,0.04145936981757884,0.6166666666666667
MAH-19-56002,36966473,Team corners,Corners equipo,Bosnia And Herzegovina 5 or more,3,3,Switzerland - Bosnia And Herzegovina,EUR,4.02,4.02,2026-06-18 09:44:25,2026-06-18 09:45:02,False,string,1.2000000000000002,0.022900763358778553,0.6166666666666667
MAH-19-56001,36966485,Team corners,Corners equipo,Haiti 3 or more,3,3,Brazil - Haiti,EUR,2.31,2.31,2026-06-19 17:45:43,2026-06-19 17:46:10,False,string,1.2000000000000002,-0.004310344827586077,0.45
MAH-19-56001,36966480,Team corners,Corners equipo,Australia 5 or more,3,3,Usa - Australia,EUR,3.62,3.62,2026-06-19 17:45:43,2026-06-19 17:46:10,False,string,1.2000000000000002,-0.05483028720626626,0.45
MAH-01-13292,37237611,Team corners,Corners equipo,Castellón 4 or more,3,3,Almeria - Castellón,EUR,1.3,1.3,2026-06-09 17:49:29,2026-06-09 17:54:07,False,string,2.0,0.0,4.633333333333334
MAH-03-02926,37233846,Team corners,Corners equipo,Portugal 9 or more,3,3,Portugal - Nigeria,EUR,3.42,3.42,2026-06-10 12:44:20,2026-06-10 12:46:04,False,string,45.0,0.22142857142857153,1.7333333333333334
MAH-01-00260,33890416,Team corners,Corners equipo,Senegal 6 or more,3,3,France - Senegal,EUR,7.0,7.0,2026-06-16 13:44:25,2026-06-16 13:45:21,False,string,0.99,0.21739130434782616,0.9333333333333333
MAH-01-48962,36966472,Home-side combo (bet builder),Canadá,Canada win y Both teams to score,3,3,Canada - Qatar,EUR,3.04,3.04,2026-06-18 10:52:35,2026-06-18 10:56:43,False,string,0.65,0.00996677740863805,4.133333333333334
MAH-11-10008,36966485,Home-side combo (bet builder),Brasil,"Brazil win, Over 8.5 corners y Vinícius to score 2 or more goals",3,3,Brazil - Haiti,EUR,6.33,6.65,2026-06-19 18:06:29,2026-06-19 21:28:27,False,string,2.92,-0.039303482587064655,201.96666666666667
MAH-03-03185,33890313,Home-side combo (bet builder),España,Spain to win 1st half y Spain to win 2nd half,3,3,Spain - Cape Verde,EUR,1.65,1.65,2026-06-15 15:43:46,2026-06-15 15:44:44,False,string,1.68,-0.02941176470588236,0.9666666666666667
2627239,33890299,Home-side combo (bet builder),Bélgica,Belgium win y Omar Marmoush to score,3,3,Belgium - Egypt,EUR,10.5,10.45,2026-06-12 08:59:18,2026-06-15 10:42:16,False,numeric,1.17,-0.04031007751937987,4422.966666666666
MAH-01-55212,33890416,Home-side combo (bet builder),Francia,"France win, France to score in both halves y Over 8.5 corners",3,3,France - Senegal,EUR,4.21,4.21,2026-06-16 11:57:00,2026-06-16 11:58:10,False,string,12.67,0.20630372492836657,1.1666666666666667
MAH-01-05247,33890416,Home-side combo (bet builder),Francia,"France win, Over 2.5 goals y Over 8.5 corners",3,3,France - Senegal,EUR,3.7,3.7,2026-06-16 03:49:38,2026-06-16 03:50:28,False,string,1.73,0.1708860759493671,0.8333333333333334
528848,33890416,Home-side combo (bet builder),Francia,France win y Mbappe to score,3,4,France - Senegal,EUR,2.25,2.2,2026-06-15 18:06:56,2026-06-16 17:59:01,False,numeric,1.0,-0.033695652173912904,1432.0833333333333
MAH-01-13372,33890416,Home-side combo (bet builder),Francia,"France win, Over 8.5 corners y Mbappe to score a Hat trick (three or more goals)",3,3,France - Senegal,EUR,28.11,27.97,2026-06-16 18:58:24,2026-06-16 18:59:42,False,string,1.67,0.07846153846153843,1.3
MAH-03-27314,33890416,Home-side combo (bet builder),Francia,France win y Mbappe to score,3,3,France - Senegal,EUR,2.18,2.26,2026-06-14 18:20:27,2026-06-15 17:08:13,False,string,3.76,-0.040579710144927415,1367.7666666666667
MAH-06-01001,33890416,Home-side combo (bet builder),Francia,"France win, Over 2.5 goals y Mbappe to score",3,3,France - Senegal,EUR,2.81,2.81,2026-06-16 12:50:15,2026-06-16 12:51:50,False,string,20.0,-0.05067567567567566,1.5833333333333333
2050404,33890211,1-X-2 / 2 goals Up,1-X-2 / Ventaja 2 goles,1,3,3,Argentina - Algeria,EUR,1.44,1.4,2026-06-15 08:33:23,2026-06-16 20:49:02,False,numeric,7.42,-0.07017543859649127,2175.65
MAH-11-07003,33890211,1-X-2 / 2 goals Up,1-X-2 / Ventaja 2 goles,1,3,3,Argentina - Algeria,EUR,1.37,1.37,2026-06-11 13:21:18,2026-06-12 15:05:17,False,string,0.28,-0.09868421052631571,1543.9833333333333
2138976,33890312,1-X-2 / 2 goals Up,1-X-2 / Ventaja 2 goles,2,3,3,Saudi Arabia - Uruguay,EUR,1.46,1.44,2026-06-14 04:46:25,2026-06-15 18:08:41,False,numeric,23.59,-0.009132420091324237,2242.266666666667
1024846,33890238,Team Shots,Remates equipo,South Africa 9 or more,3,3,Mexico - South Africa,,2.12,2.12,2026-06-11 17:04:41,2026-06-11 17:04:56,False,numeric,75.0,0.029126213592232997,0.25
2079212,37275587,Team exact bookings (only players and in play),Número de tarjetas equipo (solo jugadores y en juego),Malaga 2 or more,3,3,Malaga - Almeria,PEN,1.28,1.26,2026-06-14 05:06:47,2026-06-14 17:18:06,False,numeric,0.22,-0.020671834625323033,731.3166666666667
2192600,37301355,Team exact bookings (only players and in play),Número de tarjetas equipo (solo jugadores y en juego),Málaga 3 or more,3,3,Ud Almería - Málaga,EUR,1.78,1.75,2026-06-20 21:20:09,2026-06-20 21:20:23,False,numeric,300.0,,0.23333333333333334
2600202,33890211,Team tackles,Entradas ganadas (tackles) equipo,Algeria 17 or more,3,3,Argentina - Algeria,PEN,2.45,2.45,2026-06-13 13:49:46,2026-06-13 13:50:01,False,numeric,1187.0,0.0,0.25
2624219,33890211,Team tackles,Entradas ganadas (tackles) equipo,Algeria 17 or more,3,3,Argentina - Algeria,PEN,2.45,2.45,2026-06-13 13:49:47,2026-06-13 13:50:03,False,numeric,1187.0,0.0,0.26666666666666666
MAH-03-27783,33890291,Team Fouls,Faltas Equipo,Morocco 16 or more,3,3,Brazil - Morocco,EUR,1.95,2.07,2026-06-11 15:33:20,2026-06-13 18:55:26,False,string,1.05,-0.02450980392156869,3082.1
430769,37291144,Team Fouls,Faltas Equipo,Australia 16 or more,3,3,USA - Australia,EUR,1.54,2.01,2026-06-19 19:40:09,2026-06-19 20:20:38,True,numeric,3.0,,40.483333333333334
MAH-05-15074,36966486,Team Fouls,Faltas Equipo,Scotland 14 or more,3,3,Scotland - Morocco,EUR,1.42,1.42,2026-06-19 10:18:13,2026-06-19 10:26:41,False,string,4.59,0.0,8.466666666666667
2402888,33890290,Team Fouls,Faltas Equipo,Haiti 15 or more,3,3,Haiti - Scotland,PEN,2.17,2.17,2026-06-13 04:17:05,2026-06-13 13:35:58,False,numeric,1110.0,-0.007610350076103482,558.8833333333333
430769,37301652,Team Fouls,Faltas Equipo,Germany 6 or more,3,3,Germany - Ivory Coast,EUR,1.28,1.32,2026-06-20 21:42:39,2026-06-20 21:50:30,False,numeric,3.0,,7.85
430769,37254585,Team Fouls,Faltas Equipo,Bosnia-Herzegovina 20 or more,3,3,Canada - Bosnia-Herzegovina,EUR,1.62,2.18,2026-06-12 20:28:59,2026-06-12 20:52:37,False,numeric,3.0,,23.633333333333333
2298666,36971426,Team offsides,Fueras de juego equipo,Turkey 3 or more,3,3,Turkey - Paraguay,PEN,2.47,2.47,2026-06-19 19:15:40,2026-06-19 23:34:49,False,numeric,0.6000000000000001,0.004065040650406582,259.15
1160190,37254591,Team Shots,Remates equipo,Belgium 19 or more,3,3,Belgium - Egypt,EUR,2.81,2.76,2026-06-15 19:22:41,2026-06-15 19:55:29,True,numeric,60.0,,32.8
1607222,37254589,Team Shots,Remates equipo,Turkey 22 or more,3,3,Australia - Turkey,EUR,1.76,1.77,2026-06-14 04:34:13,2026-06-14 04:40:05,False,numeric,500.0,,5.866666666666666
1852829,33890290,Team Shots,Remates equipo,Scotland 21 or more,3,3,Haiti - Scotland,PEN,3.07,3.07,2026-06-13 21:48:31,2026-06-14 00:29:06,True,numeric,33.34,-0.01602564102564108,160.58333333333334
MAH-19-39003,33890312,1-X-2 / 2 goals Up,1-X-2 / Ventaja 2 goles,2,3,3,Saudi Arabia - Uruguay,EUR,1.46,1.44,2026-06-15 11:23:11,2026-06-15 17:26:32,False,string,19.29,-0.004566210045662118,363.35
1852829,36024492,Team Shots,Remates equipo,Turkey 22 or more,3,3,Australia - Turkey,PEN,3.57,4.33,2026-06-13 21:48:31,2026-06-14 03:56:29,True,numeric,18.34,0.21288515406162478,367.96666666666664
MAH-03-27783,36971426,Team Shots,Remates equipo,Turkey 15 or more,3,3,Turkey - Paraguay,EUR,1.6,1.6,2026-06-19 18:45:17,2026-06-19 18:52:04,False,string,1.06,0.0,6.783333333333333
2624219,36024520,Team Shots,Remates equipo,Portugal 17 or more,3,3,Portugal - Democratic Republic of the Congo,PEN,2.56,2.56,2026-06-14 05:16:23,2026-06-14 05:16:35,False,numeric,1200.0,0.5,0.2
1852829,33890309,Team Shots,Remates equipo,Paraguay 16 or more,3,3,Usa - Paraguay,PEN,6.0,6.0,2026-06-12 05:14:17,2026-06-13 00:13:02,False,numeric,20.0,-0.016666666666666663,1138.75
MAH-07-03003,33890313,Team Shots,Remates equipo,Spain 20 or more,3,3,Spain - Cape Verde,EUR,1.49,1.49,2026-06-15 13:28:44,2026-06-15 13:29:32,False,string,1304.0,0.05673758865248235,0.8
1774902,33890238,Team Shots,Remates equipo,Mexico 19 or more,3,3,Mexico - South Africa,,2.57,2.57,2026-06-10 22:03:58,2026-06-10 22:04:54,False,numeric,75.0,-0.019083969465648942,0.9333333333333333
MAH-05-15243,36024518,Away-side combo (bet builder),Noruega,"Norway win, Over 8.5 corners y Haaland to score",3,3,Iraq - Norway,EUR,2.52,2.52,2026-06-16 18:25:02,2026-06-16 18:25:52,False,string,9.99,0.0862068965517242,0.8333333333333334
MAH-01-05183,33890312,Away-side combo (bet builder),Uruguay,Uruguay win y A goal in both halves,3,3,Saudi Arabia - Uruguay,EUR,2.24,2.24,2026-06-15 11:03:47,2026-06-15 11:09:36,False,string,0.57,-0.01754385964912264,5.816666666666666
MAH-01-01125,33890305,Away-side combo (bet builder),Ecuador,Ecuador win y Over 2.5 goals,3,3,Ivory Coast - Ecuador,EUR,5.43,5.5,2026-06-14 08:58:21,2026-06-14 17:09:15,False,string,0.5900000000000001,0.049169859514687074,490.9
2627239,33890305,Away-side combo (bet builder),Ecuador,Ecuador win y Moises Caicedo 2 or more fouls,3,3,Ivory Coast - Ecuador,EUR,3.59,3.56,2026-06-12 08:59:18,2026-06-13 10:27:51,False,numeric,0.94,-0.03252032520325202,1528.55
428035,36024518,Away-side combo (bet builder),Noruega,Norway win y A goal in both halves,3,3,Iraq - Norway,EUR,1.7,1.67,2026-06-15 18:01:07,2026-06-16 21:19:31,False,numeric,4.77,-0.01764705882352946,1638.4
1878896,33890220,Away-side combo (bet builder),Colombia,Colombia win y Luis Suárez to score,3,3,Uzbekistan - Colombia,EUR,2.45,2.45,2026-06-17 17:03:51,2026-06-17 17:07:15,False,numeric,3.63,0.047008547008547064,3.4
1307091,33890306,Total passes,Kimmich,85 or more,3,3,Germany - Curaçao,EUR,1.91,1.91,2026-06-11 16:10:18,2026-06-11 16:10:35,False,numeric,170.0,0.055248618784530246,0.2833333333333333
1918254,37183511,Team exact bookings (only players and in play),Número de tarjetas equipo (solo jugadores y en juego),England 2 or more,3,3,England - Costa Rica,EUR,3.57,3.62,2026-06-10 19:32:43,2026-06-10 19:41:25,False,numeric,0.77,0.015023474178403736,8.7
MAH-03-24093,33890290,Team exact bookings (only players and in play),Número de tarjetas equipo (solo jugadores y en juego),Scotland 1 or more,3,3,Haiti - Scotland,EUR,1.17,1.17,2026-06-13 20:33:38,2026-06-13 20:34:17,False,string,114.28999999999999,-0.025000000000000022,0.65
MAH-03-27783,33890211,Team exact bookings (only players and in play),Número de tarjetas equipo (solo jugadores y en juego),Algeria 3 or more,3,3,Argentina - Algeria,EUR,1.83,1.83,2026-06-15 18:53:58,2026-06-16 18:59:27,False,string,1.7200000000000002,-0.05670103092783496,1445.4833333333333
1918182,36024518,Team exact bookings (only players and in play),Número de tarjetas equipo (solo jugadores y en juego),Iraq 3 or more,3,4,Iraq - Norway,EUR,2.76,2.76,2026-06-16 18:35:09,2026-06-16 18:37:27,False,numeric,1.15,0.02985074626865658,2.3
MAH-01-13372,36966480,Home-side combo (bet builder),Estados Unidos,"Usa win, Over 8.5 corners y Balogun to score",3,3,Usa - Australia,EUR,5.2,4.78,2026-06-19 12:41:36,2026-06-19 18:28:08,False,string,1.12,-0.00849673202614365,346.53333333333336
MAH-05-15012,36966469,Home-side combo (bet builder),República Checa,"Czech Republic win, Over 2.5 goals y Over 8.5 corners",3,3,Czech Republic - South Africa,EUR,5.3,5.35,2026-06-18 10:50:51,2026-06-18 10:54:45,False,string,1.87,-0.06725146198830419,3.9
MAH-19-93002,36966473,Home-side combo (bet builder),Suiza,Switzerland win y A goal in both halves,3,3,Switzerland - Bosnia And Herzegovina,EUR,2.37,2.37,2026-06-18 08:56:03,2026-06-18 17:18:05,False,string,0.5,0.014767932489451407,502.03333333333336
MAH-19-93002,36966472,Home-side combo (bet builder),Canadá,Canada win y A goal in both halves,3,3,Canada - Qatar,EUR,1.93,1.93,2026-06-18 08:56:03,2026-06-18 17:18:05,False,string,0.5,0.07865168539325833,502.03333333333336
1706589,36966472,Home-side combo (bet builder),Canadá,"Canada win, Over 2.5 goals y Over 8.5 corners",3,3,Canada - Qatar,EUR,2.5,2.49,2026-06-18 21:19:31,2026-06-18 21:22:00,False,numeric,20.17,-0.02091503267973845,2.4833333333333334
1349954,37312355,Home-side combo (bet builder),Almería,Almeria win y Sergio Arribas 2 or more shots on target,3,3,Almeria - Malaga,EUR,3.98,3.98,2026-06-20 15:08:10,2026-06-20 15:09:40,False,numeric,2.9299999999999997,0.0,1.5
2627239,33890419,Home-side combo (bet builder),Ghana,Ghana win y Antoine Semenyo to score,3,3,Ghana - Panama,EUR,5.1,4.86,2026-06-17 07:37:53,2026-06-17 20:35:11,False,numeric,2.8000000000000003,0.048016701461377854,777.3
MAH-01-05459,36966472,Home-side combo (bet builder),Canadá,"Canada win, Over 2.5 goals y Jonathan David to score",3,3,Canada - Qatar,EUR,2.89,2.89,2026-06-18 14:39:24,2026-06-18 14:41:09,False,string,7.02,-0.0068728522336769515,1.75
MAH-11-10008,36966485,Home-side combo (bet builder),Brasil,Brazil wins at half time / Brazil wins full time y Casemiro to score,3,3,Brazil - Haiti,EUR,4.35,4.35,2026-06-19 18:01:14,2026-06-19 18:02:15,False,string,1.08,0.0,1.0166666666666666
2627239,33890309,Home-side combo (bet builder),Estados Unidos,Usa win y Pulisic to score,3,3,Usa - Paraguay,EUR,4.12,4.12,2026-06-11 15:38:04,2026-06-12 15:16:15,False,numeric,2.0,-0.09003436426116829,1418.1833333333334
MAH-03-24591,33890309,Home-side combo (bet builder),Estados Unidos,"Usa win, Over 2.5 goals y Over 8.5 corners",3,3,Usa - Paraguay,EUR,6.25,6.25,2026-06-12 18:15:40,2026-06-12 18:17:42,False,string,6.99,-0.0234375,2.033333333333333
MAH-03-24593,33890291,Home-side combo (bet builder),Brasil,"Brazil win, Over 2.5 goals y Over 8.5 corners",3,3,Brazil - Morocco,EUR,4.52,4.52,2026-06-12 18:59:43,2026-06-13 16:53:22,False,string,1.91,-0.103494623655914,1313.65
991308,33890416,Home-side combo (bet builder),Francia,France win y Mbappe to score,3,3,France - Senegal,EUR,2.2,2.24,2026-06-16 12:33:36,2026-06-16 16:40:00,False,numeric,24.73,-0.031884057971014346,246.4
MAH-01-05247,33890210,Home-side combo (bet builder),Austria,"Austria win, Over 2.5 goals y Over 8.5 corners",3,3,Austria - Jordan,EUR,3.05,3.05,2026-06-16 03:49:38,2026-06-16 03:50:28,False,string,1.73,-0.10294117647058831,0.8333333333333334
MAH-11-09016,33890444,Match,Partido,Over 2.5 goals y Over 11.5 corners,3,3,England - Croatia,EUR,7.26,7.26,2026-06-17 15:01:58,2026-06-17 15:02:53,False,string,4.16,-0.018918918918918948,0.9166666666666666
MAH-04-07220,33890304,Match,Partido,Both teams to score y Over 7.5 corners,3,3,Netherlands - Japan,EUR,2.22,2.24,2026-06-14 10:44:30,2026-06-14 14:09:45,False,string,0.33999999999999997,-0.020467836257309784,205.25
MAH-01-01578,33890304,Match,Partido,Over 2.5 goals y Over 7.5 corners,3,3,Netherlands - Japan,EUR,2.49,2.49,2026-06-14 14:13:31,2026-06-14 14:21:38,False,string,4.5,0.03750000000000009,8.116666666666667
MAH-11-04001,37311600,Match,Partido,Over 2.5 goals y Over 9.5 corners,3,3,Waterford United FC - Shamrock Rovers,EUR,2.48,2.48,2026-06-19 17:08:56,2026-06-19 17:09:11,False,string,0.42000000000000004,0.0,0.25
1423496,36966469,Match,Partido,Both teams to score y A goal in both halves,3,3,Czech Republic - South Africa,EUR,2.41,2.41,2026-06-18 14:21:14,2026-06-18 15:52:51,False,numeric,0.55,0.004149377593360981,91.61666666666666
MAH-01-48962,36966466,Match,Partido,Both teams to score y A goal in both halves,3,3,Mexico - South Korea,EUR,2.51,2.51,2026-06-18 10:52:35,2026-06-18 10:56:43,False,string,0.65,0.0818965517241379,4.133333333333334
MAH-04-07220,36966486,Match,Partido,Both teams to score y Over 7.5 corners,3,3,Scotland - Morocco,EUR,2.85,2.85,2026-06-17 13:04:27,2026-06-17 13:05:14,False,string,0.24,0.07547169811320753,0.7833333333333333
MAH-04-07220,36966549,Match,Partido,Both teams to score y Over 7.5 corners,3,3,Netherlands - Sweden,EUR,2.37,2.37,2026-06-17 13:04:27,2026-06-17 13:05:14,False,string,0.24,0.13942307692307687,0.7833333333333333
1537903,33890444,Team exact bookings (only players and in play),Número de tarjetas equipo (solo jugadores y en juego),England 1 or more,3,3,England - Croatia,EUR,1.4,1.23,2026-06-15 07:50:53,2026-06-17 17:57:39,False,numeric,9.04,-0.08153477218225418,3486.766666666667
MAH-11-08002,37265890,Team exact bookings (only players and in play),Número de tarjetas equipo (solo jugadores y en juego),Sport Recife 2 or more,3,3,Sao Bernardo FC SP - Sport Recife,EUR,1.18,1.18,2026-06-13 09:38:20,2026-06-13 09:41:17,False,string,6.76,0.0,2.95
MAH-11-08002,37265894,Team exact bookings (only players and in play),Número de tarjetas equipo (solo jugadores y en juego),Vila Nova Go 3 or more,3,3,Cuiaba Esporte Clube MT - Vila Nova Go,EUR,1.32,1.32,2026-06-13 09:38:20,2026-06-13 09:41:17,False,string,6.76,-0.007518796992481258,2.95
MAH-11-08002,37265893,Team exact bookings (only players and in play),Número de tarjetas equipo (solo jugadores y en juego),Goias 2 or more,3,3,Athletic Club SJDR MG - Goias,EUR,1.17,1.17,2026-06-13 09:38:20,2026-06-13 09:41:17,False,string,6.76,0.0,2.95
MAH-04-07761,33890304,Team exact bookings (only players and in play),Número de tarjetas equipo (solo jugadores y en juego),Netherlands 2 or more,3,3,Netherlands - Japan,EUR,2.08,2.08,2026-06-14 13:59:57,2026-06-14 14:06:26,False,string,2.25,0.05050505050505061,6.483333333333333
MAH-02-01680,33890313,Player to score in fisrt ten minutes (from 0:00 to 9:59),Jugador en meter gol en los 10 primeros minutos (del 0:00 al 9:59),Ferran,3,3,Spain - Cape Verde,EUR,11.05,11.05,2026-06-15 13:57:45,2026-06-15 14:00:24,False,string,25.0,0.027906976744186185,2.65
MAH-02-01883,33890313,Player to score in fisrt ten minutes (from 0:00 to 9:59),Jugador en meter gol en los 10 primeros minutos (del 0:00 al 9:59),Ferran,3,3,Spain - Cape Verde,EUR,10.05,10.05,2026-06-15 14:47:31,2026-06-15 14:50:21,False,string,25.0,-0.06511627906976736,2.8333333333333335
MAH-01-13171,36966480,Player to score in fisrt ten minutes (from 0:00 to 9:59),Jugador en meter gol en los 10 primeros minutos (del 0:00 al 9:59),Balogun,3,3,Usa - Australia,EUR,14.0,14.0,2026-06-19 15:09:23,2026-06-19 15:18:33,False,string,0.88,0.07692307692307687,9.166666666666666
1634813,36966480,Anytime goalscorer (Star Substitute),Goleador durante el partido (Suplente Estrella),Pulisic,3,6,Usa - Australia,EUR,2.87,2.87,2026-06-19 17:15:56,2026-06-19 17:22:19,False,numeric,6.33,-0.010344827586206806,6.383333333333334
428285,33890220,Anytime goalscorer (Star Substitute),Goleador durante el partido (Suplente Estrella),Luis Diaz,3,3,Uzbekistan - Colombia,EUR,2.28,2.28,2026-06-16 23:32:56,2026-06-16 23:33:38,False,numeric,0.4,0.09090909090909083,0.7
428285,33890444,Anytime goalscorer (Star Substitute),Goleador durante el partido (Suplente Estrella),Harry Kane,3,3,England - Croatia,EUR,2.23,2.23,2026-06-16 23:32:56,2026-06-16 23:33:38,False,numeric,0.4,0.10396039603960405,0.7
428285,33890419,Anytime goalscorer (Star Substitute),Goleador durante el partido (Suplente Estrella),Iñaki Williams,3,3,Ghana - Panama,EUR,3.58,3.58,2026-06-16 23:32:56,2026-06-16 23:33:38,False,numeric,0.4,0.0028011204481792618,0.7
428285,36966466,Anytime goalscorer (Star Substitute),Goleador durante el partido (Suplente Estrella),Raúl Jiménez,3,3,Mexico - South Korea,EUR,2.77,2.77,2026-06-16 23:32:56,2026-06-16 23:33:38,False,numeric,0.4,0.018382352941176405,0.7
2632021,37254596,Anytime goalscorer (Star Substitute),Goleador durante el partido (Suplente Estrella),Mbappe,3,3,France - Senegal,EUR,1.95,1.95,2026-06-16 19:17:53,2026-06-16 19:18:09,False,numeric,150.0,,0.26666666666666666
428285,36966473,Anytime goalscorer (Star Substitute),Goleador durante el partido (Suplente Estrella),Breel Embolo,3,3,Switzerland - Bosnia And Herzegovina,EUR,2.28,2.28,2026-06-16 23:32:56,2026-06-16 23:33:38,False,numeric,0.4,-0.004366812227074357,0.7
428285,36966472,Anytime goalscorer (Star Substitute),Goleador durante el partido (Suplente Estrella),Jonathan David,3,3,Canada - Qatar,EUR,2.08,2.08,2026-06-16 23:32:56,2026-06-16 23:33:38,False,numeric,0.4,0.08333333333333348,0.7
2143110,36966486,1-X-2 / 2 goals Up,1-X-2 / Ventaja 2 goles,2,3,3,Scotland - Morocco,EUR,1.66,1.66,2026-06-19 18:59:06,2026-06-19 19:00:11,False,numeric,1.6400000000000001,0.01840490797546024,1.0833333333333333
2138364,36024491,1-X-2 / 2 goals Up,1-X-2 / Ventaja 2 goles,1,3,3,Canada - Bosnia And Herzegovina,EUR,1.83,1.83,2026-06-12 09:02:16,2026-06-12 09:02:35,False,numeric,143.0,0.051724137931034475,0.31666666666666665
2480701,33890291,1-X-2 / 2 goals Up,1-X-2 / Ventaja 2 goles,2,3,3,Brazil - Morocco,PEN,5.1,5.1,2026-06-13 04:08:34,2026-06-13 04:35:56,False,numeric,101.39999999999999,-0.009708737864077777,27.366666666666667
MAH-01-01519,33890419,1-X-2 / 2 goals Up,1-X-2 / Ventaja 2 goles,1,3,3,Ghana - Panama,EUR,2.33,2.33,2026-06-17 16:04:32,2026-06-17 16:12:40,False,string,0.77,0.008658008658008587,8.133333333333333
2390627,33890419,1-X-2 / 2 goals Up,1-X-2 / Ventaja 2 goles,1,3,3,Ghana - Panama,EUR,2.33,2.33,2026-06-17 16:32:44,2026-06-17 19:26:29,False,numeric,1.1600000000000001,0.008658008658008587,173.75
MAH-03-24954,36966469,1-X-2 / 2 goals Up,1-X-2 / Ventaja 2 goles,1,3,3,Czech Republic - South Africa,EUR,1.78,1.78,2026-06-18 09:39:22,2026-06-18 09:39:51,False,string,5.91,0.0,0.48333333333333334
MAH-11-07008,36966469,1-X-2 / 2 goals Up,1-X-2 / Ventaja 2 goles,1,3,3,Czech Republic - South Africa,EUR,1.83,1.83,2026-06-18 15:41:36,2026-06-18 15:52:25,False,string,305.0,0.028089887640449396,10.816666666666666
MAH-11-04003,36966466,1-X-2 / 2 goals Up,1-X-2 / Ventaja 2 goles,1,3,3,Mexico - South Korea,EUR,2.04,1.98,2026-06-17 11:58:32,2026-06-18 13:02:35,False,string,2.0,0.0,1504.05
MAH-11-07002,36966472,1-X-2 / 2 goals Up,1-X-2 / Ventaja 2 goles,2,3,15,Canada - Qatar,EUR,10.33,10.33,2026-06-18 14:56:31,2026-06-18 14:57:17,False,string,0.15000000000000002,-0.020853080568720483,0.7666666666666667
MAH-03-24954,36966486,1-X-2 / 2 goals Up,1-X-2 / Ventaja 2 goles,2,3,3,Scotland - Morocco,EUR,1.67,1.67,2026-06-18 09:39:22,2026-06-18 09:39:51,False,string,5.91,0.024539877300613577,0.48333333333333334
MAH-19-96001,36966486,1-X-2 / 2 goals Up,1-X-2 / Ventaja 2 goles,2,3,3,Scotland - Morocco,EUR,1.61,1.72,2026-06-19 06:30:31,2026-06-19 20:54:46,False,string,13.469999999999999,0.020449897750511353,864.25
2044239,36971426,1-X-2 / 2 goals Up,1-X-2 / Ventaja 2 goles,1,3,3,Turkey - Paraguay,EUR,1.97,2.06,2026-06-17 00:30:39,2026-06-19 23:23:10,False,numeric,2.59,-0.011382113821138184,4252.516666666666
MAH-01-11006,37044739,1-X-2 / 2 goals Up,1-X-2 / Ventaja 2 goles,1,3,3,Palmeiras - Club Atletico Junior,EUR,1.21,1.21,2026-05-28 17:41:20,2026-05-28 17:42:10,False,string,1.28,0.0,0.8333333333333334
MAH-19-64003,33890238,1-X-2 / 2 goals Up,1-X-2 / Ventaja 2 goles,1,3,3,Mexico - South Africa,EUR,1.42,1.42,2026-06-11 10:39:48,2026-06-11 10:40:29,False,string,100.0,0.021582733812949728,0.6833333333333333
833483,36024480,1-X-2 / 2 goals Up,1-X-2 / Ventaja 2 goles,1,3,5,South Korea - Czech Republic,EUR,2.65,2.65,2026-06-11 10:35:19,2026-06-11 10:35:28,True,numeric,1.15,0.04743083003952564,0.15
MAH-19-96003,36024493,1-X-2 / 2 goals Up,1-X-2 / Ventaja 2 goles,1,3,3,Sweden - Tunisia,EUR,1.94,1.95,2026-06-14 13:28:49,2026-06-14 19:52:37,False,string,2.15,0.0448028673835125,383.8
MAH-19-00902,36024493,1-X-2 / 2 goals Up,1-X-2 / Ventaja 2 goles,1,3,3,Sweden - Tunisia,EUR,1.91,1.94,2026-06-14 08:19:32,2026-06-14 20:12:47,False,string,20.700000000000003,0.037634408602150504,713.25
2138976,33890299,1-X-2 / 2 goals Up,1-X-2 / Ventaja 2 goles,1,3,3,Belgium - Egypt,EUR,1.6,1.6,2026-06-14 04:46:25,2026-06-15 18:08:41,False,numeric,23.59,0.04415011037527602,2242.266666666667
2146595,33890298,1-X-2 / 2 goals Up,1-X-2 / Ventaja 2 goles,1,3,3,Iran - New Zealand,PEN,1.77,1.9,2026-06-14 22:04:42,2026-06-15 21:59:06,False,numeric,6.5,0.0018416206261509711,1434.4
MAH-11-07003,33890313,1-X-2 / 2 goals Up,1-X-2 / Ventaja 2 goles,1,3,3,Spain - Cape Verde,EUR,1.08,1.08,2026-06-11 13:21:18,2026-06-12 15:05:17,False,string,0.28,0.028571428571428692,1543.9833333333333
MAH-10-25012,37263176,Anytime goalscorer (Star Substitute),Goleador durante el partido (Suplente Estrella),Julian Alvarez,3,3,Argentina - Algeria,EUR,9.75,5.25,2026-06-17 02:26:16,2026-06-17 02:45:36,False,string,200.0,,19.333333333333332
MAH-25-00002,36966485,Anytime goalscorer (Star Substitute),Goleador durante el partido (Suplente Estrella),Vinícius,3,3,Brazil - Haiti,EUR,1.77,1.77,2026-06-19 14:21:32,2026-06-19 21:06:46,False,string,1.38,-0.01666666666666672,405.23333333333335
2192600,37301355,Team exact yellow cards (only players and in play),Número de tarjetas amarillas equipo (sólo jugadores y en juego),Ud Almería: 2 or more,3,3,Ud Almería - Málaga,EUR,1.68,2.03,2026-06-20 21:15:12,2026-06-20 21:22:42,False,numeric,250.0,,7.5
844747,37275587,Anytime goalscorer (Star Substitute),Goleador durante el partido (Suplente Estrella),David Larrubia,3,3,Malaga - Almeria,EUR,3.6,3.6,2026-06-13 10:17:19,2026-06-14 10:39:05,False,numeric,0.09,0.014084507042253502,1461.7666666666667
2192600,37301355,Team exact yellow cards (only players and in play),Número de tarjetas amarillas equipo (sólo jugadores y en juego),Málaga 3 or more,3,3,Ud Almería - Málaga,EUR,1.79,1.77,2026-06-20 21:22:22,2026-06-20 21:23:47,False,numeric,300.0,,1.4166666666666667
2299676,36966469,Team completed passes,Pases completados equipo,Czech Republic 400 or more,3,3,Czech Republic - South Africa,PEN,2.61,2.51,2026-06-18 00:27:46,2026-06-18 15:45:34,False,numeric,433.0,0.11420982735723777,917.8
1965742,36966469,Shots on target (Star Substitute),Remates a puerta Patrik Schick (Suplente Estrella),2 or more,3,3,Czech Republic - South Africa,EUR,2.24,2.24,2026-06-18 15:30:17,2026-06-18 15:30:28,False,numeric,250.0,0.009009009009008917,0.18333333333333332
MAH-19-00142,33890444,Shots on target (Star Substitute),Remates a puerta Harry Kane (Suplente Estrella),1 or more,3,3,England - Croatia,EUR,1.21,1.21,2026-06-17 12:24:40,2026-06-17 12:26:06,False,string,260.0,0.008333333333333304,1.4333333333333333
MAH-05-15314,36024520,Shots on target (Star Substitute),Remates a puerta Bakambu (Suplente Estrella),2 or more,3,3,Portugal - Democratic Republic of the Congo,EUR,4.1,4.1,2026-06-16 18:11:21,2026-06-16 18:12:04,False,string,0.75,0.0,0.7166666666666667
1771608,33890299,Shots on target (Star Substitute),Remates a puerta Doku (Suplente Estrella),2 or more,3,3,Belgium - Egypt,EUR,3.33,3.33,2026-06-15 18:56:24,2026-06-15 18:56:44,False,numeric,150.0,0.03416149068322971,0.3333333333333333
1762069,36966480,To score or assist (Star Substitute),Marcar gol o asistir (Suplente Estrella),Pulisic,3,3,Usa - Australia,EUR,1.87,1.87,2026-06-17 21:13:49,2026-06-18 02:02:20,False,numeric,1.8900000000000001,-0.005319148936170137,288.51666666666665
1322453,36024493,To score or assist (Star Substitute),Marcar gol o asistir (Suplente Estrella),Isak,3,3,Sweden - Tunisia,EUR,1.84,1.84,2026-06-14 18:58:10,2026-06-15 01:40:29,False,numeric,3.25,0.010869565217391278,402.31666666666666
1322453,36024493,To score or assist (Star Substitute),Marcar gol o asistir (Suplente Estrella),Viktor Gyokeres,3,3,Sweden - Tunisia,EUR,1.87,1.9,2026-06-14 18:58:44,2026-06-15 01:40:52,False,numeric,3.02,0.023172905525846648,402.1333333333333
1772009,33890304,To score or assist (Star Substitute),Marcar gol o asistir (Suplente Estrella),Cody Gakpo,3,3,Netherlands - Japan,EUR,2.09,2.09,2026-06-14 16:50:57,2026-06-14 16:54:12,False,numeric,5.42,0.029556650246305383,3.25
2574300,33890304,To score or assist (Star Substitute),Marcar gol o asistir (Suplente Estrella),Memphis Depay,3,3,Netherlands - Japan,EUR,1.98,1.89,2026-06-14 07:33:49,2026-06-14 17:58:03,False,numeric,6.430000000000001,-0.037766830870279065,624.2333333333333
MAH-11-08001,33890220,To score or assist (Star Substitute),Marcar gol o asistir (Suplente Estrella),Luis Diaz,3,3,Uzbekistan - Colombia,EUR,1.67,1.71,2026-06-15 14:23:45,2026-06-16 17:09:19,False,string,0.2,0.02020202020202026,1605.5666666666666
MAH-01-05523,33890419,To score or assist (Star Substitute),Marcar gol o asistir (Suplente Estrella),Antoine Semenyo,3,3,Ghana - Panama,EUR,2.24,2.24,2026-06-17 16:37:33,2026-06-17 16:38:01,False,string,1.2000000000000002,0.06161137440758302,0.4666666666666667
MAH-01-05523,36966473,To score or assist (Star Substitute),Marcar gol o asistir (Suplente Estrella),Breel Embolo,3,3,Switzerland - Bosnia And Herzegovina,EUR,1.78,1.78,2026-06-17 16:37:33,2026-06-17 16:38:01,False,string,1.2000000000000002,0.053254437869822535,0.4666666666666667
2457105,33890220,To score or assist (Star Substitute),Marcar gol o asistir (Suplente Estrella),Luis Diaz,3,3,Uzbekistan - Colombia,PEN,1.71,1.71,2026-06-17 17:29:24,2026-06-17 20:03:12,False,numeric,2.74,0.036363636363636376,153.8
MAH-01-49771,36966469,To score or assist (Star Substitute),Marcar gol o asistir (Suplente Estrella),Patrik Schick,3,3,Czech Republic - South Africa,EUR,2.06,2.06,2026-06-18 07:39:18,2026-06-18 11:21:56,False,string,1.98,0.0049261083743843415,222.63333333333333
2463019,36024520,To score or assist (Star Substitute),Marcar gol o asistir (Suplente Estrella),Cristiano Ronaldo,3,3,Portugal - Democratic Republic of the Congo,EUR,1.5,1.5,2026-06-17 16:12:25,2026-06-17 16:13:12,False,numeric,155.0,-0.0066225165562914245,0.7833333333333333
2622145,33890290,To score from outside the box (Star Substitute),Marcar gol desde fuera del área (Suplente Estrella),McTominay,3,3,Haiti - Scotland,EUR,10.1,11.1,2026-06-14 00:18:27,2026-06-14 00:41:47,False,numeric,17.5,-0.09009009009009006,23.333333333333332
MAH-06-15003,33890299,Anytime goalscorer (Star Substitute),Goleador durante el partido (Suplente Estrella),Lukaku,3,3,Belgium - Egypt,EUR,2.13,2.13,2026-06-15 14:40:17,2026-06-15 14:41:03,False,string,0.75,-0.0273972602739726,0.7666666666666667
MAH-06-15003,33890313,Anytime goalscorer (Star Substitute),Goleador durante el partido (Suplente Estrella),Oyarzabal,3,3,Spain - Cape Verde,EUR,1.52,1.52,2026-06-15 14:40:17,2026-06-15 14:41:03,False,string,0.75,-0.012987012987012991,0.7666666666666667
1639909,36024493,Anytime goalscorer (Star Substitute),Goleador durante el partido (Suplente Estrella),Isak,3,3,Sweden - Tunisia,EUR,2.19,2.37,2026-06-12 11:32:21,2026-06-14 18:10:54,False,numeric,4.59,0.014684287812041156,3278.55
MAH-04-07845,33890313,Anytime goalscorer (Star Substitute),Goleador durante el partido (Suplente Estrella),Oyarzabal,3,3,Spain - Cape Verde,EUR,1.54,1.54,2026-06-15 15:29:13,2026-06-15 15:29:42,False,string,25.0,0.0,0.48333333333333334
2011300,33890312,Anytime goalscorer (Star Substitute),Goleador durante el partido (Suplente Estrella),Valverde,3,3,Saudi Arabia - Uruguay,EUR,3.68,3.88,2026-06-15 12:36:15,2026-06-15 21:16:03,False,numeric,2.34,-0.06045340050377834,519.8
428285,36024520,Anytime goalscorer (Star Substitute),Goleador durante el partido (Suplente Estrella),Cristiano Ronaldo,3,3,Portugal - Democratic Republic of the Congo,EUR,1.62,1.62,2026-06-16 23:32:56,2026-06-16 23:33:38,False,numeric,0.4,-0.07954545454545447,0.7
MAH-01-51281,36966472,Anytime goalscorer (Star Substitute),Goleador durante el partido (Suplente Estrella),Jonathan David,3,3,Canada - Qatar,EUR,2.09,2.09,2026-06-18 18:12:06,2026-06-18 18:22:12,False,string,1.5,0.08854166666666674,10.1
MAH-01-00130,33890220,Anytime goalscorer (Star Substitute),Goleador durante el partido (Suplente Estrella),Luis Suárez,3,3,Uzbekistan - Colombia,EUR,2.16,2.16,2026-06-17 16:04:30,2026-06-17 16:14:41,False,string,5.25,0.02369668246445511,10.183333333333334
MAH-01-00130,33890444,Anytime goalscorer (Star Substitute),Goleador durante el partido (Suplente Estrella),Harry Kane,3,3,England - Croatia,EUR,2.16,2.16,2026-06-17 16:04:30,2026-06-17 16:14:41,False,string,5.25,0.06930693069306937,10.183333333333334
MAH-04-07673,36966486,Match,Partido,Both teams to score y Over 7.5 corners,3,3,Scotland - Morocco,EUR,2.78,2.79,2026-06-19 11:58:14,2026-06-19 15:58:16,False,string,0.46,0.05031446540880502,240.03333333333333
2336805,33890444,Match,Partido,Over 2.5 goals y Harry Kane to score,3,3,England - Croatia,EUR,3.21,3.08,2026-06-17 03:20:21,2026-06-17 16:13:33,False,numeric,18.75,0.08219178082191785,773.2
MAH-11-04007,37302336,Match,Partido,Under 0.5 half time goals y Both teams to score in second half,3,3,Gimnasia Jujuy - Nueva Chicago,EUR,14.02,14.02,2026-06-17 16:46:59,2026-06-17 17:19:58,False,string,0.47,0.0,32.983333333333334
MAH-19-28001,36966486,1-X-2 / 2 goals Up,1-X-2 / Ventaja 2 goles,2,3,3,Scotland - Morocco,EUR,1.74,1.74,2026-06-17 16:03:23,2026-06-17 16:07:06,False,string,3.33,0.06748466257668717,3.716666666666667
1453644,33890312,1-X-2 / 2 goals Up,1-X-2 / Ventaja 2 goles,2,3,3,Saudi Arabia - Uruguay,EUR,1.46,1.41,2026-06-13 21:12:24,2026-06-15 18:44:40,False,numeric,1.07,-0.01598173515981738,2732.266666666667
2090383,33890416,1-X-2 / 2 goals Up,1-X-2 / Ventaja 2 goles,1,3,3,France - Senegal,EUR,1.46,1.46,2026-06-15 08:56:11,2026-06-16 08:42:41,False,numeric,5.54,-0.013513513513513487,1426.5
2305840,33890416,1-X-2 / 2 goals Up,1-X-2 / Ventaja 2 goles,1,3,3,France - Senegal,EUR,1.44,1.44,2026-06-13 07:54:08,2026-06-13 07:56:07,False,numeric,2.66,-0.027027027027027084,1.9833333333333334
MAH-21-14003,36024520,1-X-2 / 2 goals Up,1-X-2 / Ventaja 2 goles,1,3,3,Portugal - Democratic Republic of the Congo,EUR,1.26,1.26,2026-06-14 14:41:42,2026-06-14 20:56:35,False,string,40.0,0.0,374.8833333333333
MAH-22-03002,36024492,1-X-2 / 2 goals Up,1-X-2 / Ventaja 2 goles,2,3,3,Australia - Turkey,EUR,1.65,1.65,2026-06-13 21:14:53,2026-06-13 21:23:50,False,string,21.33,-0.017857142857142905,8.95
2529583,33890304,1-X-2 / 2 goals Up,1-X-2 / Ventaja 2 goles,1,3,3,Netherlands - Japan,PEN,2.08,2.06,2026-06-13 03:04:30,2026-06-14 18:49:13,False,numeric,15.84,0.028475711892797333,2384.7166666666667
MAH-03-27873,33890312,1-X-2 / 2 goals Up,1-X-2 / Ventaja 2 goles,2,3,3,Saudi Arabia - Uruguay,EUR,1.39,1.39,2026-06-15 18:21:33,2026-06-15 18:24:24,False,string,500.0,-0.047945205479452135,2.85
MAH-11-07003,36024518,1-X-2 / 2 goals Up,1-X-2 / Ventaja 2 goles,2,3,3,Iraq - Norway,EUR,1.18,1.18,2026-06-11 13:21:18,2026-06-12 15:05:17,False,string,0.28,-0.01666666666666672,1543.9833333333333
MAH-07-06004,36024520,1-X-2 / 2 goals Up,1-X-2 / Ventaja 2 goles,1,3,3,Portugal - Democratic Republic of the Congo,EUR,1.27,1.27,2026-06-13 09:46:24,2026-06-13 09:57:52,False,string,9.98,0.007936507936507908,11.466666666666667
MAH-22-03002,33890444,1-X-2 / 2 goals Up,1-X-2 / Ventaja 2 goles,1,3,3,England - Croatia,EUR,1.68,1.66,2026-06-16 12:16:41,2026-06-17 19:19:05,False,string,7.34,-0.00602409638554217,1862.4
2144368,33890444,1-X-2 / 2 goals Up,1-X-2 / Ventaja 2 goles,2,3,3,England - Croatia,EUR,4.75,5.0,2026-06-16 00:24:19,2026-06-17 19:42:50,False,numeric,13.49,0.0013577732518668857,2598.516666666667
MAH-19-68001,33890419,1-X-2 / 2 goals Up,1-X-2 / Ventaja 2 goles,1,3,3,Ghana - Panama,EUR,2.21,2.34,2026-06-16 19:34:49,2026-06-17 18:48:59,False,string,4.78,-0.014430014430014534,1394.1666666666667
2144368,36966473,1-X-2 / 2 goals Up,1-X-2 / Ventaja 2 goles,1,3,3,Switzerland - Bosnia And Herzegovina,EUR,1.54,1.54,2026-06-16 00:15:40,2026-06-16 00:24:19,False,numeric,0.65,0.006535947712418277,8.65
2143110,33890259,1-X-2 / 2 goals Up,1-X-2 / Ventaja 2 goles,2,3,3,Qatar - Switzerland,EUR,1.24,1.24,2026-06-12 21:47:10,2026-06-12 22:08:01,False,numeric,0.78,0.05982905982905984,20.85
MAH-05-15121,33890298,Match penalty missed,Penalti fallado durante el partido,Yes,3,3,Iran - New Zealand,EUR,10.85,10.85,2026-06-15 23:04:04,2026-06-15 23:04:40,False,string,1.06,-0.013636363636363669,0.6
2305840,36024492,1-X-2 / 2 goals Up,1-X-2 / Ventaja 2 goles,2,3,3,Australia - Turkey,EUR,1.69,1.69,2026-06-13 07:54:08,2026-06-13 07:56:07,False,numeric,2.66,0.005952380952380931,1.9833333333333334
2305840,33890304,1-X-2 / 2 goals Up,1-X-2 / Ventaja 2 goles,1,3,3,Netherlands - Japan,EUR,1.99,1.99,2026-06-13 07:54:08,2026-06-13 07:56:07,False,numeric,2.66,0.0,1.9833333333333334
MAH-08-14005,33890299,1-X-2 / 2 goals Up,1-X-2 / Ventaja 2 goles,1,3,3,Belgium - Egypt,EUR,1.61,1.61,2026-06-11 16:56:34,2026-06-11 16:58:14,False,string,0.44999999999999996,0.06622516556291402,1.6666666666666667
1225644,33890220,1-X-2 / 2 goals Up,1-X-2 / Ventaja 2 goles,1,3,3,Uzbekistan - Colombia,EUR,8.8,8.8,2026-06-17 19:38:53,2026-06-17 19:40:43,False,numeric,75.0,0.004566210045662267,1.8333333333333333
2600202,36971426,Match tackles,Entradas ganadas (tackles) durante el partido,33 or more,3,3,Turkey - Paraguay,PEN,2.44,2.44,2026-06-16 15:10:31,2026-06-16 15:10:53,False,numeric,857.0,0.0,0.36666666666666664
2600202,33890298,Match tackles,Entradas ganadas (tackles) durante el partido,31 or more,3,3,Iran - New Zealand,PEN,2.35,2.35,2026-06-12 15:10:11,2026-06-12 15:10:27,False,numeric,1274.0,0.0,0.26666666666666666
2206808,33890305,Match tackles,Entradas ganadas (tackles) durante el partido,33 or more,3,3,Ivory Coast - Ecuador,PEN,1.81,1.81,2026-06-14 09:02:46,2026-06-14 09:03:11,False,numeric,300.0,0.0,0.4166666666666667
2206808,33890305,Match tackles,Entradas ganadas (tackles) durante el partido,32 or more,3,3,Ivory Coast - Ecuador,PEN,1.61,1.61,2026-06-14 09:02:53,2026-06-14 09:03:16,False,numeric,600.0,0.0,0.38333333333333336
2600202,36024492,Match tackles,Entradas ganadas (tackles) durante el partido,31 or more,3,3,Australia - Turkey,PEN,2.17,2.17,2026-06-12 15:35:01,2026-06-12 15:35:13,False,numeric,1440.0,0.1361256544502618,0.2
MAH-01-49061,33890309,Match throw-ins,Saques de banda durante el partido,41 or more,3,3,Usa - Paraguay,EUR,1.88,1.88,2026-06-12 13:32:11,2026-06-12 14:01:54,False,string,3.65,0.027322404371584508,29.716666666666665
2322315,37238914,Match throw-ins,Saques de banda durante el partido,42 or more,3,3,Malaga - Las Palmas,PEN,1.96,1.96,2026-06-10 18:55:49,2026-06-10 18:56:37,False,numeric,33.68,0.0,0.8
1545436,36024493,Match penalty missed,Penalti fallado durante el partido,Yes,3,3,Sweden - Tunisia,EUR,11.1,11.1,2026-06-15 00:55:17,2026-06-15 00:56:26,False,numeric,2.5,0.0,1.15
MAH-05-15121,37265901,Match penalty missed,Penalti fallado durante el partido,Yes,3,3,Londrina PR - Avai SC,EUR,8.8,8.8,2026-06-15 23:04:04,2026-06-15 23:04:40,False,string,1.06,0.0,0.6
2482357,33890299,1-X-2 / 2 goals Up,1-X-2 / Ventaja 2 goles,1,3,3,Belgium - Egypt,PEN,1.58,1.6,2026-06-14 18:01:49,2026-06-15 17:06:13,False,numeric,110.0,0.04856512141280356,1384.4
2386337,33890299,1-X-2 / 2 goals Up,1-X-2 / Ventaja 2 goles,1,3,3,Belgium - Egypt,EUR,1.58,1.6,2026-06-14 22:24:30,2026-06-15 16:45:23,False,numeric,8.39,0.04856512141280356,1100.8833333333334
MAH-06-01001,37238914,1-X-2 / 2 goals Up,1-X-2 / Ventaja 2 goles,1,3,3,Malaga - Las Palmas,EUR,2.2,2.2,2026-06-09 08:38:16,2026-06-09 08:38:50,False,string,0.8400000000000001,0.11111111111111116,0.5666666666666667
2556677,36768907,1-X-2 / 2 goals Up,1-X-2 / Ventaja 2 goles,1,3,3,Celta - Levante,EUR,1.78,1.76,2026-05-10 23:28:03,2026-05-12 00:34:18,False,numeric,0.13,-0.011235955056179803,1506.25
MAH-04-06655,36971426,Team corners,Corners equipo,Turkey 4 or more,3,3,Turkey - Paraguay,EUR,1.36,1.36,2026-06-18 18:20:19,2026-06-18 18:20:44,False,string,0.42000000000000004,0.13333333333333353,0.4166666666666667
1865568,36024520,Player most passes (voiding in case of tie),Jugador en dar más pases,Vitinha,3,3,Portugal - Democratic Republic of the Congo,EUR,4.54,4.54,2026-06-16 00:16:28,2026-06-16 00:18:49,False,numeric,1.92,0.3511904761904763,2.35
2134535,33890416,Player most passes (voiding in case of tie),Jugador en dar más pases,Upamecano,3,6,France - Senegal,EUR,6.35,6.35,2026-06-15 22:18:33,2026-06-16 10:32:11,True,numeric,78.75,0.0,733.6333333333333
2134535,33890419,Player most passes (voiding in case of tie),Jugador en dar más pases,Jose Angel Cordoba,3,8,Ghana - Panama,EUR,6.45,6.45,2026-06-16 10:37:52,2026-06-16 10:39:37,True,numeric,40.83,0.0,1.75
MAH-10-05005,36966473,Player most passes (voiding in case of tie),Jugador en dar más pases,Akanji,3,3,Switzerland - Bosnia And Herzegovina,EUR,3.96,3.96,2026-06-16 12:17:34,2026-06-16 12:25:55,False,string,141.67000000000002,0.1785714285714286,8.35
2134535,33890220,Player most passes (voiding in case of tie),Jugador en dar más pases,Jhon Lucumi,3,6,Uzbekistan - Colombia,EUR,5.65,5.65,2026-06-15 22:18:33,2026-06-15 22:48:26,True,numeric,11.5,0.3294117647058825,29.883333333333333
MAH-10-05005,36024518,Player most passes (voiding in case of tie),Jugador en dar más pases,Sander Berge,3,3,Iraq - Norway,EUR,3.21,3.96,2026-06-16 12:17:34,2026-06-16 12:25:55,False,string,141.67000000000002,0.138036809815951,8.35
2332354,33890211,Shots on target (Star Substitute),Remates a puerta Ibrahim Maza (Suplente Estrella),2 or more,3,3,Argentina - Algeria,EUR,10.1,10.1,2026-06-17 00:53:40,2026-06-17 00:53:51,True,numeric,30.0,0.0,0.18333333333333332
2630543,36966486,Shots on target (Star Substitute),Remates a puerta Ismael Saibari (Suplente Estrella),2 or more,3,3,Scotland - Morocco,EUR,2.45,2.45,2026-06-19 21:56:53,2026-06-19 21:57:06,False,numeric,18.63,0.0,0.21666666666666667
MAH-04-07604,36024520,Shots on target (Star Substitute),Remates a puerta Cristiano Ronaldo (Suplente Estrella),3 or more,3,3,Portugal - Democratic Republic of the Congo,EUR,2.92,2.92,2026-06-17 16:02:40,2026-06-17 16:03:45,False,string,60.0,0.03546099290780136,1.0833333333333333
2628672,33890238,Shots on target (Star Substitute),Remates a puerta Julián Quiñones (Suplente Estrella),2 or more,3,3,Mexico - South Africa,EUR,3.48,3.48,2026-06-11 18:23:09,2026-06-11 18:26:15,False,numeric,100.0,0.008695652173912993,3.1
MAH-03-24114,33890299,Shots on target (Star Substitute),Remates a puerta Doku (Suplente Estrella),2 or more,3,3,Belgium - Egypt,EUR,3.2,3.2,2026-06-15 18:51:59,2026-06-15 18:53:33,False,string,500.0,-0.006211180124223614,1.5666666666666667
MAH-01-04902,36024480,Shots on target (Star Substitute),Remates a puerta Patrik Schick (Suplente Estrella),1 or more,3,3,South Korea - Czech Republic,EUR,1.32,1.32,2026-06-11 16:26:04,2026-06-11 18:16:47,False,string,6.5,0.0,110.71666666666667
2436364,36024520,Shots on target (Star Substitute),Remates a puerta Cristiano Ronaldo (Suplente Estrella),2 or more,3,3,Portugal - Democratic Republic of the Congo,EUR,1.65,1.65,2026-06-17 16:34:14,2026-06-17 16:36:37,False,numeric,220.0,0.0060975609756097615,2.3833333333333333
1162309,33890444,goal scorer (Star Substitute),Jugador en meter el 1º gol (Suplente Estrella),Harry Kane,3,3,England - Croatia,EUR,4.29,4.29,2026-06-17 19:19:08,2026-06-17 19:19:43,False,numeric,270.0,0.033734939759036076,0.5833333333333334
MAH-04-07767,33890444,Hat trick (three or more goals) (Star Substitute),Hat trick (tres o más goles) (Suplente Estrella),Harry Kane,3,3,England - Croatia,EUR,26.0,30.0,2026-06-17 19:09:18,2026-06-17 19:26:00,True,string,25.1,0.051282051282051246,16.7
2208140,36966485,Hat trick (three or more goals) (Star Substitute),Hat trick (tres o más goles) (Suplente Estrella),Vinícius,3,3,Brazil - Haiti,EUR,13.0,13.0,2026-06-19 21:41:10,2026-06-20 00:22:35,False,numeric,4.6,0.0,161.41666666666666
2499192,36024520,Hat trick (three or more goals) (Star Substitute),Hat trick (tres o más goles) (Suplente Estrella),Cristiano Ronaldo,3,3,Portugal - Democratic Republic of the Congo,EUR,12.0,12.0,2026-06-17 04:28:47,2026-06-17 04:29:25,False,numeric,4.5,-0.19999999999999996,0.6333333333333333
MAH-19-00401,36966469,Hat trick (three or more goals) (Star Substitute),Hat trick (tres o más goles) (Suplente Estrella),Patrik Schick,3,3,Czech Republic - South Africa,EUR,41.0,41.0,2026-06-18 15:23:51,2026-06-18 15:24:24,False,string,50.0,0.0,0.55
MAH-03-27651,33890416,Hat trick (three or more goals) (Star Substitute),Hat trick (tres o más goles) (Suplente Estrella),Ousmane Dembele,3,6,France - Senegal,EUR,51.0,51.0,2026-06-16 15:43:57,2026-06-16 15:44:51,True,string,10.45,0.0,0.9
MAH-19-20001,36966549,To score 2 or more goals (Star Substitute),Marcar 2 goles o más (Suplente Estrella),Viktor Gyokeres,3,3,Netherlands - Sweden,EUR,13.0,13.0,2026-06-20 16:48:57,2026-06-20 16:54:11,False,string,26.67,0.0,5.233333333333333
1288509,33890416,Anytime goalscorer (Star Substitute),Goleador durante el partido (Suplente Estrella),Mbappe,3,3,France - Senegal,EUR,1.97,1.87,2026-06-14 05:13:57,2026-06-16 18:36:26,False,numeric,3.0,0.026881720430107503,3682.483333333333
MAH-03-27822,33890220,Anytime goalscorer (Star Substitute),Goleador durante el partido (Suplente Estrella),Luis Diaz,3,3,Uzbekistan - Colombia,EUR,2.18,2.18,2026-06-17 19:12:18,2026-06-17 19:14:25,False,string,25.0,0.04306220095693791,2.1166666666666667
MAH-06-00368,36966473,Anytime goalscorer (Star Substitute),Goleador durante el partido (Suplente Estrella),Breel Embolo,3,3,Switzerland - Bosnia And Herzegovina,EUR,2.22,2.22,2026-06-18 08:57:37,2026-06-18 10:16:30,False,string,1.51,-0.03639010189228523,78.88333333333334
MAH-03-03871,36966485,Anytime goalscorer (Star Substitute),Goleador durante el partido (Suplente Estrella),Vinícius,3,3,Brazil - Haiti,EUR,1.73,1.73,2026-06-19 16:51:38,2026-06-19 16:52:06,False,string,16.67,-0.03888888888888897,0.4666666666666667
2623956,33890419,1-X-2 / 2 goals Up,1-X-2 / Ventaja 2 goles,1,3,3,Ghana - Panama,EUR,2.35,2.22,2026-06-16 21:21:09,2026-06-17 19:12:55,False,numeric,0.47,-0.010101010101010055,1311.7666666666667
MAH-19-39001,33890419,1-X-2 / 2 goals Up,1-X-2 / Ventaja 2 goles,1,3,3,Ghana - Panama,EUR,2.34,2.21,2026-06-16 14:14:30,2026-06-17 20:47:51,False,string,90.17,-0.024531024531024626,1833.35
1545436,33890313,Match penalty missed,Penalti fallado durante el partido,Yes,3,3,Spain - Cape Verde,EUR,8.25,8.25,2026-06-15 00:56:26,2026-06-15 04:28:58,False,numeric,3.0,0.002032520325203291,212.53333333333333
MAH-05-15121,37265902,Match penalty missed,Penalti fallado durante el partido,Yes,3,3,Criciuma - Ceara,EUR,8.7,8.7,2026-06-15 23:04:04,2026-06-15 23:04:40,False,string,1.06,0.0,0.6
MAH-03-24288,36024520,Match,Partido,Over 2.5 goals y Over 7.5 corners,3,3,Portugal - Democratic Republic of the Congo,EUR,2.11,2.11,2026-06-16 17:23:29,2026-06-16 17:24:22,False,string,0.30000000000000004,-0.04954954954954971,0.8833333333333333
MAH-22-03001,33890291,1-X-2 / 2 goals Up,1-X-2 / Ventaja 2 goles,1,3,3,Brazil - Morocco,EUR,1.59,1.59,2026-06-12 07:10:32,2026-06-12 07:17:32,False,string,3.11,-0.036363636363636265,7.0
1639909,33890304,Anytime goalscorer (Star Substitute),Goleador durante el partido (Suplente Estrella),Virgil Van Dijk,3,3,Netherlands - Japan,EUR,8.95,9.25,2026-06-13 21:26:08,2026-06-14 18:10:54,False,numeric,6.67,0.016853932584269593,1244.7666666666667
MAH-01-04883,33890313,Anytime goalscorer (Star Substitute),Goleador durante el partido (Suplente Estrella),Oyarzabal,3,3,Spain - Cape Verde,EUR,1.51,1.51,2026-06-15 13:12:55,2026-06-15 13:13:24,False,string,3.0,-0.019480519480519543,0.48333333333333334
MAH-04-07755,36966466,Anytime goalscorer (Star Substitute),Goleador durante el partido (Suplente Estrella),Julián Quiñones,3,3,Mexico - South Korea,EUR,3.47,3.47,2026-06-18 21:45:20,2026-06-18 21:45:48,False,string,60.0,0.051515151515151736,0.4666666666666667
1288509,33890211,Anytime goalscorer (Star Substitute),Goleador durante el partido (Suplente Estrella),Lionel Messi,3,3,Argentina - Algeria,EUR,2.04,1.94,2026-06-14 05:13:57,2026-06-16 21:34:14,False,numeric,2.6,-0.0033840947546531406,3860.2833333333333
2071502,36024520,Anytime goalscorer (Star Substitute),Goleador durante el partido (Suplente Estrella),Guedes,3,3,Portugal - Democratic Republic of the Congo,EUR,2.57,2.57,2026-06-16 19:13:16,2026-06-17 14:58:59,False,numeric,0.47000000000000003,-0.019083969465648942,1185.7166666666667
1093332,37214946,Anytime goalscorer (Star Substitute),Goleador durante el partido (Suplente Estrella),Désiré Doué,3,3,France - Northern Ireland,EUR,1.98,1.98,2026-06-08 07:11:23,2026-06-08 15:54:38,False,numeric,0.65,0.022727272727272707,523.25
2040418,37233850,Anytime goalscorer (Star Substitute),Goleador durante el partido (Suplente Estrella),Lautaro Martínez,3,3,Argentina - Iceland,EUR,1.71,1.71,2026-06-09 18:12:49,2026-06-09 22:47:40,False,numeric,5.6,-0.0019493177387914413,274.85
1412746,36966486,1-X-2 / 2 goals Up,1-X-2 / Ventaja 2 goles,2,3,3,Scotland - Morocco,EUR,1.66,1.66,2026-06-19 14:12:45,2026-06-19 21:48:34,False,numeric,80.0,0.01431492842535794,455.81666666666666
MAH-06-01007,36966480,1-X-2 / 2 goals Up,1-X-2 / Ventaja 2 goles,1,3,3,Usa - Australia,EUR,1.62,1.6,2026-06-19 17:10:51,2026-06-19 17:21:21,False,string,133.32999999999998,0.0544662309368192,10.5
MAH-19-44001,36966549,1-X-2 / 2 goals Up,1-X-2 / Ventaja 2 goles,1,3,3,Netherlands - Sweden,EUR,1.69,1.75,2026-06-18 13:38:51,2026-06-19 13:37:32,False,string,1.47,0.03592814371257499,1438.6833333333334
2138364,36024480,1-X-2 / 2 goals Up,1-X-2 / Ventaja 2 goles,1,3,3,South Korea - Czech Republic,EUR,2.62,2.62,2026-06-11 21:12:45,2026-06-11 21:12:57,False,numeric,300.0,0.035573122529644285,0.2
1638448,36024491,1-X-2 / 2 goals Up,1-X-2 / Ventaja 2 goles,1,3,3,Canada - Bosnia And Herzegovina,EUR,1.79,1.79,2026-06-12 17:58:17,2026-06-12 18:46:54,False,numeric,40.9,0.028735632183908066,48.61666666666667
2305840,33890290,1-X-2 / 2 goals Up,1-X-2 / Ventaja 2 goles,2,3,3,Haiti - Scotland,EUR,1.56,1.56,2026-06-13 07:54:08,2026-06-13 07:56:07,False,numeric,2.66,-0.006369426751592355,1.9833333333333334
MAH-08-14005,36024493,1-X-2 / 2 goals Up,1-X-2 / Ventaja 2 goles,1,3,3,Sweden - Tunisia,EUR,1.85,1.85,2026-06-11 16:56:34,2026-06-11 16:58:14,False,string,0.44999999999999996,-0.005376344086021501,1.6666666666666667
MAH-01-05154,36966553,Team corners,Corners equipo,Ivory Coast 4 or more,3,3,Germany - Ivory Coast,EUR,2.35,2.35,2026-06-18 13:46:20,2026-06-18 13:47:05,False,string,300.0,0.298342541436464,0.75
2632023,33890416,1-X-2 / 2 goals Up,1-X-2 / Ventaja 2 goles,1,3,3,France - Senegal,EUR,1.46,1.46,2026-06-16 15:45:10,2026-06-16 15:51:42,False,numeric,32.78,-0.013513513513513487,6.533333333333333
MAH-08-14005,33890211,1-X-2 / 2 goals Up,1-X-2 / Ventaja 2 goles,1,3,3,Argentina - Algeria,EUR,1.35,1.35,2026-06-11 16:56:34,2026-06-11 16:58:14,False,string,0.44999999999999996,-0.11184210526315785,1.6666666666666667
1453644,36024520,1-X-2 / 2 goals Up,1-X-2 / Ventaja 2 goles,1,3,3,Portugal - Democratic Republic of the Congo,EUR,1.27,1.27,2026-06-15 09:14:00,2026-06-16 19:37:53,False,numeric,1.04,0.010582010582010545,2063.883333333333
MAH-05-15183,33890305,1-X-2 / 2 goals Up,1-X-2 / Ventaja 2 goles,2,3,3,Ivory Coast - Ecuador,EUR,2.6,2.6,2026-06-14 14:15:07,2026-06-14 14:15:58,False,string,23.33,0.07883817427385886,0.85
MAH-19-39001,36966473,1-X-2 / 2 goals Up,1-X-2 / Ventaja 2 goles,1,3,3,Switzerland - Bosnia And Herzegovina,EUR,1.57,1.57,2026-06-18 13:49:47,2026-06-18 18:42:44,False,string,4.67,0.02178649237472774,292.95
MAH-19-39001,36971426,1-X-2 / 2 goals Up,1-X-2 / Ventaja 2 goles,1,3,3,Turkey - Paraguay,EUR,2.01,1.98,2026-06-16 14:14:30,2026-06-18 13:49:47,False,string,1.17,-0.029268292682926782,2855.2833333333333
1794438,36966549,1-X-2 / 2 goals Up,1-X-2 / Ventaja 2 goles,1,3,3,Netherlands - Sweden,EUR,1.71,1.71,2026-06-20 09:22:48,2026-06-20 10:46:57,False,numeric,145.0,0.0239520958083832,84.15
MAH-03-27778,36024492,1-X-2 / 2 goals Up,1-X-2 / Ventaja 2 goles,2,3,3,Australia - Turkey,EUR,1.65,1.65,2026-06-13 18:28:39,2026-06-13 18:28:58,False,string,24.990000000000002,-0.017857142857142905,0.31666666666666665
744635,36024493,1-X-2 / 2 goals Up,1-X-2 / Ventaja 2 goles,1,3,3,Sweden - Tunisia,EUR,1.95,1.95,2026-06-14 11:18:20,2026-06-14 14:40:33,False,numeric,56.67,0.048387096774193505,202.21666666666667
MAH-05-15183,36024493,1-X-2 / 2 goals Up,1-X-2 / Ventaja 2 goles,2,3,3,Sweden - Tunisia,EUR,3.89,3.89,2026-06-14 14:15:07,2026-06-14 14:15:58,False,string,23.33,-0.11389521640091105,0.85
MAH-19-39002,36024520,1-X-2 / 2 goals Up,1-X-2 / Ventaja 2 goles,1,3,3,Portugal - Democratic Republic of the Congo,EUR,1.26,1.26,2026-06-14 10:36:26,2026-06-17 10:28:00,False,string,2.79,0.007936507936507908,4311.566666666667
MAH-11-04001,36966469,1-X-2 / 2 goals Up,1-X-2 / Ventaja 2 goles,1,3,3,Czech Republic - South Africa,EUR,1.75,1.81,2026-06-17 19:58:33,2026-06-18 11:40:27,False,string,2.2800000000000002,-0.005617977528089939,941.9
MAH-11-04001,36966466,1-X-2 / 2 goals Up,1-X-2 / Ventaja 2 goles,1,3,3,Mexico - South Korea,EUR,2.01,2.01,2026-06-17 19:58:33,2026-06-18 11:40:27,False,string,2.28,-7.401486830834377e-17,941.9
2627239,33890444,Anytime goalscorer (Star Substitute),Goleador durante el partido (Suplente Estrella),Luka Modric,3,3,England - Croatia,EUR,8.35,8.15,2026-06-15 10:42:16,2026-06-17 07:37:53,False,numeric,1.3900000000000001,0.08172043010752694,2695.616666666667
2071502,33890306,Anytime goalscorer (Star Substitute),Goleador durante el partido (Suplente Estrella),Musiala,3,3,Germany - Curaçao,EUR,1.84,1.95,2026-06-11 20:50:53,2026-06-14 15:14:50,False,numeric,0.42000000000000004,0.029465930018416242,3983.95
MAH-03-24161,33890220,To score 2 or more goals (Star Substitute),Marcar 2 goles o más (Suplente Estrella),Luis Diaz,3,3,Uzbekistan - Colombia,EUR,7.0,7.0,2026-06-17 12:37:01,2026-06-17 12:37:39,False,string,1.6700000000000002,-0.07284768211920523,0.6333333333333333
MAH-03-24161,36024520,To score 2 or more goals (Star Substitute),Marcar 2 goles o más (Suplente Estrella),Cristiano Ronaldo,3,3,Portugal - Democratic Republic of the Congo,EUR,4.59,4.59,2026-06-17 12:37:01,2026-06-17 12:37:39,False,string,1.6700000000000002,-0.021321961620469176,0.6333333333333333
2052926,36024492,Team corners,Corners equipo,Turkey 6 or more,3,3,Australia - Turkey,EUR,1.61,1.61,2026-06-13 21:18:55,2026-06-13 21:20:06,False,numeric,36.67,0.0,1.1833333333333333
2549004,37275587,Team corners,Corners equipo,Malaga 4 or more,3,3,Malaga - Almeria,EUR,1.2,1.2,2026-06-14 14:54:14,2026-06-14 15:38:20,False,numeric,108.33,-0.008264462809917328,44.1
2189666,33890416,Team corners,Corners equipo,Senegal 4 or more,3,3,France - Senegal,EUR,2.22,2.22,2026-06-16 16:57:02,2026-06-16 18:50:26,False,numeric,300.0,0.0,113.4
1432058,36971426,Team corners,Corners equipo,Turkey 4 or more,3,3,Turkey - Paraguay,EUR,1.41,1.41,2026-06-19 21:56:10,2026-06-19 21:56:34,False,numeric,9.99,0.17500000000000004,0.4
MAH-11-07003,33890444,Player to score a penalty (No penalty shootout),Marcar gol de penalti (No tanda de penaltis),Harry Kane,3,3,England - Croatia,EUR,7.1,7.1,2026-06-16 16:15:46,2026-06-16 16:17:00,False,string,1.33,0.007092198581560183,1.2333333333333334
MAH-11-07003,33890416,Player to win a penalty,Jugador en provocar un penalti,Mbappe,3,3,France - Senegal,EUR,17.0,17.0,2026-06-16 16:18:51,2026-06-16 16:20:12,False,string,1.33,0.0,1.35
MAH-03-24964,33890299,Player to win a penalty,Jugador en provocar un penalti,Lukaku,3,3,Belgium - Egypt,EUR,31.0,31.0,2026-06-15 18:15:10,2026-06-15 18:15:41,False,string,50.0,0.0,0.5166666666666667
2586146,33890416,Player to win a penalty,Jugador en provocar un penalti,Mbappe,3,3,France - Senegal,EUR,17.0,17.0,2026-06-16 18:20:36,2026-06-16 18:46:06,False,numeric,28.33,0.0,25.5
2586146,33890444,Player to win a penalty,Jugador en provocar un penalti,Harry Kane,3,3,England - Croatia,EUR,41.0,36.0,2026-06-17 15:58:44,2026-06-17 18:52:10,False,numeric,45.0,0.09259259259259256,173.43333333333334
MAH-01-01537,33890312,Fouls Won (Star Substitute),Faltas recibidas Valverde(Suplente Estrella),2 or more,3,3,Saudi Arabia - Uruguay,EUR,3.0,3.0,2026-06-15 21:11:05,2026-06-15 21:14:21,False,string,3.5,0.0,3.2666666666666666
MAH-19-20001,36966486,Player sent off (only players and in play)(Star Substitute),Jugador expulsado (solo jugadores y en juego) (Suplente Estrella),Yassine Bounou,3,3,Scotland - Morocco,EUR,71.0,71.0,2026-06-19 19:03:09,2026-06-19 19:07:41,False,string,11.8,0.0,4.533333333333333
MAH-07-04003,36966549,Player sent off (only players and in play)(Star Substitute),Jugador expulsado (solo jugadores y en juego) (Suplente Estrella),Gravenberch,3,3,Netherlands - Sweden,EUR,75.0,75.0,2026-06-20 12:29:40,2026-06-20 12:30:02,False,string,0.5,0.0,0.36666666666666664
MAH-07-04003,36966553,Player sent off (only players and in play)(Star Substitute),Jugador expulsado (solo jugadores y en juego) (Suplente Estrella),Franck Kessie,3,3,Germany - Ivory Coast,EUR,39.0,39.0,2026-06-20 12:29:40,2026-06-20 12:30:02,False,string,0.5,0.0,0.36666666666666664
MAH-04-64055,36966486,Shots (Star Substitute),Remates Achraf (Suplente Estrella),2 or more,3,3,Scotland - Morocco,EUR,1.8,1.8,2026-06-17 10:28:42,2026-06-17 10:29:23,False,string,250.0,0.016949152542372836,0.6833333333333333
2436364,33890312,Shots (Star Substitute),Remates Valverde (Suplente Estrella),3 or more,3,3,Saudi Arabia - Uruguay,EUR,2.51,2.51,2026-06-12 15:20:07,2026-06-12 15:21:11,False,numeric,80.0,0.29381443298969057,1.0666666666666667
MAH-03-02890,36024520,Shots (Star Substitute),Remates Cristiano Ronaldo (Suplente Estrella),6 or more,3,3,Portugal - Democratic Republic of the Congo,EUR,2.54,2.54,2026-06-17 16:49:43,2026-06-17 16:50:10,False,string,50.0,0.0,0.45
2019614,33890313,Shots (Star Substitute),Remates Gavi (Suplente Estrella),3 or more,3,3,Spain - Cape Verde,EUR,2.03,2.03,2026-06-15 15:43:38,2026-06-15 15:43:51,False,numeric,600.0,0.0,0.21666666666666667
MAH-03-02890,36024520,Shots (Star Substitute),Remates Cristiano Ronaldo (Suplente Estrella),5 or more,3,3,Portugal - Democratic Republic of the Congo,EUR,1.8,1.8,2026-06-17 16:48:45,2026-06-17 16:49:13,False,string,50.0,-0.032258064516129115,0.4666666666666667
MAH-01-04886,33890416,Assists (Star Substitute),Asistencias Michael Olise (Suplente Estrella),1 or more,3,3,France - Senegal,EUR,2.3,2.33,2026-06-14 08:49:34,2026-06-16 14:31:38,False,string,0.72,0.013043478260869712,3222.0666666666666
MAH-04-07936,33890211,Assists (Star Substitute),Asistencias Lionel Messi (Suplente Estrella),1 or more,3,6,Argentina - Algeria,EUR,3.27,3.27,2026-06-16 11:17:19,2026-06-16 11:34:17,True,string,3.83,0.13937282229965153,16.966666666666665
MAH-03-24232,33890211,To score 2 or more goals (Star Substitute),Marcar 2 goles o más (Suplente Estrella),Lionel Messi,3,3,Argentina - Algeria,EUR,5.45,5.45,2026-06-16 12:14:47,2026-06-16 12:15:48,False,string,4.17,-0.02678571428571419,1.0166666666666666
MAH-06-15003,36024518,To score 2 or more goals (Star Substitute),Marcar 2 goles o más (Suplente Estrella),Haaland,3,3,Iraq - Norway,EUR,2.95,2.95,2026-06-16 08:52:40,2026-06-16 17:11:23,False,string,1.58,0.004566210045662193,498.71666666666664
MAH-01-53322,36966553,To score 2 or more goals (Star Substitute),Marcar 2 goles o más (Suplente Estrella),Havertz,3,3,Germany - Ivory Coast,EUR,7.0,7.0,2026-06-20 16:34:15,2026-06-20 16:41:26,True,string,8.0,-0.03448275862068961,7.183333333333334
1450600,33890306,To score 2 or more goals (Star Substitute),Marcar 2 goles o más (Suplente Estrella),Havertz,3,3,Germany - Curaçao,,3.23,3.23,2026-06-14 16:36:07,2026-06-14 16:36:23,False,numeric,75.0,-0.03003003003003002,0.26666666666666666
MAH-03-24992,33890313,To score 2 or more goals (Star Substitute),Marcar 2 goles o más (Suplente Estrella),Oyarzabal,3,3,Spain - Cape Verde,EUR,3.49,3.29,2026-06-14 10:15:34,2026-06-15 13:56:48,False,string,8.4,-0.013448607108549412,1661.2333333333333
MAH-03-24161,33890444,To score 2 or more goals (Star Substitute),Marcar 2 goles o más (Suplente Estrella),Harry Kane,3,3,England - Croatia,EUR,6.8,6.8,2026-06-17 12:37:01,2026-06-17 12:37:39,False,string,1.6700000000000002,-0.06206896551724139,0.6333333333333333
MAH-04-07767,33890220,To score 2 or more goals (Star Substitute),Marcar 2 goles o más (Suplente Estrella),Luis Diaz,3,3,Uzbekistan - Colombia,EUR,7.95,7.95,2026-06-18 00:55:50,2026-06-18 01:03:13,True,string,57.5,0.05739514348785879,7.383333333333334
1468844,33890259,Team corners,Corners equipo,Qatar 3 or more,3,3,Qatar - Switzerland,EUR,1.85,1.85,2026-06-11 13:45:43,2026-06-12 05:39:26,False,numeric,115.67,0.007207207207207207,953.7166666666667
2432373,33890290,Team corners,Corners equipo,Haiti 4 or more,3,3,Haiti - Scotland,PEN,1.91,1.91,2026-06-13 17:32:01,2026-06-13 17:32:18,False,numeric,500.0,0.12352941176470589,0.2833333333333333
430769,37254542,Team throw-ins,Saques de banda equipo,Costa Rica 11 or more,3,3,England - Costa Rica,EUR,1.67,1.7,2026-06-10 22:48:41,2026-06-10 22:50:53,True,numeric,9.5,,2.2
MAH-18-01007,33890306,Team exact bookings (only players and in play),Número de tarjetas equipo (solo jugadores y en juego),Curaçao 2 or more,3,3,Germany - Curaçao,EUR,1.6,1.6,2026-06-14 15:30:16,2026-06-14 15:50:17,False,string,7.33,-0.0062893081761006275,20.016666666666666
1397693,33890444,Match,Partido,Both teams to score y A goal in both halves,3,3,England - Croatia,EUR,2.46,2.46,2026-06-17 07:47:49,2026-06-17 13:30:02,False,numeric,0.67,0.041134751773049594,342.21666666666664
2178367,33890211,1-X-2 / 2 goals Up,1-X-2 / Ventaja 2 goles,1,3,3,Argentina - Algeria,EUR,1.37,1.37,2026-06-16 17:34:55,2026-06-16 17:36:04,False,numeric,11.98,-0.09868421052631571,1.15
MAH-01-05341,36966473,To score or assist (Star Substitute),Marcar gol o asistir (Suplente Estrella),Breel Embolo,3,3,Switzerland - Bosnia And Herzegovina,EUR,1.78,1.78,2026-06-17 20:51:34,2026-06-17 20:52:03,False,string,1.33,0.053254437869822535,0.48333333333333334
MAH-11-09016,36024520,Match,Partido,Over 11.5 corners y Cristiano Ronaldo to score,3,3,Portugal - Democratic Republic of the Congo,EUR,6.22,6.22,2026-06-17 15:01:58,2026-06-17 15:02:53,False,string,4.16,0.0,0.9166666666666666
MAH-05-15311,36971426,1-X-2 / 2 goals Up,1-X-2 / Ventaja 2 goles,1,3,3,Turkey - Paraguay,EUR,2.0,2.0,2026-06-18 12:22:48,2026-06-19 18:20:08,False,string,14.93,-0.02764227642276414,1797.3333333333333
2332231,36966553,1-X-2 / 2 goals Up,1-X-2 / Ventaja 2 goles,1,3,3,Germany - Ivory Coast,EUR,1.53,1.53,2026-06-19 06:24:58,2026-06-20 07:57:49,False,numeric,7.08,0.11678832116788307,1532.85
2211924,36024518,Anytime goalscorer (Star Substitute),Goleador durante el partido (Suplente Estrella),Haaland,3,3,Iraq - Norway,EUR,1.42,1.42,2026-06-16 21:32:43,2026-06-16 21:57:30,False,numeric,219.5,0.0,24.783333333333335
2398881,36024518,Anytime goalscorer (Star Substitute),Goleador durante el partido (Suplente Estrella),Haaland,3,3,Iraq - Norway,EUR,1.41,1.41,2026-06-16 18:01:47,2026-06-16 18:02:15,False,numeric,7.1499999999999995,-0.007042253521126751,0.4666666666666667
2017235,33890291,1-X-2 / 2 goals Up,1-X-2 / Ventaja 2 goles,1,3,3,Brazil - Morocco,EUR,1.69,1.69,2026-06-13 10:10:40,2026-06-13 10:13:00,False,numeric,60.0,0.024242424242424176,2.3333333333333335
MAH-10-02010,33890210,1-X-2 / 2 goals Up,1-X-2 / Ventaja 2 goles,1,3,3,Austria - Jordan,EUR,1.3,1.3,2026-06-13 13:43:42,2026-06-13 14:11:42,False,string,2.52,-0.051094890510948954,28.0
MAH-11-14006,36971426,Team corners,Corners equipo,Turkey 4 or more,3,6,Turkey - Paraguay,EUR,1.38,1.38,2026-06-19 10:48:56,2026-06-19 10:49:50,False,string,0.12,0.1499999999999999,0.9
2318891,36966553,1-X-2 / 2 goals Up,1-X-2 / Ventaja 2 goles,1,3,3,Germany - Ivory Coast,EUR,1.53,1.53,2026-06-19 16:12:10,2026-06-20 01:16:38,False,numeric,8.76,0.11678832116788307,544.4666666666667
MAH-19-64003,36966486,1-X-2 / 2 goals Up,1-X-2 / Ventaja 2 goles,2,3,3,Scotland - Morocco,EUR,1.7,1.7,2026-06-19 11:16:04,2026-06-19 11:16:46,False,string,82.5,0.042944785276073594,0.7
MAH-18-01007,33890299,Team exact bookings (only players and in play),Número de tarjetas equipo (solo jugadores y en juego),Egypt 2 or more,3,3,Belgium - Egypt,EUR,1.42,1.42,2026-06-14 15:30:16,2026-06-15 14:53:06,False,string,9.0,-0.03401360544217691,1402.8333333333333
MAH-19-99001,33890313,Team goal kicks,Saques de puerta equipo,Cape Verde 11 or more,3,3,Spain - Cape Verde,EUR,1.71,1.71,2026-06-15 14:31:16,2026-06-15 14:31:57,False,string,800.0,-0.05524861878453047,0.6833333333333333
1382013,36966480,Match corners,Corners durante el partido,11 or more,3,3,Usa - Australia,EUR,2.81,2.81,2026-06-19 11:28:52,2026-06-19 11:31:11,False,numeric,0.27,-0.0035460992907800915,2.316666666666667
2270770,36966553,Anytime goalscorer (Star Substitute),Goleador durante el partido (Suplente Estrella),Havertz,3,3,Germany - Ivory Coast,EUR,2.21,2.17,2026-06-19 17:18:19,2026-06-20 19:07:00,False,numeric,19.490000000000002,0.021604938271604885,1548.6833333333334
MAH-01-01598,36024518,Away-side combo (bet builder),Noruega,"Norway win, Over 8.5 corners y Haaland 2 or more shots on target",3,3,Iraq - Norway,EUR,2.6,2.6,2026-06-16 15:43:15,2026-06-16 15:48:23,False,string,1.4000000000000001,0.1353711790393013,5.133333333333334
MAH-04-08151,37274455,Team corners,Corners equipo,Ud Almería 7 or more,3,3,Málaga - Ud Almería,EUR,4.05,4.05,2026-06-14 19:05:01,2026-06-14 19:05:35,False,string,60.0,,0.5666666666666667
MAH-19-00902,36024520,1-X-2 / 2 goals Up,1-X-2 / Ventaja 2 goles,1,3,3,Portugal - Democratic Republic of the Congo,EUR,1.26,1.28,2026-06-14 08:19:32,2026-06-15 09:17:19,False,string,4.23,0.010582010582010545,1497.7833333333333
MAH-21-14001,36024520,1-X-2 / 2 goals Up,1-X-2 / Ventaja 2 goles,1,3,3,Portugal - Democratic Republic of the Congo,EUR,1.27,1.27,2026-06-12 00:54:05,2026-06-16 21:35:35,False,string,46.67,0.007936507936507908,7001.5
1870068,37197458,Team exact bookings (only players and in play),Número de tarjetas equipo (solo jugadores y en juego),Málaga 2 or more,3,3,Málaga - Ud Las Palmas,PEN,5.3,2.0,2026-06-10 20:44:52,2026-06-10 20:50:09,True,numeric,15.0,,5.283333333333333
MAH-19-96003,36024491,1-X-2 / 2 goals Up,1-X-2 / Ventaja 2 goles,1,3,3,Canada - Bosnia And Herzegovina,EUR,1.82,1.83,2026-06-12 15:31:34,2026-06-12 17:20:22,False,string,2.37,0.04980842911877392,108.8
MAH-19-39001,36966486,1-X-2 / 2 goals Up,1-X-2 / Ventaja 2 goles,2,3,3,Scotland - Morocco,EUR,1.72,1.66,2026-06-18 13:49:47,2026-06-19 14:32:28,False,string,12.67,0.04294478527607374,1482.6833333333334
2145859,36966480,1-X-2 / 2 goals Up,1-X-2 / Ventaja 2 goles,1,3,3,Usa - Australia,EUR,1.6,1.6,2026-06-19 06:59:00,2026-06-19 06:59:13,False,numeric,300.0,0.045751633986928164,0.21666666666666667
MAH-11-04006,33890304,1-X-2 / 2 goals Up,1-X-2 / Ventaja 2 goles,1,3,3,Netherlands - Japan,EUR,2.05,2.05,2026-06-14 13:56:03,2026-06-14 16:32:01,False,string,3.18,0.03015075376884413,155.96666666666667
MAH-19-63003,36971426,Team corners,Corners equipo,Paraguay 3 or more,3,3,Turkey - Paraguay,EUR,1.52,1.52,2026-06-17 12:27:49,2026-06-18 18:48:35,False,string,1.45,0.24444444444444455,1820.7666666666667
1810137,36024520,Team corners,Corners equipo,Portugal 9 or more,3,3,Portugal - Democratic Republic of the Congo,EUR,2.92,2.92,2026-06-17 16:46:53,2026-06-17 16:48:58,True,numeric,55.4,0.0,2.0833333333333335
MAH-05-15012,36966473,Match,Partido,Over 2.5 goals y Over 7.5 corners,3,3,Switzerland - Bosnia And Herzegovina,EUR,2.34,2.35,2026-06-18 10:51:51,2026-06-18 10:54:45,False,string,0.74,-0.02222222222222218,2.9
MAH-19-00142,36024520,Shots on target (Star Substitute),Remates a puerta Cristiano Ronaldo (Suplente Estrella),1 or more,3,3,Portugal - Democratic Republic of the Congo,EUR,1.15,1.15,2026-06-17 12:24:40,2026-06-17 12:26:06,False,string,260.0,0.0,1.4333333333333333
MAH-02-02342,36966485,Shots on target (Star Substitute),Remates a puerta Vinícius (Suplente Estrella),2 or more,3,3,Brazil - Haiti,EUR,1.68,1.68,2026-06-18 18:32:55,2026-06-19 16:00:12,False,string,2.75,0.0,1287.2833333333333
2356359,33890220,1-X-2 / 2 goals Up,1-X-2 / Ventaja 2 goles,2,3,3,Uzbekistan - Colombia,EUR,1.35,1.35,2026-06-16 21:57:04,2026-06-17 19:37:13,False,numeric,10.42,0.05167958656330759,1300.15
2137209,33890291,Team shots on target,Remates a puerta equipo,Brazil 6 or more,3,3,Brazil - Morocco,PEN,1.96,1.96,2026-06-13 21:47:37,2026-06-13 21:48:03,False,numeric,16.5,-0.010101010101010055,0.43333333333333335
2050404,36024520,1-X-2 / 2 goals Up,1-X-2 / Ventaja 2 goles,1,3,3,Portugal - Democratic Republic of the Congo,EUR,1.29,1.28,2026-06-15 08:33:23,2026-06-16 20:49:02,False,numeric,7.42,0.01851851851851845,2175.65
MAH-04-07220,36024518,Away-side combo (bet builder),Noruega,"Norway win, Over 2.5 goals y Over 8.5 corners",3,3,Iraq - Norway,EUR,2.84,2.72,2026-06-16 13:09:05,2026-06-16 20:37:31,False,string,1.33,0.13360323886639658,448.43333333333334
MAH-01-13372,36966485,Home-side combo (bet builder),Brasil,"Brazil win, Over 8.5 corners y Vinícius to score 2 or more goals",3,3,Brazil - Haiti,EUR,6.33,6.33,2026-06-19 19:24:39,2026-06-19 19:43:18,False,string,2.06,-0.055223880597014885,18.65
2138429,33890416,Match,Partido,Draw y Both teams to score in both halves,3,3,France - Senegal,PEN,61.0,61.0,2026-06-16 09:38:11,2026-06-16 09:43:40,True,numeric,4.5,0.4878048780487805,5.483333333333333
MAH-03-27862,33890291,To score 2 or more goals (Star Substitute),Marcar 2 goles o más (Suplente Estrella),Raphinha,3,3,Brazil - Morocco,EUR,13.0,15.0,2026-06-12 12:53:53,2026-06-13 08:34:07,False,string,1.5,0.10256410256410249,1180.2333333333333
1160190,33890309,Team Shots,Remates equipo,Paraguay 14 or more,3,3,Usa - Paraguay,,3.43,3.43,2026-06-12 20:57:44,2026-06-12 20:57:56,False,numeric,75.0,0.03313253012048212,0.2
430294,36966480,1-X-2 / 2 goals Up,1-X-2 / Ventaja 2 goles,1,3,3,Usa - Australia,EUR,1.62,1.6,2026-06-19 16:59:33,2026-06-19 18:13:04,False,numeric,4.59,0.0544662309368192,73.51666666666667
MAH-01-12010,36966486,1-X-2 / 2 goals Up,1-X-2 / Ventaja 2 goles,2,3,3,Scotland - Morocco,EUR,1.65,1.65,2026-06-19 13:16:41,2026-06-19 18:52:34,False,string,13.34,0.012269938650306678,335.8833333333333
MAH-19-96001,33890312,1-X-2 / 2 goals Up,1-X-2 / Ventaja 2 goles,2,3,3,Saudi Arabia - Uruguay,EUR,1.44,1.41,2026-06-15 10:31:36,2026-06-15 20:40:38,False,string,8.66,-0.020547945205479496,609.0333333333333
1123613,37265904,Match penalty missed,Penalti fallado durante el partido,Yes,3,3,Fortaleza CE - América Mineiro MG,EUR,9.15,8.95,2026-06-16 18:22:37,2026-06-16 22:56:14,False,numeric,17.5,-0.016393442622950893,273.6166666666667
2543161,37312355,1-X-2 / 2 goals Up,1-X-2 / Ventaja 2 goles,2,3,3,Almeria - Malaga,EUR,3.38,3.38,2026-06-20 11:52:03,2026-06-20 15:36:20,False,numeric,41.67,0.024242424242424176,224.28333333333333
MAH-19-28001,37183318,1-X-2 / 2 goals Up,1-X-2 / Ventaja 2 goles,2,3,3,Deportes Union La Calera - Universidad de Chile,EUR,2.17,2.17,2026-06-14 16:06:17,2026-06-14 16:10:13,False,string,16.67,0.2055555555555555,3.933333333333333
MAH-04-07604,37233846,1-X-2 / 2 goals Up,1-X-2 / Ventaja 2 goles,1,3,3,Portugal - Nigeria,EUR,1.28,1.3,2026-06-10 15:59:43,2026-06-10 17:46:55,False,string,2.96,-0.04197530864197537,107.2
MAH-22-03001,33890290,1-X-2 / 2 goals Up,1-X-2 / Ventaja 2 goles,2,3,3,Haiti - Scotland,EUR,1.51,1.51,2026-06-12 07:10:32,2026-06-12 07:17:32,False,string,3.11,-0.03821656050955413,7.0
MAH-01-01144,33890304,Team corners,Corners equipo,Netherlands 5 or more,3,3,Netherlands - Japan,EUR,1.5,1.5,2026-06-14 15:08:13,2026-06-14 15:13:33,False,string,22.5,-0.06832298136645965,5.333333333333333
MAH-19-32001,33890259,Team corners,Corners equipo,Qatar 4 or more,3,3,Qatar - Switzerland,EUR,2.81,2.81,2026-06-13 12:47:40,2026-06-13 12:48:35,False,string,870.0,-0.07260726072607249,0.9166666666666666
MAH-22-03002,33890419,Anytime goalscorer (Star Substitute),Goleador durante el partido (Suplente Estrella),Antoine Semenyo,3,3,Ghana - Panama,EUR,3.27,3.22,2026-06-17 18:44:35,2026-06-17 19:40:54,False,string,16.66,0.023060796645702226,56.31666666666667
1983036,33890211,Home-side combo (bet builder),Argentina,Argentina win y Over 2.5 goals,3,3,Argentina - Algeria,EUR,2.37,2.37,2026-06-16 17:36:44,2026-06-16 22:13:14,False,numeric,3.58,0.0,276.5
2336805,33890211,Home-side combo (bet builder),Argentina,"Argentina win, Over 8.5 corners y Julian Alvarez 2 or more shots on target",3,3,Argentina - Algeria,EUR,4.87,4.87,2026-06-16 16:19:10,2026-06-16 17:25:09,False,numeric,2.8,-0.0811320754716981,65.98333333333333
1983036,33890290,Away-side combo (bet builder),Escocia,Scotland win y A goal in both halves,3,3,Haiti - Scotland,EUR,2.35,2.16,2026-06-13 17:16:19,2026-06-13 21:42:25,False,numeric,2.82,0.02905198776758407,266.1
2138429,37359072,Match,Partido,Zalgiris win y Both teams to score in both halves,3,3,Banga Gargzdai - Zalgiris,PEN,31.0,31.0,2026-06-20 13:08:15,2026-06-20 13:14:44,True,numeric,11.5,0.0,6.483333333333333
MAH-06-00163,37254601,Team shots on target,Remates a puerta equipo,Curaçao 3 or more,3,3,Germany - Curaçao,EUR,2.3,2.34,2026-06-14 18:45:45,2026-06-14 18:46:33,False,string,68.0,,0.8
2143110,33890312,1-X-2 / 2 goals Up,1-X-2 / Ventaja 2 goles,2,3,3,Saudi Arabia - Uruguay,EUR,1.44,1.44,2026-06-15 15:53:26,2026-06-15 15:58:05,False,numeric,1.04,-0.013698630136986356,4.65
1772009,33890299,To score or assist (Star Substitute),Marcar gol o asistir (Suplente Estrella),Doku,3,3,Belgium - Egypt,EUR,1.96,1.96,2026-06-15 15:29:52,2026-06-15 18:49:59,False,numeric,5.84,0.003401360544217654,200.11666666666667
MAH-05-15273,33890291,To score or assist (Star Substitute),Marcar gol o asistir (Suplente Estrella),Vinícius,3,3,Brazil - Morocco,EUR,2.03,1.96,2026-06-11 18:54:24,2026-06-13 18:51:07,False,string,1.1600000000000001,-0.0016583747927031434,2876.7166666666667
2543161,33890298,1-X-2 / 2 goals Up,1-X-2 / Ventaja 2 goles,1,3,3,Iran - New Zealand,EUR,1.77,1.77,2026-06-15 18:33:38,2026-06-15 21:03:31,False,numeric,35.84,-0.02209944751381221,149.88333333333333
2298666,36971426,Team offsides,Fueras de juego equipo,Paraguay 3 or more,3,3,Turkey - Paraguay,PEN,2.03,2.03,2026-06-19 21:57:53,2026-06-19 23:01:51,False,numeric,0.5700000000000001,0.0,63.96666666666667
2538048,36966473,1-X-2 / 2 goals Up,1-X-2 / Ventaja 2 goles,1,3,3,Switzerland - Bosnia And Herzegovina,EUR,1.57,1.55,2026-06-18 15:18:50,2026-06-18 18:30:26,False,numeric,250.0,0.017429193899782147,191.6
MAH-01-04897,33890290,Team exact bookings (only players and in play),Número de tarjetas equipo (solo jugadores y en juego),Haiti 3 or more,3,3,Haiti - Scotland,EUR,2.22,2.22,2026-06-13 08:51:57,2026-06-13 18:11:38,False,string,23.380000000000003,0.06730769230769229,559.6833333333333
2391039,33890306,goal scorer (Star Substitute),Jugador en meter el 1º gol (Suplente Estrella),Havertz,3,3,Germany - Curaçao,EUR,3.55,3.55,2026-06-12 14:47:45,2026-06-12 14:49:21,False,numeric,3.8,-0.05835543766578255,1.6
1163563,36024492,1-X-2 / 2 goals Up,1-X-2 / Ventaja 2 goles,2,3,3,Australia - Turkey,EUR,1.7,1.69,2026-06-12 16:54:29,2026-06-14 01:54:32,False,numeric,28.43,0.009920634920634885,1980.05
MAH-11-07003,36024493,1-X-2 / 2 goals Up,1-X-2 / Ventaja 2 goles,1,3,3,Sweden - Tunisia,EUR,1.87,1.87,2026-06-11 13:21:18,2026-06-12 15:05:17,False,string,0.28,0.005376344086021501,1543.9833333333333
2305840,33890299,1-X-2 / 2 goals Up,1-X-2 / Ventaja 2 goles,1,3,3,Belgium - Egypt,EUR,1.61,1.61,2026-06-13 07:54:08,2026-06-13 07:56:07,False,numeric,2.66,0.06622516556291402,1.9833333333333334
MAH-19-39003,33890309,1-X-2 / 2 goals Up,1-X-2 / Ventaja 2 goles,1,3,4,Usa - Paraguay,EUR,2.06,2.09,2026-06-11 16:55:52,2026-06-12 17:24:15,False,string,1.51,0.0024630541871921707,1468.3833333333334
MAH-19-68001,33890309,1-X-2 / 2 goals Up,1-X-2 / Ventaja 2 goles,1,3,3,Usa - Paraguay,EUR,2.06,2.09,2026-06-12 18:32:16,2026-06-12 23:57:10,False,string,52.17,0.02463054187192119,324.9
2181784,37275587,1-X-2 / 2 goals Up,1-X-2 / Ventaja 2 goles,1,3,3,Malaga - Almeria,EUR,2.19,2.16,2026-06-14 16:40:09,2026-06-14 18:59:37,False,numeric,12.84,0.00694444444444442,139.46666666666667
1917693,36966480,1-X-2 / 2 goals Up,1-X-2 / Ventaja 2 goles,1,3,3,Usa - Australia,EUR,1.6,1.6,2026-06-19 16:44:54,2026-06-19 18:11:12,False,numeric,25.42,0.05010893246187368,86.3
1256949,33890304,1-X-2 / 2 goals Up,1-X-2 / Ventaja 2 goles,1,3,3,Netherlands - Japan,EUR,2.07,2.07,2026-06-14 14:16:46,2026-06-14 15:26:24,False,numeric,15.0,0.04020100502512558,69.63333333333334
MAH-10-02010,33890416,1-X-2 / 2 goals Up,1-X-2 / Ventaja 2 goles,1,3,3,France - Senegal,EUR,1.42,1.42,2026-06-13 13:43:42,2026-06-13 14:11:42,False,string,2.52,-0.04054054054054057,28.0
1469880,33890211,1-X-2 / 2 goals Up,1-X-2 / Ventaja 2 goles,1,3,3,Argentina - Algeria,EUR,1.4,1.4,2026-06-14 19:15:54,2026-06-15 21:12:30,False,numeric,0.36,-0.07894736842105265,1556.6
MAH-06-11001,33890291,1st half: Corners,1º tiempo: Corners,7 or more,3,3,Brazil - Morocco,EUR,5.3,5.3,2026-06-13 12:52:03,2026-06-13 13:40:20,False,string,1.13,0.0950413223140496,48.28333333333333
MAH-06-11001,36024492,1st half: Corners,1º tiempo: Corners,7 or more,3,3,Australia - Turkey,EUR,4.4,4.4,2026-06-13 12:52:03,2026-06-13 13:40:20,False,string,1.13,0.0,48.28333333333333
MAH-19-00602,36971426,Match goal kicks,Saques de puerta durante el partido,17 or more,3,3,Turkey - Paraguay,EUR,2.1,2.1,2026-06-17 12:08:44,2026-06-19 12:28:15,False,string,0.64,0.0,2899.516666666667
2600202,36966553,Match goal kicks,Saques de puerta durante el partido,17 or more,3,3,Germany - Ivory Coast,PEN,2.37,2.37,2026-06-17 14:21:13,2026-06-17 14:21:30,False,numeric,1350.0,0.0,0.2833333333333333
2624219,36966553,Match goal kicks,Saques de puerta durante el partido,17 or more,3,3,Germany - Ivory Coast,PEN,2.37,2.37,2026-06-17 14:21:23,2026-06-17 14:21:36,False,numeric,1500.0,0.0,0.21666666666666667
MAH-04-07767,37265483,Match corners,Corners durante el partido,12 or more,3,3,England - Croatia,EUR,4.25,4.25,2026-06-17 20:54:32,2026-06-17 20:55:48,True,string,50.0,,1.2666666666666666
1659139,33890305,Match corners,Corners durante el partido,8 or more,3,3,Ivory Coast - Ecuador,PEN,1.71,1.71,2026-06-14 22:58:31,2026-06-14 22:59:17,False,numeric,145.0,0.0,0.7666666666666667
430769,37254599,Team goal kicks,Saques de puerta equipo,Haiti 7 or more,3,3,Haiti - Scotland,EUR,1.42,1.86,2026-06-14 01:51:51,2026-06-14 02:22:07,False,numeric,3.0,,30.266666666666666
2402888,33890211,Team goal kicks,Saques de puerta equipo,Algeria 9 or more,3,3,Argentina - Algeria,PEN,2.21,2.21,2026-06-16 10:39:24,2026-06-16 10:39:37,False,numeric,180.0,0.5,0.21666666666666667
2206808,33890298,Team goal kicks,Saques de puerta equipo,New Zealand 7 or more,3,3,Iran - New Zealand,PEN,1.57,1.57,2026-06-15 05:36:58,2026-06-15 05:37:36,False,numeric,600.0,0.0,0.6333333333333333
1159129,36024480,Team goal kicks,Saques de puerta equipo,Czech Republic 8 or more,3,3,South Korea - Czech Republic,EUR,2.38,2.38,2026-06-11 18:49:31,2026-06-11 23:11:11,False,numeric,6.75,0.0021008403361345573,261.6666666666667
430769,37254596,Team goal kicks,Saques de puerta equipo,Senegal 4 or more,3,3,France - Senegal,EUR,1.67,1.5,2026-06-16 20:52:03,2026-06-16 20:54:31,False,numeric,27.0,,2.466666666666667
2402888,33890304,Team goal kicks,Saques de puerta equipo,Japan 8 or more,3,3,Netherlands - Japan,PEN,2.76,2.76,2026-06-14 03:56:54,2026-06-14 03:57:12,False,numeric,580.0,0.3731343283582089,0.3
430769,37254598,Team goal kicks,Saques de puerta equipo,Iraq 10 or more,3,3,Iraq - Norway,EUR,1.44,1.54,2026-06-16 23:45:49,2026-06-16 23:51:47,False,numeric,7.0,,5.966666666666667
MAH-02-01737,33890312,Team goal kicks,Saques de puerta equipo,Uruguay 7 or more,3,3,Saudi Arabia - Uruguay,EUR,2.51,2.51,2026-06-15 11:14:11,2026-06-15 11:15:18,False,string,174.10000000000002,0.0,1.1166666666666667
MAH-02-02330,33890210,Team goal kicks,Saques de puerta equipo,Jordan 11 or more,3,3,Austria - Jordan,EUR,2.41,2.11,2026-06-16 11:04:32,2026-06-16 11:07:31,False,string,253.6,0.14218009478673,2.9833333333333334
1260975,37275587,Team goal kicks,Saques de puerta equipo,Almeria 7 or more,3,3,Malaga - Almeria,EUR,1.47,1.47,2026-06-14 10:55:28,2026-06-14 15:54:54,False,numeric,1.22,0.0,299.43333333333334
MAH-03-24993,37183511,Anytime goalscorer (Star Substitute),Goleador durante el partido (Suplente Estrella),Harry Kane,3,3,England - Costa Rica,EUR,1.46,1.48,2026-06-09 17:29:56,2026-06-10 17:45:55,False,string,2.14,-0.06751054852320677,1455.9833333333333
2085566,33890291,goal scorer (Star Substitute),Jugador en meter el 1º gol (Suplente Estrella),Raphinha,3,3,Brazil - Morocco,EUR,6.55,6.55,2026-06-13 21:26:53,2026-06-13 21:27:05,False,numeric,300.0,0.0,0.2
TPV-03-24551,36966553,Home-side combo (bet builder),Alemania,"Germany win, Over 2.5 goals y Over 8.5 corners",3,3,Germany - Ivory Coast,EUR,2.85,3.02,2026-06-20 15:44:54,2026-06-20 18:54:43,False,string,18.33,-0.059259259259259234,189.81666666666666
MAH-04-07629,33890313,goal scorer (Star Substitute),Jugador en meter el 1º gol (Suplente Estrella),Oyarzabal,3,3,Spain - Cape Verde,EUR,3.72,3.72,2026-06-15 14:59:56,2026-06-15 15:00:21,False,string,60.0,-0.002680965147452974,0.4166666666666667
1640039,36966553,1st half: Team corners,1º tiempo: Corners equipo,Germany 4 or more,3,3,Germany - Ivory Coast,EUR,2.1,2.09,2026-06-20 07:29:12,2026-06-20 15:46:19,False,numeric,6.0200000000000005,-0.02480620155038756,497.1166666666667
MAH-19-20001,37183511,To score 2 or more goals (Star Substitute),Marcar 2 goles o más (Suplente Estrella),Harry Kane,3,3,England - Costa Rica,EUR,3.57,3.57,2026-06-10 18:37:43,2026-06-10 18:41:54,False,string,13.33,-0.011080332409972304,4.183333333333334
1545330,36966549,Home-side combo (bet builder),Países Bajos,Netherlands win y Both teams to score,3,3,Netherlands - Sweden,EUR,3.4,3.01,2026-06-19 20:46:25,2026-06-20 15:10:53,False,numeric,60.0,0.02950819672131148,1104.4666666666667
MAH-03-27831,33890444,Home-side combo (bet builder),Inglaterra,"England win, Over 8.5 corners y Harry Kane 4 or more shots",3,3,England - Croatia,EUR,4.17,4.17,2026-06-16 09:19:54,2026-06-16 09:21:41,False,string,0.5700000000000001,-0.04137931034482756,1.7833333333333334
MAH-05-15243,33890211,Match corners,Corners durante el partido,9 or more,3,3,Argentina - Algeria,EUR,1.91,1.91,2026-06-16 18:25:02,2026-06-16 18:25:52,False,string,9.99,-0.06372549019607854,0.8333333333333334
931196,33890313,Team completed passes,Pases completados equipo,Spain 700 or more,3,3,Spain - Cape Verde,EUR,3.17,3.17,2026-06-15 13:51:54,2026-06-15 15:00:33,False,numeric,215.0,-0.015527950310559091,68.65
MAH-11-11003,37265484,To be carded (only players and in play)(Star Substitute),Recibir tarjeta (sólo jugadores y en juego) (Suplente Estrella),Samuel Moutoussamy,3,3,Portugal - Democratic Republic of the Congo,EUR,5.2,5.3,2026-06-17 17:41:34,2026-06-17 17:43:04,False,string,144.0,,1.5
MAH-03-27777,33890304,Saves (Star Substitute),Paradas Zion Suzuki (Suplente Estrella),3 or more,3,3,Netherlands - Japan,EUR,1.54,1.54,2026-06-13 19:01:04,2026-06-13 19:01:27,False,string,3.75,-0.006451612903225823,0.38333333333333336
MAH-03-27777,36024492,Saves (Star Substitute),Paradas Mathew Ryan (Suplente Estrella),3 or more,3,3,Australia - Turkey,EUR,1.41,1.41,2026-06-13 19:01:04,2026-06-13 19:01:27,False,string,3.75,-0.03424657534246578,0.38333333333333336
MAH-03-27777,33890259,Saves (Star Substitute),Paradas Mahmud Abunada (Suplente Estrella),4 or more,3,3,Qatar - Switzerland,EUR,1.84,1.84,2026-06-13 19:01:04,2026-06-13 19:01:27,False,string,3.75,-0.03157894736842093,0.38333333333333336
MAH-03-24093,36024492,Team exact bookings (only players and in play),Número de tarjetas equipo (solo jugadores y en juego),Turkey 1 or more,3,3,Australia - Turkey,EUR,1.14,1.14,2026-06-13 20:33:38,2026-06-13 20:34:17,False,string,114.28999999999999,0.0,0.65
MAH-05-15314,33890211,Shots on target (Star Substitute),Remates a puerta Riyad Mahrez (Suplente Estrella),2 or more,3,3,Argentina - Algeria,EUR,6.3,6.3,2026-06-16 18:11:21,2026-06-16 18:12:04,False,string,0.75,0.0,0.7166666666666667
MAH-06-00030,33890313,Match penalty scored,Gol de penalti durante el partido,Yes,3,3,Spain - Cape Verde,EUR,2.17,2.73,2026-06-15 11:25:53,2026-06-15 13:47:10,False,string,0.8400000000000001,-0.19292237442922378,141.28333333333333
2214574,37254592,To be booked (only players and in play)(Star Substitute),Recibir tarjeta amarilla (sólo jugadores y en juego) (Suplente Estrella),Willy Semedo,3,3,Spain - Cape Verde,EUR,11.05,12.0,2026-06-15 17:31:56,2026-06-15 17:39:41,False,numeric,93.0,,7.75
MAH-01-01560,33890444,Anytime goalscorer (Star Substitute),Goleador durante el partido (Suplente Estrella),Ollie Watkins,3,3,England - Croatia,EUR,2.5,2.5,2026-06-16 10:10:40,2026-06-17 09:34:39,False,string,1.04,0.0,1403.9833333333333
1453644,36024518,1-X-2 / 2 goals Up,1-X-2 / Ventaja 2 goles,2,3,3,Iraq - Norway,EUR,1.2,1.18,2026-06-15 09:14:00,2026-06-16 19:37:53,False,numeric,1.04,-0.011111111111111146,2063.883333333333
1878896,36024518,Away-side combo (bet builder),Noruega,Norway win y Sorloth to score,3,3,Iraq - Norway,EUR,2.21,2.21,2026-06-16 18:44:54,2026-06-16 18:49:58,False,numeric,3.25,-0.013392857142857206,5.066666666666666
MAH-01-13473,36024518,To score 2 or more goals (Star Substitute),Marcar 2 goles o más (Suplente Estrella),Haaland,3,3,Iraq - Norway,EUR,2.9,2.9,2026-06-15 07:46:12,2026-06-16 08:48:09,False,string,0.6100000000000001,-0.006849315068493178,1501.95
MAH-05-15112,33890416,Match corners,Corners durante el partido,11 or more,3,3,France - Senegal,EUR,2.47,2.07,2026-06-16 15:02:19,2026-06-16 17:50:27,False,string,1.02,0.04920634920634911,168.13333333333333
2241279,33890259,Shots on target (Star Substitute),Remates a puerta Breel Embolo (Suplente Estrella),2 or more,3,3,Qatar - Switzerland,EUR,1.83,1.83,2026-06-13 18:11:14,2026-06-13 18:13:53,False,numeric,11.66,0.028089887640449396,2.65
MAH-04-07776,36024491,Shots on target (Star Substitute),Remates a puerta Jonathan David (Suplente Estrella),1 or more,3,3,Canada - Bosnia And Herzegovina,EUR,1.35,1.35,2026-06-12 16:25:32,2026-06-12 16:32:48,False,string,2.45,0.0,7.266666666666667
1639909,33890444,To Score a Header (Star Substitute),Marcar gol con la cabeza (Suplente Estrella),Harry Kane,3,3,England - Croatia,EUR,7.25,7.05,2026-06-17 15:10:35,2026-06-17 15:24:29,False,numeric,6.67,0.023980815347721746,13.9
MAH-01-01634,37238914,First to score for their team (Star Substitute),Jugador en meter el 1º gol del equipo (Suplente Estrella),David Larrubia,3,3,Malaga - Las Palmas,EUR,5.9,5.4,2026-06-08 14:36:14,2026-06-10 17:28:55,False,string,1.75,0.0660377358490567,3052.6833333333334
2362510,36966480,goal scorer (Star Substitute),Jugador en meter el 1º gol (Suplente Estrella),Balogun,3,3,Usa - Australia,EUR,4.38,4.38,2026-06-19 18:51:27,2026-06-19 18:51:49,False,numeric,60.0,0.030588235294117583,0.36666666666666664
MAH-04-07629,33890238,goal scorer (Star Substitute),Jugador en meter el 1º gol (Suplente Estrella),Raúl Jiménez,3,3,Mexico - South Africa,EUR,4.48,4.48,2026-06-11 18:58:06,2026-06-11 18:58:59,False,string,50.0,0.0,0.8833333333333333
MAH-03-24591,33890299,goal scorer (Star Substitute),Jugador en meter el 1º gol (Suplente Estrella),Doku,3,3,Belgium - Egypt,EUR,7.0,7.0,2026-06-15 14:09:43,2026-06-15 14:10:09,False,string,8.0,-0.04761904761904756,0.43333333333333335
MAH-03-24591,33890313,goal scorer (Star Substitute),Jugador en meter el 1º gol (Suplente Estrella),Oyarzabal,3,3,Spain - Cape Verde,EUR,3.52,3.52,2026-06-15 14:09:43,2026-06-15 14:10:09,False,string,8.0,-0.05630026809651478,0.43333333333333335
MAH-11-04001,36966480,1-X-2 / 2 goals Up,1-X-2 / Ventaja 2 goles,1,3,3,Usa - Australia,EUR,1.6,1.61,2026-06-18 11:40:27,2026-06-19 15:58:46,False,string,7.78,0.045751633986928164,1698.3166666666666
MAH-01-00388,37238914,1-X-2 / 2 goals Up,1-X-2 / Ventaja 2 goles,1,3,3,Malaga - Las Palmas,EUR,2.19,2.19,2026-06-09 16:03:44,2026-06-09 16:05:47,False,string,250.0,0.10606060606060597,2.05
1768913,36024480,1-X-2 / 2 goals Up,1-X-2 / Ventaja 2 goles,2,3,3,South Korea - Czech Republic,EUR,2.87,2.87,2026-06-11 20:42:56,2026-06-11 21:23:25,False,numeric,0.54,-0.010344827586206806,40.483333333333334
MAH-05-15081,33890220,To score or assist (Star Substitute),Marcar gol o asistir (Suplente Estrella),Luis Diaz,3,3,Uzbekistan - Colombia,EUR,1.68,1.68,2026-06-17 10:22:45,2026-06-17 10:29:21,False,string,1.1300000000000001,0.0181818181818183,6.6
MAH-01-05186,33890299,Match,Partido,Both teams not to score y Kevin De Bruyne to score,3,3,Belgium - Egypt,EUR,8.21,8.21,2026-06-15 15:26:23,2026-06-15 15:27:05,False,string,0.99,0.0,0.7
2336805,33890210,Match,Partido,Over 2.5 goals y Over 7.5 corners,3,3,Austria - Jordan,EUR,2.36,2.38,2026-06-17 00:41:12,2026-06-17 03:20:21,False,numeric,1.24,-0.001400560224089557,159.15
MAH-11-04007,33890220,Match,Partido,Over 2.5 goals y Over 7.5 corners,3,3,Uzbekistan - Colombia,EUR,2.74,2.74,2026-06-17 17:07:23,2026-06-17 17:11:52,False,string,0.56,-0.02142857142857124,4.483333333333333
MAH-19-20001,37233846,Fouls (Star Substitute),Faltas Cristiano Ronaldo (Suplente Estrella),2 or more,3,3,Portugal - Nigeria,EUR,3.92,3.92,2026-06-10 18:29:57,2026-06-10 18:32:22,False,string,20.0,-0.0025445292620865922,2.4166666666666665
2186169,37238914,Fouls (Star Substitute),Faltas Lorenzo Amatucci (Suplente Estrella),1 or more,3,3,Malaga - Las Palmas,,1.16,1.16,2026-06-09 16:13:10,2026-06-09 16:13:31,False,numeric,13.149999999999999,0.0,0.35
2051451,37238914,Fouls (Star Substitute),Faltas Izan Merino (Suplente Estrella),2 or more,3,3,Malaga - Las Palmas,PEN,3.17,3.12,2026-06-10 03:12:58,2026-06-10 16:37:30,False,numeric,12.5,0.002129925452609186,804.5333333333333
2450330,37275587,Fouls (Star Substitute),Faltas Izan Merino (Suplente Estrella),2 or more,3,3,Malaga - Almeria,EUR,3.38,3.38,2026-06-14 03:08:45,2026-06-14 16:08:40,False,numeric,9.96,0.01501501501501501,779.9166666666666
MAH-06-00353,37238914,Fouls (Star Substitute),Faltas Izan Merino (Suplente Estrella),3 or more,3,3,Malaga - Las Palmas,EUR,8.0,8.0,2026-06-10 14:42:12,2026-06-10 14:46:33,False,string,49.33,-0.030303030303030276,4.35
2184411,33890306,Tackles (Star Substitute),Entradas ganadas (tackles) Sherel Floranus (Suplente Estrella),3 or more,3,3,Germany - Curaçao,EUR,2.49,2.48,2026-06-14 16:01:40,2026-06-14 16:20:51,True,numeric,227.0,-0.004016064257028162,19.183333333333334
1165998,36966480,Saves (Star Substitute),Paradas Matthew Freese (Suplente Estrella),4 or more,3,3,Usa - Australia,EUR,2.62,2.62,2026-06-19 18:41:45,2026-06-19 18:59:41,False,numeric,40.0,0.0,17.933333333333334
MAH-03-24545,36024492,Saves (Star Substitute),Paradas Mathew Ryan (Suplente Estrella),3 or more,3,3,Australia - Turkey,EUR,1.41,1.41,2026-06-13 15:31:48,2026-06-13 15:32:49,False,string,0.75,-0.03424657534246578,1.0166666666666666
MAH-05-15273,37275587,To score or assist (Star Substitute),Marcar gol o asistir (Suplente Estrella),Sergio Arribas,3,3,Malaga - Almeria,EUR,2.15,2.16,2026-06-12 18:14:16,2026-06-13 18:58:17,False,string,1.05,-0.047832585949177865,1484.0166666666667
MAH-05-15273,33890259,To score or assist (Star Substitute),Marcar gol o asistir (Suplente Estrella),Xhaka,3,3,Qatar - Switzerland,EUR,2.17,2.3,2026-06-11 18:42:58,2026-06-13 18:51:07,False,string,1.15,0.013513513513513339,2888.15
2210424,33890299,To score or assist (Star Substitute),Marcar gol o asistir (Suplente Estrella),Doku,3,3,Belgium - Egypt,EUR,1.96,1.96,2026-06-15 15:35:23,2026-06-15 15:42:18,False,numeric,15.0,0.0,6.916666666666667
MAH-11-10007,33890299,Match,Partido,Over 1.5 half time goals y Over 1.5 second half goals,3,3,Belgium - Egypt,EUR,5.21,5.21,2026-06-15 15:47:32,2026-06-15 15:48:33,False,string,7.5,0.0,1.0166666666666666
MAH-11-07003,36024491,To score or assist (Star Substitute),Marcar gol o asistir (Suplente Estrella),Jonathan David,3,3,Canada - Bosnia And Herzegovina,EUR,1.93,1.93,2026-06-12 15:17:11,2026-06-12 15:29:33,False,string,0.26,-0.01025641025641022,12.366666666666667
MAH-11-07003,33890291,To score or assist (Star Substitute),Marcar gol o asistir (Suplente Estrella),Raphinha,3,3,Brazil - Morocco,EUR,2.0,1.93,2026-06-12 15:29:11,2026-06-13 14:12:23,False,string,5.18,0.013675213675213774,1363.2
1959150,33890313,To score or assist (Star Substitute),Marcar gol o asistir (Suplente Estrella),Lamine Yamal,3,3,Spain - Cape Verde,PEN,1.32,1.32,2026-06-14 18:52:47,2026-06-14 22:50:42,False,numeric,0.41000000000000003,0.03125,237.91666666666666
MAH-21-14001,36024520,To score or assist (Star Substitute),Marcar gol o asistir (Suplente Estrella),Bruno Fernandes,3,3,Portugal - Democratic Republic of the Congo,EUR,1.73,1.73,2026-06-17 16:02:55,2026-06-17 16:14:00,False,string,29.17,-0.005747126436781658,11.083333333333334
MAH-01-13473,36024520,To score 2 or more goals (Star Substitute),Marcar 2 goles o más (Suplente Estrella),Cristiano Ronaldo,3,3,Portugal - Democratic Republic of the Congo,EUR,4.55,4.55,2026-06-15 07:46:12,2026-06-17 10:36:33,False,string,1.34,-0.07960199004975133,3050.35
1467011,33890290,To score 2 or more goals (Star Substitute),Marcar 2 goles o más (Suplente Estrella),McTominay,3,3,Haiti - Scotland,EUR,11.1,11.1,2026-06-13 21:16:09,2026-06-13 21:16:28,False,numeric,1.5,0.009090909090909038,0.31666666666666665
MAH-04-07767,33890220,To score 2 or more goals (Star Substitute),Marcar 2 goles o más (Suplente Estrella),Luis Suárez,3,3,Uzbekistan - Colombia,EUR,8.05,8.05,2026-06-18 00:55:50,2026-06-18 01:03:13,True,string,57.5,0.06622516556291402,7.383333333333334
2157361,33890313,To score 2 or more goals (Star Substitute),Marcar 2 goles o más (Suplente Estrella),Ferran,3,3,Spain - Cape Verde,EUR,4.29,5.05,2026-06-12 23:27:50,2026-06-15 15:50:08,False,numeric,2.16,-0.0838283828382838,3862.3
1682945,33890444,To score 2 or more goals (Star Substitute),Marcar 2 goles o más (Suplente Estrella),Harry Kane,3,3,England - Croatia,EUR,7.25,7.45,2026-06-17 00:55:09,2026-06-17 19:21:10,False,numeric,0.5700000000000001,0.01379310344827589,1106.0166666666667
1252364,36024520,To score 2 or more goals (Star Substitute),Marcar 2 goles o más (Suplente Estrella),Cristiano Ronaldo,3,3,Portugal - Democratic Republic of the Congo,EUR,3.87,4.68,2026-06-16 09:46:40,2026-06-17 11:45:53,False,numeric,30.0,-0.05970149253731357,1559.2166666666667
1361572,36966469,To score 2 or more goals (Star Substitute),Marcar 2 goles o más (Suplente Estrella),Patrik Schick,3,5,Czech Republic - South Africa,EUR,9.85,9.85,2026-06-18 14:08:36,2026-06-18 14:09:28,True,numeric,0.55,0.02604166666666674,0.8666666666666667
MAH-19-20001,37233846,To score 2 or more goals (Star Substitute),Marcar 2 goles o más (Suplente Estrella),Osimhen,3,3,Portugal - Nigeria,EUR,11.05,11.05,2026-06-10 18:36:27,2026-06-10 18:40:42,False,string,11.66,0.0,4.25
1361572,36966473,To score 2 or more goals (Star Substitute),Marcar 2 goles o más (Suplente Estrella),Breel Embolo,3,5,Switzerland - Bosnia And Herzegovina,EUR,7.35,7.35,2026-06-18 14:08:36,2026-06-18 14:09:28,True,numeric,0.55,0.0,0.8666666666666667
1588759,33890306,Home-side combo (bet builder),Alemania,"Germany win, Over 2.5 goals y Over 10.5 corners",3,3,Germany - Curaçao,EUR,2.52,2.38,2026-06-14 13:46:51,2026-06-14 15:47:45,False,numeric,2.83,0.08479532163742702,120.9
1405102,36966485,Home-side combo (bet builder),Brasil,Brazil win y A goal in both halves,3,3,Brazil - Haiti,EUR,1.44,1.44,2026-06-17 23:02:26,2026-06-19 05:52:04,False,numeric,2.3899999999999997,-0.006896551724137945,1849.6333333333334
MAH-01-48095,33890210,Home-side combo (bet builder),Austria,Austria win y A goal in both halves,3,3,Austria - Jordan,EUR,1.96,1.96,2026-06-16 18:40:50,2026-06-16 18:46:00,False,string,2.45,-0.005076142131979711,5.166666666666667
MAH-01-48963,36966480,Home-side combo (bet builder),Estados Unidos,Usa win y A goal in both halves,3,3,Usa - Australia,EUR,2.54,2.54,2026-06-19 11:21:56,2026-06-19 11:37:08,False,string,0.75,-0.052238805970149294,15.2
1642930,33890313,Player to score in 1st half,Jugador en meter gol en el 1º tiempo,Ferran,3,3,Spain - Cape Verde,EUR,2.95,2.95,2026-06-15 15:21:40,2026-06-15 15:22:46,False,numeric,27.08,-0.032786885245901565,1.1
MAH-01-51281,33890305,Player to score in 1st half,Jugador en meter gol en el 1º tiempo,Yan Diomande,3,3,Ivory Coast - Ecuador,EUR,11.0,11.0,2026-06-14 11:22:25,2026-06-14 11:24:23,False,string,2.0,0.0,1.9666666666666666
MAH-01-51281,33890259,Player to score in 1st half,Jugador en meter gol en el 1º tiempo,Dan Ndoye,3,5,Qatar - Switzerland,EUR,5.1,5.0,2026-06-13 17:59:01,2026-06-13 18:01:20,True,string,2.63,-0.019607843137254832,2.316666666666667
1639909,36971426,Player to Score Free-Kick,Marcar gol de falta directa,Arda Güler,3,3,Turkey - Paraguay,EUR,31.0,31.0,2026-06-19 15:11:43,2026-06-19 21:09:57,False,numeric,4.59,0.0,358.23333333333335
2295552,36966553,Team corners,Corners equipo,Germany 6 or more,3,3,Germany - Ivory Coast,EUR,1.81,1.71,2026-06-17 11:44:43,2026-06-20 02:49:08,False,numeric,0.35,0.08281573498964796,3784.4166666666665
MAH-02-02229,36024480,Team corners,Corners equipo,Czech Republic 4 or more,3,3,South Korea - Czech Republic,EUR,1.61,1.61,2026-06-11 20:25:54,2026-06-11 20:42:53,False,string,9.0,-0.06936416184971095,16.983333333333334
MAH-01-05262,33890313,Team corners,Corners equipo,Spain 8 or more,3,3,Spain - Cape Verde,EUR,1.6,1.6,2026-06-14 13:30:01,2026-06-14 13:31:36,False,string,1.24,-0.006211180124223614,1.5833333333333333
2249726,33890259,Team corners,Corners equipo,Qatar 4 or more,3,3,Qatar - Switzerland,EUR,2.92,2.92,2026-06-13 11:56:13,2026-06-13 11:58:48,False,numeric,341.1,-0.0363036303630363,2.5833333333333335
2263527,36024492,Team corners,Corners equipo,Australia 3 or more,3,3,Australia - Turkey,EUR,1.31,1.31,2026-06-11 19:09:03,2026-06-13 01:03:14,False,numeric,0.27,-0.1573498964803313,1794.1833333333334
MAH-01-00260,36024518,Team corners,Corners equipo,Iraq 5 or more,3,3,Iraq - Norway,EUR,6.6,6.6,2026-06-16 13:44:25,2026-06-16 13:45:21,False,string,0.99,-0.13725490196078438,0.9333333333333333
MAH-08-10001,37275587,Team corners,Corners equipo,Almeria 4 or more,3,3,Malaga - Almeria,EUR,1.48,1.48,2026-06-14 18:11:57,2026-06-14 18:13:13,False,string,25.25,-0.019867549668874163,1.2666666666666666
MAH-23-01902,33890298,Team corners,Corners equipo,New Zealand 4 or more,3,3,Iran - New Zealand,PEN,2.03,2.03,2026-06-15 14:55:06,2026-06-15 18:03:36,False,string,2.42,-0.01456310679611661,188.5
MAH-23-01902,33890312,Team corners,Corners equipo,Saudi Arabia 4 or more,3,3,Saudi Arabia - Uruguay,PEN,2.44,2.28,2026-06-15 14:55:06,2026-06-15 18:03:36,False,string,2.42,-0.10600255427841639,188.5
MAH-06-24001,36024520,Team corners,Corners equipo,Portugal 6 or more,3,3,Portugal - Democratic Republic of the Congo,EUR,1.48,1.51,2026-06-17 15:34:12,2026-06-17 16:11:26,False,string,5.31,0.0044742729306488,37.233333333333334
MAH-19-77001,36966473,Team corners,Corners equipo,Bosnia And Herzegovina 3 or more,3,3,Switzerland - Bosnia And Herzegovina,EUR,1.61,1.61,2026-06-17 14:37:26,2026-06-17 19:18:16,False,string,1.28,0.06622516556291402,280.8333333333333
MAH-11-14006,36966486,Team corners,Corners equipo,Morocco 4 or more,3,6,Scotland - Morocco,EUR,1.35,1.35,2026-06-19 10:48:56,2026-06-19 10:49:50,False,string,0.12,0.0,0.9
MAH-11-14006,36966549,Team corners,Corners equipo,Sweden 3 or more,3,6,Netherlands - Sweden,EUR,1.3,1.3,2026-06-19 10:48:56,2026-06-19 10:49:50,False,string,0.12,0.07438016528925617,0.9
MAH-11-14006,36966553,Team corners,Corners equipo,Ivory Coast 3 or more,3,6,Germany - Ivory Coast,EUR,1.3,1.3,2026-06-19 10:48:56,2026-06-19 10:49:50,False,string,0.12,0.0,0.9
MAH-03-24288,36966473,Team corners,Corners equipo,Bosnia And Herzegovina 3 or more,3,3,Switzerland - Bosnia And Herzegovina,EUR,1.56,1.56,2026-06-16 17:33:59,2026-06-16 17:36:10,False,string,0.30000000000000004,0.0331125827814569,2.183333333333333
2263527,33890290,Team corners,Corners equipo,Haiti 3 or more,3,3,Haiti - Scotland,EUR,1.52,1.41,2026-06-11 19:09:03,2026-06-13 01:03:14,False,numeric,0.27,0.1128205128205128,1794.1833333333334
MAH-11-14006,33890309,Team corners,Corners equipo,Paraguay 3 or more,3,3,Usa - Paraguay,EUR,1.34,1.34,2026-06-10 19:30:00,2026-06-10 19:49:47,False,string,0.17,0.1166666666666667,19.783333333333335
MAH-03-27777,33890306,Team corners,Corners equipo,Germany 9 or more,3,3,Germany - Curaçao,EUR,1.76,1.76,2026-06-13 19:01:04,2026-06-13 19:01:27,False,string,3.75,0.029239766081871288,0.38333333333333336
469581,37183511,Team corners,Corners equipo,England 6 or more,3,3,England - Costa Rica,EUR,1.4,1.4,2026-06-10 17:30:52,2026-06-10 17:33:04,False,numeric,9.0,0.0,2.2
2295552,37233846,Team corners,Corners equipo,Portugal 8 or more,3,3,Portugal - Nigeria,EUR,2.12,2.12,2026-06-10 17:47:04,2026-06-10 18:03:32,False,numeric,1.23,0.0,16.466666666666665
MAH-04-08166,36024480,Team corners,Corners equipo,South Korea 6 or more,3,3,South Korea - Czech Republic,EUR,2.39,2.39,2026-06-11 22:49:57,2026-06-11 22:50:54,False,string,16.67,0.004201680672269115,0.95
2052926,33890290,Team corners,Corners equipo,Scotland 7 or more,3,3,Haiti - Scotland,EUR,2.11,2.11,2026-06-13 21:18:55,2026-06-13 21:20:06,False,numeric,36.67,0.05499999999999994,1.1833333333333333
MAH-03-27831,33890416,Home-side combo (bet builder),Francia,"France win, Over 2.5 goals y Mbappe to score",3,3,France - Senegal,EUR,2.92,2.92,2026-06-16 09:19:54,2026-06-16 09:21:41,False,string,0.5700000000000001,-0.013513513513513487,1.7833333333333334
1987554,36971426,1-X-2 / 2 goals Up,1-X-2 / Ventaja 2 goles,1,3,3,Turkey - Paraguay,EUR,1.96,1.99,2026-06-20 02:33:03,2026-06-20 02:35:04,False,numeric,279.0,-0.03414634146341455,2.0166666666666666
1412746,36966549,1-X-2 / 2 goals Up,1-X-2 / Ventaja 2 goles,1,3,3,Netherlands - Sweden,EUR,1.71,1.71,2026-06-19 14:12:45,2026-06-20 07:16:51,False,numeric,47.8,0.03193612774451101,1024.1
2144368,33890291,1-X-2 / 2 goals Up,1-X-2 / Ventaja 2 goles,2,3,3,Brazil - Morocco,EUR,5.15,5.15,2026-06-13 21:47:42,2026-06-13 21:56:01,False,numeric,75.0,0.0,8.316666666666666
MAH-10-38001,33890290,1-X-2 / 2 goals Up,1-X-2 / Ventaja 2 goles,2,3,3,Haiti - Scotland,EUR,1.51,1.51,2026-06-13 17:44:26,2026-06-13 21:13:18,False,string,28.619999999999997,-0.03821656050955413,208.86666666666667
MAH-10-38001,36024492,1-X-2 / 2 goals Up,1-X-2 / Ventaja 2 goles,2,3,3,Australia - Turkey,EUR,1.67,1.67,2026-06-13 17:44:26,2026-06-13 21:13:18,False,string,28.619999999999997,-0.005952380952380931,208.86666666666667
2138976,36024492,1-X-2 / 2 goals Up,1-X-2 / Ventaja 2 goles,2,3,3,Australia - Turkey,EUR,1.7,1.7,2026-06-11 05:57:00,2026-06-13 21:34:12,False,numeric,59.57,0.007936507936507908,3817.2
1856719,33890304,1-X-2 / 2 goals Up,1-X-2 / Ventaja 2 goles,1,3,3,Netherlands - Japan,EUR,1.99,2.03,2026-06-09 21:57:07,2026-06-14 08:31:29,False,numeric,67.23,0.011725293132328249,6394.366666666667
1608230,36024493,1-X-2 / 2 goals Up,1-X-2 / Ventaja 2 goles,1,3,3,Sweden - Tunisia,EUR,1.94,1.94,2026-06-14 20:57:22,2026-06-14 22:21:19,False,numeric,1.25,0.037634408602150504,83.95
MAH-10-02010,33890299,1-X-2 / 2 goals Up,1-X-2 / Ventaja 2 goles,1,3,3,Belgium - Egypt,EUR,1.6,1.6,2026-06-13 13:43:42,2026-06-13 14:11:42,False,string,2.52,0.0596026490066226,28.0
2271579,33890299,1-X-2 / 2 goals Up,1-X-2 / Ventaja 2 goles,2,3,3,Belgium - Egypt,PEN,5.5,5.95,2026-06-15 17:27:20,2026-06-15 18:44:54,False,numeric,46.95,-0.050420168067226934,77.56666666666666
2509214,33890312,1-X-2 / 2 goals Up,1-X-2 / Ventaja 2 goles,2,3,3,Saudi Arabia - Uruguay,EUR,1.46,1.46,2026-06-15 12:37:09,2026-06-15 21:02:41,False,numeric,47.38,-0.01141552511415526,505.53333333333336
MAH-21-14001,33890238,1-X-2 / 2 goals Up,1-X-2 / Ventaja 2 goles,1,3,3,Mexico - South Africa,EUR,1.4,1.42,2026-06-08 13:17:58,2026-06-11 10:22:01,False,string,31.49,0.014388489208633079,4144.05
2556637,33890290,1-X-2 / 2 goals Up,1-X-2 / Ventaja 2 goles,2,3,3,Haiti - Scotland,EUR,1.54,1.5,2026-06-13 16:07:32,2026-06-14 00:05:27,False,numeric,9.43,-0.027600849256900206,477.9166666666667
MAH-02-01952,33890304,1-X-2 / 2 goals Up,1-X-2 / Ventaja 2 goles,1,3,3,Netherlands - Japan,EUR,1.99,1.99,2026-06-10 07:12:17,2026-06-10 07:12:58,False,string,2.39,0.0,0.6833333333333333
2632023,36024518,1-X-2 / 2 goals Up,1-X-2 / Ventaja 2 goles,2,3,3,Iraq - Norway,EUR,1.21,1.21,2026-06-16 15:45:10,2026-06-16 15:51:42,False,numeric,32.78,0.008333333333333304,6.533333333333333
MAH-11-09006,36024520,1-X-2 / 2 goals Up,1-X-2 / Ventaja 2 goles,1,3,3,Portugal - Democratic Republic of the Congo,EUR,1.27,1.27,2026-06-16 21:08:06,2026-06-16 21:09:06,False,string,2250.0,0.007936507936507908,1.0
2632023,36024520,1-X-2 / 2 goals Up,1-X-2 / Ventaja 2 goles,1,3,3,Portugal - Democratic Republic of the Congo,EUR,1.3,1.3,2026-06-16 15:45:10,2026-06-16 15:51:42,False,numeric,32.78,0.031746031746031855,6.533333333333333
1856916,36966472,1st half: Shots on target,1º tiempo: Remates a puerta,5 or more,3,3,Canada - Qatar,PEN,1.88,1.8,2026-06-16 01:42:55,2026-06-17 18:58:34,False,numeric,1.3199999999999998,0.02777777777777768,2475.65
1856916,36966473,1st half: Shots on target,1º tiempo: Remates a puerta,4 or more,3,3,Switzerland - Bosnia And Herzegovina,PEN,1.4,1.49,2026-06-16 01:42:55,2026-06-17 18:58:34,False,numeric,1.32,0.05474452554744513,2475.65
MAH-11-09018,33890290,1st half: Shots on target,1º tiempo: Remates a puerta,6 or more,3,3,Haiti - Scotland,EUR,2.48,2.48,2026-06-13 00:29:06,2026-06-13 21:47:54,False,string,7.33,0.07459677419354838,1278.8
1179339,33890416,Match shots,Remates durante el partido,24 or more,3,3,France - Senegal,EUR,1.39,1.39,2026-06-15 21:48:15,2026-06-16 11:10:06,False,numeric,4.48,-0.054421768707483054,801.85
430769,37254601,Match shots,Remates durante el partido,36 or more,3,3,Germany - Curaçao,EUR,1.87,2.05,2026-06-14 17:17:36,2026-06-14 17:32:00,True,numeric,3.0,,14.4
MAH-01-05234,37311599,Match corners,Corners durante el partido,11 or more,3,3,St Patricks - Sligo Rovers,EUR,1.69,1.69,2026-06-19 17:24:52,2026-06-19 17:26:49,False,string,1.0,-0.023121387283236983,1.95
MAH-11-08002,37265893,Match corners,Corners durante el partido,9 or more,3,3,Athletic Club SJDR MG - Goias,EUR,1.4,1.4,2026-06-13 09:23:01,2026-06-13 09:30:00,False,string,2.38,0.0,6.983333333333333
2394434,36966549,Match corners,Corners durante el partido,11 or more,3,3,Netherlands - Sweden,EUR,2.51,2.51,2026-06-20 16:06:03,2026-06-20 16:07:43,False,numeric,0.51,0.0040000000000000036,1.6666666666666667
2394434,36966553,Match corners,Corners durante el partido,11 or more,3,3,Germany - Ivory Coast,EUR,2.47,2.47,2026-06-20 16:06:03,2026-06-20 16:07:43,False,numeric,0.51,0.1227272727272728,1.6666666666666667
MAH-03-03835,37183511,Match corners,Corners durante el partido,8 or more,3,3,England - Costa Rica,EUR,1.47,1.47,2026-06-09 17:22:32,2026-06-09 17:24:28,False,string,0.72,0.027972027972027913,1.9333333333333333
MAH-11-08002,37265890,Match corners,Corners durante el partido,9 or more,3,3,Sao Bernardo FC SP - Sport Recife,EUR,1.4,1.4,2026-06-13 09:23:01,2026-06-13 09:30:00,False,string,2.38,0.0,6.983333333333333
MAH-11-08002,37265894,Match corners,Corners durante el partido,9 or more,3,3,Cuiaba Esporte Clube MT - Vila Nova Go,EUR,1.5,1.5,2026-06-13 09:23:01,2026-06-13 09:30:00,False,string,2.38,0.0,6.983333333333333
MAH-08-37003,36024520,Match,Partido,Over 2.5 goals y Cristiano Ronaldo to score,3,3,Portugal - Democratic Republic of the Congo,EUR,2.24,2.13,2026-06-16 09:26:48,2026-06-17 10:49:59,False,string,1.1,-0.035087719298245536,1523.1833333333334
MAH-01-49802,33890306,Match,Partido,Over 1.5 half time goals y Over 1.5 second half goals,3,3,Germany - Curaçao,EUR,2.13,2.13,2026-06-14 15:03:05,2026-06-14 15:04:54,False,string,10.0,0.0,1.8166666666666667
1453644,33890291,1-X-2 / 2 goals Up,1-X-2 / Ventaja 2 goles,1,3,3,Brazil - Morocco,EUR,1.65,1.63,2026-06-10 17:43:44,2026-06-13 21:12:24,False,numeric,1.42,3.700743415417188e-17,4528.666666666667
1638633,33890290,1-X-2 / 2 goals Up,1-X-2 / Ventaja 2 goles,2,3,3,Haiti - Scotland,PEN,1.54,1.54,2026-06-13 18:25:59,2026-06-13 22:03:57,False,numeric,5.83,-0.019108280254777066,217.96666666666667
2186138,33890312,1-X-2 / 2 goals Up,1-X-2 / Ventaja 2 goles,2,3,3,Saudi Arabia - Uruguay,EUR,1.44,1.44,2026-06-15 13:34:18,2026-06-15 21:43:41,False,numeric,31.67,-0.013698630136986356,489.3833333333333
MAH-01-01350,33890259,1-X-2 / 2 goals Up,1-X-2 / Ventaja 2 goles,2,3,3,Qatar - Switzerland,EUR,1.19,1.2,2026-06-13 15:12:12,2026-06-13 15:25:23,False,string,6.0,0.02279202279202286,13.183333333333334
MAH-19-39002,33890211,1-X-2 / 2 goals Up,1-X-2 / Ventaja 2 goles,1,3,3,Argentina - Algeria,EUR,1.44,1.36,2026-06-14 10:36:26,2026-06-16 19:33:15,False,string,2.7199999999999998,-0.08771929824561404,3416.8166666666666
MAH-03-24546,33890210,1-X-2 / 2 goals Up,1-X-2 / Ventaja 2 goles,1,3,3,Austria - Jordan,EUR,1.33,1.33,2026-06-16 11:31:09,2026-06-16 11:45:51,False,string,134.43,-0.02919708029197088,14.7
2356359,36024520,1-X-2 / 2 goals Up,1-X-2 / Ventaja 2 goles,1,3,3,Portugal - Democratic Republic of the Congo,EUR,1.27,1.27,2026-06-16 17:40:42,2026-06-16 21:57:04,False,numeric,8.42,0.007936507936507908,256.3666666666667
MAH-10-02010,33890290,1-X-2 / 2 goals Up,1-X-2 / Ventaja 2 goles,2,3,3,Haiti - Scotland,EUR,1.51,1.51,2026-06-13 13:43:42,2026-06-13 14:11:42,False,string,2.52,-0.03821656050955413,28.0
MAH-19-68001,33890290,1-X-2 / 2 goals Up,1-X-2 / Ventaja 2 goles,2,3,3,Haiti - Scotland,EUR,1.54,1.54,2026-06-13 15:36:46,2026-06-13 21:54:04,False,string,8.89,-0.019108280254777066,377.3
MAH-19-68001,33890304,1-X-2 / 2 goals Up,1-X-2 / Ventaja 2 goles,1,3,3,Netherlands - Japan,EUR,2.01,2.06,2026-06-14 11:42:43,2026-06-14 14:07:27,False,string,13.0,0.018425460636515806,144.73333333333332
1703070,33890304,1-X-2 / 2 goals Up,1-X-2 / Ventaja 2 goles,2,3,3,Netherlands - Japan,EUR,3.62,3.62,2026-06-14 16:02:27,2026-06-14 16:07:57,False,numeric,34.3,-0.0027548209366390353,5.5
MAH-03-03392,36024518,1-X-2 / 2 goals Up,1-X-2 / Ventaja 2 goles,2,3,3,Iraq - Norway,EUR,1.17,1.17,2026-06-16 17:36:26,2026-06-16 17:37:01,False,string,11.44,-0.025000000000000022,0.5833333333333334
MAH-03-03392,33890211,1-X-2 / 2 goals Up,1-X-2 / Ventaja 2 goles,1,3,3,Argentina - Algeria,EUR,1.37,1.37,2026-06-16 17:36:26,2026-06-16 17:37:01,False,string,11.440000000000001,-0.09868421052631571,0.5833333333333334
MAH-05-15311,36966480,1-X-2 / 2 goals Up,1-X-2 / Ventaja 2 goles,1,3,3,Usa - Australia,EUR,1.56,1.59,2026-06-18 12:22:48,2026-06-19 18:20:08,False,string,14.93,0.030501089324618775,1797.3333333333333
MAH-19-00903,37312355,1-X-2 / 2 goals Up,1-X-2 / Ventaja 2 goles,2,3,3,Almeria - Malaga,EUR,3.22,3.27,2026-06-18 21:41:29,2026-06-20 16:59:22,False,string,0.9099999999999999,0.00505050505050512,2597.883333333333
MAH-08-37003,33890304,1-X-2 / 2 goals Up,1-X-2 / Ventaja 2 goles,1,3,3,Netherlands - Japan,EUR,1.98,2.02,2026-06-14 09:04:28,2026-06-14 16:21:00,False,string,144.72,0.0016750418760468715,436.53333333333336
2138364,33890299,1-X-2 / 2 goals Up,1-X-2 / Ventaja 2 goles,1,3,3,Belgium - Egypt,EUR,1.58,1.58,2026-06-15 16:26:10,2026-06-15 16:26:24,False,numeric,150.0,0.04635761589403975,0.23333333333333334
MAH-19-00111,36966486,1-X-2 / 2 goals Up,1-X-2 / Ventaja 2 goles,2,3,3,Scotland - Morocco,EUR,1.74,1.74,2026-06-17 16:28:38,2026-06-17 16:31:20,False,string,1.8299999999999998,0.06748466257668717,2.7
MAH-19-68002,36966486,1-X-2 / 2 goals Up,1-X-2 / Ventaja 2 goles,2,3,3,Scotland - Morocco,EUR,1.61,1.64,2026-06-19 21:27:37,2026-06-19 21:36:51,False,string,214.0,-0.006134969325153339,9.233333333333333
2302758,33890291,1-X-2 / 2 goals Up,1-X-2 / Ventaja 2 goles,1,3,3,Brazil - Morocco,PEN,1.64,1.64,2026-06-12 01:42:35,2026-06-13 03:25:06,False,numeric,5.57,0.0,1542.5166666666667
MAH-03-02602,36024492,1-X-2 / 2 goals Up,1-X-2 / Ventaja 2 goles,2,3,3,Australia - Turkey,EUR,1.65,1.65,2026-06-13 09:54:41,2026-06-13 18:22:34,False,string,3.42,-0.017857142857142905,507.8833333333333
MAH-10-02010,36024520,1-X-2 / 2 goals Up,1-X-2 / Ventaja 2 goles,1,3,3,Portugal - Democratic Republic of the Congo,EUR,1.25,1.25,2026-06-13 13:43:42,2026-06-13 14:11:42,False,string,2.52,-0.007936507936507908,28.0
MAH-11-04001,36024520,1-X-2 / 2 goals Up,1-X-2 / Ventaja 2 goles,1,3,3,Portugal - Democratic Republic of the Congo,EUR,1.27,1.24,2026-06-15 20:23:49,2026-06-17 15:23:24,False,string,4.87,-3.700743415417188e-17,2579.5833333333335
MAH-19-28001,36024520,1-X-2 / 2 goals Up,1-X-2 / Ventaja 2 goles,1,3,3,Portugal - Democratic Republic of the Congo,EUR,1.26,1.25,2026-06-17 16:03:23,2026-06-17 16:07:06,False,string,3.33,-0.0026455026455026362,3.716666666666667
MAH-19-00902,37275587,1-X-2 / 2 goals Up,1-X-2 / Ventaja 2 goles,2,3,3,Malaga - Almeria,EUR,3.31,3.31,2026-06-14 16:48:16,2026-06-14 18:19:26,False,string,7.1,0.012307692307692353,91.16666666666667
931196,36966469,1-X-2 / 2 goals Up,1-X-2 / Ventaja 2 goles,1,3,3,Czech Republic - South Africa,EUR,1.84,1.84,2026-06-18 15:59:10,2026-06-18 15:59:23,False,numeric,300.0,0.03370786516853941,0.21666666666666667
1641118,36966549,1-X-2 / 2 goals Up,1-X-2 / Ventaja 2 goles,1,3,3,Netherlands - Sweden,EUR,1.64,1.64,2026-06-20 16:36:27,2026-06-20 16:37:41,False,numeric,11.66,-0.017964071856287456,1.2333333333333334
MAH-11-07003,37312355,1-X-2 / 2 goals Up,1-X-2 / Ventaja 2 goles,1,3,3,Almeria - Malaga,EUR,2.13,2.13,2026-06-19 18:50:06,2026-06-19 19:02:08,False,string,0.32,0.024038461538461453,12.033333333333333
833483,36024491,1-X-2 / 2 goals Up,1-X-2 / Ventaja 2 goles,2,3,5,Canada - Bosnia And Herzegovina,EUR,4.45,4.45,2026-06-11 10:35:19,2026-06-11 10:35:28,True,numeric,1.15,-0.006696428571428603,0.15
MAH-01-05523,33890259,1-X-2 / 2 goals Up,1-X-2 / Ventaja 2 goles,2,3,3,Qatar - Switzerland,EUR,1.18,1.18,2026-06-13 18:34:40,2026-06-13 19:04:26,False,string,5.5600000000000005,0.0056980056980056775,29.766666666666666
MAH-19-66001,33890259,1-X-2 / 2 goals Up,1-X-2 / Ventaja 2 goles,2,3,3,Qatar - Switzerland,EUR,1.2,1.2,2026-06-13 15:55:31,2026-06-13 15:59:35,False,string,494.0,0.025641025641025772,4.066666666666666
MAH-11-10007,33890299,Match,Partido,"Over 2.5 goals, Over 8.5 corners y Doku to score",3,3,Belgium - Egypt,EUR,5.9,5.9,2026-06-15 15:51:16,2026-06-15 15:53:22,False,string,3.17,0.0,2.1
MAH-11-04007,33890299,Match,Partido,Over 2.5 goals y Over 7.5 corners,3,3,Belgium - Egypt,EUR,2.03,2.03,2026-06-15 17:09:32,2026-06-15 17:12:14,False,string,0.42000000000000004,-0.009756097560975618,2.7
MAH-19-39002,36024493,1-X-2 / 2 goals Up,1-X-2 / Ventaja 2 goles,1,3,3,Sweden - Tunisia,EUR,1.95,1.91,2026-06-14 10:36:26,2026-06-14 11:33:05,False,string,3.52,0.0340501792114695,56.65
2394163,33890299,To score or assist (Star Substitute),Marcar gol o asistir (Suplente Estrella),Doku,3,3,Belgium - Egypt,EUR,2.01,1.96,2026-06-15 12:24:36,2026-06-15 18:26:49,False,numeric,39.5,0.017006802721088416,362.21666666666664
2214574,37274455,To be carded (only players and in play)(Star Substitute),Recibir tarjeta (sólo jugadores y en juego)(Suplente Estrella),Daijiro Chirino,3,3,Málaga - Ud Almería,EUR,4.78,3.02,2026-06-14 19:17:02,2026-06-14 20:37:18,False,numeric,198.0,,80.26666666666667
2214574,37254587,To be carded (only players and in play)(Star Substitute),Recibir tarjeta (sólo jugadores y en juego)(Suplente Estrella),Pedro Miguel,3,3,Qatar - Switzerland,EUR,5.0,11.05,2026-06-13 20:31:26,2026-06-13 20:53:46,False,numeric,110.0,,22.333333333333332
2214574,37284970,To be carded (only players and in play)(Star Substitute),Recibir tarjeta (sólo jugadores y en juego) (Suplente Estrella),Hyun-Jun Yang,3,3,Mexico - South Korea,EUR,9.85,10.05,2026-06-19 02:34:15,2026-06-19 02:35:54,False,numeric,75.0,,1.65
2438779,33890238,To be carded (only players and in play)(Star Substitute),Recibir tarjeta (sólo jugadores y en juego)(Suplente Estrella),Teboho Mokoena,3,3,Mexico - South Africa,,3.33,3.33,2026-06-11 18:35:23,2026-06-11 18:35:42,False,numeric,75.0,0.0,0.31666666666666665
2214574,37254592,To be carded (only players and in play)(Star Substitute),Recibir tarjeta (sólo jugadores y en juego) (Suplente Estrella),Willy Semedo,3,3,Spain - Cape Verde,EUR,12.0,15.0,2026-06-15 17:24:18,2026-06-15 17:39:51,False,numeric,112.0,,15.55
2214574,37254588,To be carded (only players and in play)(Star Substitute),Recibir tarjeta (sólo jugadores y en juego)(Suplente Estrella),Matheus Cunha,3,3,Brazil - Morocco,EUR,7.85,7.85,2026-06-13 23:31:24,2026-06-13 23:52:07,False,numeric,125.0,,20.716666666666665
2214574,37284970,To be carded (only players and in play)(Star Substitute),Recibir tarjeta (sólo jugadores y en juego) (Suplente Estrella),Cho Gue-sung,3,3,Mexico - South Korea,EUR,13.0,15.0,2026-06-19 02:37:59,2026-06-19 02:38:59,False,numeric,65.0,,1.0
2534770,33890291,To be carded (only players and in play)(Star Substitute),Recibir tarjeta (sólo jugadores y en juego)(Suplente Estrella),Marquinhos,3,3,Brazil - Morocco,EUR,5.85,5.85,2026-06-13 21:49:29,2026-06-13 21:49:41,False,numeric,6.0,0.0,0.2
2214574,37254588,To be carded (only players and in play)(Star Substitute),Recibir tarjeta (sólo jugadores y en juego)(Suplente Estrella),Mazraoui,3,3,Brazil - Morocco,EUR,7.1,4.12,2026-06-13 22:13:05,2026-06-13 23:23:44,False,numeric,150.0,,70.65
2214574,37254595,To be carded (only players and in play)(Star Substitute),Recibir tarjeta (sólo jugadores y en juego) (Suplente Estrella),Agustin Canobbio,3,3,Saudi Arabia - Uruguay,EUR,6.0,5.7,2026-06-15 23:24:36,2026-06-15 23:27:26,False,numeric,129.0,,2.8333333333333335
1853016,33890444,To score or assist (Star Substitute),Marcar gol o asistir (Suplente Estrella),Harry Kane,3,3,England - Croatia,PEN,1.77,1.77,2026-06-17 16:51:47,2026-06-17 19:10:18,False,numeric,8.83,0.029069767441860517,138.51666666666668
MAH-02-02144,36966486,To score or assist (Star Substitute),Marcar gol o asistir (Suplente Estrella),Brahim,3,3,Scotland - Morocco,EUR,2.19,2.15,2026-06-19 18:40:13,2026-06-19 21:24:28,False,string,3.0300000000000002,0.01713395638629267,164.25
1322453,36966553,To score or assist (Star Substitute),Marcar gol o asistir (Suplente Estrella),Florian Wirtz,3,3,Germany - Ivory Coast,EUR,1.83,1.82,2026-06-20 16:45:32,2026-06-20 19:09:23,False,numeric,3.2,-0.007246376811594235,143.85
MAH-21-14001,33890444,To score or assist (Star Substitute),Marcar gol o asistir (Suplente Estrella),Harry Kane,3,3,England - Croatia,EUR,1.76,1.73,2026-06-17 16:02:55,2026-06-17 16:08:16,False,string,34.17,0.01744186046511631,5.35
1074156,33890419,Match,Partido,Over 2.5 goals y Over 7.5 corners,3,3,Ghana - Panama,EUR,3.08,3.08,2026-06-17 19:53:42,2026-06-17 19:54:35,False,numeric,0.99,0.006535947712418277,0.8833333333333333
788396,33890313,To score or assist (Star Substitute),Marcar gol o asistir (Suplente Estrella),Gavi,3,3,Spain - Cape Verde,EUR,2.15,2.15,2026-06-15 15:23:54,2026-06-15 15:24:06,False,numeric,300.0,0.0,0.2
MAH-11-08001,33890210,To score or assist (Star Substitute),Marcar gol o asistir (Suplente Estrella),Arnautovic,3,3,Austria - Jordan,EUR,1.55,1.54,2026-06-13 21:49:31,2026-06-15 09:30:05,False,string,0.29000000000000004,-0.020703933747412084,2140.5666666666666
1427083,33890444,To score or assist (Star Substitute),Marcar gol o asistir (Suplente Estrella),Harry Kane,3,3,England - Croatia,EUR,1.77,1.73,2026-06-15 14:52:17,2026-06-17 19:14:31,False,numeric,3.07,0.029069767441860517,3142.233333333333
2323148,36966485,To score or assist (Star Substitute),Marcar gol o asistir (Suplente Estrella),Vinícius,3,3,Brazil - Haiti,PEN,1.37,1.37,2026-06-19 13:43:25,2026-06-19 13:45:47,False,numeric,1.5,-0.007246376811594013,2.3666666666666667
MAH-03-24282,36024493,To score 2 or more goals (Star Substitute),Marcar 2 goles o más (Suplente Estrella),Viktor Gyokeres,3,3,Sweden - Tunisia,EUR,8.2,8.7,2026-06-14 16:09:37,2026-06-14 22:26:18,False,string,1.1600000000000001,0.047034764826175746,376.68333333333334
MAH-06-15003,33890416,To score 2 or more goals (Star Substitute),Marcar 2 goles o más (Suplente Estrella),Mbappe,3,3,France - Senegal,EUR,5.4,5.4,2026-06-16 08:52:40,2026-06-16 17:11:23,False,string,1.58,-0.015290519877675823,498.71666666666664
MAH-01-51282,36966553,To score 2 or more goals (Star Substitute),Marcar 2 goles o más (Suplente Estrella),Havertz,3,3,Germany - Ivory Coast,EUR,7.0,7.0,2026-06-20 16:40:18,2026-06-20 16:54:02,False,string,1.08,-0.03448275862068961,13.733333333333333
MAH-19-20001,36966485,To score 2 or more goals (Star Substitute),Marcar 2 goles o más (Suplente Estrella),Vinícius,3,3,Brazil - Haiti,EUR,4.73,4.73,2026-06-19 18:52:45,2026-06-19 18:55:26,False,string,11.67,-0.002109704641350185,2.683333333333333
MAH-19-20001,36966480,To score 2 or more goals (Star Substitute),Marcar 2 goles o más (Suplente Estrella),Balogun,3,3,Usa - Australia,EUR,7.75,7.75,2026-06-19 18:52:45,2026-06-19 18:55:26,False,string,11.67,0.0,2.683333333333333
MAH-03-27222,37238914,To score 2 or more goals (Star Substitute),Marcar 2 goles o más (Suplente Estrella),Chupe,3,3,Malaga - Las Palmas,EUR,8.3,8.3,2026-06-10 17:17:15,2026-06-10 17:17:40,False,string,9.99,0.03750000000000009,0.4166666666666667
MAH-23-02003,33890444,To score 2 or more goals (Star Substitute),Marcar 2 goles o más (Suplente Estrella),Harry Kane,3,3,England - Croatia,PEN,7.2,7.2,2026-06-17 17:33:46,2026-06-17 19:15:38,False,string,0.8300000000000001,0.011494252873563168,101.86666666666666
MAH-22-03002,36966485,To score 2 or more goals (Star Substitute),Marcar 2 goles o más (Suplente Estrella),Vinícius,3,3,Brazil - Haiti,EUR,4.49,4.59,2026-06-19 21:47:26,2026-06-20 00:04:33,False,string,35.0,-0.04571026722925461,137.11666666666667
MAH-01-51282,37238914,Anytime goalscorer (Star Substitute),Goleador durante el partido (Suplente Estrella),Kirian,3,3,Malaga - Las Palmas,EUR,7.3,7.4,2026-06-10 18:06:57,2026-06-10 18:23:47,False,string,3.83,0.0022675736961451274,16.833333333333332
2214574,37301355,To be booked (only players and in play)(Star Substitute),Recibir tarjeta amarilla (sólo jugadores y en juego) (Suplente Estrella),Adrian Nino,3,3,Ud Almería - Málaga,EUR,12.0,8.45,2026-06-20 20:47:18,2026-06-20 21:12:49,False,numeric,59.5,,25.516666666666666
MAH-03-03679,33890444,To be booked (only players and in play)(Star Substitute),Recibir tarjeta amarilla (sólo jugadores y en juego)(Suplente Estrella),Declan Rice,3,3,England - Croatia,EUR,6.65,6.65,2026-06-17 18:42:25,2026-06-17 18:42:52,False,string,60.0,0.0,0.45
MAH-02-02144,37254600,To be booked (only players and in play)(Star Substitute),Recibir tarjeta amarilla (sólo jugadores y en juego) (Suplente Estrella),Moises Caicedo,3,3,Ivory Coast - Ecuador,EUR,3.31,2.82,2026-06-14 23:12:37,2026-06-14 23:37:54,False,string,8.0,,25.283333333333335
MAH-01-13372,33890211,Home-side combo (bet builder),Argentina,Argentina win y Lautaro Martínez to score,3,3,Argentina - Algeria,EUR,2.58,2.55,2026-06-16 13:31:38,2026-06-16 21:25:18,False,string,8.43,-0.030188679245283012,473.6666666666667
1453644,33890299,1-X-2 / 2 goals Up,1-X-2 / Ventaja 2 goles,1,3,3,Belgium - Egypt,EUR,1.62,1.51,2026-06-12 22:20:24,2026-06-15 18:44:40,False,numeric,1.27,0.03752759381898459,4104.266666666666
MAH-11-04001,33890416,Match penalty scored,Gol de penalti durante el partido,Yes,3,3,France - Senegal,EUR,3.5,3.5,2026-06-16 16:51:52,2026-06-16 16:52:09,False,string,0.6000000000000001,0.014492753623188248,0.2833333333333333
MAH-01-08005,33890313,Match penalty scored,Gol de penalti durante el partido,Yes,3,3,Spain - Cape Verde,EUR,2.23,2.23,2026-06-14 14:31:04,2026-06-14 14:33:09,False,string,0.7,-0.23630136986301364,2.0833333333333335
MAH-01-05173,33890299,Match penalty scored,Gol de penalti durante el partido,Yes,3,3,Belgium - Egypt,EUR,3.7,3.7,2026-06-15 15:30:09,2026-06-15 15:30:51,False,string,5.42,-0.005376344086021501,0.7
MAH-03-27752,36024491,Match penalty scored,Gol de penalti durante el partido,Yes,3,3,Canada - Bosnia And Herzegovina,EUR,3.81,3.81,2026-06-11 18:43:17,2026-06-12 18:57:34,False,string,20.4,-0.14795918367346936,1454.2833333333333
MAH-01-01676,33890299,Match penalty scored,Gol de penalti durante el partido,Yes,3,3,Belgium - Egypt,EUR,3.7,3.7,2026-06-15 15:41:20,2026-06-15 15:42:47,False,string,1.36,-0.005376344086021501,1.45
MAH-11-04001,36024518,Match penalty scored,Gol de penalti durante el partido,Yes,3,3,Iraq - Norway,EUR,3.05,3.05,2026-06-16 16:51:52,2026-06-16 16:52:09,False,string,0.6000000000000001,-0.08408408408408419,0.2833333333333333
2322315,37183317,Match shots on target,Remates a puerta durante el partido,10 or more,3,3,Universidad Católica - Universidad de Concepción,PEN,2.3,2.3,2026-06-14 20:45:34,2026-06-14 20:46:41,False,numeric,30.0,0.0,1.1166666666666667
1576341,37254585,Match shots on target,Remates a puerta durante el partido,11 or more,3,3,Canada - Bosnia-Herzegovina,EUR,4.2,4.2,2026-06-12 19:13:19,2026-06-12 19:14:18,False,numeric,0.12,,0.9833333333333333
2322315,37316389,Match shots on target,Remates a puerta durante el partido,8 or more,3,3,Universidad de Chile - O'higgins FC,PEN,1.61,1.61,2026-06-18 23:55:16,2026-06-18 23:56:16,False,numeric,40.0,0.0,1.0
2159085,36966473,To score and Assist,Marcar gol y asistir,Breel Embolo,3,4,Switzerland - Bosnia And Herzegovina,EUR,8.75,8.75,2026-06-18 18:40:16,2026-06-18 18:57:12,True,numeric,1.38,0.0,16.933333333333334
2622145,33890419,Shots outside the box,Antoine Semenyo,1 or more,3,3,Ghana - Panama,EUR,1.84,1.84,2026-06-17 22:05:14,2026-06-17 22:56:02,False,numeric,30.0,0.005434782608695676,50.8
1162818,36966469,Shots outside the box,Mbekezeli Mbokazi,1 or more,3,3,Czech Republic - South Africa,EUR,2.62,2.62,2026-06-18 13:31:46,2026-06-18 13:31:59,False,numeric,75.0,0.0650406504065042,0.21666666666666667
MAH-02-02144,33890211,Player to score with right foot,Marcar gol con la pierna derecha,Lionel Messi,3,3,Argentina - Algeria,EUR,15.0,15.0,2026-06-17 00:19:08,2026-06-17 00:21:33,False,string,4.0,0.0,2.4166666666666665
MAH-11-08005,36024520,Player to score with right foot,Marcar gol con la pierna derecha,Cristiano Ronaldo,3,3,Portugal - Democratic Republic of the Congo,EUR,2.5,2.5,2026-06-17 15:03:44,2026-06-17 15:04:53,False,string,101.5,0.00401606425702794,1.15
MAH-10-30009,33890313,Team corners,Corners equipo,Cape Verde 2 or more,3,3,Spain - Cape Verde,EUR,1.68,1.68,2026-06-14 17:42:59,2026-06-15 15:03:29,False,string,52.35,-0.053406998158379425,1280.5
2563076,33890416,Team corners,Corners equipo,France 6 or more,3,3,France - Senegal,EUR,1.61,1.61,2026-06-16 11:39:42,2026-06-16 12:38:31,False,numeric,3.67,0.06622516556291402,58.81666666666667
788396,37254585,Team corners,Corners equipo,Canada 14 or more,3,3,Canada - Bosnia-Herzegovina,EUR,1.91,1.91,2026-06-12 19:43:13,2026-06-12 19:43:26,False,numeric,300.0,,0.21666666666666667
MAH-02-02330,37183511,Team corners,Corners equipo,Costa Rica 2 or more,3,3,England - Costa Rica,EUR,1.53,1.57,2026-06-10 16:36:52,2026-06-10 19:08:19,False,string,2.04,-0.016877637130801704,151.45
MAH-11-14006,36024492,Team corners,Corners equipo,Australia 3 or more,3,3,Australia - Turkey,EUR,1.36,1.36,2026-06-10 19:30:00,2026-06-10 19:49:47,False,string,0.17,-0.15527950310559002,19.783333333333335
MAH-11-08005,36024520,Team corners,Corners equipo,Portugal 8 or more,3,3,Portugal - Democratic Republic of the Congo,EUR,2.27,2.47,2026-06-15 18:26:49,2026-06-17 16:27:12,False,string,0.41000000000000003,0.04927536231884074,2760.383333333333
2431211,33890444,Team corners,Corners equipo,Croatia 4 or more,3,3,England - Croatia,PEN,1.71,1.71,2026-06-16 15:18:28,2026-06-17 12:51:47,False,numeric,1.8199999999999998,-0.08726003490401395,1293.3166666666666
1382013,37251703,Team corners,Corners equipo,Avaí FC 8 or more,3,3,Londrina - Avaí FC,EUR,5.0,6.5,2026-06-16 00:41:19,2026-06-16 00:47:48,False,numeric,43.33,,6.483333333333333
MAH-01-12182,37254596,Team corners,Corners equipo,Senegal 6 or more,3,3,France - Senegal,EUR,3.16,3.16,2026-06-16 19:12:08,2026-06-16 19:32:22,False,string,203.3,,20.233333333333334
1467627,36966485,Home-side combo (bet builder),Brasil,Brazil win y Vinícius 1 or more assists,3,3,Brazil - Haiti,EUR,2.67,2.67,2026-06-19 18:09:30,2026-06-19 20:33:20,False,numeric,0.34,0.007547169811320753,143.83333333333334
MAH-03-27993,33890306,Home-side combo (bet builder),Alemania,Germany to win 1st half y Germany to win 2nd half,3,3,Germany - Curaçao,EUR,1.43,1.48,2026-06-12 11:48:40,2026-06-13 11:30:22,False,string,0.56,0.011655011655011668,1421.7
428035,37233850,Home-side combo (bet builder),Argentina,Argentina win y A goal in both halves,3,3,Argentina - Iceland,EUR,1.61,1.61,2026-06-09 15:38:27,2026-06-09 15:39:16,False,numeric,0.52,0.018987341772152,0.8166666666666667
MAH-02-01829,36966553,1-X-2 / 2 goals Up,1-X-2 / Ventaja 2 goles,1,3,3,Germany - Ivory Coast,EUR,1.53,1.53,2026-06-19 12:31:57,2026-06-19 12:33:09,False,string,16.67,0.11678832116788307,1.2
MAH-03-03679,36966473,1-X-2 / 2 goals Up,1-X-2 / Ventaja 2 goles,1,3,3,Switzerland - Bosnia And Herzegovina,EUR,1.52,1.52,2026-06-18 14:57:36,2026-06-18 14:58:00,False,string,15.0,-0.006535947712418277,0.4
2138998,36966485,1-X-2 / 2 goals Up,1-X-2 / Ventaja 2 goles,1,3,3,Brazil - Haiti,EUR,1.09,1.1,2026-06-19 14:09:29,2026-06-19 23:41:17,False,numeric,50.0,0.00917431192660545,571.8
1446317,36966473,1-X-2 / 2 goals Up,1-X-2 / Ventaja 2 goles,1,3,3,Switzerland - Bosnia And Herzegovina,EUR,1.53,1.55,2026-06-17 19:02:10,2026-06-18 18:03:44,False,numeric,30.93,0.0021786492374727593,1381.5666666666666
MAH-18-01009,36966480,1-X-2 / 2 goals Up,1-X-2 / Ventaja 2 goles,1,3,3,Usa - Australia,EUR,1.56,1.56,2026-06-19 12:34:51,2026-06-19 12:39:13,False,string,3.4299999999999997,0.019607843137254832,4.366666666666666
2348435,36966549,1-X-2 / 2 goals Up,1-X-2 / Ventaja 2 goles,1,3,3,Netherlands - Sweden,EUR,1.71,1.68,2026-06-20 13:41:46,2026-06-20 15:58:55,False,numeric,0.93,0.015968063872255467,137.15
2348435,37312355,1-X-2 / 2 goals Up,1-X-2 / Ventaja 2 goles,1,3,3,Almeria - Malaga,EUR,2.13,2.1,2026-06-20 13:41:46,2026-06-20 15:58:55,False,numeric,0.93,0.019230769230769162,137.15
1454279,36966553,1-X-2 / 2 goals Up,1-X-2 / Ventaja 2 goles,1,3,3,Germany - Ivory Coast,EUR,1.53,1.53,2026-06-20 06:44:38,2026-06-20 06:45:31,False,numeric,441.67,0.11678832116788307,0.8833333333333333
430294,36966553,1-X-2 / 2 goals Up,1-X-2 / Ventaja 2 goles,1,3,3,Germany - Ivory Coast,EUR,1.51,1.51,2026-06-20 10:59:49,2026-06-20 14:54:16,False,numeric,4.17,0.09975669099756683,234.45
MAH-11-04001,36966553,1-X-2 / 2 goals Up,1-X-2 / Ventaja 2 goles,1,3,3,Germany - Ivory Coast,EUR,1.52,1.52,2026-06-18 11:40:27,2026-06-19 12:24:09,False,string,8.29,0.10948905109489049,1483.7
1196284,36024491,1-X-2 / 2 goals Up,1-X-2 / Ventaja 2 goles,1,3,3,Canada - Bosnia And Herzegovina,EUR,1.79,1.79,2026-06-12 17:52:51,2026-06-12 17:57:04,False,numeric,24.8,0.028735632183908066,4.216666666666667
430294,33890299,1-X-2 / 2 goals Up,1-X-2 / Ventaja 2 goles,1,3,3,Belgium - Egypt,EUR,1.58,1.58,2026-06-15 15:44:14,2026-06-15 15:59:38,False,numeric,3.75,0.04635761589403975,15.4
2621676,33890299,1-X-2 / 2 goals Up,1-X-2 / Ventaja 2 goles,1,3,3,Belgium - Egypt,EUR,1.57,1.57,2026-06-15 12:25:50,2026-06-15 14:49:35,False,numeric,170.83,0.039735099337748325,143.75
430294,33890312,1-X-2 / 2 goals Up,1-X-2 / Ventaja 2 goles,2,3,3,Saudi Arabia - Uruguay,EUR,1.44,1.44,2026-06-15 15:44:14,2026-06-15 15:59:38,False,numeric,3.75,-0.013698630136986356,15.4
MAH-03-03392,33890416,1-X-2 / 2 goals Up,1-X-2 / Ventaja 2 goles,1,3,3,France - Senegal,EUR,1.4,1.4,2026-06-16 17:36:26,2026-06-16 17:37:01,False,string,11.44,-0.05405405405405406,0.5833333333333334
MAH-01-04892,33890416,1-X-2 / 2 goals Up,1-X-2 / Ventaja 2 goles,1,3,3,France - Senegal,EUR,1.46,1.46,2026-06-15 12:02:22,2026-06-15 12:09:37,False,string,2.5,-0.013513513513513487,7.25
2011652,33890220,1-X-2 / 2 goals Up,1-X-2 / Ventaja 2 goles,2,3,3,Uzbekistan - Colombia,EUR,1.36,1.36,2026-06-14 09:05:00,2026-06-17 19:12:33,False,numeric,2.63,0.05684754521963834,4927.55
2011652,33890238,1-X-2 / 2 goals Up,1-X-2 / Ventaja 2 goles,1,3,3,Mexico - South Africa,EUR,1.42,1.44,2026-06-11 08:45:49,2026-06-11 14:45:00,False,numeric,11.81,0.026378896882494063,359.18333333333334
MAH-03-27873,33890238,1-X-2 / 2 goals Up,1-X-2 / Ventaja 2 goles,1,3,3,Mexico - South Africa,EUR,1.35,1.36,2026-06-11 17:25:08,2026-06-11 18:01:15,False,string,820.0,-0.02637889688249384,36.11666666666667
2050404,36024493,1-X-2 / 2 goals Up,1-X-2 / Ventaja 2 goles,1,3,3,Sweden - Tunisia,EUR,1.94,1.94,2026-06-14 19:17:59,2026-06-14 21:17:49,False,numeric,7.5,0.043010752688172005,119.83333333333333
2555563,33890416,1-X-2 / 2 goals Up,1-X-2 / Ventaja 2 goles,1,3,3,France - Senegal,EUR,1.49,1.45,2026-06-13 06:52:57,2026-06-15 20:52:51,False,numeric,7.5200000000000005,-0.0067567567567567615,3719.9
2234678,33890211,1-X-2 / 2 goals Up,1-X-2 / Ventaja 2 goles,1,3,3,Argentina - Algeria,PEN,1.41,1.49,2026-06-16 23:38:56,2026-06-17 00:34:39,False,numeric,0.30000000000000004,-0.05482456140350881,55.71666666666667
430294,33890259,Match shots on target,Remates a puerta durante el partido,9 or more,3,3,Qatar - Switzerland,EUR,1.61,1.61,2026-06-13 17:59:16,2026-06-13 18:00:47,False,numeric,3.75,0.0,1.5166666666666666
2322315,37183317,Match shots on target,Remates a puerta durante el partido,11 or more,3,3,Universidad Católica - Universidad de Concepción,PEN,3.07,3.07,2026-06-14 20:45:39,2026-06-14 20:46:53,False,numeric,28.68,0.0,1.2333333333333334
1203256,37274455,Match cards (only players and in play),Tarjetas durante el partido (solo jugadores y en juego),3 or more,3,3,Málaga - Ud Almería,EUR,1.69,1.82,2026-06-14 20:37:58,2026-06-14 20:43:13,False,numeric,81.5,,5.25
2192600,37301355,Match cards (only players and in play),Tarjetas durante el partido (solo jugadores y en juego),5 or more,3,3,Ud Almería - Málaga,EUR,1.58,1.57,2026-06-20 21:13:06,2026-06-20 21:14:49,True,numeric,300.0,,1.7166666666666666
MAH-02-14002,33890259,Match fouls,Faltas durante el partido,25 or more,3,3,Qatar - Switzerland,EUR,2.11,2.11,2026-06-13 18:31:07,2026-06-13 18:47:35,False,string,0.6100000000000001,0.0,16.466666666666665
MAH-04-08204,33890416,Match fouls,Faltas durante el partido,26 or more,3,3,France - Senegal,EUR,1.61,1.61,2026-06-16 18:17:03,2026-06-16 18:17:56,False,string,23.45,0.0,0.8833333333333333
MAH-04-08204,37280327,Match fouls,Faltas durante el partido,27 or more,3,3,Switzerland - Bosnia-Herzegovina,EUR,1.78,1.78,2026-06-18 20:02:30,2026-06-18 20:03:12,False,string,30.0,,0.7
MAH-01-04904,37275587,Match fouls,Faltas durante el partido,27 or more,3,3,Malaga - Almeria,EUR,1.65,1.65,2026-06-14 09:27:47,2026-06-14 09:29:39,False,string,300.0,-0.0060240963855421326,1.8666666666666667
MAH-06-23001,33890220,Match,Partido,Over 2.5 goals y Luis Diaz 1 or more assists,3,3,Uzbekistan - Colombia,EUR,5.2,5.2,2026-06-17 21:29:16,2026-06-17 21:35:38,False,string,7.4,0.02970297029702973,6.366666666666666
2179985,36966472,1-X-2 / 2 goals Up,1-X-2 / Ventaja 2 goles,1,3,3,Canada - Qatar,PEN,1.27,1.26,2026-06-18 15:47:34,2026-06-18 20:06:26,False,numeric,89.92,0.029810298102981008,258.8666666666667
1403762,33890220,1-X-2 / 2 goals Up,1-X-2 / Ventaja 2 goles,2,3,3,Uzbekistan - Colombia,EUR,1.36,1.36,2026-06-15 08:09:29,2026-06-17 22:05:39,False,numeric,23.759999999999998,0.062015503875969026,3716.1666666666665
MAH-01-01620,36966480,1-X-2 / 2 goals Up,1-X-2 / Ventaja 2 goles,1,3,3,Usa - Australia,EUR,1.6,1.58,2026-06-18 10:27:16,2026-06-19 18:25:09,False,string,3.67,0.04139433551198265,1917.8833333333334
MAH-02-02101,33890419,1-X-2 / 2 goals Up,1-X-2 / Ventaja 2 goles,1,3,3,Ghana - Panama,EUR,2.34,2.34,2026-06-17 15:30:31,2026-06-17 15:32:02,False,string,8.78,0.01298701298701288,1.5166666666666666
MAH-05-15292,36966480,1-X-2 / 2 goals Up,1-X-2 / Ventaja 2 goles,1,3,3,Usa - Australia,EUR,1.56,1.56,2026-06-14 15:48:00,2026-06-15 14:08:14,False,string,0.86,0.019607843137254832,1340.2333333333333
MAH-19-28002,36971426,1-X-2 / 2 goals Up,1-X-2 / Ventaja 2 goles,2,3,3,Turkey - Paraguay,EUR,3.7,3.7,2026-06-19 17:26:50,2026-06-19 17:49:34,False,string,15.8,0.005434782608695565,22.733333333333334
MAH-06-17003,36024493,1-X-2 / 2 goals Up,1-X-2 / Ventaja 2 goles,1,3,3,Sweden - Tunisia,EUR,1.9,1.9,2026-06-14 10:17:14,2026-06-14 10:18:47,False,string,4.8,0.021505376344086002,1.55
1978131,33890299,1-X-2 / 2 goals Up,1-X-2 / Ventaja 2 goles,1,3,3,Belgium - Egypt,EUR,1.64,1.57,2026-06-11 18:13:04,2026-06-15 13:57:58,False,numeric,6.45,0.055187637969094906,5504.9
2540986,33890444,1-X-2 / 2 goals Up,1-X-2 / Ventaja 2 goles,1,3,3,England - Croatia,EUR,1.66,1.73,2026-06-17 02:36:06,2026-06-17 19:02:56,False,numeric,9.93,0.014056224899598421,986.8333333333334
2623956,33890305,1-X-2 / 2 goals Up,1-X-2 / Ventaja 2 goles,2,3,3,Ivory Coast - Ecuador,EUR,2.65,2.42,2026-06-14 18:12:50,2026-06-14 22:46:14,False,numeric,0.67,0.035961272475795246,273.4
MAH-11-04003,36966469,1-X-2 / 2 goals Up,1-X-2 / Ventaja 2 goles,1,3,3,Czech Republic - South Africa,EUR,1.81,1.75,2026-06-17 11:58:32,2026-06-18 13:00:32,False,string,2.15,0.005617977528089828,1502.0
430294,33890444,1-X-2 / 2 goals Up,1-X-2 / Ventaja 2 goles,1,3,3,England - Croatia,EUR,1.71,1.71,2026-06-17 16:38:21,2026-06-17 16:57:20,False,numeric,3.5,0.030120481927710774,18.983333333333334
2138976,36966472,1-X-2 / 2 goals Up,1-X-2 / Ventaja 2 goles,1,3,3,Canada - Qatar,EUR,1.27,1.28,2026-06-17 06:29:25,2026-06-18 15:22:57,False,numeric,12.77,0.0379403794037941,1973.5333333333333
MAH-19-39002,36966486,1-X-2 / 2 goals Up,1-X-2 / Ventaja 2 goles,2,3,3,Scotland - Morocco,EUR,1.66,1.66,2026-06-19 13:25:47,2026-06-19 18:13:34,False,string,36.0,0.01840490797546024,287.78333333333336
MAH-19-39003,33890306,1-X-2 / 2 goals Up,1-X-2 / Ventaja 2 goles,1,3,3,Germany - Curaçao,EUR,1.02,1.02,2026-06-11 16:55:52,2026-06-13 17:00:48,False,string,0.28,0.00990099009900991,2884.9333333333334
MAH-01-00531,33890304,1-X-2 / 2 goals Up,1-X-2 / Ventaja 2 goles,1,3,3,Netherlands - Japan,EUR,2.05,2.0,2026-06-13 11:25:00,2026-06-14 15:19:57,False,string,23.42,0.011725293132328249,1674.95
MAH-18-01008,33890304,1-X-2 / 2 goals Up,1-X-2 / Ventaja 2 goles,1,3,3,Netherlands - Japan,EUR,1.94,1.95,2026-06-12 12:16:49,2026-06-14 10:41:33,False,string,2.36,-0.023450586264656608,2784.733333333333
MAH-19-39003,36024493,1-X-2 / 2 goals Up,1-X-2 / Ventaja 2 goles,1,3,3,Sweden - Tunisia,EUR,1.88,1.88,2026-06-11 16:55:52,2026-06-13 17:00:48,False,string,0.28,0.014336917562724002,2884.9333333333334
2355076,33890312,1-X-2 / 2 goals Up,1-X-2 / Ventaja 2 goles,2,3,3,Saudi Arabia - Uruguay,EUR,1.43,1.43,2026-06-15 19:36:59,2026-06-15 19:38:21,False,numeric,150.0,-0.020547945205479423,1.3666666666666667
MAH-11-10009,33890312,1-X-2 / 2 goals Up,1-X-2 / Ventaja 2 goles,2,3,3,Saudi Arabia - Uruguay,EUR,1.43,1.43,2026-06-15 18:17:43,2026-06-15 18:20:35,False,string,323.33,-0.020547945205479423,2.8666666666666667
MAH-10-02010,33890211,1-X-2 / 2 goals Up,1-X-2 / Ventaja 2 goles,1,3,3,Argentina - Algeria,EUR,1.35,1.35,2026-06-13 13:43:42,2026-06-13 14:11:42,False,string,2.52,-0.11184210526315785,28.0
MAH-19-39003,33890444,1-X-2 / 2 goals Up,1-X-2 / Ventaja 2 goles,1,3,3,England - Croatia,EUR,1.73,1.66,2026-06-17 09:11:55,2026-06-17 19:12:22,False,string,15.83,0.02409638554216868,600.45
MAH-19-39002,33890220,1-X-2 / 2 goals Up,1-X-2 / Ventaja 2 goles,2,3,3,Uzbekistan - Colombia,EUR,1.36,1.36,2026-06-14 10:36:26,2026-06-17 10:28:00,False,string,2.79,0.054263565891472965,4311.566666666667
MAH-11-04001,33890220,1-X-2 / 2 goals Up,1-X-2 / Ventaja 2 goles,2,3,3,Uzbekistan - Colombia,EUR,1.35,1.35,2026-06-17 15:23:24,2026-06-17 19:59:46,False,string,4.069999999999999,0.04651162790697683,276.3666666666667
MAH-11-04001,36966473,1-X-2 / 2 goals Up,1-X-2 / Ventaja 2 goles,1,3,3,Switzerland - Bosnia And Herzegovina,EUR,1.51,1.51,2026-06-17 19:58:33,2026-06-18 11:40:27,False,string,2.28,-0.006535947712418351,941.9
1551914,36024520,1-X-2 / 2 goals Up,1-X-2 / Ventaja 2 goles,1,3,3,Portugal - Democratic Republic of the Congo,EUR,1.27,1.27,2026-06-12 12:35:49,2026-06-14 04:06:23,False,numeric,15.719999999999999,0.010582010582010545,2370.5666666666666
MAH-19-28001,33890444,1-X-2 / 2 goals Up,1-X-2 / Ventaja 2 goles,1,3,3,England - Croatia,EUR,1.71,1.71,2026-06-17 16:03:23,2026-06-17 16:07:06,False,string,3.33,0.030120481927710774,3.716666666666667
MAH-05-15311,33890444,1-X-2 / 2 goals Up,1-X-2 / Ventaja 2 goles,1,3,3,England - Croatia,EUR,1.63,1.7,2026-06-16 18:10:30,2026-06-17 19:10:41,False,string,58.13,3.700743415417188e-17,1500.1833333333334
MAH-01-04872,36966553,1-X-2 / 2 goals Up,1-X-2 / Ventaja 2 goles,1,3,3,Germany - Ivory Coast,EUR,1.49,1.49,2026-06-20 12:57:44,2026-06-20 13:08:42,False,string,9.76,0.0875912408759123,10.966666666666667
1687175,33890259,1-X-2 / 2 goals Up,1-X-2 / Ventaja 2 goles,2,3,3,Qatar - Switzerland,EUR,1.21,1.2,2026-06-13 03:25:45,2026-06-13 09:04:38,False,numeric,2.94,0.028490028490028612,338.8833333333333
1917693,33890309,1-X-2 / 2 goals Up,1-X-2 / Ventaja 2 goles,1,3,3,Usa - Paraguay,EUR,2.1,2.1,2026-06-12 17:14:25,2026-06-12 18:12:47,False,numeric,91.67,0.034482758620689724,58.36666666666667
MAH-25-00008,36966593,Shots on target (Star Substitute),Remates a puerta Kevin De Bruyne (Suplente Estrella),2 or more,3,3,Belgium - Iran,EUR,2.65,2.65,2026-06-20 19:00:38,2026-06-21 13:35:55,False,string,0.8200000000000001,0.011450381679389166,1115.2833333333333
