Uid,cluster_size,legs,fixtures,markets,region,currency,uid_format,stake,placed_at
MAH-04-07526,13,13,2,5,GALICIA,EUR,string,25.0,2026-06-14 15:37:26
1270274,12,12,1,2,ESTATAL,EUR,numeric,280.0,2026-06-20 11:13:43
2138429,11,11,1,3,PERU,PEN,numeric,33.0,2026-06-22 14:47:06
2570363,11,11,1,4,ESTATAL,EUR,numeric,50.0,2026-06-17 16:35:03
1270274,11,11,1,2,ESTATAL,EUR,numeric,230.0,2026-06-19 18:58:28
1810137,11,11,2,2,GALICIA,EUR,numeric,193.5,2026-06-23 14:04:28
MAH-01-13233,11,11,1,6,EUSKADI,EUR,string,350.0,2026-06-18 18:59:17
2406705,11,11,1,3,CANARIAS,EUR,numeric,130.0,2026-06-22 21:59:28
1270274,11,11,1,2,ESTATAL,EUR,numeric,90.0,2026-06-17 16:58:32
1447802,11,11,3,5,EUSKADI,EUR,numeric,57.2,2026-06-12 22:24:44
2173310,11,11,1,6,GALICIA,EUR,numeric,55.0,2026-06-19 21:49:08
1957591,10,10,1,1,ESTATAL,EUR,numeric,10.0,2026-06-12 23:07:07
2211924,10,10,1,2,ESTATAL,EUR,numeric,150.0,2026-06-15 17:58:15
1270274,10,10,1,2,ESTATAL,EUR,numeric,180.0,2026-06-19 21:58:47
1305980,10,10,1,1,ESTATAL,EUR,numeric,86.0,2026-06-22 16:20:51
2173310,10,10,1,5,GALICIA,EUR,numeric,10.0,2026-06-20 16:26:50
1270274,10,10,1,1,ESTATAL,EUR,numeric,33.74,2026-06-21 11:50:12
MAH-01-13232,10,10,1,3,EUSKADI,EUR,string,130.0,2026-06-20 23:25:46
MAH-04-07526,10,10,1,5,GALICIA,EUR,string,10.0,2026-06-11 15:21:34
1270274,10,10,1,1,ESTATAL,EUR,numeric,100.0,2026-06-16 18:50:15
1957591,10,10,1,2,ESTATAL,EUR,numeric,10.0,2026-06-21 02:14:25
1957591,10,10,1,1,ESTATAL,EUR,numeric,10.0,2026-06-16 16:40:07
429358,9,9,1,3,EUSKADI,EUR,numeric,45.0,2026-06-23 19:25:56
MAH-04-07767,9,9,1,2,GALICIA,EUR,string,180.0,2026-06-17 19:03:21
1355355,9,9,1,2,ANDALUCIA,EUR,numeric,90.0,2026-06-21 21:53:41
2138429,9,9,3,1,PERU,PEN,numeric,90.0,2026-06-16 09:16:57
1073327,9,9,1,5,ESTATAL,EUR,numeric,45.0,2026-06-19 18:52:45
2138429,9,9,3,1,PERU,PEN,numeric,90.0,2026-06-21 17:41:19
1637681,9,9,1,1,EUSKADI,EUR,numeric,27.0,2026-06-10 18:05:10
MAH-04-07767,9,9,1,2,GALICIA,EUR,string,180.0,2026-06-15 21:52:14
MAH-04-07767,9,9,1,4,GALICIA,EUR,string,180.0,2026-06-11 18:31:27
2629327,8,8,1,1,ESTATAL,EUR,numeric,37.0,2026-06-16 21:34:52
MAH-04-07767,8,8,1,4,GALICIA,EUR,string,140.0,2026-06-15 15:25:16
MAH-04-07526,8,8,1,4,GALICIA,EUR,string,20.0,2026-06-12 16:45:25
MAH-01-13232,8,8,3,1,EUSKADI,EUR,string,160.0,2026-06-19 21:57:24
2353741,8,8,1,1,EUSKADI,EUR,numeric,40.0,2026-06-15 07:37:04
1626463,8,8,1,1,ESTATAL,EUR,numeric,8.0,2026-06-15 14:11:16
1810137,8,8,1,2,GALICIA,EUR,numeric,140.0,2026-06-17 16:46:53
MAH-03-02539,8,8,4,2,VALENCIA,EUR,string,85.0,2026-06-22 11:26:06
1955658,8,8,1,2,ESTATAL,EUR,numeric,194.0,2026-06-23 16:59:04
2138429,8,8,1,3,PERU,PEN,numeric,70.0,2026-06-20 23:50:28
980902,8,8,1,1,MURCIA,EUR,numeric,80.0,2026-06-12 01:53:38
1957591,8,8,1,2,ESTATAL,EUR,numeric,8.0,2026-06-22 16:39:59
2330185,8,8,1,4,PERU,PEN,numeric,320.0,2026-06-21 15:11:28
2173310,8,8,3,5,GALICIA,EUR,numeric,40.0,2026-06-18 15:27:07
MAH-04-07490,8,8,1,2,GALICIA,EUR,string,140.0,2026-06-13 17:57:24
2211924,8,8,1,2,ESTATAL,EUR,numeric,100.0,2026-06-14 21:47:54
1270274,8,8,1,1,ESTATAL,EUR,numeric,80.0,2026-06-14 19:58:08
575608,8,8,1,4,EUSKADI,EUR,numeric,50.0,2026-06-15 13:04:00
2280744,8,8,1,4,EUSKADI,EUR,numeric,20.0,2026-06-17 17:47:40
2408236,8,8,1,1,ESTATAL,EUR,numeric,80.0,2026-06-12 18:48:54
1270274,8,8,1,1,ESTATAL,EUR,numeric,80.0,2026-06-20 19:50:46
1957591,8,8,1,1,ESTATAL,EUR,numeric,8.0,2026-06-14 00:13:04
1957591,7,7,1,1,ESTATAL,EUR,numeric,7.0,2026-06-14 18:29:32
1930213,7,7,1,2,PERU,PEN,numeric,143.4,2026-06-17 16:16:05
1702204,7,7,1,2,ESTATAL,EUR,numeric,25.0,2026-06-13 21:35:43
2211924,7,7,1,2,ESTATAL,EUR,numeric,100.0,2026-06-18 15:12:05
2629327,7,7,1,1,ESTATAL,EUR,numeric,47.0,2026-06-17 19:20:04
1270274,7,7,1,1,ESTATAL,EUR,numeric,70.0,2026-06-18 14:57:18
2280744,7,7,1,4,EUSKADI,EUR,numeric,14.0,2026-06-15 06:58:55
1637681,7,7,1,1,EUSKADI,EUR,numeric,25.0,2026-06-12 18:08:25
1815764,7,7,1,2,ESTATAL,EUR,numeric,37.07,2026-06-17 00:06:12
980902,7,7,1,1,MURCIA,EUR,numeric,70.0,2026-06-13 00:50:52
1684812,7,7,1,4,EUSKADI,EUR,numeric,37.5,2026-06-21 15:59:09
2530797,7,7,1,4,ESTATAL,EUR,numeric,38.75,2026-06-11 23:20:52
1957591,7,7,1,1,ESTATAL,EUR,numeric,7.0,2026-06-20 16:51:41
2138429,7,7,1,4,PERU,PEN,numeric,43.0,2026-06-13 18:52:51
734059,7,7,1,6,EUSKADI,EUR,numeric,7.0,2026-06-19 20:07:47
2138429,7,7,1,3,PERU,PEN,numeric,90.0,2026-06-23 02:34:09
980902,7,7,1,1,MURCIA,EUR,numeric,70.0,2026-06-14 19:48:38
MAH-01-00568,7,7,1,1,EUSKADI,EUR,string,7.0,2026-06-10 19:24:16
MAH-04-07767,7,7,1,2,GALICIA,EUR,string,140.0,2026-06-17 22:28:32
1810137,7,7,1,3,GALICIA,EUR,numeric,130.0,2026-06-21 15:47:11
1196978,7,7,1,2,ESTATAL,EUR,numeric,750.0,2026-06-10 18:24:10
2211924,7,7,1,2,ESTATAL,EUR,numeric,295.0,2026-06-16 14:54:21
1810137,7,7,1,2,GALICIA,EUR,numeric,140.0,2026-06-15 15:12:58
1726471,7,7,1,2,EUSKADI,EUR,numeric,7.0,2026-06-11 15:01:17
1305980,7,7,1,1,ESTATAL,EUR,numeric,79.0,2026-06-18 21:13:09
1305980,7,7,1,1,ESTATAL,EUR,numeric,69.0,2026-06-19 21:07:32
1305980,7,7,1,1,ESTATAL,EUR,numeric,84.0,2026-06-17 19:38:19
1305980,7,7,1,1,ESTATAL,EUR,numeric,90.0,2026-06-20 19:59:45
1305980,7,7,1,1,ESTATAL,EUR,numeric,93.0,2026-06-17 00:44:54
MAH-01-49861,7,7,3,2,EUSKADI,EUR,string,35.0,2026-06-20 19:27:45
1684812,7,7,1,4,EUSKADI,EUR,numeric,14.8,2026-06-15 15:51:00
1702204,7,7,1,2,ESTATAL,EUR,numeric,28.33,2026-06-14 18:44:13
2173310,7,7,1,4,GALICIA,EUR,numeric,23.0,2026-06-16 18:45:42
MAH-04-64022,7,7,1,3,GALICIA,EUR,string,170.0,2026-06-17 15:58:48
1810137,7,7,1,3,GALICIA,EUR,numeric,139.0,2026-06-21 18:09:46
482135,7,7,1,5,EUSKADI,EUR,numeric,35.0,2026-06-21 18:21:36
2261061,7,7,1,1,ANDALUCIA,EUR,numeric,34.0,2026-06-20 21:19:23
2492185,6,6,1,3,ESTATAL,EUR,numeric,75.0,2026-06-22 23:59:34
833408,6,6,1,4,EUSKADI,EUR,numeric,30.0,2026-06-15 15:28:51
MAH-03-24092,6,6,1,1,VALENCIA,EUR,string,269.0,2026-06-22 19:37:17
2211924,6,6,1,1,ESTATAL,EUR,numeric,90.3,2026-06-11 17:39:47
MAH-04-07767,6,6,1,2,GALICIA,EUR,string,120.0,2026-06-21 21:16:40
MAH-04-07490,6,6,1,2,GALICIA,EUR,string,120.0,2026-06-22 19:22:36
2280744,6,6,1,1,EUSKADI,EUR,numeric,15.0,2026-06-21 10:41:16
1305980,6,6,1,1,ESTATAL,EUR,numeric,88.0,2026-06-17 15:56:46
650727,6,6,1,1,EUSKADI,EUR,numeric,6.0,2026-06-13 19:56:42
1470172,6,6,1,2,ESTATAL,EUR,numeric,30.0,2026-06-10 18:06:13
1243925,6,6,1,1,MURCIA,EUR,numeric,300.0,2026-06-15 21:59:05
2171171,6,6,1,2,PERU,PEN,numeric,50.0,2026-06-10 18:58:23
2138429,6,6,2,1,PERU,PEN,numeric,18.0,2026-06-16 09:38:11
1454068,6,6,1,3,ESTATAL,EUR,numeric,410.0,2026-06-15 14:50:07
1305980,6,6,1,1,ESTATAL,EUR,numeric,73.5,2026-06-18 17:57:43
1305980,6,6,1,1,ESTATAL,EUR,numeric,91.0,2026-06-17 00:38:52
1073327,6,6,1,2,ESTATAL,EUR,numeric,24.0,2026-06-19 21:29:12
MAH-04-07767,6,6,1,3,GALICIA,EUR,string,73.5,2026-06-17 19:13:46
2211924,6,6,1,2,ESTATAL,EUR,numeric,90.0,2026-06-19 21:04:52
2211924,6,6,1,2,ESTATAL,EUR,numeric,100.0,2026-06-10 18:53:06
1957591,6,6,1,1,ESTATAL,EUR,numeric,6.0,2026-06-22 20:23:14
2138429,6,6,1,2,PERU,PEN,numeric,60.0,2026-06-19 00:36:34
2083006,6,6,1,1,MADRID,EUR,numeric,19.0,2026-06-11 18:32:39
1516441,6,6,6,1,ESTATAL,EUR,numeric,12.0,2026-06-15 22:45:51
1624919,6,6,6,1,ESTATAL,EUR,numeric,18.0,2026-06-16 02:27:40
2361327,6,6,1,3,ESTATAL,EUR,numeric,7.800000000000001,2026-06-13 18:57:52
650727,6,6,1,3,EUSKADI,EUR,numeric,6.0,2026-06-16 21:36:27
980902,6,6,1,1,MURCIA,EUR,numeric,90.0,2026-06-15 01:52:05
2211924,6,6,1,2,ESTATAL,EUR,numeric,135.79,2026-06-12 13:58:34
1074156,6,6,1,1,NAVARRA,EUR,numeric,18.0,2026-06-19 18:53:51
650727,6,6,1,1,EUSKADI,EUR,numeric,6.0,2026-06-11 18:53:38
2261061,6,6,1,1,ANDALUCIA,EUR,numeric,36.75,2026-06-14 20:38:31
2549761,6,6,2,3,EUSKADI,EUR,numeric,60.0,2026-06-12 21:14:16
1957591,6,6,1,1,ESTATAL,EUR,numeric,6.51,2026-06-14 18:49:33
MAH-04-07767,6,6,1,2,GALICIA,EUR,string,80.0,2026-06-21 20:02:38
1637681,6,6,1,1,EUSKADI,EUR,numeric,14.5,2026-06-20 17:32:25
1702204,6,6,1,2,ESTATAL,EUR,numeric,25.0,2026-06-14 22:50:13
MAH-04-64022,6,6,1,2,GALICIA,EUR,string,200.0,2026-06-21 15:50:28
1292753,6,6,1,3,EUSKADI,EUR,numeric,45.0,2026-06-17 22:36:56
1810137,6,6,1,2,GALICIA,EUR,numeric,115.0,2026-06-14 16:48:53
2436951,6,6,1,2,PERU,PEN,numeric,60.0,2026-06-19 21:24:54
1833044,6,6,1,2,EUSKADI,EUR,numeric,53.0,2026-06-23 16:37:38
650727,6,6,1,1,EUSKADI,EUR,numeric,6.0,2026-06-14 19:19:37
MAH-03-02851,6,6,1,3,VALENCIA,EUR,string,40.0,2026-06-15 15:51:58
1637681,6,6,1,1,EUSKADI,EUR,numeric,17.21,2026-06-20 19:18:39
2138429,6,6,1,2,PERU,PEN,numeric,103.49,2026-06-21 15:27:01
2190533,6,6,1,3,PERU,PEN,numeric,50.0,2026-06-19 21:57:49
1465095,6,6,1,2,ESTATAL,EUR,numeric,127.0,2026-06-12 17:12:06
MAH-04-07526,6,6,1,3,GALICIA,EUR,string,30.0,2026-06-13 17:19:03
2138429,6,6,1,2,PERU,PEN,numeric,45.0,2026-06-23 19:04:20
1957591,6,6,1,1,ESTATAL,EUR,numeric,6.0,2026-06-20 19:42:51
MAH-04-07767,6,6,1,2,GALICIA,EUR,string,120.0,2026-06-15 21:37:22
980902,6,6,1,1,MURCIA,EUR,numeric,150.0,2026-06-14 21:57:59
2114449,6,6,1,1,ESTATAL,EUR,numeric,15.0,2026-06-19 00:12:53
2632378,6,6,1,4,ESTATAL,EUR,numeric,12.0,2026-06-20 00:29:17
2332354,6,6,1,4,ESTATAL,EUR,numeric,110.0,2026-06-19 18:02:35
1957591,6,6,1,1,ESTATAL,EUR,numeric,9.0,2026-06-22 18:04:41
MAH-08-39001,6,6,1,1,MURCIA,EUR,string,30.0,2026-06-21 18:26:57
1108620,6,6,1,1,MADRID,EUR,numeric,20.0,2026-06-22 15:53:13
MAH-04-07220,5,5,5,1,GALICIA,EUR,string,2.5,2026-06-10 12:14:22
1955658,5,5,1,4,ESTATAL,EUR,numeric,72.0,2026-06-18 18:54:18
2349954,5,5,1,4,EUSKADI,EUR,numeric,70.0,2026-06-15 23:30:18
MAH-04-64111,5,5,1,3,GALICIA,EUR,string,15.0,2026-06-16 19:34:17
1789864,5,5,1,3,ESTATAL,EUR,numeric,25.0,2026-06-19 09:39:21
MAH-04-07936,5,5,5,2,GALICIA,EUR,string,2.0,2026-06-16 11:34:17
1444858,5,5,5,1,GALICIA,EUR,numeric,1.5,2026-06-17 16:25:54
1444858,5,5,5,1,GALICIA,EUR,numeric,1.0,2026-06-17 16:23:44
2138429,5,5,1,3,PERU,PEN,numeric,60.0,2026-06-16 21:59:51
844747,5,5,5,3,EUSKADI,EUR,numeric,0.5,2026-06-12 10:24:23
MAH-04-07767,5,5,1,1,GALICIA,EUR,string,100.0,2026-06-17 21:39:05
844747,5,5,5,4,EUSKADI,EUR,numeric,0.5,2026-06-20 16:49:05
1683640,5,5,1,1,ESTATAL,EUR,numeric,250.0,2026-06-18 15:34:19
1444858,5,5,5,1,GALICIA,EUR,numeric,1.0,2026-06-17 16:23:32
MAH-03-24215,5,5,1,2,VALENCIA,EUR,string,45.0,2026-06-14 16:20:07
980902,5,5,1,1,MURCIA,EUR,numeric,75.0,2026-06-13 18:52:10
2609322,5,5,1,4,CASTILLA LA MANCHA,EUR,numeric,1900.0,2026-06-17 16:37:15
2190533,5,5,1,2,PERU,PEN,numeric,48.13,2026-06-13 13:38:16
2565422,5,5,1,2,ESTATAL,EUR,numeric,35.0,2026-06-19 18:17:35
1073327,5,5,1,2,ESTATAL,EUR,numeric,25.0,2026-06-19 21:30:05
MAH-03-27791,5,5,5,3,VALENCIA,EUR,string,0.5,2026-06-20 09:18:13
2414048,5,5,1,1,ANDALUCIA,EUR,numeric,45.0,2026-06-20 11:21:45
1957591,5,5,1,1,ESTATAL,EUR,numeric,5.0,2026-06-13 17:34:07
1930213,5,5,1,5,PERU,PEN,numeric,40.0,2026-06-17 16:07:33
1683640,5,5,1,1,ESTATAL,EUR,numeric,250.0,2026-06-12 23:47:57
MAH-04-07769,5,5,5,4,GALICIA,EUR,string,0.5,2026-06-12 12:36:38
2222157,5,5,1,5,PERU,PEN,numeric,50.0,2026-06-20 00:09:14
2138429,5,5,1,3,PERU,PEN,numeric,17.0,2026-06-11 18:47:40
430769,5,5,1,1,EUSKADI,EUR,numeric,7.0,2026-06-15 15:23:05
MAH-04-07767,5,5,1,1,GALICIA,EUR,string,100.0,2026-06-17 21:40:20
2138429,5,5,1,3,PERU,PEN,numeric,30.0,2026-06-17 03:11:21
1852829,5,5,1,5,PERU,PEN,numeric,53.6,2026-06-14 15:22:08
MAH-01-05340,5,5,1,1,EUSKADI,EUR,string,100.0,2026-06-14 19:16:55
2083006,5,5,1,2,MADRID,EUR,numeric,27.0,2026-06-12 23:43:39
2211924,5,5,1,1,ESTATAL,EUR,numeric,50.0,2026-06-15 21:04:14
MAH-08-39002,5,5,1,1,MURCIA,EUR,string,25.0,2026-06-21 15:19:43
1686290,5,5,1,3,EUSKADI,EUR,numeric,19.3,2026-06-20 01:53:59
2108738,5,5,1,2,NAVARRA,EUR,numeric,50.0,2026-06-17 16:54:18
844747,5,5,5,4,EUSKADI,EUR,numeric,1.0,2026-06-21 10:32:17
844747,5,5,5,3,EUSKADI,EUR,numeric,0.5,2026-06-21 17:23:34
1270274,5,5,2,1,ESTATAL,EUR,numeric,170.0,2026-06-16 21:11:08
MAH-04-07936,5,5,5,4,GALICIA,EUR,string,2.5,2026-06-16 11:45:44
1930953,5,5,1,1,ESTATAL,EUR,numeric,44.0,2026-06-11 18:38:37
1810137,5,5,1,1,GALICIA,EUR,numeric,100.0,2026-06-22 17:59:26
1800915,5,5,5,2,EUSKADI,EUR,numeric,1.5,2026-06-18 15:14:24
2222157,5,5,1,4,PERU,PEN,numeric,35.0,2026-06-21 14:03:32
MAH-04-07769,5,5,5,3,GALICIA,EUR,string,0.5,2026-06-12 12:28:34
2629327,5,5,1,1,ESTATAL,EUR,numeric,72.0,2026-06-18 20:15:31
650727,5,5,1,1,EUSKADI,EUR,numeric,5.0,2026-06-18 19:47:58
2222157,5,5,1,5,PERU,PEN,numeric,50.0,2026-06-19 21:47:56
650727,5,5,1,1,EUSKADI,EUR,numeric,5.0,2026-06-11 20:52:41
2068112,5,5,1,4,EUSKADI,EUR,numeric,15.5,2026-06-22 20:52:58
2190533,5,5,1,2,PERU,PEN,numeric,22.4,2026-06-12 18:51:29
MAH-01-49851,5,5,5,1,EUSKADI,EUR,string,1.0,2026-06-22 09:24:01
MAH-04-07767,5,5,1,2,GALICIA,EUR,string,70.0,2026-06-19 19:56:15
MAH-01-49851,5,5,5,1,EUSKADI,EUR,string,1.5,2026-06-22 09:18:41
MAH-01-49851,5,5,5,2,EUSKADI,EUR,string,2.5,2026-06-22 09:22:39
MAH-01-01419,5,5,1,2,EUSKADI,EUR,string,120.0,2026-06-23 16:55:55
2261061,5,5,1,1,ANDALUCIA,EUR,numeric,61.34,2026-06-10 20:15:52
MAH-04-07490,5,5,1,2,GALICIA,EUR,string,100.0,2026-06-16 21:06:47
1073327,5,5,1,4,ESTATAL,EUR,numeric,20.0,2026-06-19 23:14:22
MAH-03-27791,5,5,5,2,VALENCIA,EUR,string,0.5,2026-06-19 14:00:29
1957591,5,5,1,2,ESTATAL,EUR,numeric,5.0,2026-06-20 23:32:30
2211924,5,5,1,1,ESTATAL,EUR,numeric,45.0,2026-06-17 19:47:01
MAH-04-07936,5,5,5,1,GALICIA,EUR,string,2.0,2026-06-21 11:38:27
MAH-03-27791,5,5,5,3,VALENCIA,EUR,string,0.5,2026-06-16 09:06:15
MAH-04-07936,5,5,5,1,GALICIA,EUR,string,1.0,2026-06-21 11:47:23
1663202,5,5,1,2,ESTATAL,EUR,numeric,75.0,2026-06-14 19:27:12
MAH-01-01125,5,5,2,2,EUSKADI,EUR,string,5.0,2026-06-13 15:07:24
650727,5,5,1,1,EUSKADI,EUR,numeric,5.0,2026-06-23 19:20:10
650727,5,5,1,1,EUSKADI,EUR,numeric,5.0,2026-06-21 15:34:47
2444895,5,5,1,1,EUSKADI,EUR,numeric,100.0,2026-06-23 16:59:03
2492185,5,5,1,3,ESTATAL,EUR,numeric,70.0,2026-06-21 21:11:48
1305980,5,5,1,1,ESTATAL,EUR,numeric,80.0,2026-06-22 20:07:26
1971355,5,5,1,1,ESTATAL,EUR,numeric,5.0,2026-06-11 23:00:00
1305980,5,5,1,1,ESTATAL,EUR,numeric,66.0,2026-06-21 18:41:40
2563395,5,5,1,2,ESTATAL,EUR,numeric,27.0,2026-06-18 18:56:15
2047817,5,5,1,1,ESTATAL,EUR,numeric,165.0,2026-06-18 14:37:00
MAH-01-49851,5,5,5,1,EUSKADI,EUR,string,1.0,2026-06-22 09:24:09
1073327,5,5,1,3,ESTATAL,EUR,numeric,25.0,2026-06-22 20:38:07
MAH-04-07490,5,5,1,2,GALICIA,EUR,string,100.0,2026-06-22 16:51:07
MAH-04-07769,5,5,5,5,GALICIA,EUR,string,0.5,2026-06-12 12:33:04
1729973,5,5,1,2,EUSKADI,EUR,numeric,100.0,2026-06-12 20:10:51
650727,5,5,1,1,EUSKADI,EUR,numeric,5.0,2026-06-14 18:14:30
1013664,5,5,1,1,NAVARRA,EUR,numeric,69.19,2026-06-21 15:31:06
2190533,5,5,1,3,PERU,PEN,numeric,50.0,2026-06-21 18:55:48
MAH-04-07767,5,5,1,3,GALICIA,EUR,string,95.0,2026-06-20 19:53:37
650727,5,5,1,1,EUSKADI,EUR,numeric,5.0,2026-06-20 17:20:07
MAH-01-05264,5,5,1,3,EUSKADI,EUR,string,50.0,2026-06-23 16:55:15
2473333,5,5,1,4,EUSKADI,EUR,numeric,5.0,2026-06-22 22:54:14
1287642,5,5,1,5,ESTATAL,EUR,numeric,250.0,2026-06-23 16:37:56
1684812,5,5,1,4,EUSKADI,EUR,numeric,15.5,2026-06-22 20:58:50
2134535,5,5,5,1,ESTATAL,EUR,numeric,15.0,2026-06-15 22:18:33
1444858,5,5,5,1,GALICIA,EUR,numeric,1.5,2026-06-17 16:25:39
2145810,5,5,5,2,ESTATAL,EUR,numeric,1.25,2026-06-15 18:35:53
2211924,5,5,1,2,ESTATAL,EUR,numeric,125.0,2026-06-19 18:14:17
429358,5,5,1,3,EUSKADI,EUR,numeric,10.0,2026-06-14 09:44:07
1810137,5,5,1,2,GALICIA,EUR,numeric,98.4,2026-06-22 16:54:09
2629327,5,5,1,1,ESTATAL,EUR,numeric,51.42,2026-06-21 15:49:45
MAH-01-49851,5,5,5,1,EUSKADI,EUR,string,1.0,2026-06-22 09:24:28
1957591,5,5,1,3,ESTATAL,EUR,numeric,5.0,2026-06-22 20:25:36
650727,5,5,1,1,EUSKADI,EUR,numeric,5.0,2026-06-10 19:33:50
MAH-01-49851,5,5,5,1,EUSKADI,EUR,string,1.0,2026-06-22 09:24:20
1116868,5,5,1,2,NAVARRA,EUR,numeric,100.0,2026-06-22 19:46:49
MAH-03-02851,4,4,1,2,VALENCIA,EUR,string,35.0,2026-06-15 15:48:57
2492185,4,4,1,3,ESTATAL,EUR,numeric,42.5,2026-06-10 18:52:24
1637681,4,4,1,1,EUSKADI,EUR,numeric,23.0,2026-06-14 12:21:54
844747,4,4,4,3,EUSKADI,EUR,numeric,0.4,2026-06-19 10:25:40
MAH-03-27956,4,4,2,2,VALENCIA,EUR,string,30.0,2026-06-20 12:48:24
MAH-23-01409,4,4,1,3,PERU,PEN,string,507.0,2026-06-18 19:42:15
2585932,4,4,1,1,ESTATAL,EUR,numeric,155.0,2026-06-14 16:24:05
2585932,4,4,1,1,ESTATAL,EUR,numeric,140.0,2026-06-14 22:58:34
2585932,4,4,1,1,ESTATAL,EUR,numeric,130.0,2026-06-18 21:02:00
2190533,4,4,1,1,PERU,PEN,numeric,45.0,2026-06-14 01:07:27
MAH-03-24901,4,4,4,1,VALENCIA,EUR,string,2.0,2026-06-14 16:06:02
1865995,4,4,1,2,ESTATAL,EUR,numeric,100.0,2026-06-14 19:34:29
MAH-01-01134,4,4,1,2,EUSKADI,EUR,string,80.0,2026-06-14 14:19:32
2455598,4,4,1,4,PERU,PEN,numeric,4.0,2026-06-16 14:13:49
2211924,4,4,1,1,ESTATAL,EUR,numeric,29.75,2026-06-17 03:54:50
650727,4,4,1,1,EUSKADI,EUR,numeric,4.0,2026-06-19 18:43:45
2208140,4,4,4,1,ESTATAL,EUR,numeric,0.4,2026-06-17 12:58:08
2211924,4,4,1,1,ESTATAL,EUR,numeric,380.35,2026-06-16 21:56:25
1864863,4,4,1,1,ESTATAL,EUR,numeric,84.0,2026-06-16 17:58:39
2628476,4,4,1,1,ESTATAL,EUR,numeric,30.0,2026-06-13 21:42:27
2632296,4,4,1,2,ESTATAL,EUR,numeric,30.0,2026-06-17 16:30:24
MAH-11-07007,4,4,4,1,CATALUNYA,EUR,string,4.0,2026-06-11 16:53:17
844747,4,4,4,3,EUSKADI,EUR,numeric,0.4,2026-06-18 10:38:35
MAH-04-07767,4,4,1,3,GALICIA,EUR,string,54.2,2026-06-17 19:26:00
1607042,4,4,1,2,ESTATAL,EUR,numeric,20.0,2026-06-13 21:19:58
2021409,4,4,1,1,MURCIA,EUR,numeric,19.6,2026-06-18 15:43:37
MAH-03-03580,4,4,4,2,VALENCIA,EUR,string,0.4,2026-06-18 13:24:29
1503975,4,4,1,1,ESTATAL,EUR,numeric,150.0,2026-06-18 00:18:27
1583094,4,4,1,1,ESTATAL,EUR,numeric,10.0,2026-06-12 00:07:54
1686290,4,4,1,3,EUSKADI,EUR,numeric,17.5,2026-06-17 19:05:43
1124515,4,4,1,2,ESTATAL,EUR,numeric,28.15,2026-06-20 00:16:57
1467011,4,4,1,1,EUSKADI,EUR,numeric,4.0,2026-06-20 16:48:50
MAH-03-27652,4,4,4,2,VALENCIA,EUR,string,1.6,2026-06-19 15:17:43
2208140,4,4,4,1,ESTATAL,EUR,numeric,0.4,2026-06-18 15:37:40
980902,4,4,1,1,MURCIA,EUR,numeric,80.0,2026-06-13 00:51:24
MAH-04-07767,4,4,1,2,GALICIA,EUR,string,70.0,2026-06-18 01:02:13
1583094,4,4,1,1,ESTATAL,EUR,numeric,10.0,2026-06-11 18:31:06
2565422,4,4,1,1,ESTATAL,EUR,numeric,30.0,2026-06-15 17:42:21
1785187,4,4,1,2,ESTATAL,EUR,numeric,8.0,2026-06-15 01:22:09
MAH-19-00804,4,4,1,1,ANDALUCIA,EUR,string,90.0,2026-06-16 21:58:13
1583094,4,4,1,3,ESTATAL,EUR,numeric,10.0,2026-06-17 00:37:30
MAH-04-07526,4,4,1,3,GALICIA,EUR,string,40.0,2026-06-13 21:51:14
2021409,4,4,1,1,MURCIA,EUR,numeric,20.0,2026-06-16 14:48:56
MAH-04-07767,4,4,1,2,GALICIA,EUR,string,80.0,2026-06-18 00:55:50
MAH-01-51281,4,4,4,3,EUSKADI,EUR,string,0.4,2026-06-16 17:34:01
MAH-03-24901,4,4,4,2,VALENCIA,EUR,string,0.8,2026-06-16 14:44:16
1583094,4,4,1,2,ESTATAL,EUR,numeric,15.0,2026-06-11 17:40:41
2406705,4,4,1,2,CANARIAS,EUR,numeric,100.0,2026-06-18 21:54:41
2222157,4,4,1,4,PERU,PEN,numeric,41.0,2026-06-18 18:02:39
1930213,4,4,1,1,PERU,PEN,numeric,78.0,2026-06-17 16:11:45
2308564,4,4,1,3,ESTATAL,EUR,numeric,23.03,2026-06-14 00:37:22
2600289,4,4,1,1,ESTATAL,EUR,numeric,34.0,2026-06-10 18:44:25
2184411,4,4,1,1,ESTATAL,EUR,numeric,264.0,2026-06-14 16:03:28
1785187,4,4,1,2,ESTATAL,EUR,numeric,8.0,2026-06-14 22:25:13
2585932,4,4,1,1,ESTATAL,EUR,numeric,155.0,2026-06-14 18:03:42
1583094,4,4,1,2,ESTATAL,EUR,numeric,7.5,2026-06-13 18:51:34
1930213,4,4,1,1,PERU,PEN,numeric,42.0,2026-06-19 19:02:24
844747,4,4,4,4,EUSKADI,EUR,numeric,0.4,2026-06-20 18:20:51
980902,4,4,1,1,MURCIA,EUR,numeric,100.0,2026-06-12 22:08:54
MAH-01-49862,4,4,1,2,EUSKADI,EUR,string,6.7,2026-06-20 19:43:26
1702204,4,4,1,1,ESTATAL,EUR,numeric,16.0,2026-06-21 21:41:49
1702204,4,4,1,1,ESTATAL,EUR,numeric,11.0,2026-06-22 22:57:27
1229710,4,4,1,3,EUSKADI,EUR,numeric,4.0,2026-06-21 00:40:43
1422336,4,4,1,3,ESTATAL,EUR,numeric,11.11,2026-06-23 16:33:49
2083006,4,4,1,1,MADRID,EUR,numeric,30.0,2026-06-21 18:07:26
1422336,4,4,1,2,ESTATAL,EUR,numeric,9.2,2026-06-22 23:46:20
2570363,4,4,1,2,ESTATAL,EUR,numeric,30.0,2026-06-21 00:35:46
MAH-01-01102,4,4,2,2,EUSKADI,EUR,string,140.0,2026-06-23 05:26:37
MAH-03-27651,4,4,4,2,VALENCIA,EUR,string,0.8,2026-06-21 09:35:47
2173310,4,4,1,2,GALICIA,EUR,numeric,20.0,2026-06-22 15:18:57
MAH-04-07767,4,4,1,2,GALICIA,EUR,string,60.0,2026-06-20 23:47:19
2138429,4,4,1,2,PERU,PEN,numeric,80.0,2026-06-21 03:27:50
2138429,4,4,1,1,PERU,PEN,numeric,80.0,2026-06-22 20:58:43
2045987,4,4,1,2,PERU,PEN,numeric,40.0,2026-06-22 16:23:47
MAH-04-07767,4,4,1,2,GALICIA,EUR,string,70.0,2026-06-21 18:32:01
MAH-04-07767,4,4,1,2,GALICIA,EUR,string,80.0,2026-06-21 21:18:51
MAH-07-01009,4,4,1,1,CATALUNYA,EUR,string,4.0,2026-06-22 19:17:53
2055398,4,4,1,2,ESTATAL,EUR,numeric,20.0,2026-06-23 15:05:49
MAH-16-12003,4,4,1,2,CANTABRIA,EUR,string,5.0,2026-06-22 20:58:42
MAH-04-06579,4,4,1,3,GALICIA,EUR,string,4.0,2026-06-22 17:57:16
1280259,4,4,1,1,GALICIA,EUR,numeric,30.0,2026-06-21 15:57:52
2563395,4,4,1,1,ESTATAL,EUR,numeric,30.0,2026-06-21 21:51:44
1930213,4,4,1,1,PERU,PEN,numeric,68.0,2026-06-22 19:25:26
1582135,4,4,1,1,ESTATAL,EUR,numeric,71.4,2026-06-20 23:31:42
2330185,4,4,1,4,PERU,PEN,numeric,100.0,2026-06-22 15:57:58
2585932,4,4,1,1,ESTATAL,EUR,numeric,95.0,2026-06-21 19:13:55
2319498,4,4,1,1,ESTATAL,EUR,numeric,17.0,2026-06-14 19:12:23
2211924,4,4,1,2,ESTATAL,EUR,numeric,400.0,2026-06-15 14:49:57
2211924,4,4,1,1,ESTATAL,EUR,numeric,23.06,2026-06-17 21:38:22
2211924,4,4,1,1,ESTATAL,EUR,numeric,151.5,2026-06-20 15:47:26
1702204,4,4,1,1,ESTATAL,EUR,numeric,10.0,2026-06-22 22:57:42
MAH-05-15091,4,4,1,2,ARAGON,EUR,string,80.0,2026-06-21 09:19:29
2629327,4,4,1,1,ESTATAL,EUR,numeric,56.0,2026-06-17 10:54:34
MAH-01-05134,4,4,4,2,EUSKADI,EUR,string,0.4,2026-06-21 07:57:49
2570363,4,4,1,1,ESTATAL,EUR,numeric,110.0,2026-06-21 21:43:54
482135,4,4,1,1,EUSKADI,EUR,numeric,20.0,2026-06-22 16:42:44
1864863,4,4,1,1,ESTATAL,EUR,numeric,42.0,2026-06-22 19:49:28
1637681,4,4,1,1,EUSKADI,EUR,numeric,24.4,2026-06-21 14:31:29
2190533,4,4,1,2,PERU,PEN,numeric,20.0,2026-06-23 02:56:50
MAH-04-07936,4,4,4,1,GALICIA,EUR,string,1.6,2026-06-21 11:43:48
1930213,4,4,1,3,PERU,PEN,numeric,110.0,2026-06-22 00:34:50
2211924,4,4,1,1,ESTATAL,EUR,numeric,65.5,2026-06-20 22:38:34
650727,4,4,1,1,EUSKADI,EUR,numeric,4.0,2026-06-21 18:11:25
MAH-01-05264,4,4,1,1,EUSKADI,EUR,string,40.0,2026-06-22 20:47:27
2588339,4,4,1,1,ESTATAL,EUR,numeric,150.0,2026-06-21 02:02:09
1305980,4,4,1,1,ESTATAL,EUR,numeric,45.22,2026-06-21 21:35:37
844747,4,4,4,4,EUSKADI,EUR,numeric,0.4,2026-06-22 16:32:09
MAH-03-24904,4,4,3,1,VALENCIA,EUR,string,50.0,2026-06-22 10:17:19
2138429,4,4,2,2,PERU,PEN,numeric,180.0,2026-06-22 19:50:59
1789864,4,4,1,2,ESTATAL,EUR,numeric,20.0,2026-06-21 22:33:27
1422336,4,4,1,1,ESTATAL,EUR,numeric,4.0,2026-06-22 07:35:28
2570363,4,4,1,1,ESTATAL,EUR,numeric,40.0,2026-06-22 18:10:34
MAH-08-39001,4,4,1,1,MURCIA,EUR,string,20.0,2026-06-23 19:00:56
MAH-04-07767,4,4,1,2,GALICIA,EUR,string,50.0,2026-06-21 17:26:49
MAH-05-15321,4,4,4,1,ARAGON,EUR,string,0.8,2026-06-22 16:25:41
MAH-03-27651,4,4,4,2,VALENCIA,EUR,string,0.8,2026-06-21 09:37:36
1361572,4,4,4,3,GALICIA,EUR,numeric,0.4,2026-06-21 15:27:48
800240,4,4,1,3,EUSKADI,EUR,numeric,15.0,2026-06-22 18:54:53
1280259,4,4,1,1,GALICIA,EUR,numeric,40.0,2026-06-23 11:21:12
2042570,4,4,1,3,MADRID,EUR,numeric,20.0,2026-06-20 23:28:21
2314105,4,4,4,2,NAVARRA,EUR,numeric,1.6,2026-06-21 15:04:35
2190533,4,4,1,2,PERU,PEN,numeric,30.0,2026-06-21 21:59:57
MAH-04-07767,4,4,1,1,GALICIA,EUR,string,80.0,2026-06-21 19:58:47
MAH-04-07490,4,4,1,2,GALICIA,EUR,string,66.6,2026-06-16 21:08:49
1981489,4,4,1,1,EUSKADI,EUR,numeric,60.0,2026-06-16 18:55:44
1981489,4,4,1,1,EUSKADI,EUR,numeric,62.0,2026-06-18 18:52:33
1981489,4,4,1,1,EUSKADI,EUR,numeric,88.0,2026-06-14 19:59:47
2570363,4,4,1,2,ESTATAL,EUR,numeric,50.0,2026-06-20 00:36:23
MAH-04-07936,4,4,4,1,GALICIA,EUR,string,1.6,2026-06-14 10:09:52
MAH-05-15124,4,4,1,2,ARAGON,EUR,string,17.8,2026-06-20 19:03:47
MAH-04-07936,4,4,4,1,GALICIA,EUR,string,2.0,2026-06-14 10:16:30
844747,4,4,4,3,EUSKADI,EUR,numeric,0.4,2026-06-14 10:30:03
MAH-04-07936,4,4,4,1,GALICIA,EUR,string,1.6,2026-06-17 16:22:52
MAH-04-07936,4,4,4,1,GALICIA,EUR,string,1.6,2026-06-14 10:12:57
MAH-04-07936,4,4,4,1,GALICIA,EUR,string,2.0,2026-06-14 10:19:04
MAH-01-01678,4,4,1,2,EUSKADI,EUR,string,20.0,2026-06-14 18:31:15
MAH-03-24215,4,4,1,2,VALENCIA,EUR,string,40.0,2026-06-16 20:52:24
MAH-03-27653,4,4,4,2,VALENCIA,EUR,string,1.2,2026-06-18 14:38:20
1117587,4,4,2,2,EUSKADI,EUR,numeric,8.0,2026-06-15 14:30:25
833483,4,4,4,1,EUSKADI,EUR,numeric,2.4,2026-06-11 10:35:19
2222157,4,4,1,3,PERU,PEN,numeric,30.0,2026-06-12 22:40:49
MAH-04-07769,4,4,4,3,GALICIA,EUR,string,0.4,2026-06-16 11:40:39
2332354,4,4,1,3,ESTATAL,EUR,numeric,80.0,2026-06-19 18:02:55
2114449,4,4,1,2,ESTATAL,EUR,numeric,10.73,2026-06-15 21:57:03
1686290,4,4,1,2,EUSKADI,EUR,numeric,20.0,2026-06-19 18:25:42
573383,4,4,1,1,EUSKADI,EUR,numeric,10.0,2026-06-15 19:53:12
2361327,4,4,1,3,ESTATAL,EUR,numeric,4.0,2026-06-16 16:37:40
2211924,4,4,1,2,ESTATAL,EUR,numeric,130.0,2026-06-13 14:08:39
2065784,4,4,1,4,EUSKADI,EUR,numeric,173.0,2026-06-17 16:14:44
2138429,4,4,1,2,PERU,PEN,numeric,10.0,2026-06-17 22:59:36
MAH-03-02851,4,4,2,1,VALENCIA,EUR,string,20.0,2026-06-13 17:08:48
2538132,4,4,3,2,EUSKADI,EUR,numeric,4.0,2026-06-19 07:03:53
2021409,4,4,1,1,MURCIA,EUR,numeric,21.0,2026-06-16 15:44:08
MAH-03-27791,4,4,4,2,VALENCIA,EUR,string,0.4,2026-06-14 09:46:56
MAH-01-51281,4,4,4,2,EUSKADI,EUR,string,0.4,2026-06-16 17:44:13
MAH-01-51281,4,4,4,2,EUSKADI,EUR,string,0.4,2026-06-16 17:46:11
2575500,4,4,1,1,ESTATAL,EUR,numeric,33.0,2026-06-17 00:12:15
1785187,4,4,1,2,ESTATAL,EUR,numeric,5.0,2026-06-16 23:19:26
1637681,4,4,1,1,EUSKADI,EUR,numeric,21.0,2026-06-19 17:41:40
2332354,4,4,1,2,ESTATAL,EUR,numeric,85.0,2026-06-18 15:18:11
1861692,4,4,1,1,ESTATAL,EUR,numeric,10.0,2026-06-16 07:25:59
429358,4,4,1,1,EUSKADI,EUR,numeric,20.0,2026-06-11 18:58:39
429358,4,4,1,2,EUSKADI,EUR,numeric,8.0,2026-06-14 09:46:18
2102484,4,4,1,1,ESTATAL,EUR,numeric,450.0,2026-06-17 16:53:09
1810137,4,4,1,1,GALICIA,EUR,numeric,80.0,2026-06-17 23:49:27
1287767,4,4,1,1,ESTATAL,EUR,numeric,100.0,2026-06-12 18:50:42
1287767,4,4,1,1,ESTATAL,EUR,numeric,140.0,2026-06-12 17:37:42
1955658,4,4,1,2,ESTATAL,EUR,numeric,48.0,2026-06-17 03:54:30
1955658,4,4,1,2,ESTATAL,EUR,numeric,40.0,2026-06-16 18:39:02
1686290,4,4,1,1,EUSKADI,EUR,numeric,30.0,2026-06-15 18:22:28
1702204,4,4,1,1,ESTATAL,EUR,numeric,12.39,2026-06-15 00:00:25
1955658,4,4,1,1,ESTATAL,EUR,numeric,45.0,2026-06-15 15:53:28
2332354,4,4,1,2,ESTATAL,EUR,numeric,145.0,2026-06-12 01:00:17
928165,4,4,1,2,ESTATAL,EUR,numeric,4.0,2026-06-19 18:06:54
1957591,4,4,1,1,ESTATAL,EUR,numeric,4.0,2026-06-20 19:06:28
MAH-03-24832,4,4,1,2,VALENCIA,EUR,string,40.0,2026-06-15 15:41:23
1117587,4,4,3,2,EUSKADI,EUR,numeric,8.0,2026-06-13 21:25:38
1243925,4,4,1,1,MURCIA,EUR,numeric,80.0,2026-06-18 23:29:39
2154939,4,4,4,1,NAVARRA,EUR,numeric,10.0,2026-06-14 15:20:56
980902,4,4,1,1,MURCIA,EUR,numeric,80.0,2026-06-11 18:44:44
980902,4,4,1,1,MURCIA,EUR,numeric,40.0,2026-06-13 18:54:18
2190533,4,4,1,2,PERU,PEN,numeric,20.0,2026-06-14 22:55:08
1287767,4,4,1,1,ESTATAL,EUR,numeric,60.0,2026-06-16 21:39:19
1165784,4,4,1,1,ESTATAL,EUR,numeric,20.0,2026-06-14 16:01:18
2473333,4,4,1,1,EUSKADI,EUR,numeric,4.0,2026-06-13 22:10:36
2332354,4,4,1,2,ESTATAL,EUR,numeric,85.0,2026-06-17 00:53:40
1465095,4,4,1,1,ESTATAL,EUR,numeric,115.0,2026-06-18 21:08:26
2575500,4,4,1,1,ESTATAL,EUR,numeric,22.5,2026-06-17 00:30:06
980902,4,4,1,1,MURCIA,EUR,numeric,40.0,2026-06-12 01:54:20
MAH-04-07936,4,4,4,1,GALICIA,EUR,string,1.6,2026-06-17 16:27:10
2256548,4,4,1,3,EUSKADI,EUR,numeric,4.0,2026-06-11 18:18:05
2570363,4,4,1,4,ESTATAL,EUR,numeric,22.0,2026-06-17 16:24:15
MAH-04-07526,4,4,1,2,GALICIA,EUR,string,20.0,2026-06-20 16:55:41
2563103,4,4,1,1,ESTATAL,EUR,numeric,4.0,2026-06-12 21:00:23
2332354,4,4,1,2,ESTATAL,EUR,numeric,85.0,2026-06-17 00:53:46
2055398,4,4,1,2,ESTATAL,EUR,numeric,30.0,2026-06-12 09:53:29
2173310,4,4,1,4,GALICIA,EUR,numeric,20.0,2026-06-19 18:17:29
980902,4,4,1,1,MURCIA,EUR,numeric,60.0,2026-06-13 18:51:39
2190533,4,4,1,1,PERU,PEN,numeric,20.0,2026-06-12 01:56:49
980902,4,4,1,1,MURCIA,EUR,numeric,60.0,2026-06-14 00:55:37
MAH-04-07767,4,4,1,1,GALICIA,EUR,string,80.0,2026-06-18 21:02:48
1885150,4,4,1,1,EUSKADI,EUR,numeric,16.0,2026-06-12 17:13:54
2291322,4,4,1,1,ANDALUCIA,EUR,numeric,100.0,2026-06-14 15:57:04
2570363,4,4,1,2,ESTATAL,EUR,numeric,35.0,2026-06-20 03:08:31
1990877,4,4,1,1,MURCIA,EUR,numeric,78.8,2026-06-17 05:37:13
1422581,4,4,1,4,ESTATAL,EUR,numeric,325.25,2026-06-15 23:24:35
2089452,4,4,4,2,EUSKADI,EUR,numeric,1.2,2026-06-15 15:10:44
1885150,4,4,2,1,EUSKADI,EUR,numeric,20.0,2026-06-16 17:49:48
MAH-04-07769,4,4,4,4,GALICIA,EUR,string,0.4,2026-06-16 11:51:33
1196978,4,4,1,2,ESTATAL,EUR,numeric,355.0,2026-06-14 22:28:27
2629251,4,4,1,2,ESTATAL,EUR,numeric,16.0,2026-06-15 14:43:35
MAH-04-07490,4,4,1,2,GALICIA,EUR,string,80.0,2026-06-20 16:56:25
MAH-01-55361,4,4,4,2,EUSKADI,EUR,string,0.4,2026-06-17 16:58:34
2414048,4,4,1,1,ANDALUCIA,EUR,numeric,100.0,2026-06-15 14:18:22
2211924,4,4,1,1,ESTATAL,EUR,numeric,100.0,2026-06-18 18:01:05
MAH-01-05194,4,4,1,2,EUSKADI,EUR,string,9.5,2026-06-13 13:14:47
2089330,4,4,4,1,EUSKADI,EUR,numeric,0.4,2026-06-15 08:00:00
MAH-01-51281,4,4,4,4,EUSKADI,EUR,string,0.4,2026-06-15 10:35:59
2138429,4,4,1,2,PERU,PEN,numeric,39.7,2026-06-18 01:58:21
2332354,4,4,1,2,ESTATAL,EUR,numeric,85.0,2026-06-18 15:18:16
2332354,4,4,1,2,ESTATAL,EUR,numeric,85.0,2026-06-15 21:16:27
2042570,4,4,1,2,MADRID,EUR,numeric,20.0,2026-06-20 00:14:39
2332354,4,4,1,2,ESTATAL,EUR,numeric,85.0,2026-06-17 00:53:51
1124515,4,4,1,1,ESTATAL,EUR,numeric,99.0,2026-06-20 00:15:45
2083006,4,4,1,1,MADRID,EUR,numeric,23.0,2026-06-14 22:08:57
MAH-06-23002,4,4,4,4,LA RIOJA,EUR,string,2.4,2026-06-19 15:21:54
429358,4,4,1,2,EUSKADI,EUR,numeric,20.0,2026-06-13 18:21:24
2629105,4,4,1,3,EUSKADI,EUR,numeric,12.0,2026-06-14 19:13:57
MAH-03-27057,4,4,1,1,VALENCIA,EUR,string,40.0,2026-06-15 18:44:52
2563103,4,4,1,2,ESTATAL,EUR,numeric,8.8,2026-06-15 15:33:42
650727,4,4,1,1,EUSKADI,EUR,numeric,4.0,2026-06-10 21:06:43
MAH-04-07490,4,4,1,2,GALICIA,EUR,string,40.0,2026-06-18 19:52:50
1427434,4,4,1,1,ESTATAL,EUR,numeric,4.0,2026-06-15 15:04:14
MAH-01-01125,4,4,4,2,EUSKADI,EUR,string,2.0,2026-06-17 16:29:20
TPV-23-01301,4,4,2,1,PERU,PEN,string,8.0,2026-06-16 01:49:25
2502424,4,4,4,3,EUSKADI,EUR,numeric,0.8,2026-06-16 17:27:12
1957591,4,4,1,1,ESTATAL,EUR,numeric,4.0,2026-06-20 16:31:38
2021409,4,4,1,1,MURCIA,EUR,numeric,22.0,2026-06-16 15:45:25
2084965,4,4,1,4,ANDALUCIA,EUR,numeric,36.0,2026-06-15 08:27:37
2629327,4,4,1,1,ESTATAL,EUR,numeric,65.0,2026-06-19 05:25:21
2585932,4,4,1,1,ESTATAL,EUR,numeric,120.0,2026-06-14 13:06:31
2227091,4,4,1,4,EUSKADI,EUR,numeric,36.0,2026-06-14 18:14:58
MAH-01-01125,4,4,4,2,EUSKADI,EUR,string,1.2,2026-06-18 15:37:54
MAH-01-01125,4,4,4,2,EUSKADI,EUR,string,0.8,2026-06-16 16:56:00
MAH-04-07767,4,4,1,1,GALICIA,EUR,string,80.0,2026-06-11 21:55:38
2222157,4,4,1,4,PERU,PEN,numeric,36.1,2026-06-14 00:44:13
MAH-04-64046,4,4,4,4,GALICIA,EUR,string,0.4,2026-06-10 11:35:53
MAH-01-51181,4,4,1,1,EUSKADI,EUR,string,200.0,2026-06-15 18:45:14
MAH-04-07767,4,4,1,1,GALICIA,EUR,string,80.0,2026-06-17 19:11:13
MAH-10-30009,4,4,1,1,MADRID,EUR,string,100.0,2026-06-14 19:13:28
2351963,4,4,1,2,EUSKADI,EUR,numeric,86.3,2026-06-15 14:21:53
650727,4,4,1,1,EUSKADI,EUR,numeric,4.0,2026-06-16 17:35:11
1292753,4,4,1,2,EUSKADI,EUR,numeric,19.0,2026-06-18 18:16:29
2203696,4,4,4,2,GALICIA,EUR,numeric,0.4,2026-06-14 18:51:17
1810137,4,4,1,1,GALICIA,EUR,numeric,80.0,2026-06-17 23:57:42
MAH-11-07007,4,4,4,1,CATALUNYA,EUR,string,4.0,2026-06-11 16:54:28
2190533,4,4,1,1,PERU,PEN,numeric,20.0,2026-06-16 21:57:18
MAH-04-64021,4,4,1,2,GALICIA,EUR,string,100.0,2026-06-11 15:22:49
1930213,4,4,1,1,PERU,PEN,numeric,42.0,2026-06-19 19:03:03
980902,4,4,1,1,MURCIA,EUR,numeric,60.0,2026-06-14 19:56:17
980902,4,4,1,1,MURCIA,EUR,numeric,60.0,2026-06-14 00:56:05
2565422,4,4,1,1,ESTATAL,EUR,numeric,20.0,2026-06-13 20:53:09
2575500,4,4,1,1,ESTATAL,EUR,numeric,33.0,2026-06-16 13:15:03
928165,3,3,1,2,ESTATAL,EUR,numeric,3.0,2026-06-12 21:54:33
MAH-19-20001,3,3,1,1,ANDALUCIA,EUR,string,30.0,2026-06-21 18:56:05
MAH-01-49781,3,3,1,2,EUSKADI,EUR,string,7.5,2026-06-20 19:25:48
1683640,3,3,1,1,ESTATAL,EUR,numeric,212.0,2026-06-22 16:03:38
1685962,3,3,1,1,ESTATAL,EUR,numeric,60.0,2026-06-13 21:41:47
1885150,3,3,1,1,EUSKADI,EUR,numeric,15.0,2026-06-17 18:13:23
1683640,3,3,1,1,ESTATAL,EUR,numeric,150.0,2026-06-23 19:29:22
MAH-01-55212,3,3,1,3,EUSKADI,EUR,string,10.0,2026-06-10 08:29:42
1353770,3,3,3,1,LA RIOJA,EUR,numeric,300.0,2026-06-13 03:07:58
2208140,3,3,3,1,ESTATAL,EUR,numeric,0.6000000000000001,2026-06-13 19:04:02
2208140,3,3,3,1,ESTATAL,EUR,numeric,0.6000000000000001,2026-06-20 16:31:20
MAH-03-27653,3,3,3,2,VALENCIA,EUR,string,0.8999999999999999,2026-06-13 09:05:07
MAH-04-07490,3,3,1,1,GALICIA,EUR,string,60.0,2026-06-13 18:02:20
833377,3,3,1,2,NAVARRA,EUR,numeric,3.0,2026-06-15 07:03:35
MAH-19-20001,3,3,1,1,ANDALUCIA,EUR,string,15.0,2026-06-23 16:30:22
1447711,3,3,1,1,ESTATAL,EUR,numeric,10.0,2026-06-14 19:36:57
1702204,3,3,1,1,ESTATAL,EUR,numeric,9.55,2026-06-22 22:58:14
MAH-03-27653,3,3,3,1,VALENCIA,EUR,string,0.8999999999999999,2026-06-17 14:14:31
MAH-03-27653,3,3,3,2,VALENCIA,EUR,string,0.6000000000000001,2026-06-17 14:12:44
2208140,3,3,3,1,ESTATAL,EUR,numeric,0.6000000000000001,2026-06-19 21:39:39
2625893,3,3,1,2,MADRID,EUR,numeric,100.0,2026-06-11 18:55:17
1684812,3,3,1,3,EUSKADI,EUR,numeric,22.23,2026-06-16 13:29:00
MAH-04-07419,3,3,3,3,GALICIA,EUR,string,0.30000000000000004,2026-06-21 15:16:33
MAH-01-05264,3,3,1,2,EUSKADI,EUR,string,40.0,2026-06-23 19:19:31
MAH-01-53322,3,3,1,3,EUSKADI,EUR,string,25.0,2026-06-21 17:51:49
2042570,3,3,1,2,MADRID,EUR,numeric,25.0,2026-06-19 18:41:07
1013664,3,3,1,2,NAVARRA,EUR,numeric,88.0,2026-06-17 17:04:56
2083318,3,3,1,2,PERU,PEN,numeric,12.0,2026-06-15 15:30:21
979113,3,3,1,3,EUSKADI,EUR,numeric,3.0,2026-06-23 21:14:21
MAH-16-12001,3,3,1,2,CANTABRIA,EUR,string,3.0,2026-06-13 18:59:51
1696482,3,3,1,2,PERU,PEN,numeric,30.0,2026-06-20 02:16:37
2436951,3,3,1,1,PERU,PEN,numeric,150.0,2026-06-17 22:55:09
1377160,3,3,1,2,EUSKADI,EUR,numeric,8.0,2026-06-13 20:48:31
650727,3,3,1,1,EUSKADI,EUR,numeric,3.0,2026-06-19 12:32:02
MAH-01-13272,3,3,1,1,EUSKADI,EUR,string,5.0,2026-06-13 20:36:08
1515868,3,3,1,3,ESTATAL,EUR,numeric,30.0,2026-06-22 16:33:19
MAH-08-39001,3,3,1,1,MURCIA,EUR,string,15.0,2026-06-23 16:52:10
MAH-04-07767,3,3,1,2,GALICIA,EUR,string,56.6,2026-06-17 19:09:18
844747,3,3,3,3,EUSKADI,EUR,numeric,0.30000000000000004,2026-06-14 10:27:31
2586017,3,3,1,2,CANARIAS,EUR,numeric,35.0,2026-06-18 20:46:40
1852829,3,3,1,2,PERU,PEN,numeric,50.0,2026-06-14 03:56:29
MAH-03-27653,3,3,3,2,VALENCIA,EUR,string,0.6000000000000001,2026-06-15 13:15:57
1422336,3,3,1,3,ESTATAL,EUR,numeric,6.5,2026-06-23 16:36:44
2585932,3,3,1,1,ESTATAL,EUR,numeric,155.0,2026-06-16 18:16:19
MAH-03-28042,3,3,1,2,VALENCIA,EUR,string,3.0,2026-06-21 15:46:45
2414048,3,3,1,1,ANDALUCIA,EUR,numeric,30.0,2026-06-10 18:08:49
1868077,3,3,1,1,EUSKADI,EUR,numeric,15.0,2026-06-23 16:50:42
2018959,3,3,1,1,ESTATAL,EUR,numeric,250.0,2026-06-20 18:21:36
1686290,3,3,1,1,EUSKADI,EUR,numeric,9.0,2026-06-17 00:04:10
980902,3,3,1,1,MURCIA,EUR,numeric,75.0,2026-06-14 00:26:45
2138429,3,3,1,2,PERU,PEN,numeric,30.0,2026-06-14 03:58:50
2586017,3,3,1,1,CANARIAS,EUR,numeric,45.0,2026-06-16 18:27:44
MAH-03-27653,3,3,3,1,VALENCIA,EUR,string,0.8999999999999999,2026-06-10 14:29:20
1465095,3,3,1,1,ESTATAL,EUR,numeric,85.0,2026-06-21 15:31:02
1683640,3,3,1,1,ESTATAL,EUR,numeric,150.0,2026-06-20 22:56:25
2362198,3,3,3,3,GALICIA,EUR,numeric,0.30000000000000004,2026-06-09 14:20:09
MAH-01-04921,3,3,1,1,EUSKADI,EUR,string,32.7,2026-06-15 16:53:48
2150818,3,3,1,1,ESTATAL,EUR,numeric,150.0,2026-06-15 16:26:41
1405598,3,3,1,1,ESTATAL,EUR,numeric,23.57,2026-06-19 14:22:18
MAH-03-27573,3,3,1,1,VALENCIA,EUR,string,12.0,2026-06-13 21:46:48
1852829,3,3,1,2,PERU,PEN,numeric,60.0,2026-06-14 19:05:35
1961518,3,3,1,1,ANDALUCIA,EUR,numeric,225.0,2026-06-13 14:36:43
MAH-01-01125,3,3,1,2,EUSKADI,EUR,string,3.0,2026-06-12 15:33:06
MAH-03-27573,3,3,1,2,VALENCIA,EUR,string,12.5,2026-06-21 15:42:43
TPV-23-02401,3,3,1,1,PERU,PEN,string,250.0,2026-06-11 20:01:02
MAH-04-07767,3,3,1,1,GALICIA,EUR,string,60.0,2026-06-11 20:01:01
1124515,3,3,1,1,ESTATAL,EUR,numeric,75.0,2026-06-18 16:54:54
1861692,3,3,1,2,ESTATAL,EUR,numeric,9.0,2026-06-15 16:54:46
2222157,3,3,1,3,PERU,PEN,numeric,30.0,2026-06-18 21:02:45
2227091,3,3,1,3,EUSKADI,EUR,numeric,30.0,2026-06-14 18:13:47
MAH-03-24901,3,3,1,2,VALENCIA,EUR,string,8.1,2026-06-15 18:54:07
1531407,3,3,3,2,VALENCIA,EUR,numeric,0.6000000000000001,2026-06-20 18:07:34
MAH-04-07419,3,3,3,1,GALICIA,EUR,string,0.30000000000000004,2026-06-21 15:14:40
2585932,3,3,1,1,ESTATAL,EUR,numeric,59.5,2026-06-18 23:33:43
1959354,3,3,1,3,PERU,PEN,numeric,30.0,2026-06-23 16:31:46
MAH-03-27161,3,3,1,1,VALENCIA,EUR,string,54.0,2026-06-14 16:20:23
1582135,3,3,1,1,ESTATAL,EUR,numeric,40.0,2026-06-19 00:48:33
2138429,3,3,1,1,PERU,PEN,numeric,9.0,2026-06-12 01:33:49
2138429,3,3,1,1,PERU,PEN,numeric,9.0,2026-06-14 19:59:08
2629327,3,3,1,1,ESTATAL,EUR,numeric,55.0,2026-06-16 19:02:23
MAH-04-07767,3,3,1,2,GALICIA,EUR,string,55.0,2026-06-17 20:55:09
980902,3,3,1,1,MURCIA,EUR,numeric,30.0,2026-06-13 23:19:30
1258136,3,3,1,3,ESTATAL,EUR,numeric,33.0,2026-06-15 15:33:03
2068112,3,3,1,2,EUSKADI,EUR,numeric,50.1,2026-06-15 15:33:46
2629327,3,3,1,1,ESTATAL,EUR,numeric,30.0,2026-06-20 05:31:19
1861692,3,3,1,1,ESTATAL,EUR,numeric,12.0,2026-06-21 14:33:10
1261603,3,3,1,1,ESTATAL,EUR,numeric,4.0,2026-06-23 19:23:57
MAH-16-12003,3,3,1,1,CANTABRIA,EUR,string,3.0,2026-06-13 00:34:21
2362198,3,3,3,2,GALICIA,EUR,numeric,0.30000000000000004,2026-06-09 14:18:08
2159085,3,3,3,2,ESTATAL,EUR,numeric,0.30000000000000004,2026-06-21 13:47:20
1761052,3,3,3,2,GALICIA,EUR,numeric,0.30000000000000004,2026-06-21 13:06:21
1637681,3,3,1,1,EUSKADI,EUR,numeric,16.5,2026-06-20 18:49:20
2042570,3,3,1,2,MADRID,EUR,numeric,15.0,2026-06-23 19:16:39
2011479,3,3,1,1,PERU,PEN,numeric,3.0,2026-06-16 20:37:25
1683640,3,3,1,1,ESTATAL,EUR,numeric,150.0,2026-06-11 18:59:31
1686290,3,3,1,3,EUSKADI,EUR,numeric,15.0,2026-06-15 21:07:11
1785187,3,3,1,1,ESTATAL,EUR,numeric,3.0,2026-06-14 21:07:22
2159085,3,3,3,1,ESTATAL,EUR,numeric,0.6000000000000001,2026-06-21 15:32:58
2565058,3,3,1,1,ESTATAL,EUR,numeric,30.0,2026-06-18 18:53:45
1683640,3,3,1,1,ESTATAL,EUR,numeric,187.36,2026-06-12 18:49:28
1697730,3,3,1,3,EUSKADI,EUR,numeric,75.0,2026-06-15 15:57:00
1680829,3,3,1,1,ESTATAL,EUR,numeric,50.0,2026-06-16 22:15:13
2244352,3,3,1,1,ESTATAL,EUR,numeric,150.0,2026-06-17 09:43:39
MAH-01-04892,3,3,2,1,EUSKADI,EUR,string,3.0,2026-06-13 19:38:40
1465095,3,3,1,1,ESTATAL,EUR,numeric,87.0,2026-06-18 21:08:53
2257738,3,3,1,2,PERU,PEN,numeric,30.0,2026-06-19 00:44:43
2138429,3,3,1,1,PERU,PEN,numeric,15.0,2026-06-23 18:27:29
844747,3,3,3,2,EUSKADI,EUR,numeric,0.30000000000000004,2026-06-19 18:12:36
2585932,3,3,1,1,ESTATAL,EUR,numeric,45.0,2026-06-16 22:30:12
MAH-03-03813,3,3,3,1,VALENCIA,EUR,string,0.30000000000000004,2026-06-19 16:21:14
2138429,3,3,1,1,PERU,PEN,numeric,37.0,2026-06-19 23:59:53
2414048,3,3,1,1,ANDALUCIA,EUR,numeric,35.95,2026-06-14 22:30:38
2018959,3,3,1,1,ESTATAL,EUR,numeric,170.0,2026-06-13 18:08:22
1203256,3,3,1,1,EUSKADI,EUR,numeric,175.0,2026-06-16 22:02:10
2540401,3,3,1,3,ESTATAL,EUR,numeric,51.0,2026-06-20 14:03:43
2204218,3,3,1,1,ESTATAL,EUR,numeric,21.0,2026-06-19 21:23:49
MAH-01-55361,3,3,3,2,EUSKADI,EUR,string,0.30000000000000004,2026-06-18 18:38:10
MAH-19-20001,3,3,1,1,ANDALUCIA,EUR,string,15.0,2026-06-23 16:27:45
MAH-19-20001,3,3,1,1,ANDALUCIA,EUR,string,15.5,2026-06-23 16:31:27
2585932,3,3,1,1,ESTATAL,EUR,numeric,125.0,2026-06-10 18:22:52
1465095,3,3,1,1,ESTATAL,EUR,numeric,85.0,2026-06-23 19:35:12
2222157,3,3,1,3,PERU,PEN,numeric,30.0,2026-06-14 15:13:39
MAH-19-20002,3,3,1,1,ANDALUCIA,EUR,string,30.0,2026-06-22 16:56:40
MAH-19-20001,3,3,1,1,ANDALUCIA,EUR,string,15.0,2026-06-23 16:26:52
MAH-16-12001,3,3,1,1,CANTABRIA,EUR,string,3.0,2026-06-21 15:52:43
1885150,3,3,2,1,EUSKADI,EUR,numeric,15.0,2026-06-14 19:11:30
2184411,3,3,1,1,ESTATAL,EUR,numeric,368.0,2026-06-14 21:59:38
1305980,3,3,1,1,ESTATAL,EUR,numeric,19.5,2026-06-17 00:39:45
2585932,3,3,1,1,ESTATAL,EUR,numeric,80.0,2026-06-19 00:00:04
2138429,3,3,1,1,PERU,PEN,numeric,20.0,2026-06-21 17:57:23
844747,3,3,3,3,EUSKADI,EUR,numeric,0.30000000000000004,2026-06-17 11:09:16
844747,3,3,3,2,EUSKADI,EUR,numeric,0.30000000000000004,2026-06-13 10:14:49
2138429,3,3,1,1,PERU,PEN,numeric,30.0,2026-06-22 16:50:21
2406705,3,3,1,3,CANARIAS,EUR,numeric,48.0,2026-06-20 00:21:13
2200692,3,3,1,1,ESTATAL,EUR,numeric,35.0,2026-06-12 12:20:39
2332354,3,3,1,2,ESTATAL,EUR,numeric,110.0,2026-06-15 21:16:43
2089452,3,3,1,2,EUSKADI,EUR,numeric,3.0,2026-06-12 10:17:59
2138429,3,3,1,1,PERU,PEN,numeric,64.0,2026-06-22 23:56:53
1261603,3,3,1,1,ESTATAL,EUR,numeric,3.0,2026-06-22 23:02:45
MAH-04-07704,3,3,1,1,GALICIA,EUR,string,3.0,2026-06-21 15:09:12
844747,3,3,3,2,EUSKADI,EUR,numeric,0.30000000000000004,2026-06-20 10:14:15
1582135,3,3,1,1,ESTATAL,EUR,numeric,55.0,2026-06-19 21:40:32
MAH-01-51281,3,3,3,3,EUSKADI,EUR,string,0.30000000000000004,2026-06-18 16:47:13
2184411,3,3,2,1,ESTATAL,EUR,numeric,400.0,2026-06-13 08:14:24
2570363,3,3,1,2,ESTATAL,EUR,numeric,39.75,2026-06-22 16:57:46
2107012,3,3,3,2,VALENCIA,EUR,numeric,0.30000000000000004,2026-06-12 16:15:43
MAH-04-07767,3,3,1,1,GALICIA,EUR,string,60.0,2026-06-15 15:18:26
2280483,3,3,1,2,EUSKADI,EUR,numeric,7.5,2026-06-15 18:41:08
1117587,3,3,2,2,EUSKADI,EUR,numeric,6.0,2026-06-14 13:37:38
2332354,3,3,1,2,ESTATAL,EUR,numeric,75.0,2026-06-19 18:03:07
1785187,3,3,1,1,ESTATAL,EUR,numeric,6.0,2026-06-12 19:32:42
1686290,3,3,1,2,EUSKADI,EUR,numeric,17.65,2026-06-18 14:01:10
1163482,3,3,1,2,ESTATAL,EUR,numeric,150.0,2026-06-13 22:19:01
2332354,3,3,1,2,ESTATAL,EUR,numeric,75.0,2026-06-17 00:53:58
MAH-03-27172,3,3,3,1,VALENCIA,EUR,string,304.0,2026-06-20 16:23:05
1117587,3,3,1,2,EUSKADI,EUR,numeric,6.0,2026-06-13 07:53:30
1287767,3,3,1,1,ESTATAL,EUR,numeric,60.0,2026-06-14 22:57:14
MAH-03-27651,3,3,3,1,VALENCIA,EUR,string,0.8999999999999999,2026-06-16 15:43:57
1287767,3,3,1,1,ESTATAL,EUR,numeric,105.0,2026-06-14 22:51:37
1287767,3,3,1,1,ESTATAL,EUR,numeric,180.0,2026-06-14 19:50:58
1852897,3,3,1,1,ESTATAL,EUR,numeric,30.0,2026-06-15 14:49:17
1287767,3,3,1,1,ESTATAL,EUR,numeric,60.0,2026-06-14 16:56:14
1516441,3,3,1,1,ESTATAL,EUR,numeric,45.0,2026-06-15 21:16:25
1852897,3,3,1,1,ESTATAL,EUR,numeric,15.0,2026-06-12 23:48:56
2134535,3,3,1,1,ESTATAL,EUR,numeric,60.0,2026-06-15 21:16:34
1287767,3,3,1,1,ESTATAL,EUR,numeric,225.0,2026-06-12 23:42:08
2057609,3,3,1,3,ESTATAL,EUR,numeric,15.0,2026-06-16 16:51:50
1684812,3,3,1,2,EUSKADI,EUR,numeric,3.0,2026-06-13 23:33:45
1789864,3,3,1,2,ESTATAL,EUR,numeric,15.0,2026-06-21 22:35:08
MAH-03-03813,3,3,3,1,VALENCIA,EUR,string,0.30000000000000004,2026-06-19 16:22:47
MAH-04-07767,3,3,1,2,GALICIA,EUR,string,50.0,2026-06-18 00:07:43
2322419,3,3,1,3,EUSKADI,EUR,numeric,6.0,2026-06-17 19:29:24
1243925,3,3,1,1,MURCIA,EUR,numeric,137.10000000000002,2026-06-18 21:59:15
MAH-03-03813,3,3,3,1,VALENCIA,EUR,string,0.30000000000000004,2026-06-12 15:17:32
2585932,3,3,1,1,ESTATAL,EUR,numeric,80.0,2026-06-21 18:40:47
1243925,3,3,1,1,MURCIA,EUR,numeric,150.0,2026-06-19 21:38:36
2585932,3,3,1,1,ESTATAL,EUR,numeric,50.0,2026-06-22 22:31:42
1243925,3,3,1,1,MURCIA,EUR,numeric,150.0,2026-06-16 21:54:01
MAH-03-24215,3,3,2,2,VALENCIA,EUR,string,50.0,2026-06-19 21:54:48
1858699,3,3,1,3,PERU,PEN,numeric,80.0,2026-06-23 19:04:08
MAH-16-12003,3,3,1,1,CANTABRIA,EUR,string,3.0,2026-06-13 00:37:41
2211924,3,3,1,1,ESTATAL,EUR,numeric,62.0,2026-06-11 21:19:32
2390026,3,3,1,3,EUSKADI,EUR,numeric,20.0,2026-06-12 07:40:48
MAH-03-02851,3,3,1,1,VALENCIA,EUR,string,15.0,2026-06-19 17:59:39
MAH-03-24213,3,3,1,3,VALENCIA,EUR,string,25.0,2026-06-17 19:57:59
MAH-04-07490,3,3,1,2,GALICIA,EUR,string,60.0,2026-06-20 16:58:21
1885150,3,3,1,1,EUSKADI,EUR,numeric,20.4,2026-06-21 10:18:49
MAH-03-27653,3,3,3,2,VALENCIA,EUR,string,0.30000000000000004,2026-06-13 09:04:38
2211924,3,3,1,1,ESTATAL,EUR,numeric,80.0,2026-06-13 21:20:33
2526227,3,3,1,2,EUSKADI,EUR,numeric,6.0,2026-06-15 18:42:17
1861692,3,3,1,1,ESTATAL,EUR,numeric,12.0,2026-06-19 17:44:17
1287767,3,3,1,1,ESTATAL,EUR,numeric,300.0,2026-06-15 14:33:34
1981489,3,3,1,1,EUSKADI,EUR,numeric,34.0,2026-06-17 19:58:47
2570363,3,3,1,2,ESTATAL,EUR,numeric,15.52,2026-06-15 17:24:11
1203256,3,3,1,3,EUSKADI,EUR,numeric,150.0,2026-06-16 21:58:54
1353770,3,3,3,1,LA RIOJA,EUR,numeric,300.0,2026-06-15 01:53:24
2211924,3,3,1,1,ESTATAL,EUR,numeric,60.0,2026-06-14 08:41:24
2349430,3,3,3,1,EUSKADI,EUR,numeric,9.0,2026-06-17 16:11:12
MAH-21-15001,3,3,1,1,BALEARES,EUR,string,15.0,2026-06-16 09:38:06
2145810,3,3,3,1,ESTATAL,EUR,numeric,0.6000000000000001,2026-06-09 17:53:35
1287767,3,3,1,1,ESTATAL,EUR,numeric,105.0,2026-06-14 03:08:29
980902,3,3,1,1,MURCIA,EUR,numeric,75.0,2026-06-14 00:26:54
2406705,3,3,1,2,CANARIAS,EUR,numeric,50.0,2026-06-19 22:30:37
1287767,3,3,1,1,ESTATAL,EUR,numeric,90.0,2026-06-13 18:05:32
2083006,3,3,1,1,MADRID,EUR,numeric,23.0,2026-06-14 22:13:28
2134535,3,3,1,1,ESTATAL,EUR,numeric,30.0,2026-06-15 21:26:28
1955658,3,3,1,1,ESTATAL,EUR,numeric,40.0,2026-06-17 16:01:11
1465095,3,3,1,1,ESTATAL,EUR,numeric,80.0,2026-06-15 14:21:13
2406705,3,3,1,1,CANARIAS,EUR,numeric,150.0,2026-06-18 18:58:02
1686290,3,3,1,1,EUSKADI,EUR,numeric,15.0,2026-06-18 18:13:07
1981489,3,3,1,1,EUSKADI,EUR,numeric,55.0,2026-06-19 18:39:27
1981489,3,3,1,1,EUSKADI,EUR,numeric,59.24,2026-06-17 16:51:40
1981489,3,3,1,1,EUSKADI,EUR,numeric,61.4,2026-06-14 16:42:06
MAH-04-07767,3,3,1,2,GALICIA,EUR,string,60.0,2026-06-14 16:53:48
528917,3,3,1,1,EUSKADI,EUR,numeric,4.1,2026-06-15 15:23:31
430769,3,3,1,1,EUSKADI,EUR,numeric,3.0,2026-06-13 01:28:57
2577466,3,3,1,3,PERU,PEN,numeric,150.0,2026-06-19 18:53:54
2577466,3,3,1,3,PERU,PEN,numeric,150.0,2026-06-18 18:53:16
2585932,3,3,1,1,ESTATAL,EUR,numeric,155.0,2026-06-16 21:14:28
1852829,3,3,1,3,PERU,PEN,numeric,30.0,2026-06-15 11:51:09
MAH-23-01405,3,3,1,2,PERU,PEN,string,775.0,2026-06-20 00:03:05
1192902,3,3,1,2,EUSKADI,EUR,numeric,3.36,2026-06-15 15:46:09
2600028,3,3,1,1,ESTATAL,EUR,numeric,75.0,2026-06-10 20:58:48
429910,3,3,1,1,EUSKADI,EUR,numeric,6.0,2026-06-14 16:48:56
1663202,3,3,1,2,ESTATAL,EUR,numeric,67.66,2026-06-12 20:26:19
1981489,3,3,1,1,EUSKADI,EUR,numeric,57.0,2026-06-13 21:42:06
1981489,3,3,1,1,EUSKADI,EUR,numeric,51.0,2026-06-20 16:37:56
1981489,3,3,1,1,EUSKADI,EUR,numeric,44.0,2026-06-12 18:50:29
1122489,3,3,1,1,ESTATAL,EUR,numeric,1050.0,2026-06-19 21:51:17
1981489,3,3,1,1,EUSKADI,EUR,numeric,41.0,2026-06-13 19:01:36
MAH-01-51281,3,3,1,2,EUSKADI,EUR,string,9.0,2026-06-12 18:07:17
MAH-04-64022,3,3,1,1,GALICIA,EUR,string,66.8,2026-06-16 12:49:36
1280259,3,3,3,1,GALICIA,EUR,numeric,60.0,2026-06-16 18:38:40
MAH-04-07419,3,3,3,2,GALICIA,EUR,string,0.6000000000000001,2026-06-22 15:31:41
2570363,3,3,1,1,ESTATAL,EUR,numeric,32.0,2026-06-17 01:43:06
MAH-04-07490,3,3,1,2,GALICIA,EUR,string,60.0,2026-06-22 16:48:33
2190533,3,3,1,1,PERU,PEN,numeric,20.0,2026-06-16 00:51:20
1192902,3,3,1,3,EUSKADI,EUR,numeric,3.0,2026-06-21 15:22:29
1684812,3,3,1,3,EUSKADI,EUR,numeric,6.7,2026-06-17 17:22:39
2563103,3,3,1,2,ESTATAL,EUR,numeric,3.0,2026-06-12 18:45:17
2208140,3,3,3,1,ESTATAL,EUR,numeric,0.6000000000000001,2026-06-20 16:33:31
2576520,3,3,1,1,ESTATAL,EUR,numeric,78.4,2026-06-23 19:55:33
TPV-23-02401,3,3,1,1,PERU,PEN,string,200.0,2026-06-11 18:50:38
MAH-01-13233,3,3,1,1,EUSKADI,EUR,string,90.0,2026-06-21 18:30:25
1203256,3,3,1,3,EUSKADI,EUR,numeric,120.0,2026-06-15 18:57:27
2336320,3,3,3,2,ESTATAL,EUR,numeric,60.0,2026-06-22 14:18:05
1637681,3,3,1,1,EUSKADI,EUR,numeric,15.5,2026-06-20 16:38:31
1637681,3,3,1,1,EUSKADI,EUR,numeric,21.0,2026-06-17 19:27:56
2575500,3,3,1,3,ESTATAL,EUR,numeric,15.0,2026-06-12 22:12:25
2222157,3,3,1,2,PERU,PEN,numeric,30.0,2026-06-13 21:24:24
2102484,3,3,1,1,ESTATAL,EUR,numeric,284.0,2026-06-14 00:42:38
MAH-03-03813,3,3,3,2,VALENCIA,EUR,string,0.6000000000000001,2026-06-12 15:44:55
1073327,3,3,1,3,ESTATAL,EUR,numeric,15.0,2026-06-22 20:38:48
MAH-05-15024,3,3,3,1,ARAGON,EUR,string,4.5,2026-06-22 19:20:35
MAH-01-55212,3,3,1,3,EUSKADI,EUR,string,20.0,2026-06-13 08:48:44
1930213,3,3,1,1,PERU,PEN,numeric,70.0,2026-06-21 21:15:46
MAH-03-27573,3,3,1,1,VALENCIA,EUR,string,15.0,2026-06-20 22:55:22
2260320,3,3,1,2,ANDALUCIA,EUR,numeric,10.0,2026-06-17 00:46:59
2083006,3,3,1,1,MADRID,EUR,numeric,7.0,2026-06-12 23:44:53
2570363,3,3,1,3,ESTATAL,EUR,numeric,27.0,2026-06-17 23:00:53
2222157,3,3,1,3,PERU,PEN,numeric,30.0,2026-06-16 14:53:23
1268192,3,3,1,3,ESTATAL,EUR,numeric,29.4,2026-06-23 19:03:38
MAH-04-07391,3,3,3,3,GALICIA,EUR,string,0.6000000000000001,2026-06-20 09:22:53
1454068,3,3,3,1,ESTATAL,EUR,numeric,30.0,2026-06-22 21:04:06
MAH-04-07781,3,3,1,3,GALICIA,EUR,string,8.0,2026-06-17 19:17:06
2211924,3,3,1,1,ESTATAL,EUR,numeric,136.8,2026-06-17 21:55:24
MAH-03-27653,3,3,3,2,VALENCIA,EUR,string,0.6000000000000001,2026-06-14 09:06:42
MAH-01-01671,3,3,1,2,EUSKADI,EUR,string,3.0,2026-06-15 15:46:51
1203256,3,3,1,2,EUSKADI,EUR,numeric,150.0,2026-06-15 11:21:04
1981489,3,3,1,1,EUSKADI,EUR,numeric,52.0,2026-06-17 04:42:05
2138429,3,3,1,2,PERU,PEN,numeric,30.0,2026-06-22 00:59:13
MAH-05-15131,3,3,1,2,ARAGON,EUR,string,15.0,2026-06-17 18:52:07
MAH-04-07767,3,3,1,2,GALICIA,EUR,string,50.0,2026-06-17 16:50:18
MAH-04-07702,3,3,1,3,GALICIA,EUR,string,50.0,2026-06-16 16:10:19
MAH-01-51183,3,3,2,2,EUSKADI,EUR,string,30.0,2026-06-17 16:01:27
2332354,3,3,1,2,ESTATAL,EUR,numeric,75.0,2026-06-19 18:03:13
2332354,3,3,1,2,ESTATAL,EUR,numeric,75.0,2026-06-16 17:32:31
1465095,3,3,1,1,ESTATAL,EUR,numeric,120.0,2026-06-15 14:20:44
2349430,3,3,3,1,EUSKADI,EUR,numeric,12.0,2026-06-19 14:29:59
1663202,3,3,1,2,ESTATAL,EUR,numeric,30.0,2026-06-19 20:44:35
2492185,3,3,1,1,ESTATAL,EUR,numeric,17.5,2026-06-11 18:30:33
MAH-02-01883,3,3,1,1,NAVARRA,EUR,string,58.0,2026-06-13 17:42:33
MAH-07-04006,3,3,1,1,CATALUNYA,EUR,string,10.0,2026-06-17 20:40:21
MAH-01-18001,3,3,1,3,EUSKADI,EUR,string,3.0,2026-06-20 16:08:02
1868077,3,3,1,1,EUSKADI,EUR,numeric,15.0,2026-06-23 19:07:27
2349430,3,3,3,1,EUSKADI,EUR,numeric,4.199999999999999,2026-06-13 09:10:04
2349430,3,3,3,2,EUSKADI,EUR,numeric,9.899999999999999,2026-06-15 12:20:22
2349430,3,3,3,1,EUSKADI,EUR,numeric,6.0,2026-06-17 16:09:09
1073327,3,3,1,3,ESTATAL,EUR,numeric,9.899999999999999,2026-06-21 15:22:27
MAH-01-53322,3,3,1,3,EUSKADI,EUR,string,16.0,2026-06-20 16:38:27
2436951,3,3,1,1,PERU,PEN,numeric,39.900000000000006,2026-06-23 02:47:25
2190533,3,3,1,1,PERU,PEN,numeric,30.0,2026-06-13 01:12:35
MAH-03-27573,3,3,1,1,VALENCIA,EUR,string,4.0,2026-06-21 17:32:08
1680829,3,3,1,1,ESTATAL,EUR,numeric,100.0,2026-06-21 20:09:30
2190533,3,3,1,1,PERU,PEN,numeric,15.0,2026-06-22 00:59:17
1930213,3,3,1,2,PERU,PEN,numeric,180.0,2026-06-23 19:49:56
MAH-01-04905,3,3,1,3,EUSKADI,EUR,string,58.8,2026-06-23 16:20:47
1683640,3,3,1,1,ESTATAL,EUR,numeric,150.0,2026-06-18 01:06:40
2207543,3,3,1,1,ESTATAL,EUR,numeric,45.0,2026-06-10 18:00:53
2632562,3,3,1,3,ESTATAL,EUR,numeric,100.0,2026-06-17 16:25:54
1683640,3,3,1,1,ESTATAL,EUR,numeric,225.0,2026-06-17 22:33:10
2181512,3,3,1,1,ESTATAL,EUR,numeric,250.0,2026-06-17 16:17:12
MAH-11-09013,3,3,1,3,CATALUNYA,EUR,string,3.0,2026-06-17 23:56:37
1454068,3,3,1,2,ESTATAL,EUR,numeric,105.0,2026-06-13 23:31:34
1637681,3,3,1,1,EUSKADI,EUR,numeric,12.1,2026-06-15 18:13:16
2102484,3,3,1,1,ESTATAL,EUR,numeric,225.0,2026-06-10 10:07:33
2107012,3,3,3,1,VALENCIA,EUR,numeric,0.30000000000000004,2026-06-19 16:42:13
2575500,3,3,1,1,ESTATAL,EUR,numeric,20.0,2026-06-20 19:11:56
1465095,3,3,1,1,ESTATAL,EUR,numeric,150.0,2026-06-17 10:02:17
2042570,3,3,1,1,MADRID,EUR,numeric,15.0,2026-06-21 15:44:27
1637681,3,3,1,1,EUSKADI,EUR,numeric,20.4,2026-06-13 16:46:33
2575500,3,3,1,1,ESTATAL,EUR,numeric,20.0,2026-06-20 19:11:01
1447711,3,3,1,1,ESTATAL,EUR,numeric,3.0,2026-06-20 19:01:34
2332354,3,3,1,2,ESTATAL,EUR,numeric,130.0,2026-06-14 22:41:28
MAH-01-05264,3,3,1,1,EUSKADI,EUR,string,30.0,2026-06-16 18:03:21
2306331,3,3,3,2,EUSKADI,EUR,numeric,0.30000000000000004,2026-06-21 20:42:18
980902,3,3,1,2,MURCIA,EUR,numeric,30.0,2026-06-12 18:49:35
1073327,3,3,1,3,ESTATAL,EUR,numeric,9.0,2026-06-19 23:13:21
2222157,3,3,1,3,PERU,PEN,numeric,30.0,2026-06-17 16:43:45
2349430,3,3,3,2,EUSKADI,EUR,numeric,18.0,2026-06-16 15:06:50
430769,3,3,1,1,EUSKADI,EUR,numeric,3.0,2026-06-14 17:19:13
2353387,3,3,1,2,EUSKADI,EUR,numeric,35.0,2026-06-17 16:50:55
2138429,3,3,1,1,PERU,PEN,numeric,15.0,2026-06-17 16:57:27
980902,3,3,1,1,MURCIA,EUR,numeric,60.0,2026-06-10 22:52:36
2138429,3,3,1,1,PERU,PEN,numeric,9.0,2026-06-17 22:58:48
650727,3,3,1,1,EUSKADI,EUR,numeric,3.0,2026-06-13 21:02:04
650727,3,3,1,1,EUSKADI,EUR,numeric,3.0,2026-06-23 16:59:53
1551750,3,3,1,2,ESTATAL,EUR,numeric,100.0,2026-06-16 21:24:48
2406705,3,3,1,1,CANARIAS,EUR,numeric,100.0,2026-06-22 18:34:24
MAH-23-01409,3,3,1,2,PERU,PEN,string,7.0,2026-06-21 18:58:17
1931919,3,3,1,2,ESTATAL,EUR,numeric,75.0,2026-06-10 17:18:37
2186222,3,3,1,2,ESTATAL,EUR,numeric,7.5,2026-06-22 14:53:08
MAH-05-15121,3,3,2,3,ARAGON,EUR,string,15.0,2026-06-16 21:46:17
1163242,3,3,1,1,ESTATAL,EUR,numeric,50.269999999999996,2026-06-16 18:34:11
2576520,3,3,1,1,ESTATAL,EUR,numeric,100.0,2026-06-20 00:16:27
2576520,3,3,1,1,ESTATAL,EUR,numeric,49.75,2026-06-16 08:27:28
1431634,3,3,1,1,ESTATAL,EUR,numeric,30.0,2026-06-23 14:11:59
2192129,3,3,1,2,ESTATAL,EUR,numeric,27.8,2026-06-16 14:47:28
1784044,3,3,1,2,PERU,PEN,numeric,25.0,2026-06-13 18:55:15
2190533,3,3,1,1,PERU,PEN,numeric,30.0,2026-06-19 21:59:00
2565422,3,3,1,1,ESTATAL,EUR,numeric,22.77,2026-06-16 18:35:19
2296128,3,3,1,1,ESTATAL,EUR,numeric,40.0,2026-06-12 19:05:06
1991382,3,3,1,3,ESTATAL,EUR,numeric,30.0,2026-06-18 21:20:53
MAH-04-07769,3,3,3,2,GALICIA,EUR,string,0.6000000000000001,2026-06-17 11:44:54
2570363,3,3,1,1,ESTATAL,EUR,numeric,25.0,2026-06-23 21:09:51
429358,3,3,1,3,EUSKADI,EUR,numeric,15.0,2026-06-19 13:55:36
MAH-04-07002,3,3,3,2,GALICIA,EUR,string,0.30000000000000004,2026-06-09 14:24:57
1161191,3,3,1,1,ESTATAL,EUR,numeric,37.5,2026-06-15 17:25:22
1073327,3,3,1,2,ESTATAL,EUR,numeric,21.0,2026-06-18 14:38:27
1726057,3,3,1,2,ESTATAL,EUR,numeric,3.0,2026-06-13 21:59:17
1422336,3,3,1,2,ESTATAL,EUR,numeric,9.7,2026-06-14 10:41:39
2138429,3,3,1,1,PERU,PEN,numeric,60.0,2026-06-14 16:58:03
1162502,3,3,1,1,ESTATAL,EUR,numeric,72.0,2026-06-21 14:27:34
2222157,3,3,1,3,PERU,PEN,numeric,30.0,2026-06-21 21:04:13
1950339,3,3,1,2,VALENCIA,EUR,numeric,20.0,2026-06-14 16:26:57
MAH-01-13242,3,3,1,1,EUSKADI,EUR,string,3.0,2026-06-13 19:48:43
MAH-01-13232,3,3,1,1,EUSKADI,EUR,string,40.0,2026-06-19 22:10:04
1353770,3,3,3,1,LA RIOJA,EUR,numeric,300.0,2026-06-15 01:53:10
1270274,3,3,1,1,ESTATAL,EUR,numeric,6.0,2026-06-21 18:27:24
2577466,3,3,1,3,PERU,PEN,numeric,150.0,2026-06-17 03:43:58
1761574,3,3,1,1,GALICIA,EUR,numeric,51.0,2026-06-18 17:59:13
1353581,3,3,1,1,ESTATAL,EUR,numeric,15.0,2026-06-15 16:58:27
1683640,3,3,1,1,ESTATAL,EUR,numeric,225.0,2026-06-10 18:32:47
2102484,3,3,1,1,ESTATAL,EUR,numeric,350.0,2026-06-12 23:37:58
1865995,3,3,1,1,ESTATAL,EUR,numeric,130.0,2026-06-15 16:55:14
1683640,3,3,1,1,ESTATAL,EUR,numeric,150.0,2026-06-19 21:25:19
1930213,3,3,1,1,PERU,PEN,numeric,40.0,2026-06-23 01:17:43
1073327,3,3,1,1,ESTATAL,EUR,numeric,15.0,2026-06-22 20:37:35
1762862,3,3,1,1,ESTATAL,EUR,numeric,80.0,2026-06-15 18:44:22
1683640,3,3,1,1,ESTATAL,EUR,numeric,300.0,2026-06-17 00:27:33
1907431,3,3,3,1,VALENCIA,EUR,numeric,0.6000000000000001,2026-06-21 14:26:15
1683640,3,3,1,1,ESTATAL,EUR,numeric,150.0,2026-06-13 18:08:59
2102484,3,3,1,1,ESTATAL,EUR,numeric,347.17,2026-06-11 22:51:24
2072776,3,3,1,1,PERU,PEN,numeric,357.98,2026-06-22 16:28:57
MAH-04-07767,3,3,1,2,GALICIA,EUR,string,60.0,2026-06-17 20:54:32
430446,3,3,1,1,EUSKADI,EUR,numeric,66.2,2026-06-16 18:43:53
2042570,3,3,1,2,MADRID,EUR,numeric,15.0,2026-06-21 18:41:24
MAH-04-07253,3,3,1,1,GALICIA,EUR,string,30.0,2026-06-15 17:34:10
2208140,3,3,3,1,ESTATAL,EUR,numeric,0.6000000000000001,2026-06-13 19:02:53
2588339,3,3,1,1,ESTATAL,EUR,numeric,116.0,2026-06-22 20:41:31
1684812,3,3,1,3,EUSKADI,EUR,numeric,12.07,2026-06-17 19:24:50
2042570,3,3,1,1,MADRID,EUR,numeric,14.0,2026-06-18 21:11:09
844747,3,3,3,3,EUSKADI,EUR,numeric,0.30000000000000004,2026-06-21 10:38:04
2203591,3,3,3,1,GALICIA,EUR,numeric,0.6000000000000001,2026-06-17 19:41:54
432106,3,3,1,2,EUSKADI,EUR,numeric,6.0,2026-06-23 19:53:46
2390026,3,3,1,3,EUSKADI,EUR,numeric,20.0,2026-06-11 08:25:00
MAH-03-27651,3,3,3,1,VALENCIA,EUR,string,0.30000000000000004,2026-06-22 14:23:47
2629327,3,3,1,1,ESTATAL,EUR,numeric,36.0,2026-06-17 19:22:20
2492185,3,3,1,3,ESTATAL,EUR,numeric,55.0,2026-06-22 16:48:15
MAH-03-24045,3,3,1,1,VALENCIA,EUR,string,6.0,2026-06-21 15:41:41
928165,3,3,1,2,ESTATAL,EUR,numeric,3.0,2026-06-19 21:12:23
980562,3,3,1,2,ESTATAL,EUR,numeric,45.0,2026-06-13 09:43:25
MAH-01-01506,3,3,1,1,EUSKADI,EUR,string,3.0,2026-06-14 11:30:48
2222157,3,3,1,3,PERU,PEN,numeric,30.0,2026-06-21 18:44:42
MAH-01-01010,3,3,1,1,EUSKADI,EUR,string,3.7,2026-06-20 16:56:20
1865995,3,3,1,1,ESTATAL,EUR,numeric,105.0,2026-06-15 21:27:53
2336320,3,3,3,1,ESTATAL,EUR,numeric,6.0,2026-06-16 16:23:14
2537088,3,3,1,3,EUSKADI,EUR,numeric,4.199999999999999,2026-06-18 22:03:01
2222157,3,3,1,3,PERU,PEN,numeric,31.0,2026-06-16 00:11:40
2222157,3,3,1,3,PERU,PEN,numeric,28.439999999999998,2026-06-18 15:07:29
1686290,3,3,1,2,EUSKADI,EUR,numeric,14.2,2026-06-18 20:55:05
MAH-01-05203,3,3,2,1,EUSKADI,EUR,string,32.0,2026-06-21 18:38:43
931196,3,3,1,1,LA RIOJA,EUR,numeric,60.0,2026-06-22 00:53:38
1686290,3,3,1,2,EUSKADI,EUR,numeric,12.5,2026-06-18 20:58:15
2102484,3,3,1,2,ESTATAL,EUR,numeric,210.0,2026-06-17 23:02:47
2159085,3,3,3,2,ESTATAL,EUR,numeric,0.6000000000000001,2026-06-18 18:43:20
1480752,3,3,1,2,ESTATAL,EUR,numeric,75.0,2026-06-18 01:35:39
1480752,3,3,1,3,ESTATAL,EUR,numeric,50.0,2026-06-20 00:25:12
MAH-04-07769,3,3,3,3,GALICIA,EUR,string,0.6000000000000001,2026-06-17 11:41:05
1637681,3,3,1,2,EUSKADI,EUR,numeric,10.0,2026-06-15 18:17:28
1930213,3,3,1,1,PERU,PEN,numeric,115.0,2026-06-22 19:28:19
1637681,3,3,1,1,EUSKADI,EUR,numeric,18.0,2026-06-22 16:41:28
2549761,3,3,1,3,EUSKADI,EUR,numeric,30.0,2026-06-12 21:12:53
2576412,3,3,1,3,ESTATAL,EUR,numeric,6.0,2026-06-15 14:25:40
2143851,3,3,3,1,ESTATAL,EUR,numeric,4.800000000000001,2026-06-20 19:09:59
1163072,3,3,1,3,ESTATAL,EUR,numeric,15.0,2026-06-12 19:20:29
1981489,3,3,1,1,EUSKADI,EUR,numeric,61.0,2026-06-15 15:50:01
MAH-03-26015,3,3,1,1,VALENCIA,EUR,string,144.5,2026-06-22 16:21:33
2089330,3,3,3,2,EUSKADI,EUR,numeric,0.30000000000000004,2026-06-14 08:22:41
2406705,3,3,1,1,CANARIAS,EUR,numeric,144.0,2026-06-20 02:43:03
1663202,3,3,1,2,ESTATAL,EUR,numeric,30.0,2026-06-19 18:21:22
1353770,3,3,3,1,LA RIOJA,EUR,numeric,300.0,2026-06-13 03:07:51
1868077,3,3,1,1,EUSKADI,EUR,numeric,5.0,2026-06-15 17:42:13
2406705,3,3,1,1,CANARIAS,EUR,numeric,50.0,2026-06-22 00:56:31
MAH-03-27574,3,3,1,1,VALENCIA,EUR,string,20.0,2026-06-23 19:25:03
MAH-23-01405,3,3,1,2,PERU,PEN,string,6.0,2026-06-17 00:33:57
2211924,3,3,1,1,ESTATAL,EUR,numeric,75.6,2026-06-20 18:41:26
1122489,3,3,1,1,ESTATAL,EUR,numeric,450.0,2026-06-16 22:56:15
1981489,3,3,1,1,EUSKADI,EUR,numeric,49.0,2026-06-21 18:56:40
2586206,3,3,1,1,ESTATAL,EUR,numeric,39.260000000000005,2026-06-22 16:55:47
2320951,3,3,3,1,ESTATAL,EUR,numeric,5.4,2026-06-18 18:57:50
2011170,3,3,1,2,ESTATAL,EUR,numeric,25.0,2026-06-17 15:58:12
1270274,3,3,1,1,ESTATAL,EUR,numeric,3.0,2026-06-18 20:41:00
2222157,3,3,1,3,PERU,PEN,numeric,30.0,2026-06-16 21:23:18
2222157,3,3,1,3,PERU,PEN,numeric,30.0,2026-06-17 22:04:26
2502424,3,3,3,3,EUSKADI,EUR,numeric,0.30000000000000004,2026-06-19 22:06:12
MAH-03-27791,3,3,3,2,VALENCIA,EUR,string,0.30000000000000004,2026-06-17 14:14:49
MAH-04-07767,3,3,1,1,GALICIA,EUR,string,60.0,2026-06-15 15:17:54
MAH-02-01802,3,3,3,1,NAVARRA,EUR,string,2.0999999999999996,2026-06-16 18:58:50
MAH-05-15091,3,3,1,2,ARAGON,EUR,string,80.0,2026-06-22 15:36:03
2549761,3,3,3,1,EUSKADI,EUR,numeric,15.0,2026-06-12 21:23:23
2362282,3,3,1,3,GALICIA,EUR,numeric,60.0,2026-06-17 16:27:04
MAH-04-64046,3,3,3,1,GALICIA,EUR,string,0.30000000000000004,2026-06-10 11:39:58
2329715,3,3,1,1,PERU,PEN,numeric,3.0,2026-06-13 20:46:55
1323584,3,3,1,1,ESTATAL,EUR,numeric,7.0,2026-06-21 16:15:23
1377160,3,3,1,2,EUSKADI,EUR,numeric,15.0,2026-06-23 20:14:37
MAH-03-27791,3,3,3,2,VALENCIA,EUR,string,0.30000000000000004,2026-06-17 13:49:42
1074156,3,3,1,1,NAVARRA,EUR,numeric,9.0,2026-06-14 16:59:54
1930213,3,3,1,1,PERU,PEN,numeric,40.5,2026-06-21 18:44:05
2352147,3,3,1,3,EUSKADI,EUR,numeric,8.3,2026-06-17 16:16:49
2138429,3,3,1,1,PERU,PEN,numeric,15.0,2026-06-20 13:01:17
2138429,3,3,1,1,PERU,PEN,numeric,15.0,2026-06-20 13:08:15
2047817,3,3,1,1,ESTATAL,EUR,numeric,151.0,2026-06-15 18:29:06
MAH-18-01004,3,3,1,1,ASTURIAS,EUR,string,10.0,2026-06-14 16:59:55
1515868,3,3,1,2,ESTATAL,EUR,numeric,40.0,2026-06-20 16:30:02
2136747,3,3,1,1,ESTATAL,EUR,numeric,40.0,2026-06-14 19:50:55
430046,3,3,1,2,EUSKADI,EUR,numeric,300.0,2026-06-21 17:34:54
1981489,3,3,1,1,EUSKADI,EUR,numeric,45.4,2026-06-13 19:58:36
2423414,3,3,3,1,ESTATAL,EUR,numeric,75.0,2026-06-13 20:33:52
2575500,3,3,1,1,ESTATAL,EUR,numeric,18.0,2026-06-21 21:14:13
1637681,3,3,1,1,EUSKADI,EUR,numeric,11.809999999999999,2026-06-22 19:38:16
2570363,3,3,1,1,ESTATAL,EUR,numeric,70.0,2026-06-23 00:04:00
2541912,3,3,1,3,ESTATAL,EUR,numeric,20.0,2026-06-18 01:20:26
MAH-04-07769,3,3,3,3,GALICIA,EUR,string,0.30000000000000004,2026-06-09 11:36:45
2222157,3,3,1,2,PERU,PEN,numeric,30.0,2026-06-14 19:44:26
MAH-01-55361,3,3,3,2,EUSKADI,EUR,string,0.30000000000000004,2026-06-21 18:22:36
1702380,3,3,1,1,EUSKADI,EUR,numeric,20.0,2026-06-21 16:55:50
2407647,3,3,1,1,PERU,PEN,numeric,30.0,2026-06-12 16:13:43
2134535,3,3,3,1,ESTATAL,EUR,numeric,75.0,2026-06-16 10:39:37
MAH-04-07767,3,3,1,2,GALICIA,EUR,string,60.0,2026-06-18 01:00:17
1683640,3,3,1,1,ESTATAL,EUR,numeric,150.0,2026-06-15 21:43:55
2563395,3,3,1,1,ESTATAL,EUR,numeric,15.0,2026-06-20 19:22:49
MAH-01-49411,3,3,3,2,EUSKADI,EUR,string,9.0,2026-06-21 08:12:16
1073327,3,3,1,3,ESTATAL,EUR,numeric,15.0,2026-06-22 16:49:02
1861692,3,3,1,1,ESTATAL,EUR,numeric,6.0,2026-06-10 18:35:47
1930213,3,3,1,1,PERU,PEN,numeric,40.0,2026-06-21 22:31:52
2634749,3,3,1,3,ESTATAL,EUR,numeric,5.1,2026-06-21 17:54:34
MAH-01-13233,3,3,1,1,EUSKADI,EUR,string,150.0,2026-06-18 18:57:08
MAH-04-06478,3,3,1,1,GALICIA,EUR,string,33.0,2026-06-22 19:26:48
MAH-16-12003,3,3,1,1,CANTABRIA,EUR,string,3.0,2026-06-13 19:27:25
2192129,3,3,1,1,ESTATAL,EUR,numeric,22.2,2026-06-16 14:52:04
MAH-23-01401,3,3,1,2,PERU,PEN,string,5.0,2026-06-20 17:29:01
2190533,3,3,1,1,PERU,PEN,numeric,15.0,2026-06-17 00:44:55
430769,3,3,1,3,EUSKADI,EUR,numeric,3.0,2026-06-22 16:18:57
2159085,3,3,3,3,ESTATAL,EUR,numeric,0.75,2026-06-18 18:40:16
1684812,3,3,1,3,EUSKADI,EUR,numeric,17.990000000000002,2026-06-22 16:57:23
2329715,3,3,3,1,PERU,PEN,numeric,3.0,2026-06-16 20:37:26
2200895,3,3,3,2,GALICIA,EUR,numeric,0.8999999999999999,2026-06-22 15:21:50
2113657,3,3,1,3,ESTATAL,EUR,numeric,9.99,2026-06-17 00:55:31
1683640,3,3,1,1,ESTATAL,EUR,numeric,150.0,2026-06-19 23:17:41
MAH-03-02851,3,3,1,3,VALENCIA,EUR,string,15.0,2026-06-16 17:18:58
2502900,3,3,3,2,EUSKADI,EUR,numeric,15.0,2026-06-10 14:22:14
2149886,3,3,1,2,ESTATAL,EUR,numeric,78.30000000000001,2026-06-16 18:30:33
2222157,3,3,1,3,PERU,PEN,numeric,30.0,2026-06-15 01:11:07
1683640,3,3,1,1,ESTATAL,EUR,numeric,150.0,2026-06-21 21:35:49
482135,3,3,1,2,EUSKADI,EUR,numeric,75.0,2026-06-21 15:15:36
2222157,3,3,1,3,PERU,PEN,numeric,30.0,2026-06-17 19:08:24
1465095,3,3,1,1,ESTATAL,EUR,numeric,90.0,2026-06-21 15:31:26
2222157,3,3,1,3,PERU,PEN,numeric,30.0,2026-06-20 23:11:32
2222157,3,3,1,3,PERU,PEN,numeric,27.0,2026-06-20 15:30:48
1280259,3,3,1,3,GALICIA,EUR,numeric,60.0,2026-06-23 19:25:08
2222157,3,3,1,3,PERU,PEN,numeric,30.4,2026-06-23 14:36:32
1852829,3,3,1,2,PERU,PEN,numeric,50.0,2026-06-13 18:58:58
2055398,3,3,1,3,ESTATAL,EUR,numeric,30.0,2026-06-14 12:17:25
1280259,3,3,1,3,GALICIA,EUR,numeric,60.0,2026-06-22 15:06:03
1981489,3,3,1,1,EUSKADI,EUR,numeric,15.0,2026-06-19 18:44:17
2473333,3,3,1,1,EUSKADI,EUR,numeric,3.0,2026-06-20 23:08:50
2406705,3,3,1,2,CANARIAS,EUR,numeric,300.0,2026-06-23 19:55:53
844747,3,3,3,3,EUSKADI,EUR,numeric,0.30000000000000004,2026-06-15 15:48:54
2349430,3,3,3,1,EUSKADI,EUR,numeric,12.0,2026-06-13 09:05:18
2349430,3,3,3,1,EUSKADI,EUR,numeric,12.0,2026-06-22 10:11:29
1971267,3,3,1,2,EUSKADI,EUR,numeric,5.5,2026-06-21 12:36:55
1619279,3,3,3,2,GALICIA,EUR,numeric,8.0,2026-06-22 10:00:50
MAH-01-51281,3,3,3,2,EUSKADI,EUR,string,0.30000000000000004,2026-06-13 17:59:01
1858699,3,3,1,2,PERU,PEN,numeric,50.0,2026-06-22 21:09:39
469581,3,3,1,1,EUSKADI,EUR,numeric,15.0,2026-06-19 18:59:18
1930213,3,3,1,3,PERU,PEN,numeric,30.0,2026-06-23 01:25:09
1165998,3,3,1,1,ESTATAL,EUR,numeric,50.0,2026-06-15 21:57:34
2577466,2,2,1,2,PERU,PEN,numeric,100.0,2026-06-15 19:02:36
1770964,2,2,1,1,ESTATAL,EUR,numeric,200.0,2026-06-13 23:16:35
MAH-02-11002,2,2,1,1,NAVARRA,EUR,string,4.0,2026-06-16 07:32:33
1465095,2,2,1,1,ESTATAL,EUR,numeric,65.0,2026-06-18 21:07:56
1467011,2,2,1,1,EUSKADI,EUR,numeric,2.0,2026-06-20 19:53:40
2173310,2,2,1,1,GALICIA,EUR,numeric,10.0,2026-06-19 19:10:17
MAH-23-01407,2,2,1,2,PERU,PEN,string,4.0,2026-06-22 22:32:23
2406705,2,2,1,1,CANARIAS,EUR,numeric,75.0,2026-06-20 00:23:16
1422336,2,2,1,2,ESTATAL,EUR,numeric,11.5,2026-06-22 20:46:06
2259640,2,2,1,2,MURCIA,EUR,numeric,15.0,2026-06-15 16:09:56
1956608,2,2,1,1,ESTATAL,EUR,numeric,6.0,2026-06-11 18:00:50
2414048,2,2,1,1,ANDALUCIA,EUR,numeric,23.25,2026-06-14 17:59:50
2600816,2,2,1,2,ESTATAL,EUR,numeric,100.0,2026-06-22 20:59:15
MAH-19-00301,2,2,1,1,ANDALUCIA,EUR,string,10.0,2026-06-19 17:52:00
MAH-01-55211,2,2,1,2,EUSKADI,EUR,string,20.0,2026-06-12 18:30:47
1467011,2,2,1,1,EUSKADI,EUR,numeric,6.0,2026-06-14 19:29:57
2190533,2,2,1,1,PERU,PEN,numeric,20.0,2026-06-21 04:02:54
1467011,2,2,1,1,EUSKADI,EUR,numeric,10.0,2026-06-11 18:28:57
1108620,2,2,1,1,MADRID,EUR,numeric,9.0,2026-06-22 15:56:37
MAH-03-03580,2,2,2,2,VALENCIA,EUR,string,0.2,2026-06-12 13:52:32
788308,2,2,1,1,EUSKADI,EUR,numeric,10.0,2026-06-23 17:25:15
931196,2,2,1,1,LA RIOJA,EUR,numeric,45.0,2026-06-21 19:12:02
MAH-01-01561,2,2,1,2,EUSKADI,EUR,string,10.0,2026-06-16 18:44:16
1751028,2,2,1,1,ESTATAL,EUR,numeric,91.58,2026-06-16 18:47:35
1122489,2,2,1,1,ESTATAL,EUR,numeric,555.0,2026-06-18 18:45:16
2107012,2,2,2,1,VALENCIA,EUR,numeric,0.2,2026-06-12 15:14:29
1287767,2,2,1,1,ESTATAL,EUR,numeric,100.0,2026-06-15 18:11:57
734089,2,2,1,2,EUSKADI,EUR,numeric,19.0,2026-06-20 16:42:28
2211924,2,2,1,1,ESTATAL,EUR,numeric,12.0,2026-06-18 21:13:29
1702204,2,2,1,1,ESTATAL,EUR,numeric,2.0,2026-06-21 21:42:07
2332354,2,2,1,1,ESTATAL,EUR,numeric,50.0,2026-06-19 23:43:32
2190533,2,2,1,2,PERU,PEN,numeric,20.0,2026-06-21 01:30:57
2585932,2,2,1,1,ESTATAL,EUR,numeric,100.0,2026-06-18 17:55:52
2138429,2,2,1,1,PERU,PEN,numeric,4.0,2026-06-19 08:52:11
2414048,2,2,1,1,ANDALUCIA,EUR,numeric,17.15,2026-06-12 20:01:46
MAH-01-01410,2,2,1,1,EUSKADI,EUR,string,66.3,2026-06-12 14:00:00
2011479,2,2,1,1,PERU,PEN,numeric,2.0,2026-06-17 23:14:07
MAH-03-26015,2,2,1,1,VALENCIA,EUR,string,70.0,2026-06-11 23:01:46
MAH-03-03555,2,2,2,1,VALENCIA,EUR,string,2.0,2026-06-23 10:52:09
1726471,2,2,1,1,EUSKADI,EUR,numeric,2.0,2026-06-15 22:35:14
734089,2,2,1,2,EUSKADI,EUR,numeric,2.0,2026-06-23 16:43:56
1280259,2,2,1,2,GALICIA,EUR,numeric,34.2,2026-06-22 20:24:56
2060222,2,2,2,1,ESTATAL,EUR,numeric,7.0,2026-06-09 09:29:31
2047817,2,2,1,1,ESTATAL,EUR,numeric,70.0,2026-06-20 19:23:16
1624919,2,2,1,1,ESTATAL,EUR,numeric,50.0,2026-06-15 15:53:12
2039133,2,2,1,1,ESTATAL,EUR,numeric,70.0,2026-06-15 15:21:09
1852897,2,2,1,1,ESTATAL,EUR,numeric,8.0,2026-06-13 21:20:55
1683640,2,2,1,1,ESTATAL,EUR,numeric,276.72,2026-06-19 00:10:57
844747,2,2,2,2,EUSKADI,EUR,numeric,0.2,2026-06-19 10:18:49
MAH-03-26015,2,2,1,1,VALENCIA,EUR,string,150.0,2026-06-11 23:00:11
2055398,2,2,1,1,ESTATAL,EUR,numeric,15.0,2026-06-15 18:41:50
1422336,2,2,1,1,ESTATAL,EUR,numeric,4.0,2026-06-20 00:42:06
2072776,2,2,1,1,PERU,PEN,numeric,50.0,2026-06-20 18:48:38
MAH-23-01406,2,2,1,2,PERU,PEN,string,5.0,2026-06-18 15:27:36
2272857,2,2,2,1,EUSKADI,EUR,numeric,40.0,2026-06-16 17:58:58
2135854,2,2,1,1,ESTATAL,EUR,numeric,4.0,2026-06-14 01:04:23
1984186,2,2,1,2,ESTATAL,EUR,numeric,2.0,2026-06-13 22:22:32
2055421,2,2,1,1,ANDALUCIA,EUR,numeric,50.0,2026-06-17 19:54:21
1798983,2,2,1,1,EUSKADI,EUR,numeric,20.0,2026-06-12 03:13:34
1686290,2,2,1,2,EUSKADI,EUR,numeric,10.0,2026-06-17 22:01:45
1258136,2,2,1,1,ESTATAL,EUR,numeric,6.0,2026-06-15 15:34:25
2222157,2,2,1,2,PERU,PEN,numeric,15.5,2026-06-17 00:28:04
1637681,2,2,1,1,EUSKADI,EUR,numeric,13.09,2026-06-21 17:55:54
2445861,2,2,2,1,EUSKADI,EUR,numeric,0.4,2026-06-17 19:33:05
2192600,2,2,1,2,ESTATAL,EUR,numeric,200.0,2026-06-20 21:13:06
2211924,2,2,1,1,ESTATAL,EUR,numeric,62.6,2026-06-18 21:10:52
1367010,2,2,1,1,EUSKADI,EUR,numeric,50.5,2026-06-20 00:09:05
2492185,2,2,1,1,ESTATAL,EUR,numeric,55.0,2026-06-15 18:49:41
2192600,2,2,1,2,ESTATAL,EUR,numeric,200.0,2026-06-15 23:38:41
2138429,2,2,1,2,PERU,PEN,numeric,17.0,2026-06-20 02:59:11
1353770,2,2,2,1,LA RIOJA,EUR,numeric,200.0,2026-06-18 10:30:09
844747,2,2,2,2,EUSKADI,EUR,numeric,0.2,2026-06-21 10:30:10
1930213,2,2,1,2,PERU,PEN,numeric,25.0,2026-06-23 16:16:40
1607042,2,2,1,1,ESTATAL,EUR,numeric,22.75,2026-06-20 04:37:54
1229888,2,2,1,1,ESTATAL,EUR,numeric,49.0,2026-06-17 00:13:09
2045987,2,2,1,1,PERU,PEN,numeric,20.0,2026-06-22 20:54:57
1885150,2,2,2,1,EUSKADI,EUR,numeric,19.0,2026-06-22 11:03:52
2060077,2,2,1,2,ESTATAL,EUR,numeric,2.0,2026-06-21 17:21:46
MAH-01-49852,2,2,2,1,EUSKADI,EUR,string,2.0,2026-06-23 11:43:58
MAH-19-20001,2,2,1,1,ANDALUCIA,EUR,string,10.0,2026-06-23 19:59:29
1885150,2,2,1,1,EUSKADI,EUR,numeric,12.0,2026-06-21 18:49:22
844747,2,2,2,2,EUSKADI,EUR,numeric,0.2,2026-06-21 15:45:42
2138429,2,2,1,1,PERU,PEN,numeric,6.0,2026-06-14 02:24:26
1261603,2,2,1,2,ESTATAL,EUR,numeric,4.0,2026-06-22 16:55:56
575608,2,2,1,2,EUSKADI,EUR,numeric,13.3,2026-06-21 15:13:28
MAH-01-04995,2,2,2,1,EUSKADI,EUR,string,13.0,2026-06-23 10:24:03
2570363,2,2,1,1,ESTATAL,EUR,numeric,10.0,2026-06-22 19:57:34
2173310,2,2,1,2,GALICIA,EUR,numeric,20.0,2026-06-21 15:37:18
1582135,2,2,1,1,ESTATAL,EUR,numeric,20.0,2026-06-22 16:59:41
MAH-04-07760,2,2,1,1,GALICIA,EUR,string,2.0,2026-06-23 16:15:16
2288851,2,2,1,1,PERU,PEN,numeric,3.0,2026-06-23 17:08:22
980902,2,2,1,1,MURCIA,EUR,numeric,30.0,2026-06-14 19:55:57
MAH-03-27091,2,2,1,1,VALENCIA,EUR,string,24.4,2026-06-16 21:33:43
MAH-01-05214,2,2,1,1,EUSKADI,EUR,string,2.0,2026-06-11 17:28:40
2629327,2,2,1,1,ESTATAL,EUR,numeric,10.0,2026-06-19 17:23:04
MAH-10-30009,2,2,1,1,MADRID,EUR,string,20.0,2026-06-13 17:57:31
MAH-19-20001,2,2,1,1,ANDALUCIA,EUR,string,10.0,2026-06-22 20:58:05
1957591,2,2,1,1,ESTATAL,EUR,numeric,2.85,2026-06-20 23:34:07
2296352,2,2,1,1,ANDALUCIA,EUR,numeric,85.0,2026-06-19 00:13:07
2631396,2,2,1,2,ESTATAL,EUR,numeric,3.0,2026-06-19 21:39:46
1280259,2,2,1,2,GALICIA,EUR,numeric,40.0,2026-06-22 20:24:22
1422336,2,2,1,1,ESTATAL,EUR,numeric,11.0,2026-06-23 19:16:50
1945494,2,2,1,1,ESTATAL,EUR,numeric,10.0,2026-06-15 15:54:14
1961518,2,2,1,1,ANDALUCIA,EUR,numeric,75.0,2026-06-19 15:43:26
MAH-19-20002,2,2,1,1,ANDALUCIA,EUR,string,40.0,2026-06-22 16:58:10
573383,2,2,1,2,EUSKADI,EUR,numeric,10.0,2026-06-21 22:37:33
MAH-01-49781,2,2,1,2,EUSKADI,EUR,string,2.0,2026-06-23 19:32:05
1516441,2,2,1,1,ESTATAL,EUR,numeric,50.0,2026-06-22 19:45:40
1516441,2,2,1,1,ESTATAL,EUR,numeric,50.0,2026-06-22 19:45:48
2584303,2,2,1,1,ESTATAL,EUR,numeric,7.5,2026-06-16 18:07:45
2407647,2,2,1,1,PERU,PEN,numeric,20.0,2026-06-14 19:49:44
MAH-10-30006,2,2,1,1,MADRID,EUR,string,10.0,2026-06-16 18:48:02
788308,2,2,1,2,EUSKADI,EUR,numeric,20.0,2026-06-17 16:37:52
1516441,2,2,1,1,ESTATAL,EUR,numeric,50.0,2026-06-22 19:45:34
2055398,2,2,1,1,ESTATAL,EUR,numeric,20.0,2026-06-15 17:31:17
2565422,2,2,1,1,ESTATAL,EUR,numeric,20.0,2026-06-13 17:38:35
MAH-03-03813,2,2,2,1,VALENCIA,EUR,string,0.2,2026-06-19 17:31:50
1761047,2,2,2,1,GALICIA,EUR,numeric,0.2,2026-06-15 09:15:42
1422336,2,2,1,1,ESTATAL,EUR,numeric,6.0,2026-06-21 15:51:04
2570363,2,2,1,1,ESTATAL,EUR,numeric,38.0,2026-06-15 19:37:40
2244352,2,2,1,1,ESTATAL,EUR,numeric,100.0,2026-06-19 13:36:52
MAH-01-05162,2,2,2,1,EUSKADI,EUR,string,40.0,2026-06-19 17:55:34
2011479,2,2,1,1,PERU,PEN,numeric,2.0,2026-06-12 19:46:55
1624919,2,2,1,1,ESTATAL,EUR,numeric,50.0,2026-06-15 15:52:02
1287767,2,2,1,1,ESTATAL,EUR,numeric,40.0,2026-06-13 21:59:11
MAH-03-02851,2,2,2,1,VALENCIA,EUR,string,10.0,2026-06-23 16:00:51
2406705,2,2,1,1,CANARIAS,EUR,numeric,10.0,2026-06-21 21:59:46
2203696,2,2,1,1,GALICIA,EUR,numeric,4.0,2026-06-13 17:14:41
2138429,2,2,1,1,PERU,PEN,numeric,10.0,2026-06-22 00:59:38
1800915,2,2,1,1,EUSKADI,EUR,numeric,25.0,2026-06-10 18:14:35
1353770,2,2,2,1,LA RIOJA,EUR,numeric,200.0,2026-06-18 10:30:03
2499816,2,2,1,2,EUSKADI,EUR,numeric,6.0,2026-06-18 14:43:24
2632503,2,2,1,2,PERU,PEN,numeric,52.0,2026-06-18 15:54:12
MAH-04-07767,2,2,1,1,GALICIA,EUR,string,40.0,2026-06-15 20:38:03
1467011,2,2,1,1,EUSKADI,EUR,numeric,19.0,2026-06-11 18:28:38
1117587,2,2,1,1,EUSKADI,EUR,numeric,4.0,2026-06-12 21:41:44
2570363,2,2,1,1,ESTATAL,EUR,numeric,11.0,2026-06-17 00:44:45
MAH-01-05341,2,2,1,1,EUSKADI,EUR,string,50.0,2026-06-17 22:53:25
1604718,2,2,2,1,CANTABRIA,EUR,numeric,20.0,2026-06-23 11:45:32
434749,2,2,1,1,EUSKADI,EUR,numeric,2.0,2026-06-17 12:12:00
1624919,2,2,1,2,ESTATAL,EUR,numeric,150.0,2026-06-15 21:56:58
1957591,2,2,1,1,ESTATAL,EUR,numeric,2.0,2026-06-21 22:03:59
1770964,2,2,1,1,ESTATAL,EUR,numeric,125.0,2026-06-13 23:24:47
1465095,2,2,1,1,ESTATAL,EUR,numeric,75.0,2026-06-21 15:44:01
2181908,2,2,1,2,ESTATAL,EUR,numeric,100.0,2026-06-21 15:50:08
2331632,2,2,1,2,ESTATAL,EUR,numeric,20.0,2026-06-15 15:28:30
1957591,2,2,1,1,ESTATAL,EUR,numeric,2.0,2026-06-21 22:04:44
2332354,2,2,1,1,ESTATAL,EUR,numeric,50.0,2026-06-20 04:33:18
1280259,2,2,1,1,GALICIA,EUR,numeric,40.0,2026-06-15 15:48:53
1192902,2,2,1,2,EUSKADI,EUR,numeric,2.0,2026-06-14 21:52:39
MAH-04-07767,2,2,1,1,GALICIA,EUR,string,30.0,2026-06-14 17:04:12
MAH-03-03360,2,2,1,1,VALENCIA,EUR,string,20.0,2026-06-21 15:20:06
2041554,2,2,1,2,ESTATAL,EUR,numeric,160.0,2026-06-13 21:33:39
MAH-23-01401,2,2,1,2,PERU,PEN,string,8.0,2026-06-12 16:56:18
1752281,2,2,1,1,ESTATAL,EUR,numeric,30.0,2026-06-11 03:51:57
2549766,2,2,1,2,EUSKADI,EUR,numeric,49.0,2026-06-17 16:18:02
MAH-04-07767,2,2,1,1,GALICIA,EUR,string,35.0,2026-06-18 01:03:13
2630223,2,2,1,2,CANARIAS,EUR,numeric,20.0,2026-06-22 15:10:41
1624919,2,2,1,1,ESTATAL,EUR,numeric,50.0,2026-06-15 15:52:47
2020818,2,2,1,1,EUSKADI,EUR,numeric,2.58,2026-06-20 22:47:40
2055398,2,2,1,1,ESTATAL,EUR,numeric,15.0,2026-06-21 15:56:31
430769,2,2,1,1,EUSKADI,EUR,numeric,2.0,2026-06-22 18:18:58
2054234,2,2,1,1,ESTATAL,EUR,numeric,200.0,2026-06-22 20:54:38
1785187,2,2,1,1,ESTATAL,EUR,numeric,3.0,2026-06-17 00:01:48
2138429,2,2,1,2,PERU,PEN,numeric,30.0,2026-06-22 18:13:59
1624919,2,2,1,1,ESTATAL,EUR,numeric,50.0,2026-06-15 15:53:24
1624919,2,2,1,1,ESTATAL,EUR,numeric,50.0,2026-06-15 18:28:05
1663202,2,2,1,1,ESTATAL,EUR,numeric,50.0,2026-06-13 14:51:23
2138429,2,2,1,1,PERU,PEN,numeric,20.0,2026-06-22 20:59:17
1516441,2,2,1,1,ESTATAL,EUR,numeric,50.0,2026-06-15 15:57:08
1624919,2,2,1,1,ESTATAL,EUR,numeric,50.0,2026-06-15 18:57:53
2579828,2,2,1,1,ESTATAL,EUR,numeric,2.0,2026-06-20 13:42:01
1624919,2,2,1,1,ESTATAL,EUR,numeric,50.0,2026-06-15 15:53:45
1624919,2,2,1,1,ESTATAL,EUR,numeric,50.0,2026-06-15 18:28:28
1422336,2,2,1,2,ESTATAL,EUR,numeric,6.4,2026-06-21 22:42:53
2629251,2,2,1,2,ESTATAL,EUR,numeric,10.0,2026-06-13 17:35:54
1287767,2,2,1,1,ESTATAL,EUR,numeric,60.0,2026-06-13 21:10:27
2134535,2,2,1,1,ESTATAL,EUR,numeric,50.0,2026-06-15 15:52:10
2190533,2,2,1,1,PERU,PEN,numeric,10.0,2026-06-14 00:59:13
1287767,2,2,1,1,ESTATAL,EUR,numeric,100.0,2026-06-15 21:51:59
1624919,2,2,1,1,ESTATAL,EUR,numeric,50.0,2026-06-15 15:52:08
1624919,2,2,1,1,ESTATAL,EUR,numeric,50.0,2026-06-15 15:52:26
2276480,2,2,1,1,GALICIA,EUR,numeric,10.0,2026-06-21 15:56:38
1516441,2,2,1,1,ESTATAL,EUR,numeric,50.0,2026-06-15 18:31:05
MAH-23-01409,2,2,1,1,PERU,PEN,string,198.0,2026-06-18 19:38:30
2563103,2,2,1,1,ESTATAL,EUR,numeric,4.0,2026-06-12 20:59:44
2134535,2,2,1,1,ESTATAL,EUR,numeric,100.0,2026-06-15 15:54:11
MAH-01-04897,2,2,1,1,EUSKADI,EUR,string,12.0,2026-06-21 11:40:01
2137463,2,2,1,1,PERU,PEN,numeric,16.0,2026-06-22 17:13:33
2575247,2,2,1,2,PERU,PEN,numeric,2.0,2026-06-18 20:02:42
428035,2,2,1,2,EUSKADI,EUR,numeric,14.0,2026-06-15 14:57:07
MAH-01-05203,2,2,1,1,EUSKADI,EUR,string,20.0,2026-06-23 19:14:56
2445384,2,2,1,2,EUSKADI,EUR,numeric,10.0,2026-06-18 16:44:15
2261061,2,2,1,1,ANDALUCIA,EUR,numeric,8.25,2026-06-10 20:47:53
756079,2,2,1,2,EUSKADI,EUR,numeric,60.0,2026-06-11 18:36:54
MAH-23-01405,2,2,1,1,PERU,PEN,string,155.0,2026-06-19 18:35:22
2134535,2,2,1,1,ESTATAL,EUR,numeric,100.0,2026-06-15 18:32:27
2190533,2,2,1,1,PERU,PEN,numeric,20.0,2026-06-17 19:59:37
1789864,2,2,1,2,ESTATAL,EUR,numeric,10.0,2026-06-19 21:13:24
2259640,2,2,1,1,MURCIA,EUR,numeric,20.0,2026-06-21 18:16:25
1704513,2,2,1,1,PERU,PEN,numeric,50.0,2026-06-20 04:06:07
MAH-23-01401,2,2,2,1,PERU,PEN,string,6.0,2026-06-20 22:57:40
2192600,2,2,1,2,ESTATAL,EUR,numeric,200.0,2026-06-15 23:40:21
2083318,2,2,1,2,PERU,PEN,numeric,8.0,2026-06-14 16:23:43
MAH-05-15101,2,2,2,1,ARAGON,EUR,string,20.0,2026-06-20 23:07:14
2152139,2,2,1,1,LA RIOJA,EUR,numeric,25.0,2026-06-19 23:31:37
1280259,2,2,1,1,GALICIA,EUR,numeric,20.0,2026-06-15 15:47:22
1353770,2,2,2,1,LA RIOJA,EUR,numeric,200.0,2026-06-19 22:20:43
MAH-03-27653,2,2,2,1,VALENCIA,EUR,string,0.6,2026-06-12 14:26:05
2629293,2,2,1,1,EUSKADI,EUR,numeric,4.0,2026-06-17 22:09:27
2173310,2,2,1,2,GALICIA,EUR,numeric,20.0,2026-06-15 14:55:15
1466448,2,2,1,2,ESTATAL,EUR,numeric,15.0,2026-06-14 15:52:52
2190533,2,2,1,1,PERU,PEN,numeric,10.0,2026-06-16 01:54:41
MAH-05-15274,2,2,2,1,ARAGON,EUR,string,10.0,2026-06-21 20:44:13
1870068,2,2,1,1,PERU,PEN,numeric,10.0,2026-06-10 20:48:27
2356359,2,2,1,1,MURCIA,EUR,numeric,10.0,2026-06-22 00:13:08
844747,2,2,2,2,EUSKADI,EUR,numeric,0.2,2026-06-09 09:51:36
2632503,2,2,1,2,PERU,PEN,numeric,30.0,2026-06-19 18:52:50
1287767,2,2,1,1,ESTATAL,EUR,numeric,50.0,2026-06-11 17:56:19
2392030,2,2,1,1,EUSKADI,EUR,numeric,82.0,2026-06-22 22:38:06
2570363,2,2,1,1,ESTATAL,EUR,numeric,11.31,2026-06-16 22:41:29
2577466,2,2,1,2,PERU,PEN,numeric,100.0,2026-06-21 21:35:25
2211924,2,2,1,1,ESTATAL,EUR,numeric,40.0,2026-06-13 21:48:19
MAH-19-20001,2,2,1,1,ANDALUCIA,EUR,string,10.0,2026-06-22 20:56:40
MAH-23-01401,2,2,1,2,PERU,PEN,string,5.0,2026-06-14 22:05:56
2043778,2,2,1,1,PERU,PEN,numeric,2.0,2026-06-14 19:56:19
1588346,2,2,1,2,ESTATAL,EUR,numeric,43.0,2026-06-12 21:04:34
2297005,2,2,1,1,ESTATAL,EUR,numeric,3.5,2026-06-21 21:29:56
2295260,2,2,1,2,PERU,PEN,numeric,3.0,2026-06-15 02:54:26
2042570,2,2,1,2,MADRID,EUR,numeric,10.0,2026-06-17 19:46:17
1531407,2,2,2,1,VALENCIA,EUR,numeric,2.6,2026-06-12 11:51:33
1990877,2,2,1,1,MURCIA,EUR,numeric,100.0,2026-06-15 15:20:19
1868077,2,2,1,1,EUSKADI,EUR,numeric,10.0,2026-06-23 19:24:49
MAH-01-55368,2,2,2,1,EUSKADI,EUR,string,0.4,2026-06-14 09:48:25
2222157,2,2,1,2,PERU,PEN,numeric,20.0,2026-06-18 01:52:59
844747,2,2,2,2,EUSKADI,EUR,numeric,0.2,2026-06-22 16:24:48
MAH-03-27602,2,2,1,2,VALENCIA,EUR,string,20.0,2026-06-20 17:56:37
1122489,2,2,1,1,ESTATAL,EUR,numeric,500.0,2026-06-22 19:21:11
1509110,2,2,1,2,EUSKADI,EUR,numeric,30.0,2026-06-17 11:36:00
MAH-03-27161,2,2,1,1,VALENCIA,EUR,string,40.0,2026-06-14 16:13:27
1122489,2,2,1,1,ESTATAL,EUR,numeric,600.0,2026-06-22 16:57:54
1287767,2,2,1,1,ESTATAL,EUR,numeric,125.0,2026-06-15 22:36:48
1122489,2,2,1,1,ESTATAL,EUR,numeric,316.0,2026-06-23 19:33:56
1659139,2,2,1,1,PERU,PEN,numeric,80.0,2026-06-20 23:14:31
2623951,2,2,1,1,ESTATAL,EUR,numeric,100.0,2026-06-21 15:12:17
1981489,2,2,1,1,EUSKADI,EUR,numeric,43.0,2026-06-22 20:37:14
2632296,2,2,1,1,ESTATAL,EUR,numeric,10.0,2026-06-16 21:52:42
734089,2,2,1,1,EUSKADI,EUR,numeric,4.9399999999999995,2026-06-21 15:03:34
1686290,2,2,1,2,EUSKADI,EUR,numeric,10.0,2026-06-17 03:16:07
MAH-05-15062,2,2,1,1,ARAGON,EUR,string,10.0,2026-06-17 14:52:17
1885150,2,2,1,1,EUSKADI,EUR,numeric,10.0,2026-06-21 20:43:15
MAH-06-11003,2,2,1,1,LA RIOJA,EUR,string,4.0,2026-06-13 13:31:33
865411,2,2,1,1,EUSKADI,EUR,numeric,2.74,2026-06-22 16:53:12
2306331,2,2,2,1,EUSKADI,EUR,numeric,0.2,2026-06-21 07:56:21
2633864,2,2,1,2,ESTATAL,EUR,numeric,6.0,2026-06-19 09:28:50
2530388,2,2,1,2,ESTATAL,EUR,numeric,70.0,2026-06-22 18:24:02
2629327,2,2,1,1,ESTATAL,EUR,numeric,20.0,2026-06-23 19:55:39
2554303,2,2,1,1,MURCIA,EUR,numeric,8.8,2026-06-23 16:34:17
980902,2,2,1,1,MURCIA,EUR,numeric,50.0,2026-06-14 21:59:04
1550880,2,2,1,1,EUSKADI,EUR,numeric,6.0,2026-06-21 10:53:31
2045987,2,2,1,2,PERU,PEN,numeric,50.2,2026-06-21 15:50:07
1930213,2,2,1,2,PERU,PEN,numeric,30.0,2026-06-23 17:42:04
2137463,2,2,1,1,PERU,PEN,numeric,18.0,2026-06-19 00:12:55
2042570,2,2,1,2,MADRID,EUR,numeric,9.0,2026-06-21 21:12:07
MAH-05-15091,2,2,1,2,ARAGON,EUR,string,30.0,2026-06-23 15:49:50
TPV-02-03011,2,2,1,2,NAVARRA,EUR,string,50.0,2026-06-23 16:39:05
1989080,2,2,1,1,EUSKADI,EUR,numeric,2.0,2026-06-23 03:27:52
MAH-01-48531,2,2,1,1,EUSKADI,EUR,string,6.0,2026-06-16 18:57:52
2477404,2,2,1,2,ESTATAL,EUR,numeric,60.0,2026-06-22 16:56:07
2388621,2,2,2,2,EUSKADI,EUR,numeric,0.4,2026-06-23 11:32:15
MAH-03-02851,2,2,1,1,VALENCIA,EUR,string,10.0,2026-06-20 17:42:31
MAH-01-51183,2,2,1,2,EUSKADI,EUR,string,15.0,2026-06-21 08:27:08
2260320,2,2,1,1,ANDALUCIA,EUR,numeric,36.66,2026-06-21 16:51:04
MAH-03-02851,2,2,1,1,VALENCIA,EUR,string,10.0,2026-06-20 17:08:52
865411,2,2,1,1,EUSKADI,EUR,numeric,2.4699999999999998,2026-06-22 16:54:16
2466323,2,2,1,1,MADRID,EUR,numeric,25.0,2026-06-21 20:32:23
MAH-23-01405,2,2,1,2,PERU,PEN,string,3.0,2026-06-23 01:06:01
MAH-01-00292,2,2,2,1,EUSKADI,EUR,string,2.0,2026-06-23 16:02:57
1799056,2,2,2,2,ESTATAL,EUR,numeric,120.0,2026-06-23 01:08:48
2011479,2,2,1,1,PERU,PEN,numeric,2.0,2026-06-23 20:18:23
2588496,2,2,1,2,NAVARRA,EUR,numeric,2.0,2026-06-21 15:33:42
2340794,2,2,1,2,EUSKADI,EUR,numeric,10.0,2026-06-22 23:19:53
MAH-04-07490,2,2,1,2,GALICIA,EUR,string,30.0,2026-06-22 19:12:57
2083318,2,2,1,2,PERU,PEN,numeric,2.0,2026-06-17 19:34:47
MAH-04-07767,2,2,1,1,GALICIA,EUR,string,40.0,2026-06-21 17:09:17
MAH-05-15124,2,2,1,2,ARAGON,EUR,string,30.0,2026-06-21 18:46:16
2499816,2,2,1,2,EUSKADI,EUR,numeric,5.4,2026-06-21 18:24:44
1073327,2,2,1,1,ESTATAL,EUR,numeric,12.0,2026-06-22 17:16:11
2499816,2,2,1,2,EUSKADI,EUR,numeric,8.0,2026-06-23 17:59:40
2083318,2,2,1,2,PERU,PEN,numeric,2.0,2026-06-20 23:48:42
2407647,2,2,1,1,PERU,PEN,numeric,20.0,2026-06-13 16:24:59
2083318,2,2,1,2,PERU,PEN,numeric,2.0,2026-06-21 15:52:30
2499816,2,2,1,2,EUSKADI,EUR,numeric,2.0,2026-06-21 13:11:06
1422336,2,2,1,1,ESTATAL,EUR,numeric,10.0,2026-06-22 20:44:33
MAH-01-18002,2,2,2,1,EUSKADI,EUR,string,6.5,2026-06-14 16:03:49
1761052,2,2,2,1,GALICIA,EUR,numeric,0.2,2026-06-23 14:25:37
MAH-03-03555,2,2,1,1,VALENCIA,EUR,string,2.0,2026-06-22 20:21:10
MAH-11-07008,2,2,1,1,CATALUNYA,EUR,string,2.0,2026-06-21 14:59:01
2623053,2,2,1,2,ESTATAL,EUR,numeric,21.8,2026-06-23 02:40:30
2222157,2,2,1,2,PERU,PEN,numeric,16.4,2026-06-15 15:06:39
2137463,2,2,1,1,PERU,PEN,numeric,25.0,2026-06-18 01:41:07
1454068,2,2,1,1,ESTATAL,EUR,numeric,60.0,2026-06-23 18:15:41
928165,2,2,1,1,ESTATAL,EUR,numeric,20.0,2026-06-20 23:45:49
MAH-01-05191,2,2,1,1,EUSKADI,EUR,string,200.0,2026-06-22 12:09:09
482135,2,2,1,2,EUSKADI,EUR,numeric,10.0,2026-06-21 21:03:37
MAH-03-27093,2,2,1,1,VALENCIA,EUR,string,380.0,2026-06-21 20:21:16
2386775,2,2,1,2,PERU,PEN,numeric,33.4,2026-06-16 17:54:11
MAH-03-24983,2,2,1,2,VALENCIA,EUR,string,150.0,2026-06-21 21:02:29
787627,2,2,1,1,EUSKADI,EUR,numeric,2.0,2026-06-23 18:41:02
MAH-23-01405,2,2,1,1,PERU,PEN,string,200.0,2026-06-15 13:26:21
MAH-01-53322,2,2,1,2,EUSKADI,EUR,string,40.0,2026-06-21 15:16:44
MAH-03-27057,2,2,1,1,VALENCIA,EUR,string,20.0,2026-06-17 19:57:12
MAH-03-03727,2,2,1,2,VALENCIA,EUR,string,2.7,2026-06-21 10:24:45
1936426,2,2,1,2,ESTATAL,EUR,numeric,10.0,2026-06-23 16:42:00
1704484,2,2,2,1,EUSKADI,EUR,numeric,2.0,2026-06-22 16:39:24
1467011,2,2,1,1,EUSKADI,EUR,numeric,2.0,2026-06-22 20:11:54
1683640,2,2,1,1,ESTATAL,EUR,numeric,100.0,2026-06-22 00:13:42
MAH-03-24118,2,2,1,1,VALENCIA,EUR,string,10.0,2026-06-21 14:52:19
1261603,2,2,1,1,ESTATAL,EUR,numeric,3.55,2026-06-22 18:05:09
MAH-04-07490,2,2,2,1,GALICIA,EUR,string,35.0,2026-06-22 19:12:23
1163002,2,2,1,2,ESTATAL,EUR,numeric,40.0,2026-06-23 12:31:54
1683640,2,2,1,1,ESTATAL,EUR,numeric,100.0,2026-06-21 03:06:28
2068167,2,2,1,2,ANDALUCIA,EUR,numeric,50.0,2026-06-21 15:54:06
2138429,2,2,2,1,PERU,PEN,numeric,40.0,2026-06-23 03:34:07
1683640,2,2,1,1,ESTATAL,EUR,numeric,200.0,2026-06-22 20:22:42
2636376,2,2,1,2,MADRID,EUR,numeric,100.0,2026-06-23 19:27:08
MAH-19-20001,2,2,1,1,ANDALUCIA,EUR,string,10.0,2026-06-23 19:58:07
1930213,2,2,1,1,PERU,PEN,numeric,40.0,2026-06-15 18:59:30
1683640,2,2,1,1,ESTATAL,EUR,numeric,200.0,2026-06-21 21:32:29
1957591,2,2,1,1,ESTATAL,EUR,numeric,2.0,2026-06-22 16:47:13
844747,2,2,2,1,EUSKADI,EUR,numeric,0.2,2026-06-23 16:42:17
1858699,2,2,1,2,PERU,PEN,numeric,50.0,2026-06-22 16:54:23
2190533,2,2,2,1,PERU,PEN,numeric,40.0,2026-06-10 19:44:04
1865185,2,2,1,2,NAVARRA,EUR,numeric,15.0,2026-06-22 18:30:57
2407647,2,2,1,1,PERU,PEN,numeric,20.0,2026-06-21 16:43:25
822007,2,2,2,2,ESTATAL,EUR,numeric,0.4,2026-06-22 09:11:31
2138429,2,2,1,1,PERU,PEN,numeric,10.0,2026-06-21 17:57:55
1702204,2,2,1,1,ESTATAL,EUR,numeric,2.0,2026-06-21 21:42:00
MAH-03-27653,2,2,2,2,VALENCIA,EUR,string,0.4,2026-06-23 08:39:20
1160190,2,2,1,1,ESTATAL,EUR,numeric,50.0,2026-06-15 19:55:29
1467011,2,2,1,1,EUSKADI,EUR,numeric,10.0,2026-06-22 16:22:47
2570363,2,2,1,1,ESTATAL,EUR,numeric,7.0,2026-06-22 19:55:27
MAH-05-15391,2,2,1,1,ARAGON,EUR,string,15.0,2026-06-16 18:05:32
MAH-01-18008,2,2,1,2,EUSKADI,EUR,string,2.0,2026-06-22 16:03:15
MAH-01-05264,2,2,1,2,EUSKADI,EUR,string,20.0,2026-06-22 16:19:35
1930213,2,2,1,2,PERU,PEN,numeric,25.0,2026-06-22 19:20:24
2138429,2,2,1,2,PERU,PEN,numeric,30.0,2026-06-22 16:59:18
2291259,2,2,1,2,ESTATAL,EUR,numeric,50.0,2026-06-20 20:48:12
1683640,2,2,1,1,ESTATAL,EUR,numeric,200.0,2026-06-21 15:37:11
2623951,2,2,1,1,ESTATAL,EUR,numeric,50.35,2026-06-21 15:04:02
MAH-05-15103,2,2,1,2,ARAGON,EUR,string,30.0,2026-06-21 18:34:30
MAH-04-07490,2,2,1,2,GALICIA,EUR,string,40.0,2026-06-22 19:20:49
1936426,2,2,1,2,ESTATAL,EUR,numeric,10.0,2026-06-23 16:41:43
1683640,2,2,1,1,ESTATAL,EUR,numeric,100.0,2026-06-21 15:39:05
2566034,2,2,1,1,ESTATAL,EUR,numeric,23.0,2026-06-22 16:11:06
2492185,2,2,1,2,ESTATAL,EUR,numeric,30.0,2026-06-21 18:14:25
1588346,2,2,1,2,ESTATAL,EUR,numeric,50.0,2026-06-17 00:05:05
1515868,2,2,1,1,ESTATAL,EUR,numeric,30.0,2026-06-21 15:50:54
2627908,2,2,1,1,EUSKADI,EUR,numeric,5.0,2026-06-21 15:52:04
482135,2,2,1,2,EUSKADI,EUR,numeric,20.0,2026-06-22 16:39:24
2280300,2,2,1,1,EUSKADI,EUR,numeric,10.0,2026-06-21 15:56:14
MAH-04-07767,2,2,1,1,GALICIA,EUR,string,40.0,2026-06-21 16:56:47
2138429,2,2,1,2,PERU,PEN,numeric,40.0,2026-06-22 16:58:44
2083318,2,2,1,2,PERU,PEN,numeric,8.0,2026-06-19 00:57:53
MAH-02-01767,2,2,2,1,NAVARRA,EUR,string,0.2,2026-06-23 16:44:28
MAH-19-20001,2,2,1,1,ANDALUCIA,EUR,string,10.0,2026-06-22 20:58:42
2045987,2,2,1,1,PERU,PEN,numeric,50.0,2026-06-22 19:32:17
1422336,2,2,1,2,ESTATAL,EUR,numeric,3.5,2026-06-22 15:28:53
MAH-03-27986,2,2,1,1,VALENCIA,EUR,string,40.0,2026-06-22 17:20:56
2264150,2,2,1,2,ESTATAL,EUR,numeric,10.0,2026-06-18 21:55:43
1865995,2,2,1,1,ESTATAL,EUR,numeric,60.0,2026-06-21 11:50:21
2138429,2,2,2,1,PERU,PEN,numeric,20.0,2026-06-21 19:10:46
2055398,2,2,1,1,ESTATAL,EUR,numeric,15.0,2026-06-21 15:05:51
1422336,2,2,1,1,ESTATAL,EUR,numeric,4.5,2026-06-22 15:01:25
2138429,2,2,1,1,PERU,PEN,numeric,3.0,2026-06-18 09:13:14
1320728,2,2,1,2,EUSKADI,EUR,numeric,12.0,2026-06-23 19:56:05
2458724,2,2,1,2,ESTATAL,EUR,numeric,5.0,2026-06-22 17:22:38
1981489,2,2,1,1,EUSKADI,EUR,numeric,58.0,2026-06-22 02:33:06
2629327,2,2,1,1,ESTATAL,EUR,numeric,20.0,2026-06-22 05:07:46
1447711,2,2,1,1,ESTATAL,EUR,numeric,2.0,2026-06-21 16:55:41
1583836,2,2,2,1,ESTATAL,EUR,numeric,20.0,2026-06-23 14:09:55
2162907,2,2,1,1,LA RIOJA,EUR,numeric,50.0,2026-06-21 17:08:55
MAH-01-13172,2,2,1,1,EUSKADI,EUR,string,40.0,2026-06-22 17:13:15
1117926,2,2,1,2,NAVARRA,EUR,numeric,30.0,2026-06-23 16:41:29
MAH-04-07629,2,2,1,1,GALICIA,EUR,string,29.0,2026-06-21 17:39:59
428325,2,2,1,1,EUSKADI,EUR,numeric,30.0,2026-06-22 20:59:41
1367010,2,2,1,1,EUSKADI,EUR,numeric,50.0,2026-06-21 18:27:38
2072776,2,2,1,1,PERU,PEN,numeric,300.0,2026-06-21 21:51:22
1467011,2,2,1,1,EUSKADI,EUR,numeric,8.28,2026-06-23 03:23:48
2492185,2,2,1,1,ESTATAL,EUR,numeric,35.0,2026-06-22 00:44:19
MAH-19-20001,2,2,1,1,ANDALUCIA,EUR,string,10.0,2026-06-23 19:58:58
MAH-03-24215,2,2,1,2,VALENCIA,EUR,string,21.6,2026-06-21 15:42:56
1868077,2,2,1,1,EUSKADI,EUR,numeric,10.0,2026-06-23 16:45:48
MAH-06-01006,2,2,1,1,LA RIOJA,EUR,string,4.0,2026-06-21 16:06:29
2629327,2,2,1,1,ESTATAL,EUR,numeric,45.0,2026-06-20 22:58:25
MAH-01-13292,2,2,1,2,EUSKADI,EUR,string,20.0,2026-06-14 21:53:31
719323,2,2,1,1,LA RIOJA,EUR,numeric,4.0,2026-06-23 00:37:29
MAH-19-20001,2,2,1,1,ANDALUCIA,EUR,string,10.0,2026-06-22 20:57:22
1074156,2,2,1,1,NAVARRA,EUR,numeric,8.7,2026-06-21 15:57:18
946440,2,2,2,1,EUSKADI,EUR,numeric,20.0,2026-06-23 16:12:01
2138429,2,2,1,1,PERU,PEN,numeric,5.0,2026-06-14 16:59:33
2349430,2,2,2,2,EUSKADI,EUR,numeric,6.0,2026-06-23 14:30:22
2540401,2,2,1,1,ESTATAL,EUR,numeric,30.0,2026-06-21 15:42:02
1531407,2,2,2,1,VALENCIA,EUR,numeric,1.0,2026-06-23 09:38:13
1868077,2,2,1,1,EUSKADI,EUR,numeric,6.0,2026-06-23 19:05:29
MAH-04-07769,2,2,2,1,GALICIA,EUR,string,0.2,2026-06-23 11:35:35
MAH-01-49411,2,2,1,1,EUSKADI,EUR,string,40.0,2026-06-21 08:09:07
2414048,2,2,1,1,ANDALUCIA,EUR,numeric,25.0,2026-06-12 08:10:57
1243925,2,2,1,1,MURCIA,EUR,numeric,100.0,2026-06-21 15:59:35
MAH-03-03679,2,2,1,2,VALENCIA,EUR,string,7.0,2026-06-21 15:04:07
2306331,2,2,2,2,EUSKADI,EUR,numeric,0.2,2026-06-18 10:57:01
2565422,2,2,1,1,ESTATAL,EUR,numeric,10.0,2026-06-17 21:00:00
MAH-03-03813,2,2,2,1,VALENCIA,EUR,string,0.2,2026-06-19 17:25:25
2629327,2,2,1,1,ESTATAL,EUR,numeric,28.0,2026-06-19 17:17:40
2222157,2,2,1,1,PERU,PEN,numeric,16.0,2026-06-21 18:48:43
MAH-01-53322,2,2,1,2,EUSKADI,EUR,string,10.0,2026-06-21 15:18:38
1071068,2,2,1,1,MURCIA,EUR,numeric,50.0,2026-06-22 15:46:43
2122710,2,2,1,1,GALICIA,EUR,numeric,40.0,2026-06-20 19:40:56
MAH-01-01647,2,2,2,2,EUSKADI,EUR,string,2.0,2026-06-21 18:16:08
1422336,2,2,1,2,ESTATAL,EUR,numeric,14.0,2026-06-21 15:49:50
1454068,2,2,1,1,ESTATAL,EUR,numeric,60.0,2026-06-23 18:25:59
2556616,2,2,2,1,ESTATAL,EUR,numeric,3.0,2026-06-23 16:25:18
2083318,2,2,1,2,PERU,PEN,numeric,2.0,2026-06-20 02:48:47
2162907,2,2,1,1,LA RIOJA,EUR,numeric,50.0,2026-06-13 18:57:28
1203256,2,2,1,1,EUSKADI,EUR,numeric,150.0,2026-06-22 20:33:36
2047817,2,2,1,1,ESTATAL,EUR,numeric,50.0,2026-06-21 18:12:25
MAH-03-03301,2,2,1,1,VALENCIA,EUR,string,20.0,2026-06-17 16:40:45
2138429,2,2,1,1,PERU,PEN,numeric,13.0,2026-06-20 23:53:18
2055421,2,2,1,2,ANDALUCIA,EUR,numeric,305.0,2026-06-21 18:25:55
2222157,2,2,1,2,PERU,PEN,numeric,14.9,2026-06-22 23:45:41
2138429,2,2,2,1,PERU,PEN,numeric,20.0,2026-06-23 08:25:37
1868077,2,2,1,2,EUSKADI,EUR,numeric,10.0,2026-06-23 16:46:51
MAH-03-27431,2,2,1,1,VALENCIA,EUR,string,30.0,2026-06-14 21:52:12
2020818,2,2,1,2,EUSKADI,EUR,numeric,2.0,2026-06-20 22:41:06
2083318,2,2,1,2,PERU,PEN,numeric,2.0,2026-06-21 18:51:48
2184669,2,2,1,1,CASTILLA LA MANCHA,EUR,numeric,75.0,2026-06-10 18:34:15
2072776,2,2,1,1,PERU,PEN,numeric,200.0,2026-06-22 01:11:06
2628476,2,2,1,2,ESTATAL,EUR,numeric,20.0,2026-06-17 00:53:45
MAH-01-01466,2,2,1,1,EUSKADI,EUR,string,4.0,2026-06-21 13:38:09
MAH-03-24215,2,2,1,2,VALENCIA,EUR,string,54.0,2026-06-21 15:42:14
MAH-19-20001,2,2,1,1,ANDALUCIA,EUR,string,10.0,2026-06-23 16:28:49
MAH-03-24984,2,2,1,1,VALENCIA,EUR,string,2.0,2026-06-21 11:43:10
1229888,2,2,1,1,ESTATAL,EUR,numeric,20.0,2026-06-11 22:13:27
MAH-10-30001,2,2,1,2,MADRID,EUR,string,4.0,2026-06-21 18:43:13
1800915,2,2,1,1,EUSKADI,EUR,numeric,20.0,2026-06-23 17:45:09
MAH-03-03679,2,2,1,2,VALENCIA,EUR,string,10.7,2026-06-21 14:58:18
MAH-01-01003,2,2,1,1,EUSKADI,EUR,string,2.0,2026-06-22 16:29:32
1588346,2,2,1,2,ESTATAL,EUR,numeric,50.0,2026-06-19 00:40:56
MAH-03-24711,2,2,2,1,VALENCIA,EUR,string,1.4,2026-06-22 20:49:34
800153,2,2,1,1,EUSKADI,EUR,numeric,50.0,2026-06-21 19:41:39
788308,2,2,1,1,EUSKADI,EUR,numeric,10.0,2026-06-21 18:09:43
2020818,2,2,1,1,EUSKADI,EUR,numeric,2.0,2026-06-22 00:59:59
1454068,2,2,2,1,ESTATAL,EUR,numeric,25.0,2026-06-22 21:10:42
1588346,2,2,1,2,ESTATAL,EUR,numeric,50.0,2026-06-13 17:27:00
1931919,2,2,1,2,ESTATAL,EUR,numeric,100.0,2026-06-18 21:43:27
2562098,2,2,1,1,EUSKADI,EUR,numeric,20.0,2026-06-23 18:46:46
MAH-03-27681,2,2,1,1,VALENCIA,EUR,string,2.2,2026-06-22 20:09:48
2586095,2,2,2,2,MADRID,EUR,numeric,30.0,2026-06-22 23:39:30
2306331,2,2,2,1,EUSKADI,EUR,numeric,0.2,2026-06-21 07:48:37
MAH-02-26024,2,2,1,1,NAVARRA,EUR,string,4.0,2026-06-13 20:17:09
2396739,2,2,1,2,GALICIA,EUR,numeric,8.0,2026-06-23 19:10:55
MAH-01-13232,2,2,1,1,EUSKADI,EUR,string,40.0,2026-06-21 10:28:42
2406705,2,2,1,1,CANARIAS,EUR,numeric,87.0,2026-06-22 18:11:28
2600640,2,2,1,2,ESTATAL,EUR,numeric,10.0,2026-06-21 15:20:20
1998844,2,2,1,1,EUSKADI,EUR,numeric,90.0,2026-06-20 22:27:56
2190533,2,2,1,1,PERU,PEN,numeric,25.5,2026-06-23 02:29:21
1761574,2,2,1,2,GALICIA,EUR,numeric,40.0,2026-06-22 18:20:42
429358,2,2,1,1,EUSKADI,EUR,numeric,20.0,2026-06-22 13:43:37
482135,2,2,1,2,EUSKADI,EUR,numeric,16.0,2026-06-23 18:59:06
430769,2,2,1,2,EUSKADI,EUR,numeric,2.0,2026-06-22 21:51:56
2629327,2,2,1,1,ESTATAL,EUR,numeric,35.0,2026-06-21 21:29:04
1651462,2,2,2,1,VALENCIA,EUR,numeric,0.2,2026-06-21 08:39:09
MAH-11-07008,2,2,1,1,CATALUNYA,EUR,string,2.0,2026-06-21 14:58:37
833377,2,2,1,1,NAVARRA,EUR,numeric,2.0,2026-06-21 06:39:56
MAH-03-24984,2,2,1,1,VALENCIA,EUR,string,2.0,2026-06-21 15:53:57
2353387,2,2,1,1,EUSKADI,EUR,numeric,40.0,2026-06-21 11:20:28
MAH-19-20001,2,2,1,1,ANDALUCIA,EUR,string,10.0,2026-06-23 16:29:22
MAH-19-20001,2,2,1,1,ANDALUCIA,EUR,string,10.0,2026-06-23 16:33:02
MAH-01-49802,2,2,1,2,EUSKADI,EUR,string,20.0,2026-06-22 13:36:40
2629327,2,2,1,1,ESTATAL,EUR,numeric,35.0,2026-06-21 06:52:06
854959,2,2,1,2,ESTATAL,EUR,numeric,2.3499999999999996,2026-06-23 02:39:56
1991382,2,2,1,2,ESTATAL,EUR,numeric,27.8,2026-06-23 19:34:54
2414048,2,2,1,1,ANDALUCIA,EUR,numeric,19.93,2026-06-10 14:14:00
MAH-04-07769,2,2,2,1,GALICIA,EUR,string,0.2,2026-06-23 11:29:52
2064780,2,2,1,2,EUSKADI,EUR,numeric,3.4,2026-06-15 08:37:30
980902,2,2,1,1,MURCIA,EUR,numeric,20.0,2026-06-15 15:54:50
2222157,2,2,1,2,PERU,PEN,numeric,25.79,2026-06-23 19:08:50
1698647,2,2,1,1,NAVARRA,EUR,numeric,20.0,2026-06-22 14:21:32
MAH-03-27572,2,2,1,2,VALENCIA,EUR,string,10.0,2026-06-21 20:48:52
2222157,2,2,1,2,PERU,PEN,numeric,20.0,2026-06-21 02:36:55
MAH-04-07767,2,2,1,1,GALICIA,EUR,string,40.0,2026-06-21 21:22:41
2635509,2,2,1,2,PERU,PEN,numeric,38.0,2026-06-22 16:58:24
1854417,2,2,1,1,ESTATAL,EUR,numeric,20.0,2026-06-22 23:28:02
1243925,2,2,1,1,MURCIA,EUR,numeric,100.0,2026-06-21 18:57:04
482135,2,2,1,2,EUSKADI,EUR,numeric,20.0,2026-06-23 16:40:41
1550880,2,2,1,1,EUSKADI,EUR,numeric,9.0,2026-06-21 17:02:55
1957591,2,2,1,1,ESTATAL,EUR,numeric,2.7,2026-06-21 17:09:24
MAH-03-27723,2,2,1,2,VALENCIA,EUR,string,6.6,2026-06-22 20:27:34
650727,2,2,1,1,EUSKADI,EUR,numeric,2.0,2026-06-23 17:04:01
MAH-11-03001,2,2,1,1,CATALUNYA,EUR,string,20.0,2026-06-20 23:03:10
1229888,2,2,1,1,ESTATAL,EUR,numeric,40.0,2026-06-16 00:07:56
1663202,2,2,1,2,ESTATAL,EUR,numeric,40.0,2026-06-21 14:06:43
1624919,2,2,1,1,ESTATAL,EUR,numeric,50.0,2026-06-15 18:28:17
2575500,2,2,1,1,ESTATAL,EUR,numeric,15.0,2026-06-19 16:59:41
2632503,2,2,1,2,PERU,PEN,numeric,55.0,2026-06-17 22:50:45
1852829,2,2,1,1,PERU,PEN,numeric,40.0,2026-06-11 23:44:38
1467011,2,2,1,1,EUSKADI,EUR,numeric,14.0,2026-06-11 21:08:37
2138429,2,2,1,1,PERU,PEN,numeric,4.0,2026-06-18 21:17:32
1665087,2,2,1,2,LA RIOJA,EUR,numeric,10.0,2026-06-17 07:16:49
1116868,2,2,1,2,NAVARRA,EUR,numeric,25.0,2026-06-14 19:13:13
1991382,2,2,1,2,ESTATAL,EUR,numeric,15.8,2026-06-13 21:37:17
1353770,2,2,2,1,LA RIOJA,EUR,numeric,200.0,2026-06-12 16:48:17
2222157,2,2,1,2,PERU,PEN,numeric,27.0,2026-06-20 02:30:29
2308564,2,2,1,1,ESTATAL,EUR,numeric,10.0,2026-06-13 17:31:34
2222157,2,2,1,2,PERU,PEN,numeric,22.0,2026-06-15 21:06:52
MAH-04-07490,2,2,1,1,GALICIA,EUR,string,40.0,2026-06-20 16:59:17
2308564,2,2,1,1,ESTATAL,EUR,numeric,9.3,2026-06-13 18:40:05
2222157,2,2,1,2,PERU,PEN,numeric,20.0,2026-06-11 17:25:25
1470172,2,2,1,1,ESTATAL,EUR,numeric,66.6,2026-06-13 22:46:21
2222157,2,2,1,2,PERU,PEN,numeric,20.0,2026-06-14 19:16:34
2222157,2,2,1,2,PERU,PEN,numeric,20.0,2026-06-13 14:14:16
2222157,2,2,1,2,PERU,PEN,numeric,20.0,2026-06-20 04:04:04
928165,2,2,1,1,ESTATAL,EUR,numeric,10.0,2026-06-20 21:34:35
980902,2,2,1,1,MURCIA,EUR,numeric,50.0,2026-06-15 01:53:17
MAH-23-01405,2,2,1,1,PERU,PEN,string,310.0,2026-06-16 17:44:07
2528362,2,2,1,1,ESTATAL,EUR,numeric,100.0,2026-06-16 18:56:51
2528362,2,2,1,1,ESTATAL,EUR,numeric,100.0,2026-06-17 22:06:39
1036874,2,2,1,1,ESTATAL,EUR,numeric,10.0,2026-06-18 14:06:30
719761,2,2,1,1,EUSKADI,EUR,numeric,24.59,2026-06-19 18:38:52
1971355,2,2,1,2,ESTATAL,EUR,numeric,2.5,2026-06-11 22:58:22
MAH-21-15001,2,2,1,1,BALEARES,EUR,string,10.0,2026-06-16 09:40:39
MAH-03-02851,2,2,1,2,VALENCIA,EUR,string,10.0,2026-06-11 18:01:45
2565422,2,2,1,2,ESTATAL,EUR,numeric,20.0,2026-06-15 20:02:03
2621788,2,2,1,1,ESTATAL,EUR,numeric,4.0,2026-06-15 21:59:00
1162134,2,2,1,1,ESTATAL,EUR,numeric,130.0,2026-06-17 14:10:48
1165998,2,2,1,1,ESTATAL,EUR,numeric,40.0,2026-06-18 01:52:57
2325240,2,2,1,1,ESTATAL,EUR,numeric,113.68,2026-06-14 22:27:27
1683640,2,2,1,1,ESTATAL,EUR,numeric,140.0,2026-06-12 23:41:15
2055398,2,2,1,1,ESTATAL,EUR,numeric,20.0,2026-06-11 07:36:15
1981939,2,2,1,2,ESTATAL,EUR,numeric,41.0,2026-06-18 18:05:41
1785187,2,2,1,1,ESTATAL,EUR,numeric,4.0,2026-06-14 19:37:01
MAH-03-27743,2,2,1,1,VALENCIA,EUR,string,2.0,2026-06-20 21:12:56
1116868,2,2,1,2,NAVARRA,EUR,numeric,35.0,2026-06-13 15:13:36
MAH-10-42001,2,2,1,2,MADRID,EUR,string,10.0,2026-06-17 14:00:06
1361572,2,2,2,1,GALICIA,EUR,numeric,0.4,2026-06-18 14:09:28
2138429,2,2,1,2,PERU,PEN,numeric,20.0,2026-06-16 22:02:45
2045987,2,2,1,2,PERU,PEN,numeric,80.0,2026-06-17 16:07:02
1635135,2,2,1,1,PERU,PEN,numeric,30.0,2026-06-15 15:55:45
2565422,2,2,1,2,ESTATAL,EUR,numeric,20.0,2026-06-19 00:47:34
2222157,2,2,1,2,PERU,PEN,numeric,22.0,2026-06-19 18:53:54
2138429,2,2,1,1,PERU,PEN,numeric,4.0,2026-06-19 09:00:22
2138429,2,2,1,1,PERU,PEN,numeric,4.0,2026-06-13 18:55:02
1981489,2,2,1,1,EUSKADI,EUR,numeric,10.0,2026-06-19 18:44:42
2043778,2,2,1,1,PERU,PEN,numeric,4.0,2026-06-14 16:57:53
2055398,2,2,1,2,ESTATAL,EUR,numeric,15.0,2026-06-16 18:58:32
928165,2,2,1,1,ESTATAL,EUR,numeric,2.0,2026-06-12 21:49:49
1981489,2,2,1,1,EUSKADI,EUR,numeric,41.0,2026-06-14 16:44:53
1944560,2,2,1,1,ESTATAL,EUR,numeric,2.0,2026-06-15 11:06:06
MAH-03-27583,2,2,1,1,VALENCIA,EUR,string,23.0,2026-06-20 18:53:14
2042570,2,2,1,1,MADRID,EUR,numeric,17.0,2026-06-14 19:19:15
2083318,2,2,1,2,PERU,PEN,numeric,4.0,2026-06-17 16:27:17
2329715,2,2,1,1,PERU,PEN,numeric,2.0,2026-06-20 02:27:36
MAH-11-02003,2,2,1,1,CATALUNYA,EUR,string,9.0,2026-06-15 18:59:16
MAH-01-12133,2,2,2,1,EUSKADI,EUR,string,2.0,2026-06-16 22:47:22
MAH-01-05119,2,2,1,2,EUSKADI,EUR,string,10.0,2026-06-11 18:45:45
430769,2,2,1,1,EUSKADI,EUR,numeric,2.0,2026-06-19 20:13:55
1683640,2,2,1,1,ESTATAL,EUR,numeric,200.0,2026-06-18 18:28:03
1683640,2,2,1,1,ESTATAL,EUR,numeric,150.0,2026-06-16 00:21:49
2102484,2,2,1,1,ESTATAL,EUR,numeric,500.0,2026-06-16 00:38:49
2621788,2,2,1,1,ESTATAL,EUR,numeric,4.0,2026-06-16 09:35:54
1683640,2,2,1,1,ESTATAL,EUR,numeric,100.0,2026-06-12 00:46:04
1683640,2,2,1,1,ESTATAL,EUR,numeric,200.0,2026-06-12 18:44:59
2325240,2,2,1,1,ESTATAL,EUR,numeric,99.1,2026-06-13 21:51:20
2043778,2,2,1,1,PERU,PEN,numeric,2.0,2026-06-14 19:58:29
1122489,2,2,1,1,ESTATAL,EUR,numeric,400.0,2026-06-17 17:58:21
980902,2,2,1,1,MURCIA,EUR,numeric,20.0,2026-06-10 22:53:14
1243925,2,2,1,1,MURCIA,EUR,numeric,100.0,2026-06-20 19:56:39
2043145,2,2,1,1,ESTATAL,EUR,numeric,100.0,2026-06-15 21:12:21
2138429,2,2,1,1,PERU,PEN,numeric,20.0,2026-06-17 19:26:03
2565422,2,2,1,1,ESTATAL,EUR,numeric,10.0,2026-06-17 20:58:45
MAH-04-07526,2,2,1,2,GALICIA,EUR,string,15.0,2026-06-14 15:49:09
MAH-04-07750,2,2,1,2,GALICIA,EUR,string,30.0,2026-06-16 21:27:01
734089,2,2,1,1,EUSKADI,EUR,numeric,2.0,2026-06-15 15:08:09
MAH-23-01401,2,2,1,2,PERU,PEN,string,5.0,2026-06-14 19:02:01
MAH-03-03813,2,2,2,1,VALENCIA,EUR,string,0.2,2026-06-12 15:26:18
MAH-04-07750,2,2,1,2,GALICIA,EUR,string,20.0,2026-06-16 22:35:02
844747,2,2,2,2,EUSKADI,EUR,numeric,0.2,2026-06-15 18:03:21
MAH-03-02851,2,2,1,1,VALENCIA,EUR,string,10.0,2026-06-11 18:00:15
MAH-23-01401,2,2,1,2,PERU,PEN,string,4.0,2026-06-19 21:31:31
MAH-03-02851,2,2,1,1,VALENCIA,EUR,string,10.0,2026-06-11 17:59:26
MAH-23-01401,2,2,1,1,PERU,PEN,string,3.0,2026-06-15 16:36:30
2019768,2,2,1,1,PERU,PEN,numeric,4.0,2026-06-17 00:54:21
2583985,2,2,1,2,ANDALUCIA,EUR,numeric,12.530000000000001,2026-06-11 18:57:43
MAH-03-24981,2,2,1,1,VALENCIA,EUR,string,84.8,2026-06-20 13:52:49
2190533,2,2,1,1,PERU,PEN,numeric,20.0,2026-06-13 21:49:40
2011479,2,2,1,1,PERU,PEN,numeric,2.0,2026-06-15 19:32:04
MAH-07-01017,2,2,1,1,CATALUNYA,EUR,string,20.0,2026-06-14 03:45:21
2184411,2,2,1,1,ESTATAL,EUR,numeric,61.0,2026-06-14 21:59:47
2296352,2,2,1,1,ANDALUCIA,EUR,numeric,75.0,2026-06-18 00:38:49
1991382,2,2,1,2,ESTATAL,EUR,numeric,25.8,2026-06-20 16:20:34
2083318,2,2,1,2,PERU,PEN,numeric,4.0,2026-06-19 21:34:59
2361327,2,2,1,2,ESTATAL,EUR,numeric,2.0,2026-06-18 17:02:14
1292539,2,2,1,2,NAVARRA,EUR,numeric,6.0,2026-06-13 21:28:15
MAH-08-24002,2,2,2,2,MURCIA,EUR,string,2.2,2026-06-15 15:02:50
2083318,2,2,1,2,PERU,PEN,numeric,5.0,2026-06-12 00:32:51
2222157,2,2,1,2,PERU,PEN,numeric,30.0,2026-06-13 21:12:05
1852829,2,2,1,2,PERU,PEN,numeric,30.0,2026-06-11 17:54:39
2630624,2,2,1,2,PERU,PEN,numeric,80.0,2026-06-16 04:34:40
2083318,2,2,1,2,PERU,PEN,numeric,8.0,2026-06-15 01:49:08
2083318,2,2,1,2,PERU,PEN,numeric,2.0,2026-06-20 16:48:04
1885150,2,2,1,1,EUSKADI,EUR,numeric,10.0,2026-06-12 18:16:10
2192600,2,2,1,2,ESTATAL,EUR,numeric,200.0,2026-06-20 21:13:13
1454068,2,2,1,1,ESTATAL,EUR,numeric,100.0,2026-06-20 19:51:31
MAH-23-01405,2,2,1,1,PERU,PEN,string,220.0,2026-06-17 16:35:24
MAH-23-01405,2,2,1,1,PERU,PEN,string,200.0,2026-06-17 16:37:00
2414048,2,2,1,1,ANDALUCIA,EUR,numeric,55.0,2026-06-20 11:20:09
MAH-23-01409,2,2,1,1,PERU,PEN,string,190.0,2026-06-18 19:37:16
2171171,2,2,1,2,PERU,PEN,numeric,10.0,2026-06-10 18:58:47
MAH-01-05191,2,2,1,2,EUSKADI,EUR,string,20.0,2026-06-20 16:24:29
1991382,2,2,1,2,ESTATAL,EUR,numeric,17.8,2026-06-13 18:31:34
1203256,2,2,1,2,EUSKADI,EUR,numeric,150.0,2026-06-17 13:16:06
2075735,2,2,1,1,EUSKADI,EUR,numeric,20.0,2026-06-15 01:55:44
1467011,2,2,1,1,EUSKADI,EUR,numeric,20.0,2026-06-11 21:08:04
TPV-23-01401,2,2,1,1,PERU,PEN,string,4.0,2026-06-15 15:33:54
2438818,2,2,1,2,ESTATAL,EUR,numeric,20.0,2026-06-10 18:05:25
2349430,2,2,2,2,EUSKADI,EUR,numeric,8.0,2026-06-14 09:19:06
2586017,2,2,1,1,CANARIAS,EUR,numeric,19.0,2026-06-10 17:51:44
1761574,2,2,1,1,GALICIA,EUR,numeric,20.0,2026-06-17 18:38:21
2009923,2,2,1,2,ESTATAL,EUR,numeric,50.0,2026-06-13 20:47:35
MAH-01-13482,2,2,1,1,EUSKADI,EUR,string,50.0,2026-06-15 19:33:36
2402986,2,2,1,1,PERU,PEN,numeric,11.0,2026-06-16 19:25:15
2432096,2,2,1,1,ESTATAL,EUR,numeric,20.0,2026-06-19 21:49:19
2083318,2,2,1,2,PERU,PEN,numeric,2.0,2026-06-20 19:39:12
1158393,2,2,1,1,EUSKADI,EUR,numeric,10.0,2026-06-14 16:20:39
2565422,2,2,1,1,ESTATAL,EUR,numeric,20.0,2026-06-15 16:33:41
MAH-03-27573,2,2,1,1,VALENCIA,EUR,string,10.0,2026-06-18 21:28:42
MAH-01-49783,2,2,2,1,EUSKADI,EUR,string,2.2,2026-06-11 17:48:18
2565422,2,2,1,1,ESTATAL,EUR,numeric,20.0,2026-06-14 17:56:08
1163242,2,2,1,2,ESTATAL,EUR,numeric,20.0,2026-06-16 21:55:04
MAH-04-07760,2,2,1,1,GALICIA,EUR,string,4.0,2026-06-15 15:21:11
928165,2,2,1,2,ESTATAL,EUR,numeric,2.6,2026-06-20 19:05:23
1377160,2,2,1,2,EUSKADI,EUR,numeric,10.0,2026-06-16 16:51:57
1582135,2,2,1,1,ESTATAL,EUR,numeric,45.0,2026-06-18 15:34:31
1203256,2,2,1,2,EUSKADI,EUR,numeric,125.0,2026-06-14 22:08:08
844747,2,2,2,2,EUSKADI,EUR,numeric,0.2,2026-06-16 10:51:21
928165,2,2,1,1,ESTATAL,EUR,numeric,4.0,2026-06-16 21:18:52
2068167,2,2,1,2,ANDALUCIA,EUR,numeric,50.0,2026-06-17 19:40:00
2406705,2,2,1,1,CANARIAS,EUR,numeric,25.0,2026-06-20 00:24:55
2259640,2,2,1,1,MURCIA,EUR,numeric,20.0,2026-06-10 18:59:10
1686290,2,2,1,1,EUSKADI,EUR,numeric,10.0,2026-06-13 21:27:55
1036874,2,2,1,1,ESTATAL,EUR,numeric,300.0,2026-06-10 22:45:40
1686290,2,2,1,2,EUSKADI,EUR,numeric,13.98,2026-06-16 21:26:55
1770964,2,2,1,1,ESTATAL,EUR,numeric,150.0,2026-06-13 23:27:09
1651462,2,2,2,2,VALENCIA,EUR,numeric,0.2,2026-06-20 16:10:07
2417317,2,2,1,1,ANDALUCIA,EUR,numeric,75.0,2026-06-12 15:58:19
2055398,2,2,1,1,ESTATAL,EUR,numeric,20.0,2026-06-18 15:50:44
2055398,2,2,1,1,ESTATAL,EUR,numeric,10.0,2026-06-11 09:19:21
MAH-02-02149,2,2,1,2,NAVARRA,EUR,string,150.0,2026-06-13 20:39:27
2083006,2,2,1,1,MADRID,EUR,numeric,7.0,2026-06-10 06:53:31
928165,2,2,1,1,ESTATAL,EUR,numeric,2.0,2026-06-20 15:54:10
MAH-01-04892,2,2,2,1,EUSKADI,EUR,string,2.0,2026-06-13 19:39:42
2453875,2,2,1,1,GALICIA,EUR,numeric,10.0,2026-06-12 22:13:03
MAH-01-13323,2,2,1,1,EUSKADI,EUR,string,10.0,2026-06-12 11:16:30
2259640,2,2,1,1,MURCIA,EUR,numeric,13.4,2026-06-13 21:13:15
2190533,2,2,1,1,PERU,PEN,numeric,10.0,2026-06-12 19:30:49
1582135,2,2,1,1,ESTATAL,EUR,numeric,10.6,2026-06-17 00:35:37
2453875,2,2,1,1,GALICIA,EUR,numeric,20.0,2026-06-14 21:53:47
MAH-03-24901,2,2,2,2,VALENCIA,EUR,string,1.4,2026-06-15 18:45:03
2352147,2,2,1,1,EUSKADI,EUR,numeric,7.2,2026-06-15 18:47:28
1931919,2,2,1,2,ESTATAL,EUR,numeric,125.0,2026-06-19 21:52:46
2190533,2,2,1,1,PERU,PEN,numeric,20.0,2026-06-11 19:39:34
1885150,2,2,1,1,EUSKADI,EUR,numeric,12.0,2026-06-11 18:31:26
1885150,2,2,1,1,EUSKADI,EUR,numeric,14.0,2026-06-11 17:38:11
1885150,2,2,2,1,EUSKADI,EUR,numeric,15.0,2026-06-17 12:01:05
1480752,2,2,1,1,ESTATAL,EUR,numeric,20.0,2026-06-18 21:59:49
1480752,2,2,1,1,ESTATAL,EUR,numeric,50.0,2026-06-18 01:33:35
1581943,2,2,1,2,ESTATAL,EUR,numeric,200.0,2026-06-12 17:49:21
2261462,2,2,1,2,ESTATAL,EUR,numeric,9.25,2026-06-19 05:55:30
MAH-01-55211,2,2,1,1,EUSKADI,EUR,string,15.0,2026-06-18 18:45:01
MAH-01-55211,2,2,1,1,EUSKADI,EUR,string,15.0,2026-06-13 18:39:48
MAH-01-55211,2,2,1,1,EUSKADI,EUR,string,20.0,2026-06-16 18:31:48
429910,2,2,1,1,EUSKADI,EUR,numeric,2.0,2026-06-14 16:56:45
732433,2,2,1,2,EUSKADI,EUR,numeric,71.5,2026-06-17 20:56:03
MAH-01-49781,2,2,2,2,EUSKADI,EUR,string,2.0,2026-06-16 15:42:17
734059,2,2,1,1,EUSKADI,EUR,numeric,2.9,2026-06-19 20:11:40
2296128,2,2,1,1,ESTATAL,EUR,numeric,20.0,2026-06-12 18:58:28
2361327,2,2,1,1,ESTATAL,EUR,numeric,3.0,2026-06-15 15:06:28
1839883,2,2,1,1,VALENCIA,EUR,numeric,40.0,2026-06-15 14:50:01
2565422,2,2,1,1,ESTATAL,EUR,numeric,10.0,2026-06-15 16:32:05
MAH-01-04923,2,2,2,2,EUSKADI,EUR,string,0.2,2026-06-20 16:59:36
1165998,2,2,1,1,ESTATAL,EUR,numeric,30.0,2026-06-16 00:52:48
2055398,2,2,1,1,ESTATAL,EUR,numeric,10.0,2026-06-18 15:58:59
1683640,2,2,1,1,ESTATAL,EUR,numeric,200.0,2026-06-10 00:41:27
2414048,2,2,1,1,ANDALUCIA,EUR,numeric,20.0,2026-06-10 18:07:57
2138429,2,2,1,1,PERU,PEN,numeric,6.0,2026-06-12 18:35:02
2138429,2,2,1,1,PERU,PEN,numeric,10.0,2026-06-14 00:48:50
2138429,2,2,1,1,PERU,PEN,numeric,10.0,2026-06-15 21:49:15
2138429,2,2,2,1,PERU,PEN,numeric,10.0,2026-06-14 18:49:50
2047817,2,2,1,1,ESTATAL,EUR,numeric,100.0,2026-06-14 15:21:07
1203256,2,2,1,1,EUSKADI,EUR,numeric,50.0,2026-06-15 21:28:27
1582135,2,2,1,1,ESTATAL,EUR,numeric,50.0,2026-06-14 14:01:23
1785187,2,2,1,1,ESTATAL,EUR,numeric,4.0,2026-06-14 16:39:20
2325240,2,2,1,1,ESTATAL,EUR,numeric,100.0,2026-06-10 18:35:52
2585570,2,2,1,1,ESTATAL,EUR,numeric,15.0,2026-06-13 22:30:58
MAH-01-13483,2,2,1,2,EUSKADI,EUR,string,2.0,2026-06-20 10:21:15
1688011,2,2,1,1,ESTATAL,EUR,numeric,45.0,2026-06-14 16:06:06
MAH-04-07398,2,2,1,2,GALICIA,EUR,string,2.0,2026-06-15 18:33:02
MAH-18-01004,2,2,1,1,ASTURIAS,EUR,string,37.0,2026-06-14 17:17:41
2585932,2,2,1,1,ESTATAL,EUR,numeric,35.0,2026-06-17 19:00:35
1431634,2,2,1,1,ESTATAL,EUR,numeric,40.0,2026-06-17 19:52:16
1588945,2,2,1,1,EUSKADI,EUR,numeric,4.0,2026-06-17 19:52:01
931196,2,2,1,1,LA RIOJA,EUR,numeric,30.0,2026-06-18 15:58:06
1073327,2,2,1,1,ESTATAL,EUR,numeric,20.0,2026-06-18 14:37:37
1865995,2,2,1,1,ESTATAL,EUR,numeric,60.0,2026-06-20 16:16:53
2138429,2,2,1,1,PERU,PEN,numeric,12.0,2026-06-17 00:58:05
2138429,2,2,1,1,PERU,PEN,numeric,10.0,2026-06-16 00:58:32
2138429,2,2,1,1,PERU,PEN,numeric,6.0,2026-06-15 18:39:47
MAH-01-55368,2,2,2,1,EUSKADI,EUR,string,0.6,2026-06-13 18:17:42
2011479,2,2,1,2,PERU,PEN,numeric,2.0,2026-06-13 19:24:40
1991382,2,2,1,2,ESTATAL,EUR,numeric,25.8,2026-06-19 21:27:11
1194167,2,2,1,1,EUSKADI,EUR,numeric,2.0,2026-06-10 21:33:33
1881975,2,2,2,1,EUSKADI,EUR,numeric,0.8,2026-06-12 11:11:10
2055398,2,2,1,1,ESTATAL,EUR,numeric,13.0,2026-06-10 10:10:08
MAH-03-27161,2,2,1,1,VALENCIA,EUR,string,40.0,2026-06-14 15:59:57
2436951,2,2,1,1,PERU,PEN,numeric,100.0,2026-06-13 21:39:48
1588346,2,2,1,2,ESTATAL,EUR,numeric,38.0,2026-06-16 21:34:09
1588346,2,2,1,1,ESTATAL,EUR,numeric,35.0,2026-06-14 21:01:40
MAH-01-05164,2,2,1,1,EUSKADI,EUR,string,10.0,2026-06-18 18:20:48
2011479,2,2,1,1,PERU,PEN,numeric,2.0,2026-06-13 19:50:14
2083318,2,2,1,2,PERU,PEN,numeric,2.0,2026-06-20 00:42:54
1230831,2,2,1,2,ESTATAL,EUR,numeric,20.0,2026-06-15 01:57:32
MAH-01-13001,2,2,1,1,EUSKADI,EUR,string,2.0,2026-06-14 16:57:57
MAH-01-18002,2,2,1,1,EUSKADI,EUR,string,4.1,2026-06-14 16:41:03
2042570,2,2,1,1,MADRID,EUR,numeric,20.0,2026-06-14 22:22:11
MAH-03-03301,2,2,1,1,VALENCIA,EUR,string,10.0,2026-06-17 16:44:25
MAH-01-12132,2,2,2,1,EUSKADI,EUR,string,4.0,2026-06-16 22:40:11
2138429,2,2,1,1,PERU,PEN,numeric,6.0,2026-06-13 21:52:30
2144234,2,2,1,1,ESTATAL,EUR,numeric,50.0,2026-06-17 19:52:36
2350613,2,2,1,2,EUSKADI,EUR,numeric,7.0,2026-06-11 14:41:04
2628476,2,2,1,1,ESTATAL,EUR,numeric,10.0,2026-06-13 21:58:11
1663202,2,2,1,2,ESTATAL,EUR,numeric,40.0,2026-06-14 16:07:54
2138429,2,2,1,2,PERU,PEN,numeric,20.0,2026-06-11 18:56:44
2138429,2,2,1,1,PERU,PEN,numeric,40.0,2026-06-15 17:33:55
1761574,2,2,1,1,GALICIA,EUR,numeric,40.0,2026-06-19 17:47:47
2627908,2,2,1,1,EUSKADI,EUR,numeric,2.0,2026-06-17 21:40:25
2632296,2,2,1,1,ESTATAL,EUR,numeric,10.0,2026-06-17 21:42:23
MAH-01-51102,2,2,1,2,EUSKADI,EUR,string,2.5,2026-06-18 23:39:26
1512847,2,2,1,1,NAVARRA,EUR,numeric,50.0,2026-06-19 18:07:46
1411651,2,2,2,2,ESTATAL,EUR,numeric,20.0,2026-06-20 00:09:24
2211924,2,2,1,1,ESTATAL,EUR,numeric,20.0,2026-06-14 16:18:47
2211924,2,2,1,1,ESTATAL,EUR,numeric,12.91,2026-06-14 19:00:19
429910,2,2,1,2,EUSKADI,EUR,numeric,5.0,2026-06-15 15:26:41
1851268,2,2,1,1,PERU,PEN,numeric,20.0,2026-06-14 14:51:52
1072385,2,2,1,2,EUSKADI,EUR,numeric,5.35,2026-06-13 00:40:26
650727,2,2,1,1,EUSKADI,EUR,numeric,2.0,2026-06-14 17:10:58
1353770,2,2,2,1,LA RIOJA,EUR,numeric,200.0,2026-06-17 13:58:28
2445384,2,2,2,1,EUSKADI,EUR,numeric,50.0,2026-06-12 17:06:53
MAH-03-24713,2,2,1,1,VALENCIA,EUR,string,10.0,2026-06-20 16:32:29
1663202,2,2,1,2,ESTATAL,EUR,numeric,20.0,2026-06-20 19:33:11
2303565,2,2,1,2,EUSKADI,EUR,numeric,65.6,2026-06-14 17:08:40
1981489,2,2,1,1,EUSKADI,EUR,numeric,30.0,2026-06-18 18:53:55
1688205,2,2,1,1,EUSKADI,EUR,numeric,40.0,2026-06-10 20:36:06
1163072,2,2,1,2,ESTATAL,EUR,numeric,10.0,2026-06-11 19:22:01
430446,2,2,1,1,EUSKADI,EUR,numeric,30.0,2026-06-17 19:37:29
1956608,2,2,1,2,ESTATAL,EUR,numeric,10.0,2026-06-17 15:55:30
1637681,2,2,1,1,EUSKADI,EUR,numeric,4.0,2026-06-11 18:48:07
1071068,2,2,1,1,MURCIA,EUR,numeric,50.0,2026-06-15 14:40:32
1637681,2,2,1,1,EUSKADI,EUR,numeric,2.5,2026-06-19 17:42:38
1287767,2,2,1,1,ESTATAL,EUR,numeric,20.0,2026-06-18 23:08:44
1466448,2,2,1,2,ESTATAL,EUR,numeric,11.0,2026-06-14 19:53:49
1121972,2,2,1,1,ESTATAL,EUR,numeric,28.0,2026-06-15 15:53:01
427845,2,2,1,2,EUSKADI,EUR,numeric,10.0,2026-06-17 19:40:50
2499816,2,2,1,2,EUSKADI,EUR,numeric,3.0,2026-06-19 17:23:37
2337474,2,2,2,2,EUSKADI,EUR,numeric,2.0,2026-06-15 11:05:54
1785187,2,2,1,1,ESTATAL,EUR,numeric,4.0,2026-06-16 18:27:57
MAH-03-24981,2,2,1,1,VALENCIA,EUR,string,100.0,2026-06-20 13:44:59
1422336,2,2,1,2,ESTATAL,EUR,numeric,4.41,2026-06-17 23:28:03
2260320,2,2,1,1,ANDALUCIA,EUR,numeric,7.5,2026-06-17 23:25:29
2575500,2,2,1,2,ESTATAL,EUR,numeric,15.0,2026-06-19 21:28:53
2136747,2,2,1,1,ESTATAL,EUR,numeric,50.0,2026-06-11 18:22:17
2083318,2,2,1,2,PERU,PEN,numeric,6.0,2026-06-18 18:52:48
980902,2,2,1,1,MURCIA,EUR,numeric,20.0,2026-06-14 21:04:38
2634718,2,2,1,2,PERU,PEN,numeric,8.0,2026-06-20 19:25:04
2631299,2,2,1,2,ESTATAL,EUR,numeric,10.0,2026-06-15 14:48:36
1588346,2,2,1,2,ESTATAL,EUR,numeric,33.34,2026-06-16 12:41:26
MAH-01-00568,2,2,1,1,EUSKADI,EUR,string,20.0,2026-06-10 19:21:49
2325240,2,2,1,1,ESTATAL,EUR,numeric,100.0,2026-06-10 18:34:15
1683640,2,2,1,1,ESTATAL,EUR,numeric,200.0,2026-06-16 21:08:51
1683640,2,2,1,1,ESTATAL,EUR,numeric,200.0,2026-06-17 19:44:24
1165998,2,2,1,1,ESTATAL,EUR,numeric,25.0,2026-06-17 19:58:55
2055421,2,2,1,1,ANDALUCIA,EUR,numeric,80.0,2026-06-13 21:11:07
1785187,2,2,1,1,ESTATAL,EUR,numeric,3.0,2026-06-13 21:39:23
1165998,2,2,1,1,ESTATAL,EUR,numeric,40.0,2026-06-17 16:54:07
1865995,2,2,1,1,ESTATAL,EUR,numeric,60.0,2026-06-11 23:19:39
2563103,2,2,1,1,ESTATAL,EUR,numeric,4.0,2026-06-12 01:23:01
1165998,2,2,1,1,ESTATAL,EUR,numeric,45.0,2026-06-11 18:24:24
1785187,2,2,1,1,ESTATAL,EUR,numeric,10.0,2026-06-13 00:11:09
2629293,2,2,1,2,EUSKADI,EUR,numeric,6.0,2026-06-17 11:22:14
2362282,2,2,1,2,GALICIA,EUR,numeric,40.0,2026-06-17 16:26:36
844747,2,2,2,2,EUSKADI,EUR,numeric,0.2,2026-06-10 18:21:20
1726471,2,2,1,1,EUSKADI,EUR,numeric,4.0,2026-06-15 17:10:46
2181512,2,2,1,1,ESTATAL,EUR,numeric,200.0,2026-06-13 14:12:43
1971355,2,2,1,2,ESTATAL,EUR,numeric,2.66,2026-06-12 16:00:02
2289182,2,2,1,1,ESTATAL,EUR,numeric,6.6,2026-06-13 13:14:28
2277818,2,2,1,1,ESTATAL,EUR,numeric,600.0,2026-06-15 15:20:45
2446287,2,2,1,2,EUSKADI,EUR,numeric,20.0,2026-06-12 18:52:26
2629328,2,2,1,2,ESTATAL,EUR,numeric,10.0,2026-06-14 19:14:03
MAH-21-15001,2,2,1,1,BALEARES,EUR,string,20.0,2026-06-15 15:53:08
2407647,2,2,1,1,PERU,PEN,numeric,22.5,2026-06-17 18:17:53
1683640,2,2,1,1,ESTATAL,EUR,numeric,200.0,2026-06-15 15:23:44
2407647,2,2,1,1,PERU,PEN,numeric,20.0,2026-06-14 16:49:19
1683640,2,2,1,1,ESTATAL,EUR,numeric,200.0,2026-06-18 21:07:52
MAH-05-15091,2,2,1,1,ARAGON,EUR,string,30.0,2026-06-11 18:38:17
1165998,2,2,1,1,ESTATAL,EUR,numeric,33.0,2026-06-16 21:58:53
2407647,2,2,1,1,PERU,PEN,numeric,20.0,2026-06-12 21:14:21
1683640,2,2,1,1,ESTATAL,EUR,numeric,200.0,2026-06-17 03:02:44
1726057,2,2,1,1,ESTATAL,EUR,numeric,2.0,2026-06-12 19:13:39
1683640,2,2,1,1,ESTATAL,EUR,numeric,100.0,2026-06-13 21:56:21
MAH-10-05005,2,2,1,1,MADRID,EUR,string,150.0,2026-06-15 15:19:43
2414048,2,2,1,1,ANDALUCIA,EUR,numeric,40.0,2026-06-15 21:01:58
2407647,2,2,1,1,PERU,PEN,numeric,20.0,2026-06-13 21:11:20
2102484,2,2,1,1,ESTATAL,EUR,numeric,325.0,2026-06-15 00:48:05
2414048,2,2,1,1,ANDALUCIA,EUR,numeric,50.0,2026-06-16 21:32:39
2407647,2,2,1,1,PERU,PEN,numeric,32.25,2026-06-17 21:27:35
2407647,2,2,1,1,PERU,PEN,numeric,30.0,2026-06-11 16:35:50
1121972,2,2,1,1,ESTATAL,EUR,numeric,40.43,2026-06-11 18:09:12
2291322,2,2,1,1,ANDALUCIA,EUR,numeric,30.0,2026-06-14 16:19:35
2621788,2,2,1,1,ESTATAL,EUR,numeric,4.0,2026-06-15 18:34:07
1683640,2,2,1,1,ESTATAL,EUR,numeric,200.0,2026-06-18 01:05:32
1683640,2,2,1,1,ESTATAL,EUR,numeric,217.43,2026-06-14 00:12:36
1683640,2,2,1,1,ESTATAL,EUR,numeric,100.0,2026-06-16 18:16:57
1391343,2,2,1,2,NAVARRA,EUR,numeric,20.0,2026-06-19 18:50:28
1688011,2,2,1,1,ESTATAL,EUR,numeric,50.0,2026-06-14 00:34:39
2042570,2,2,1,1,MADRID,EUR,numeric,10.0,2026-06-14 16:52:31
MAH-03-27123,2,2,1,1,VALENCIA,EUR,string,30.0,2026-06-16 21:06:34
1165998,2,2,1,1,ESTATAL,EUR,numeric,25.0,2026-06-15 15:48:49
2350613,2,2,1,2,EUSKADI,EUR,numeric,6.0,2026-06-14 15:51:12
2083318,2,2,1,2,PERU,PEN,numeric,4.0,2026-06-17 00:28:37
2083318,2,2,1,2,PERU,PEN,numeric,6.0,2026-06-18 21:56:04
2630624,2,2,1,2,PERU,PEN,numeric,80.0,2026-06-16 00:13:06
MAH-01-12133,2,2,2,1,EUSKADI,EUR,string,4.0,2026-06-19 23:15:44
2565422,2,2,1,1,ESTATAL,EUR,numeric,10.0,2026-06-15 16:32:50
928165,2,2,1,1,ESTATAL,EUR,numeric,6.0,2026-06-20 19:49:28
1947946,2,2,1,1,VALENCIA,EUR,numeric,18.0,2026-06-17 06:05:21
2623785,2,2,1,1,ESTATAL,EUR,numeric,20.0,2026-06-14 13:47:09
1124515,2,2,1,2,ESTATAL,EUR,numeric,22.85,2026-06-20 00:18:27
MAH-03-24901,2,2,1,2,VALENCIA,EUR,string,6.0,2026-06-14 16:04:07
2138429,2,2,1,1,PERU,PEN,numeric,6.0,2026-06-14 22:59:05
930752,2,2,1,1,EUSKADI,EUR,numeric,2.0,2026-06-20 16:41:38
MAH-01-09011,2,2,1,1,EUSKADI,EUR,string,4.0,2026-06-18 21:21:20
1551750,2,2,1,1,ESTATAL,EUR,numeric,50.0,2026-06-16 18:12:33
2055398,2,2,1,1,ESTATAL,EUR,numeric,20.0,2026-06-19 20:47:36
1907431,2,2,2,1,VALENCIA,EUR,numeric,0.2,2026-06-10 13:04:23
MAH-03-27573,2,2,1,1,VALENCIA,EUR,string,10.0,2026-06-19 19:09:40
1192718,2,2,1,1,ESTATAL,EUR,numeric,170.0,2026-06-10 19:49:56
2376201,2,2,1,2,ESTATAL,EUR,numeric,50.0,2026-06-14 18:01:56
MAH-04-06835,2,2,1,1,GALICIA,EUR,string,40.0,2026-06-14 16:43:39
1870068,2,2,1,1,PERU,PEN,numeric,10.0,2026-06-10 20:44:52
2137463,2,2,1,1,PERU,PEN,numeric,21.0,2026-06-15 13:41:34
MAH-04-07490,2,2,1,1,GALICIA,EUR,string,40.0,2026-06-20 16:59:47
1858699,2,2,1,1,PERU,PEN,numeric,40.0,2026-06-13 21:55:15
1810137,2,2,1,1,GALICIA,EUR,numeric,40.0,2026-06-15 15:14:35
2138429,2,2,1,1,PERU,PEN,numeric,20.0,2026-06-15 21:52:57
1467011,2,2,1,1,EUSKADI,EUR,numeric,3.0,2026-06-11 18:31:57
MAH-03-27572,2,2,1,1,VALENCIA,EUR,string,10.0,2026-06-13 18:39:57
MAH-01-18001,2,2,1,2,EUSKADI,EUR,string,2.0,2026-06-13 18:30:28
2138429,2,2,2,1,PERU,PEN,numeric,20.0,2026-06-17 16:59:36
430769,2,2,1,1,EUSKADI,EUR,numeric,6.0,2026-06-16 23:54:22
430769,2,2,1,1,EUSKADI,EUR,numeric,2.0,2026-06-16 23:53:46
2528362,2,2,1,1,ESTATAL,EUR,numeric,100.0,2026-06-17 22:06:19
1619279,2,2,2,2,GALICIA,EUR,numeric,6.0,2026-06-20 13:29:42
2072776,2,2,1,1,PERU,PEN,numeric,200.0,2026-06-13 21:58:50
2211924,2,2,1,1,ESTATAL,EUR,numeric,20.0,2026-06-12 21:15:21
1117587,2,2,1,2,EUSKADI,EUR,numeric,4.0,2026-06-16 17:28:13
TPV-23-02801,2,2,1,1,PERU,PEN,string,20.0,2026-06-16 21:53:30
MAH-04-07526,2,2,1,2,GALICIA,EUR,string,20.0,2026-06-19 23:54:00
2576520,2,2,1,1,ESTATAL,EUR,numeric,20.0,2026-06-16 00:25:13
MAH-01-13161,2,2,1,1,EUSKADI,EUR,string,20.0,2026-06-15 14:19:37
1422336,2,2,1,1,ESTATAL,EUR,numeric,6.0,2026-06-20 17:20:35
1635135,2,2,1,2,PERU,PEN,numeric,20.0,2026-06-16 21:50:42
1935567,2,2,2,1,ESTATAL,EUR,numeric,20.1,2026-06-18 09:05:24
MAH-03-27653,2,2,2,2,VALENCIA,EUR,string,0.2,2026-06-14 09:07:57
931196,2,2,1,1,LA RIOJA,EUR,numeric,55.0,2026-06-18 18:59:05
2319498,2,2,1,1,ESTATAL,EUR,numeric,12.5,2026-06-13 21:27:46
MAH-01-00835,2,2,1,2,EUSKADI,EUR,string,8.0,2026-06-16 16:00:46
2312889,2,2,2,2,NAVARRA,EUR,numeric,0.2,2026-06-17 15:59:43
928165,2,2,1,2,ESTATAL,EUR,numeric,2.0,2026-06-18 14:37:17
2565422,2,2,1,1,ESTATAL,EUR,numeric,20.0,2026-06-14 16:24:37
1122489,2,2,1,1,ESTATAL,EUR,numeric,681.0,2026-06-20 16:09:07
2499816,2,2,1,2,EUSKADI,EUR,numeric,4.3,2026-06-16 14:27:40
2623951,2,2,1,1,ESTATAL,EUR,numeric,84.25999999999999,2026-06-18 18:11:44
2565422,2,2,1,1,ESTATAL,EUR,numeric,20.0,2026-06-15 15:22:43
928165,2,2,1,1,ESTATAL,EUR,numeric,4.0,2026-06-20 00:02:39
MAH-03-27653,2,2,2,1,VALENCIA,EUR,string,1.6,2026-06-12 14:26:52
2396739,2,2,1,2,GALICIA,EUR,numeric,10.0,2026-06-16 21:12:30
1683640,2,2,1,1,ESTATAL,EUR,numeric,100.0,2026-06-12 00:52:12
2420469,2,2,1,2,PERU,PEN,numeric,2.0,2026-06-13 23:50:17
1122489,2,2,1,1,ESTATAL,EUR,numeric,467.0,2026-06-19 17:55:28
MAH-03-24985,2,2,1,2,VALENCIA,EUR,string,100.0,2026-06-13 22:13:20
1686290,2,2,1,2,EUSKADI,EUR,numeric,5.0,2026-06-14 22:11:24
2350613,2,2,1,2,EUSKADI,EUR,numeric,4.0,2026-06-14 15:53:21
1761574,2,2,1,1,GALICIA,EUR,numeric,20.0,2026-06-16 19:19:51
2623900,2,2,1,1,PERU,PEN,numeric,2.0,2026-06-12 01:38:03
MAH-05-15061,2,2,1,1,ARAGON,EUR,string,10.0,2026-06-17 14:51:43
MAH-05-15061,2,2,1,1,ARAGON,EUR,string,20.0,2026-06-17 14:50:36
1935531,2,2,1,2,ESTATAL,EUR,numeric,25.0,2026-06-19 17:54:32
2138429,2,2,1,1,PERU,PEN,numeric,20.0,2026-06-15 21:59:11
2586644,2,2,1,1,ANDALUCIA,EUR,numeric,4.5,2026-06-15 18:58:42
854959,2,2,1,2,ESTATAL,EUR,numeric,2.0,2026-06-15 18:09:40
2055398,2,2,1,1,ESTATAL,EUR,numeric,25.0,2026-06-15 15:33:57
MAH-11-09013,2,2,1,1,CATALUNYA,EUR,string,100.0,2026-06-17 19:59:59
2055421,2,2,1,1,ANDALUCIA,EUR,numeric,200.0,2026-06-20 00:15:13
2563103,2,2,1,1,ESTATAL,EUR,numeric,2.0,2026-06-12 01:24:42
787627,2,2,1,1,EUSKADI,EUR,numeric,10.0,2026-06-20 21:20:43
1515868,2,2,1,1,ESTATAL,EUR,numeric,30.0,2026-06-19 21:57:51
1377160,2,2,1,1,EUSKADI,EUR,numeric,10.0,2026-06-13 22:33:46
2627908,2,2,1,1,EUSKADI,EUR,numeric,5.0,2026-06-11 20:47:29
2499816,2,2,1,2,EUSKADI,EUR,numeric,6.0,2026-06-15 14:25:06
427687,2,2,1,1,EUSKADI,EUR,numeric,20.85,2026-06-13 00:51:24
MAH-01-00142,2,2,1,1,EUSKADI,EUR,string,28.0,2026-06-20 19:55:33
2623951,2,2,1,1,ESTATAL,EUR,numeric,78.0,2026-06-18 21:39:35
2627908,2,2,1,1,EUSKADI,EUR,numeric,3.0,2026-06-17 19:48:42
2084718,2,2,1,2,ESTATAL,EUR,numeric,8.969999999999999,2026-06-13 18:58:24
1467011,2,2,1,1,EUSKADI,EUR,numeric,2.0,2026-06-11 21:09:45
2565422,2,2,1,1,ESTATAL,EUR,numeric,10.0,2026-06-14 21:06:12
2623951,2,2,1,1,ESTATAL,EUR,numeric,50.0,2026-06-20 16:55:33
MAH-03-02851,2,2,2,1,VALENCIA,EUR,string,8.0,2026-06-17 16:49:59
MAH-03-02851,2,2,1,1,VALENCIA,EUR,string,10.0,2026-06-20 17:09:59
1126422,2,2,1,2,EUSKADI,EUR,numeric,20.0,2026-06-20 00:07:25
1243925,2,2,1,1,MURCIA,EUR,numeric,100.0,2026-06-16 18:57:17
1038133,2,2,1,2,ESTATAL,EUR,numeric,30.0,2026-06-17 16:10:49
2407647,2,2,1,2,PERU,PEN,numeric,20.0,2026-06-17 18:39:52
1467011,2,2,1,1,EUSKADI,EUR,numeric,3.2,2026-06-11 18:33:18
2407647,2,2,1,2,PERU,PEN,numeric,20.0,2026-06-14 16:48:56
1425805,2,2,1,2,ESTATAL,EUR,numeric,100.0,2026-06-14 15:43:55
2045987,2,2,1,1,PERU,PEN,numeric,18.0,2026-06-18 01:17:48
2138429,2,2,1,2,PERU,PEN,numeric,25.0,2026-06-17 03:18:58
2350757,2,2,1,2,EUSKADI,EUR,numeric,90.0,2026-06-17 03:49:17
1353770,2,2,2,1,LA RIOJA,EUR,numeric,200.0,2026-06-17 13:58:32
2623951,2,2,1,1,ESTATAL,EUR,numeric,50.0,2026-06-20 18:51:36
1353770,2,2,2,1,LA RIOJA,EUR,numeric,200.0,2026-06-12 16:48:24
1377160,2,2,1,1,EUSKADI,EUR,numeric,15.0,2026-06-20 02:50:34
1192902,2,2,1,2,EUSKADI,EUR,numeric,2.3,2026-06-13 00:14:06
1192902,2,2,1,1,EUSKADI,EUR,numeric,2.0,2026-06-13 21:49:22
2588554,2,2,1,2,PERU,PEN,numeric,20.0,2026-06-12 18:05:39
MAH-03-27573,2,2,1,1,VALENCIA,EUR,string,7.0,2026-06-18 21:29:11
2477404,2,2,1,2,ESTATAL,EUR,numeric,40.0,2026-06-15 13:26:37
MAH-23-01406,2,2,1,1,PERU,PEN,string,5.0,2026-06-13 21:27:20
MAH-01-48531,2,2,1,1,EUSKADI,EUR,string,5.0,2026-06-18 22:51:55
844747,2,2,2,2,EUSKADI,EUR,numeric,0.2,2026-06-11 10:35:34
1784707,2,2,1,1,ESTATAL,EUR,numeric,20.0,2026-06-13 21:50:25
MAH-01-00130,2,2,1,1,EUSKADI,EUR,string,10.0,2026-06-16 15:41:58
575608,2,2,1,1,EUSKADI,EUR,numeric,13.7,2026-06-15 21:43:15
MAH-01-05303,2,2,1,1,EUSKADI,EUR,string,4.0,2026-06-17 15:03:32
2627908,2,2,1,1,EUSKADI,EUR,numeric,3.0,2026-06-13 21:25:01
2492185,2,2,1,1,ESTATAL,EUR,numeric,60.0,2026-06-15 21:34:30
MAH-10-43003,2,2,1,2,MADRID,EUR,string,10.0,2026-06-15 18:21:45
MAH-04-08163,2,2,1,2,GALICIA,EUR,string,40.0,2026-06-16 20:52:20
2083318,2,2,1,2,PERU,PEN,numeric,8.0,2026-06-14 22:53:46
844747,2,2,2,2,EUSKADI,EUR,numeric,0.2,2026-06-12 10:22:18
2600178,2,2,1,1,ESTATAL,EUR,numeric,152.23,2026-06-17 18:48:25
2632775,2,2,1,2,PERU,PEN,numeric,10.41,2026-06-20 02:42:12
2134535,2,2,1,1,ESTATAL,EUR,numeric,50.0,2026-06-15 15:55:42
1516441,2,2,1,1,ESTATAL,EUR,numeric,50.0,2026-06-15 18:31:22
2499816,2,2,1,2,EUSKADI,EUR,numeric,6.0,2026-06-17 18:22:47
2350613,2,2,1,2,EUSKADI,EUR,numeric,6.0,2026-06-13 13:38:03
1465095,2,2,1,1,ESTATAL,EUR,numeric,100.0,2026-06-15 15:19:46
1427434,2,2,1,1,ESTATAL,EUR,numeric,80.78,2026-06-15 15:11:33
1624919,2,2,1,1,ESTATAL,EUR,numeric,50.0,2026-06-15 15:53:39
MAH-01-00299,2,2,1,2,EUSKADI,EUR,string,7.5,2026-06-14 00:53:23
2211924,2,2,1,1,ESTATAL,EUR,numeric,80.0,2026-06-20 18:51:53
1624919,2,2,1,1,ESTATAL,EUR,numeric,50.0,2026-06-15 15:53:31
1624919,2,2,1,1,ESTATAL,EUR,numeric,50.0,2026-06-15 15:52:20
1516441,2,2,1,1,ESTATAL,EUR,numeric,2.0,2026-06-15 21:54:15
MAH-03-24542,2,2,1,1,VALENCIA,EUR,string,13.6,2026-06-18 21:38:18
430769,2,2,1,1,EUSKADI,EUR,numeric,2.0,2026-06-14 02:18:03
980902,2,2,1,1,MURCIA,EUR,numeric,20.0,2026-06-12 01:54:00
1607222,2,2,1,1,ESTATAL,EUR,numeric,200.0,2026-06-15 14:50:47
2577466,2,2,1,2,PERU,PEN,numeric,100.0,2026-06-18 01:51:33
430769,2,2,1,1,EUSKADI,EUR,numeric,2.0,2026-06-12 20:01:27
430769,2,2,1,1,EUSKADI,EUR,numeric,2.0,2026-06-19 20:16:17
1377160,2,2,1,2,EUSKADI,EUR,numeric,10.0,2026-06-20 01:41:47
430769,2,2,1,1,EUSKADI,EUR,numeric,2.0,2026-06-18 20:23:00
430769,2,2,1,1,EUSKADI,EUR,numeric,2.0,2026-06-19 20:41:24
430769,2,2,1,1,EUSKADI,EUR,numeric,4.0,2026-06-10 22:42:39
430769,2,2,1,1,EUSKADI,EUR,numeric,6.0,2026-06-10 22:48:41
2019794,2,2,1,1,ESTATAL,EUR,numeric,10.0,2026-06-18 22:12:29
1466448,2,2,1,2,ESTATAL,EUR,numeric,10.0,2026-06-19 21:47:56
2577466,2,2,1,2,PERU,PEN,numeric,100.0,2026-06-19 00:56:49
1852829,2,2,1,2,PERU,PEN,numeric,60.0,2026-06-14 00:29:06
2211924,2,2,1,1,ESTATAL,EUR,numeric,30.0,2026-06-14 19:03:06
2325240,2,2,1,1,ESTATAL,EUR,numeric,50.0,2026-06-14 19:56:26
2359193,2,2,1,2,EUSKADI,EUR,numeric,50.0,2026-06-14 16:33:06
1624919,2,2,1,1,ESTATAL,EUR,numeric,50.0,2026-06-15 18:27:45
1624919,2,2,1,1,ESTATAL,EUR,numeric,50.0,2026-06-15 18:27:49
MAH-10-04009,2,2,1,2,MADRID,EUR,string,2.0,2026-06-17 16:52:14
1516441,2,2,1,1,ESTATAL,EUR,numeric,50.0,2026-06-15 18:31:29
1852897,2,2,1,1,ESTATAL,EUR,numeric,12.0,2026-06-15 18:09:35
1516441,2,2,1,1,ESTATAL,EUR,numeric,50.0,2026-06-15 18:30:53
1624919,2,2,1,1,ESTATAL,EUR,numeric,50.0,2026-06-15 15:53:18
1516441,2,2,1,1,ESTATAL,EUR,numeric,50.0,2026-06-15 15:57:03
1287767,2,2,1,1,ESTATAL,EUR,numeric,60.0,2026-06-15 01:59:06
1516441,2,2,1,1,ESTATAL,EUR,numeric,50.0,2026-06-15 15:56:57
1624919,2,2,1,1,ESTATAL,EUR,numeric,50.0,2026-06-15 15:52:14
1516441,2,2,1,1,ESTATAL,EUR,numeric,50.0,2026-06-15 18:31:16
1516441,2,2,1,1,ESTATAL,EUR,numeric,50.0,2026-06-15 15:56:50
1287767,2,2,1,1,ESTATAL,EUR,numeric,70.0,2026-06-13 23:50:59
1624919,2,2,1,1,ESTATAL,EUR,numeric,50.0,2026-06-15 15:51:56
1624919,2,2,1,1,ESTATAL,EUR,numeric,50.0,2026-06-15 18:28:33
2350613,2,2,1,2,EUSKADI,EUR,numeric,8.0,2026-06-12 15:33:44
2499816,2,2,1,2,EUSKADI,EUR,numeric,6.0,2026-06-17 14:27:31
2244352,2,2,1,1,ESTATAL,EUR,numeric,100.0,2026-06-14 15:53:36
MAH-23-01406,2,2,1,1,PERU,PEN,string,5.0,2026-06-12 23:08:23
1122489,2,2,1,1,ESTATAL,EUR,numeric,630.0,2026-06-18 21:07:30
1624919,2,2,1,1,ESTATAL,EUR,numeric,50.0,2026-06-15 18:28:11
1516441,2,2,1,1,ESTATAL,EUR,numeric,50.0,2026-06-15 18:31:11
2496724,2,2,1,2,ESTATAL,EUR,numeric,34.0,2026-06-17 19:55:35
1624919,2,2,1,1,ESTATAL,EUR,numeric,50.0,2026-06-15 18:28:22
1624919,2,2,1,1,ESTATAL,EUR,numeric,50.0,2026-06-15 18:29:14
2492185,2,2,1,1,ESTATAL,EUR,numeric,10.0,2026-06-12 03:21:58
1624919,2,2,1,1,ESTATAL,EUR,numeric,50.0,2026-06-15 18:29:20
1624919,2,2,1,1,ESTATAL,EUR,numeric,50.0,2026-06-15 18:29:27
1624919,2,2,1,1,ESTATAL,EUR,numeric,50.0,2026-06-15 18:29:33
1122489,2,2,1,1,ESTATAL,EUR,numeric,600.0,2026-06-17 16:59:22
1624919,2,2,1,1,ESTATAL,EUR,numeric,50.0,2026-06-15 18:29:39
1981489,2,2,1,1,EUSKADI,EUR,numeric,18.0,2026-06-11 18:49:51
427687,2,2,1,1,EUSKADI,EUR,numeric,10.0,2026-06-17 03:58:02
2134535,2,2,1,1,ESTATAL,EUR,numeric,100.0,2026-06-15 18:27:56
2134535,2,2,1,1,ESTATAL,EUR,numeric,50.0,2026-06-15 18:28:33
1516441,2,2,1,1,ESTATAL,EUR,numeric,50.0,2026-06-15 18:30:47
1516441,2,2,1,1,ESTATAL,EUR,numeric,50.0,2026-06-15 18:30:59
1858699,2,2,1,1,PERU,PEN,numeric,15.0,2026-06-13 21:49:07
2138429,2,2,1,1,PERU,PEN,numeric,20.0,2026-06-15 21:56:40
MAH-01-51281,2,2,2,2,EUSKADI,EUR,string,0.2,2026-06-14 16:55:03
1120391,2,2,1,2,ESTATAL,EUR,numeric,61.4,2026-06-11 18:29:10
2319498,2,2,1,1,ESTATAL,EUR,numeric,13.0,2026-06-13 17:57:41
2138429,2,2,1,2,PERU,PEN,numeric,10.0,2026-06-16 00:59:39
2570363,2,2,1,2,ESTATAL,EUR,numeric,35.0,2026-06-15 21:49:01
2104625,2,2,1,2,GALICIA,EUR,numeric,40.0,2026-06-18 18:38:07
2582738,2,2,1,2,ESTATAL,EUR,numeric,3.0,2026-06-11 19:35:41
MAH-01-18001,2,2,1,2,EUSKADI,EUR,string,4.0,2026-06-18 15:07:24
854129,2,2,1,1,ESTATAL,EUR,numeric,120.0,2026-06-11 18:50:05
2319498,2,2,1,1,ESTATAL,EUR,numeric,4.5,2026-06-15 15:35:54
MAH-03-27574,2,2,1,2,VALENCIA,EUR,string,10.0,2026-06-19 17:55:14
MAH-03-27572,2,2,1,1,VALENCIA,EUR,string,10.0,2026-06-15 19:15:25
432986,2,2,1,2,EUSKADI,EUR,numeric,200.0,2026-06-15 18:50:21
MAH-01-18001,2,2,1,2,EUSKADI,EUR,string,2.0,2026-06-12 17:56:28
1467011,2,2,1,1,EUSKADI,EUR,numeric,6.0,2026-06-13 21:12:33
1377160,2,2,1,1,EUSKADI,EUR,numeric,10.0,2026-06-19 06:44:59
MAH-01-04927,2,2,1,1,EUSKADI,EUR,string,4.5,2026-06-11 15:19:30
575608,2,2,1,2,EUSKADI,EUR,numeric,10.530000000000001,2026-06-11 16:54:20
1117587,2,2,1,1,EUSKADI,EUR,numeric,4.0,2026-06-11 18:18:17
1581943,2,2,1,1,ESTATAL,EUR,numeric,55.88,2026-06-14 19:29:45
2570363,2,2,1,1,ESTATAL,EUR,numeric,6.0,2026-06-17 00:49:13
TPV-23-02301,2,2,1,1,PERU,PEN,string,20.0,2026-06-13 00:52:48
2434762,2,2,1,1,ESTATAL,EUR,numeric,75.0,2026-06-16 22:29:11
1686290,2,2,1,2,EUSKADI,EUR,numeric,10.0,2026-06-17 16:53:29
1013664,2,2,1,2,NAVARRA,EUR,numeric,150.0,2026-06-15 15:02:16
2632296,2,2,1,1,ESTATAL,EUR,numeric,15.0,2026-06-17 16:38:30
1788220,2,2,1,1,MADRID,EUR,numeric,20.0,2026-06-11 07:51:12
1637681,2,2,1,1,EUSKADI,EUR,numeric,15.0,2026-06-12 22:32:08
1686290,2,2,1,2,EUSKADI,EUR,numeric,10.0,2026-06-15 17:55:04
MAH-01-05203,2,2,1,1,EUSKADI,EUR,string,10.0,2026-06-20 16:45:59
1454068,2,2,1,2,ESTATAL,EUR,numeric,50.0,2026-06-13 23:39:19
928165,2,2,1,2,ESTATAL,EUR,numeric,2.0,2026-06-17 01:44:40
1511701,2,2,1,2,EUSKADI,EUR,numeric,2.0,2026-06-12 17:04:34
1956310,2,2,1,2,EUSKADI,EUR,numeric,40.0,2026-06-11 18:55:51
1465095,2,2,1,1,ESTATAL,EUR,numeric,75.0,2026-06-17 10:03:01
2607719,2,2,1,1,ESTATAL,EUR,numeric,6.0,2026-06-13 16:30:57
2332354,2,2,1,1,ESTATAL,EUR,numeric,125.0,2026-06-12 00:58:27
2570363,2,2,1,1,ESTATAL,EUR,numeric,24.0,2026-06-17 23:05:10
MAH-04-64022,2,2,1,2,GALICIA,EUR,string,150.0,2026-06-15 13:43:28
1859376,2,2,1,2,MADRID,EUR,numeric,20.0,2026-06-11 17:59:47
2492185,2,2,1,1,ESTATAL,EUR,numeric,57.5,2026-06-14 19:53:02
2055421,2,2,1,1,ANDALUCIA,EUR,numeric,100.0,2026-06-18 15:26:24
1637681,2,2,1,1,EUSKADI,EUR,numeric,15.0,2026-06-15 14:08:25
2485133,2,2,1,1,ESTATAL,EUR,numeric,75.0,2026-06-20 00:12:52
2568344,2,2,1,1,ESTATAL,EUR,numeric,20.0,2026-06-14 22:02:58
2585615,2,2,1,1,CANARIAS,EUR,numeric,13.0,2026-06-16 18:39:11
MAH-19-20001,2,2,1,1,ANDALUCIA,EUR,string,40.0,2026-06-20 00:27:17
2586017,2,2,1,1,CANARIAS,EUR,numeric,20.0,2026-06-12 18:28:09
1800915,2,2,1,2,EUSKADI,EUR,numeric,20.0,2026-06-13 21:18:20
2369973,2,2,1,1,ESTATAL,EUR,numeric,50.0,2026-06-16 00:07:00
MAH-08-50003,2,2,1,1,MURCIA,EUR,string,14.0,2026-06-17 19:27:30
2568344,2,2,1,1,ESTATAL,EUR,numeric,20.0,2026-06-20 16:37:18
MAH-02-11002,2,2,1,1,NAVARRA,EUR,string,5.0,2026-06-18 07:48:46
1762862,2,2,1,1,ESTATAL,EUR,numeric,20.0,2026-06-12 07:42:48
2263160,2,2,1,2,ESTATAL,EUR,numeric,20.0,2026-06-13 21:52:09
2261061,2,2,1,1,ANDALUCIA,EUR,numeric,19.0,2026-06-20 21:10:52
1984186,2,2,1,1,ESTATAL,EUR,numeric,4.0,2026-06-13 22:24:29
2263160,2,2,1,1,ESTATAL,EUR,numeric,20.0,2026-06-16 18:34:56
1688205,2,2,1,1,EUSKADI,EUR,numeric,100.0,2026-06-15 17:24:49
2136747,2,2,1,1,ESTATAL,EUR,numeric,38.1,2026-06-15 21:58:44
2623469,2,2,1,1,ESTATAL,EUR,numeric,65.0,2026-06-16 17:35:52
1957591,2,2,1,1,ESTATAL,EUR,numeric,2.0,2026-06-14 17:32:56
2332354,2,2,1,1,ESTATAL,EUR,numeric,125.0,2026-06-12 00:58:32
2490765,2,2,1,2,ESTATAL,EUR,numeric,6.04,2026-06-17 16:52:52
2378338,2,2,1,2,ESTATAL,EUR,numeric,20.0,2026-06-17 16:24:21
2083006,2,2,1,1,MADRID,EUR,numeric,13.0,2026-06-14 22:12:50
MAH-23-01401,2,2,1,2,PERU,PEN,string,8.0,2026-06-16 17:19:50
MAH-23-01406,2,2,1,2,PERU,PEN,string,2.0,2026-06-12 23:43:50
MAH-23-01401,2,2,1,2,PERU,PEN,string,5.0,2026-06-16 01:02:06
2009923,2,2,1,2,ESTATAL,EUR,numeric,50.0,2026-06-15 21:01:51
MAH-05-15031,2,2,1,2,ARAGON,EUR,string,46.5,2026-06-14 19:56:46
2623785,2,2,1,1,ESTATAL,EUR,numeric,20.0,2026-06-11 22:16:55
2332354,2,2,1,2,ESTATAL,EUR,numeric,50.0,2026-06-19 00:44:56
MAH-05-15032,2,2,1,2,ARAGON,EUR,string,20.0,2026-06-12 23:44:53
MAH-23-01406,2,2,1,2,PERU,PEN,string,5.0,2026-06-12 23:10:39
2055398,2,2,1,2,ESTATAL,EUR,numeric,20.0,2026-06-12 21:13:42
2083318,2,2,1,2,PERU,PEN,numeric,2.0,2026-06-17 22:47:37
2083318,2,2,1,2,PERU,PEN,numeric,8.0,2026-06-13 00:54:50
2585615,2,2,1,1,CANARIAS,EUR,numeric,8.0,2026-06-17 00:24:25
MAH-10-43004,2,2,1,1,MADRID,EUR,string,20.0,2026-06-15 15:36:52
MAH-01-04902,2,2,1,2,EUSKADI,EUR,string,66.5,2026-06-16 15:47:08
MAH-01-49783,2,2,1,2,EUSKADI,EUR,string,4.5,2026-06-14 19:12:17
MAH-04-07419,2,2,1,1,GALICIA,EUR,string,10.0,2026-06-15 15:57:47
MAH-23-01401,2,2,1,2,PERU,PEN,string,6.0,2026-06-13 18:10:11
2623951,2,2,1,1,ESTATAL,EUR,numeric,50.0,2026-06-20 00:09:35
MAH-23-01405,2,2,2,1,PERU,PEN,string,7.0,2026-06-17 15:09:36
2046308,2,2,1,2,PERU,PEN,numeric,20.0,2026-06-15 21:44:33
MAH-03-24542,2,2,1,1,VALENCIA,EUR,string,9.3,2026-06-18 21:08:31
MAH-04-07767,2,2,1,2,GALICIA,EUR,string,20.0,2026-06-17 20:55:48
427845,2,2,1,2,EUSKADI,EUR,numeric,10.0,2026-06-16 21:06:39
MAH-05-15032,2,2,2,1,ARAGON,EUR,string,10.0,2026-06-13 23:27:20
1180828,2,2,1,1,GALICIA,EUR,numeric,13.0,2026-06-16 18:35:50
2135854,2,2,1,2,ESTATAL,EUR,numeric,5.0,2026-06-11 18:14:58
MAH-23-01405,2,2,1,1,PERU,PEN,string,150.0,2026-06-17 16:31:04
2630624,2,2,1,2,PERU,PEN,numeric,80.0,2026-06-16 22:10:56
MAH-01-18001,2,2,1,1,EUSKADI,EUR,string,2.0,2026-06-19 17:21:24
1422336,2,2,1,2,ESTATAL,EUR,numeric,5.0,2026-06-19 23:56:54
734089,2,2,1,2,EUSKADI,EUR,numeric,5.6,2026-06-15 18:41:46
MAH-01-04923,2,2,1,2,EUSKADI,EUR,string,5.0,2026-06-14 09:17:24
1287767,2,2,1,1,ESTATAL,EUR,numeric,85.0,2026-06-17 03:29:02
2577466,2,2,1,2,PERU,PEN,numeric,140.0,2026-06-16 00:34:51
2570363,2,2,1,1,ESTATAL,EUR,numeric,25.0,2026-06-13 23:36:08
1693226,2,2,1,1,ESTATAL,EUR,numeric,10.0,2026-06-11 18:46:30
1750499,2,2,1,1,ESTATAL,EUR,numeric,11.55,2026-06-14 22:17:04
1353770,2,2,2,1,LA RIOJA,EUR,numeric,200.0,2026-06-19 22:20:48
2570363,2,2,1,1,ESTATAL,EUR,numeric,8.0,2026-06-15 19:03:10
430769,2,2,1,1,EUSKADI,EUR,numeric,2.0,2026-06-18 20:17:14
2577466,2,2,1,2,PERU,PEN,numeric,150.0,2026-06-14 03:22:19
MAH-23-01409,2,2,1,1,PERU,PEN,string,300.0,2026-06-18 19:39:28
2565058,2,2,1,2,ESTATAL,EUR,numeric,40.0,2026-06-10 14:52:13
2577466,2,2,1,2,PERU,PEN,numeric,140.0,2026-06-15 21:26:30
MAH-01-05191,2,2,1,2,EUSKADI,EUR,string,120.0,2026-06-20 16:22:54
427845,2,2,1,2,EUSKADI,EUR,numeric,25.0,2026-06-14 16:29:16
2623951,2,2,1,2,ESTATAL,EUR,numeric,75.0,2026-06-19 17:44:53
MAH-01-55211,2,2,1,2,EUSKADI,EUR,string,20.0,2026-06-11 18:46:24
MAH-19-12002,2,2,1,1,ANDALUCIA,EUR,string,10.0,2026-06-14 13:58:50
MAH-01-53322,2,2,1,2,EUSKADI,EUR,string,11.0,2026-06-20 16:41:26
2222157,2,2,1,2,PERU,PEN,numeric,13.780000000000001,2026-06-16 14:57:33
1280259,2,2,1,1,GALICIA,EUR,numeric,20.0,2026-06-15 20:19:09
2102484,2,2,1,1,ESTATAL,EUR,numeric,200.0,2026-06-18 15:19:01
1751028,2,2,1,1,ESTATAL,EUR,numeric,110.0,2026-06-15 18:54:57
1377160,2,2,1,2,EUSKADI,EUR,numeric,10.9,2026-06-20 00:20:01
2055421,2,2,1,1,ANDALUCIA,EUR,numeric,175.0,2026-06-18 15:17:18
2574990,2,2,1,1,ANDALUCIA,EUR,numeric,70.0,2026-06-12 18:28:17
MAH-10-43004,2,2,1,1,MADRID,EUR,string,20.0,2026-06-15 18:13:48
MAH-04-07443,2,2,1,1,GALICIA,EUR,string,10.0,2026-06-13 12:43:47
1637681,2,2,1,1,EUSKADI,EUR,numeric,6.0,2026-06-11 18:48:43
1637681,2,2,1,1,EUSKADI,EUR,numeric,8.309999999999999,2026-06-12 19:37:36
2586017,2,2,1,1,CANARIAS,EUR,numeric,20.0,2026-06-19 20:42:50
2083006,2,2,1,1,MADRID,EUR,numeric,5.0,2026-06-11 11:09:13
1637681,2,2,1,1,EUSKADI,EUR,numeric,11.0,2026-06-12 20:42:30
1785187,2,2,1,2,ESTATAL,EUR,numeric,4.0,2026-06-11 20:00:14
2055421,2,2,1,1,ANDALUCIA,EUR,numeric,200.0,2026-06-15 18:58:04
432986,2,2,1,2,EUSKADI,EUR,numeric,200.0,2026-06-15 18:50:27
1589218,2,2,1,2,ESTATAL,EUR,numeric,5.0,2026-06-19 22:33:31
2577466,2,2,1,2,PERU,PEN,numeric,100.0,2026-06-20 02:44:13
2208713,2,2,1,1,ESTATAL,EUR,numeric,10.0,2026-06-20 03:11:44
1688011,2,2,1,1,ESTATAL,EUR,numeric,125.0,2026-06-16 21:42:57
2585615,2,2,1,1,CANARIAS,EUR,numeric,14.0,2026-06-17 19:09:50
2055398,2,2,1,2,ESTATAL,EUR,numeric,20.0,2026-06-16 12:16:39
2541912,2,2,1,1,ESTATAL,EUR,numeric,20.0,2026-06-19 00:56:26
1683640,2,2,1,1,ESTATAL,EUR,numeric,200.0,2026-06-20 19:27:24
2083006,2,2,1,1,MADRID,EUR,numeric,8.0,2026-06-10 06:55:03
2222157,2,2,1,2,PERU,PEN,numeric,20.0,2026-06-17 16:45:41
1683640,2,2,1,1,ESTATAL,EUR,numeric,100.0,2026-06-15 18:50:04
1789864,2,2,1,1,ESTATAL,EUR,numeric,11.3,2026-06-19 21:16:43
MAH-03-03813,1,1,1,1,VALENCIA,EUR,string,0.2,2026-06-09 20:13:34
844747,1,1,1,1,EUSKADI,EUR,numeric,0.1,2026-06-22 16:19:16
2391455,1,1,1,1,EUSKADI,EUR,numeric,0.8,2026-06-13 11:10:45
MAH-03-27734,1,1,1,1,VALENCIA,EUR,string,0.3,2026-06-18 17:24:49
529810,1,1,1,1,EUSKADI,EUR,numeric,7.0,2026-06-14 21:24:59
833483,1,1,1,1,EUSKADI,EUR,numeric,0.6,2026-06-12 08:39:32
MAH-01-04923,1,1,1,1,EUSKADI,EUR,string,0.1,2026-06-22 08:20:05
MAH-03-24262,1,1,1,1,VALENCIA,EUR,string,0.2,2026-06-14 11:24:24
MAH-03-03580,1,1,1,1,VALENCIA,EUR,string,0.1,2026-06-12 13:28:14
MAH-03-24984,1,1,1,1,VALENCIA,EUR,string,0.2,2026-06-15 17:07:58
1638658,1,1,1,1,ESTATAL,EUR,numeric,0.38,2026-06-18 08:54:03
MAH-03-03813,1,1,1,1,VALENCIA,EUR,string,0.1,2026-06-19 17:24:13
MAH-01-12133,1,1,1,1,EUSKADI,EUR,string,0.1,2026-06-17 22:33:49
833483,1,1,1,1,EUSKADI,EUR,numeric,0.6,2026-06-19 07:19:58
1907431,1,1,1,1,VALENCIA,EUR,numeric,0.1,2026-06-15 13:33:10
1361572,1,1,1,1,GALICIA,EUR,numeric,0.1,2026-06-09 15:51:44
MAH-01-04923,1,1,1,1,EUSKADI,EUR,string,0.1,2026-06-16 17:52:12
MAH-03-24984,1,1,1,1,VALENCIA,EUR,string,0.1,2026-06-12 14:14:34
1776324,1,1,1,1,MADRID,EUR,numeric,0.4,2026-06-21 14:11:51
1638658,1,1,1,1,ESTATAL,EUR,numeric,0.92,2026-06-20 08:44:38
1297375,1,1,1,1,EUSKADI,EUR,numeric,0.2,2026-06-13 20:35:52
1638658,1,1,1,1,ESTATAL,EUR,numeric,0.72,2026-06-20 08:46:13
1453204,1,1,1,1,EUSKADI,EUR,numeric,0.8,2026-06-22 16:18:46
1907431,1,1,1,1,VALENCIA,EUR,numeric,0.1,2026-06-16 13:40:24
2462770,1,1,1,1,EUSKADI,EUR,numeric,1.0,2026-06-15 15:39:48
2107012,1,1,1,1,VALENCIA,EUR,numeric,0.1,2026-06-12 15:12:37
MAH-01-49852,1,1,1,1,EUSKADI,EUR,string,0.3,2026-06-12 21:31:36
2107012,1,1,1,1,VALENCIA,EUR,numeric,0.1,2026-06-11 08:57:18
2107012,1,1,1,1,VALENCIA,EUR,numeric,0.1,2026-06-11 08:49:10
2107012,1,1,1,1,VALENCIA,EUR,numeric,0.1,2026-06-13 12:29:02
MAH-01-49411,1,1,1,1,EUSKADI,EUR,string,1.0,2026-06-21 08:15:14
MAH-01-51281,1,1,1,1,EUSKADI,EUR,string,0.1,2026-06-09 18:20:19
844747,1,1,1,1,EUSKADI,EUR,numeric,0.1,2026-06-10 08:59:11
MAH-04-64046,1,1,1,1,GALICIA,EUR,string,0.1,2026-06-08 16:44:36
1638658,1,1,1,1,ESTATAL,EUR,numeric,0.4,2026-06-20 15:54:58
MAH-01-04923,1,1,1,1,EUSKADI,EUR,string,0.1,2026-06-20 08:31:05
1453204,1,1,1,1,EUSKADI,EUR,numeric,0.5,2026-06-16 17:56:42
MAH-03-27571,1,1,1,1,VALENCIA,EUR,string,2.0,2026-06-14 18:49:05
844747,1,1,1,1,EUSKADI,EUR,numeric,0.1,2026-06-11 10:42:37
MAH-01-15009,1,1,1,1,EUSKADI,EUR,string,0.2,2026-06-16 19:15:47
MAH-03-27791,1,1,1,1,VALENCIA,EUR,string,0.1,2026-06-13 08:38:40
2089330,1,1,1,1,EUSKADI,EUR,numeric,0.1,2026-06-14 09:52:48
MAH-03-24984,1,1,1,1,VALENCIA,EUR,string,0.2,2026-06-13 12:32:21
MAH-01-49413,1,1,1,1,EUSKADI,EUR,string,5.0,2026-06-09 15:18:18
2107012,1,1,1,1,VALENCIA,EUR,numeric,0.1,2026-06-11 08:51:30
2305100,1,1,1,1,EUSKADI,EUR,numeric,0.1,2026-06-16 12:16:41
833483,1,1,1,1,EUSKADI,EUR,numeric,0.6,2026-06-18 07:50:24
MAH-06-00067,1,1,1,1,LA RIOJA,EUR,string,0.2,2026-06-17 13:25:14
MAH-11-07002,1,1,1,1,CATALUNYA,EUR,string,0.2,2026-06-23 17:05:40
2351016,1,1,1,1,EUSKADI,EUR,numeric,0.2,2026-06-11 12:55:56
MAH-01-04923,1,1,1,1,EUSKADI,EUR,string,0.1,2026-06-20 17:01:33
2059490,1,1,1,1,NAVARRA,EUR,numeric,0.15,2026-06-16 13:58:40
MAH-02-26021,1,1,1,1,NAVARRA,EUR,string,2.0,2026-06-10 13:05:59
2445861,1,1,1,1,EUSKADI,EUR,numeric,1.6,2026-06-22 08:25:58
1692981,1,1,1,1,EUSKADI,EUR,numeric,1.4,2026-06-20 16:57:14
1453204,1,1,1,1,EUSKADI,EUR,numeric,0.2,2026-06-14 21:04:12
1453204,1,1,1,1,EUSKADI,EUR,numeric,1.0,2026-06-19 23:35:13
MAH-01-05176,1,1,1,1,EUSKADI,EUR,string,0.4,2026-06-12 18:39:02
1453204,1,1,1,1,EUSKADI,EUR,numeric,1.0,2026-06-13 19:43:17
1361572,1,1,1,1,GALICIA,EUR,numeric,0.1,2026-06-19 15:39:36
MAH-01-01670,1,1,1,1,EUSKADI,EUR,string,0.1,2026-06-21 12:50:54
1638658,1,1,1,1,ESTATAL,EUR,numeric,0.38,2026-06-21 16:50:53
1638658,1,1,1,1,ESTATAL,EUR,numeric,0.7,2026-06-21 16:49:53
1638658,1,1,1,1,ESTATAL,EUR,numeric,1.4,2026-06-21 16:48:56
1638658,1,1,1,1,ESTATAL,EUR,numeric,0.4,2026-06-20 15:54:10
1531407,1,1,1,1,VALENCIA,EUR,numeric,1.0,2026-06-23 09:42:36
MAH-01-15009,1,1,1,1,EUSKADI,EUR,string,0.1,2026-06-19 18:52:54
529810,1,1,1,1,EUSKADI,EUR,numeric,4.0,2026-06-15 15:46:34
2107012,1,1,1,1,VALENCIA,EUR,numeric,0.1,2026-06-21 14:00:48
MAH-02-01811,1,1,1,1,NAVARRA,EUR,string,0.5,2026-06-20 16:45:59
MAH-01-13292,1,1,1,1,EUSKADI,EUR,string,0.3,2026-06-10 21:42:16
MAH-01-00292,1,1,1,1,EUSKADI,EUR,string,1.0,2026-06-13 12:38:55
MAH-04-64046,1,1,1,1,GALICIA,EUR,string,0.1,2026-06-08 16:48:04
MAH-03-03813,1,1,1,1,VALENCIA,EUR,string,0.1,2026-06-19 17:26:54
MAH-01-51282,1,1,1,1,EUSKADI,EUR,string,0.1,2026-06-23 18:08:51
MAH-02-14001,1,1,1,1,NAVARRA,EUR,string,1.0,2026-06-13 12:46:55
MAH-11-07002,1,1,1,1,CATALUNYA,EUR,string,1.0,2026-06-23 17:06:45
431254,1,1,1,1,EUSKADI,EUR,numeric,0.2,2026-06-23 14:15:40
MAH-03-24984,1,1,1,1,VALENCIA,EUR,string,0.2,2026-06-23 13:24:29
MAH-01-04923,1,1,1,1,EUSKADI,EUR,string,0.1,2026-06-16 17:50:36
MAH-01-01670,1,1,1,1,EUSKADI,EUR,string,0.1,2026-06-21 12:51:07
2502422,1,1,1,1,EUSKADI,EUR,numeric,0.5,2026-06-22 10:39:42
844747,1,1,1,1,EUSKADI,EUR,numeric,0.1,2026-06-23 16:48:46
MAH-11-07002,1,1,1,1,CATALUNYA,EUR,string,0.2,2026-06-23 17:05:59
1378887,1,1,1,1,ANDALUCIA,EUR,numeric,1.5,2026-06-15 14:41:04
2349430,1,1,1,1,EUSKADI,EUR,numeric,3.0,2026-06-22 10:13:42
MAH-01-00162,1,1,1,1,EUSKADI,EUR,string,0.1,2026-06-20 11:53:40
1638658,1,1,1,1,ESTATAL,EUR,numeric,0.11,2026-06-18 08:55:18
1638658,1,1,1,1,ESTATAL,EUR,numeric,0.44,2026-06-18 08:49:37
MAH-01-00767,1,1,1,1,EUSKADI,EUR,string,0.4,2026-06-20 15:39:59
1638658,1,1,1,1,ESTATAL,EUR,numeric,0.42,2026-06-18 08:47:02
1638658,1,1,1,1,ESTATAL,EUR,numeric,0.39,2026-06-18 08:52:03
2089330,1,1,1,1,EUSKADI,EUR,numeric,0.1,2026-06-16 09:19:04
MAH-01-13291,1,1,1,1,EUSKADI,EUR,string,0.3,2026-06-09 21:21:34
1776324,1,1,1,1,MADRID,EUR,numeric,0.2,2026-06-19 15:25:26
MAH-03-03813,1,1,1,1,VALENCIA,EUR,string,0.3,2026-06-11 09:03:46
MAH-01-04923,1,1,1,1,EUSKADI,EUR,string,0.1,2026-06-20 16:41:36
2445861,1,1,1,1,EUSKADI,EUR,numeric,0.3,2026-06-19 14:32:45
MAH-03-03580,1,1,1,1,VALENCIA,EUR,string,0.1,2026-06-13 07:22:42
1638658,1,1,1,1,ESTATAL,EUR,numeric,0.7,2026-06-20 15:53:04
1638658,1,1,1,1,ESTATAL,EUR,numeric,0.35,2026-06-17 09:01:53
MAH-01-55368,1,1,1,1,EUSKADI,EUR,string,0.1,2026-06-20 10:10:22
1638658,1,1,1,1,ESTATAL,EUR,numeric,0.6,2026-06-20 15:51:40
MAH-01-01012,1,1,1,1,EUSKADI,EUR,string,0.5,2026-06-14 07:10:11
844747,1,1,1,1,EUSKADI,EUR,numeric,0.1,2026-06-10 09:01:05
844747,1,1,1,1,EUSKADI,EUR,numeric,0.1,2026-06-09 09:54:43
1907431,1,1,1,1,VALENCIA,EUR,numeric,0.1,2026-06-17 13:30:54
1453204,1,1,1,1,EUSKADI,EUR,numeric,1.5,2026-06-18 20:02:51
MAH-01-04923,1,1,1,1,EUSKADI,EUR,string,0.4,2026-06-18 16:05:27
2107012,1,1,1,1,VALENCIA,EUR,numeric,0.1,2026-06-11 08:53:08
2107012,1,1,1,1,VALENCIA,EUR,numeric,0.1,2026-06-13 12:12:07
MAH-01-05543,1,1,1,1,EUSKADI,EUR,string,0.3,2026-06-15 12:42:21
MAH-03-27571,1,1,1,1,VALENCIA,EUR,string,1.0,2026-06-12 23:08:04
833483,1,1,1,1,EUSKADI,EUR,numeric,0.3,2026-06-18 07:52:43
1907431,1,1,1,1,VALENCIA,EUR,numeric,0.1,2026-06-16 13:47:45
1361572,1,1,1,1,GALICIA,EUR,numeric,0.5,2026-06-23 14:54:54
844747,1,1,1,1,EUSKADI,EUR,numeric,0.1,2026-06-13 10:58:20
MAH-03-03813,1,1,1,1,VALENCIA,EUR,string,0.1,2026-06-20 11:38:37
