Uid,uid_format,region,betslips,legs,span_days,first_seen,last_seen,priced_units,beats,beat_rate,wilson_lb,p_value,fdr_pass,score,flagged,dominant_currency,stake_weighted_price_value,mean_price_value,multi_currency,distinct_fixtures,distinct_markets,top_market,late_share,inplay_share,simple_share,has_same_second_clusters
2497201,numeric,ESTATAL,23,23,6.631782407407408,2026-06-16 21:59:19,2026-06-23 13:09:05,9,9,1.0,0.7008472464490406,,False,100.0,False,EUR,0.3319748044393432,0.296799344618364,False,8,3,Team Shots,0.08695652173913043,0.0,1.0,False
1972282,numeric,EUSKADI,12,14,8.534027777777778,2026-06-09 23:31:16,2026-06-18 12:20:16,10,10,1.0,0.7224598312333834,,False,100.0,False,EUR,0.03643091268500571,0.031921568460537196,False,9,4,1-X-2 / 2 goals Up,0.07142857142857142,0.07142857142857142,0.21428571428571427,False
1177518,numeric,ESTATAL,17,17,7.145983796296297,2026-06-10 19:12:06,2026-06-17 22:42:19,8,8,1.0,0.6755843804891231,,False,99.9,False,EUR,0.11652590392347824,0.08500183571065714,False,5,12,Shots on target (Star Substitute),0.4117647058823529,0.23529411764705882,1.0,False
2563680,numeric,ANDALUCIA,11,11,12.902546296296297,2026-06-08 10:02:44,2026-06-21 07:42:24,8,8,1.0,0.6755843804891231,,False,99.9,False,EUR,0.16776671214254374,0.18877963581052673,False,8,1,Team corners,0.0,0.0,1.0,False
2348435,numeric,ESTATAL,10,39,10.16292824074074,2026-06-10 12:04:18,2026-06-20 15:58:55,21,18,0.8571428571428571,0.6536350585077049,0.00011636474853982012,True,99.8,True,EUR,0.025303384402133682,0.03365581328548223,False,21,1,1-X-2 / 2 goals Up,0.02564102564102564,0.0,0.0,False
1256949,numeric,EUSKADI,19,42,13.175787037037036,2026-06-10 16:58:16,2026-06-23 21:11:24,25,21,0.84,0.6534598601976184,5.50070579520777e-05,True,99.8,True,EUR,0.03833496330411075,0.031155398887267406,False,25,3,1-X-2 / 2 goals Up,0.07142857142857142,0.047619047619047616,0.023809523809523808,False
1454279,numeric,ESTATAL,10,10,9.827349537037037,2026-06-12 21:02:27,2026-06-22 16:53:50,7,7,1.0,0.6456611570247934,,False,99.7,False,EUR,0.0410047136585666,0.05426823591108427,False,7,1,1-X-2 / 2 goals Up,0.0,0.0,0.3,False
1196978,numeric,ESTATAL,11,11,4.169641203703704,2026-06-10 18:24:10,2026-06-14 22:28:27,7,7,1.0,0.6456611570247934,,False,99.7,False,EUR,0.14488741972128852,0.12889425024160875,False,2,2,Team Fouls,1.0,0.0,1.0,True
MAH-10-05005,string,MADRID,15,19,7.893090277777778,2026-06-11 19:34:35,2026-06-19 17:00:38,11,10,0.9090909090909091,0.6226353745137962,,False,99.6,False,EUR,0.25108857093745746,0.23884399079589166,False,8,4,Player most passes (voiding in case of tie),0.0,0.0,0.631578947368421,True
2147569,numeric,ESTATAL,11,11,6.732974537037037,2026-06-14 14:09:22,2026-06-21 07:44:51,11,10,0.9090909090909091,0.6226353745137962,,False,99.6,False,EUR,0.17456705035395242,0.1832975620328869,False,11,2,Team corners,0.0,0.0,1.0,False
2138976,numeric,ANDALUCIA,28,63,12.635694444444445,2026-06-10 05:41:46,2026-06-22 20:57:10,33,26,0.7878787878787878,0.6224802241287064,5.915853166560089e-05,True,99.5,True,EUR,0.028995752748317456,0.029864496569336773,False,33,2,1-X-2 / 2 goals Up,0.047619047619047616,0.0,0.0,False
1641118,numeric,ESTATAL,22,33,9.468090277777778,2026-06-13 05:35:47,2026-06-22 16:49:50,15,13,0.8666666666666667,0.6211750079348376,,False,99.5,False,EUR,0.031687488993051675,0.030761418108158432,False,14,2,1-X-2 / 2 goals Up,0.21212121212121213,0.0,0.030303030303030304,False
1568873,numeric,ESTATAL,20,20,10.008344907407407,2026-06-12 07:35:49,2026-06-22 07:47:50,18,15,0.8333333333333334,0.6077750036164077,,False,99.4,False,EUR,0.03663717889711971,0.031154030298618338,False,18,1,1-X-2 / 2 goals Up,0.0,0.0,1.0,False
MAH-06-11001,string,LA RIOJA,21,47,11.329953703703703,2026-06-11 09:18:49,2026-06-22 17:13:57,29,23,0.7931034482758621,0.6160955339174229,0.00013393199928388776,True,99.4,True,EUR,0.04555660545304642,0.057678691111600296,False,13,12,1st half: Team corners,0.0851063829787234,0.02127659574468085,0.10638297872340426,False
2204167,numeric,ESTATAL,15,15,12.879780092592593,2026-06-10 14:09:31,2026-06-23 11:16:24,14,12,0.8571428571428571,0.600580922361363,,False,99.3,False,EUR,0.02606065629458357,0.024826325553187232,False,14,1,1-X-2 / 2 goals Up,0.0,0.0,1.0,False
MAH-25-00005,string,CEUTA,12,19,13.00699074074074,2026-06-09 18:32:23,2026-06-22 18:42:27,14,12,0.8571428571428571,0.600580922361363,,False,99.3,False,EUR,0.07663262040536334,0.06497380179023907,False,13,7,1-X-2 / 2 goals Up,0.15789473684210525,0.0,0.05263157894736842,False
MAH-04-07747,string,GALICIA,16,27,12.99662037037037,2026-06-10 17:28:55,2026-06-23 17:24:03,14,12,0.8571428571428571,0.600580922361363,,False,99.3,False,EUR,0.04062752095894276,0.050511555948323246,False,13,7,Home-side combo (bet builder),0.18518518518518517,0.037037037037037035,0.1111111111111111,False
1507567,numeric,ESTATAL,15,19,11.896157407407408,2026-06-08 19:03:24,2026-06-20 16:33:52,10,9,0.9,0.5958436145024278,,False,99.2,False,EUR,0.01939595114264289,0.03010309936844287,False,10,1,1-X-2 / 2 goals Up,0.0,0.0,0.05263157894736842,False
2553933,numeric,EUSKADI,12,34,8.927962962962964,2026-06-10 14:27:50,2026-06-19 12:44:06,23,18,0.782608695652174,0.5809611981726509,0.0009995756193572855,True,99.1,True,EUR,0.021135203846313625,0.018738822194982244,False,23,1,1-X-2 / 2 goals Up,0.0,0.0,0.0,False
MAH-02-01666,string,NAVARRA,23,32,13.592511574074074,2026-06-09 16:43:32,2026-06-23 06:56:45,23,18,0.782608695652174,0.5809611981726509,0.0009995756193572855,True,99.1,True,EUR,0.024075145959485462,0.02751899945770142,False,17,5,Match corners,0.15625,0.0,0.03125,False
MAH-19-00903,string,ANDALUCIA,32,60,11.259606481481482,2026-06-10 13:27:42,2026-06-21 19:41:32,25,19,0.76,0.5656994004476144,0.0013451012590875388,True,99.0,True,EUR,0.03514136239662809,0.0329464108018194,False,22,4,1-X-2 / 2 goals Up,0.15,0.0,0.0,False
2295552,numeric,ESTATAL,42,111,27.035231481481482,2026-05-27 17:40:15,2026-06-23 18:30:59,56,39,0.6964285714285714,0.5666388751588567,0.00011869178392651878,True,99.0,True,EUR,0.13639211027376877,0.07683170553753202,False,32,6,Team corners,0.12612612612612611,0.0,0.036036036036036036,False
2298666,numeric,PERU,10,36,0.9158564814814815,2026-06-19 19:15:40,2026-06-20 17:14:30,5,5,1.0,0.565508505247919,,False,98.9,False,PEN,0.009235801435843335,0.014034874284356147,False,5,5,Team offsides,0.05555555555555555,0.0,0.0,False
1696415,numeric,ESTATAL,20,23,11.190798611111111,2026-06-12 11:21:59,2026-06-23 15:56:44,22,17,0.7727272727272727,0.5655964393704065,0.001785064661687396,True,98.9,True,EUR,0.029253435754542402,0.03543148839226304,False,18,6,Home-side combo (bet builder),0.13043478260869565,0.043478260869565216,0.043478260869565216,False
2629888,numeric,PERU,24,31,5.0883564814814815,2026-06-15 02:35:49,2026-06-20 04:43:03,9,8,0.8888888888888888,0.5649937852319398,,False,98.8,False,PEN,0.03222137525627502,0.04149871368678147,False,6,4,Match corners,0.16129032258064516,0.5483870967741935,0.5806451612903226,False
1318446,numeric,ESTATAL,11,11,11.99423611111111,2026-06-11 18:53:34,2026-06-23 18:45:16,9,8,0.8888888888888888,0.5649937852319398,,False,98.8,False,EUR,0.02262660778807282,0.02262660778807282,False,9,3,Match,0.5454545454545454,0.0,1.0,False
2165050,numeric,EUSKADI,10,14,9.175625,2026-06-14 09:53:21,2026-06-23 14:06:15,9,8,0.8888888888888888,0.5649937852319398,,False,98.8,False,EUR,0.029368097694781,0.0303189391656623,False,9,3,Home-side combo (bet builder),0.2857142857142857,0.0,0.0,False
1638633,numeric,PERU,17,26,8.068993055555556,2026-06-12 16:29:15,2026-06-20 18:08:36,12,10,0.8333333333333334,0.5519636426153274,,False,98.6,False,PEN,0.034251435292275395,0.03884789702374045,False,12,1,1-X-2 / 2 goals Up,0.0,0.0,0.0,False
2568644,numeric,ESTATAL,15,15,12.147060185185186,2026-06-10 18:23:15,2026-06-22 21:55:01,12,10,0.8333333333333334,0.5519636426153274,,False,98.6,False,EUR,0.02139461726837733,0.042524646686538416,False,12,1,1-X-2 / 2 goals Up,0.06666666666666667,0.0,1.0,False
2623904,numeric,ESTATAL,14,14,12.013946759259259,2026-06-11 17:58:50,2026-06-23 18:18:55,12,10,0.8333333333333334,0.5519636426153274,,False,98.6,False,EUR,0.04734655592260327,0.04593334563234667,False,9,3,1-X-2 / 2 goals Up,0.2857142857142857,0.0,1.0,False
2239517,numeric,PERU,10,17,11.70613425925926,2026-06-12 01:58:55,2026-06-23 18:55:45,12,10,0.8333333333333334,0.5519636426153274,,False,98.6,False,PEN,0.042735353494245974,0.04360608815969232,False,11,6,Match throw-ins,0.17647058823529413,0.058823529411764705,0.17647058823529413,False
2386337,numeric,ESTATAL,38,68,10.055300925925925,2026-06-13 18:37:41,2026-06-23 19:57:19,24,18,0.75,0.5510017468789357,0.0023361411923203297,False,98.5,False,EUR,0.022959897416928002,0.027072666235369164,False,24,3,1-X-2 / 2 goals Up,0.07352941176470588,0.014705882352941176,0.014705882352941176,False
2427035,numeric,ANDALUCIA,13,35,15.452719907407408,2026-06-08 06:01:26,2026-06-23 16:53:21,24,18,0.75,0.5510017468789357,0.0023361411923203297,False,98.5,False,EUR,0.04084664991820258,0.03836426733932042,False,18,11,Team shots on target,0.05714285714285714,0.0,0.0,False
2018817,numeric,ESTATAL,11,25,12.844930555555555,2026-06-09 18:56:55,2026-06-22 15:13:37,21,16,0.7619047619047619,0.5490841802765406,0.003152455978292588,False,98.4,False,EUR,0.003989348938752331,0.017675399087424756,False,20,4,Match,0.16,0.0,0.0,False
2491256,numeric,ESTATAL,16,32,9.004189814814815,2026-06-13 20:49:06,2026-06-22 20:55:08,21,16,0.7619047619047619,0.5490841802765406,0.003152455978292588,False,98.4,False,EUR,0.024064144614594746,0.027593978887709175,False,21,4,1-X-2 / 2 goals Up,0.21875,0.0,0.0,False
MAH-01-05432,string,EUSKADI,14,25,8.88295138888889,2026-06-13 17:29:29,2026-06-22 14:40:56,15,12,0.8,0.5481406466534955,,False,98.3,False,EUR,-0.008371397846925215,0.03086868376753207,False,12,8,To score or assist (Star Substitute),0.04,0.0,0.12,False
481000,numeric,EUSKADI,14,21,8.931863425925926,2026-06-11 18:08:17,2026-06-20 16:30:10,15,12,0.8,0.5481406466534955,,False,98.3,False,EUR,0.024461880336243247,0.027694665098890604,False,12,9,Shots on target (Star Substitute),0.23809523809523808,0.0,0.0,False
MAH-01-55369,string,EUSKADI,18,56,8.108912037037037,2026-06-11 11:50:21,2026-06-19 14:27:11,15,12,0.8,0.5481406466534955,,False,98.3,False,EUR,0.08472977251825824,0.07960012190532947,False,7,6,Home-side combo (bet builder),0.07142857142857142,0.0,0.17857142857142858,False
2234382,numeric,EUSKADI,13,19,10.839872685185185,2026-06-11 12:59:37,2026-06-22 09:09:02,18,14,0.7777777777777778,0.547849735476945,,False,98.2,False,EUR,0.02091566564279823,0.019926043274153864,False,18,1,1-X-2 / 2 goals Up,0.0,0.0,0.05263157894736842,False
1270274,numeric,ESTATAL,98,98,6.9369907407407405,2026-06-14 19:58:08,2026-06-21 18:27:24,50,34,0.68,0.5418944286372392,0.0006435558461859678,True,98.1,True,EUR,0.02401279020802014,0.01776280246203707,False,10,2,1st half: Team corners,0.6224489795918368,0.0,1.0,True
2623956,numeric,ESTATAL,36,70,11.767916666666666,2026-06-10 11:15:25,2026-06-22 05:41:13,42,29,0.6904761904761905,0.539737222336594,0.0010923867309195932,True,98.1,True,EUR,0.021274326681586252,0.01701350101659811,False,40,2,1-X-2 / 2 goals Up,0.11428571428571428,0.0,0.0,False
MAH-06-21001,string,LA RIOJA,11,33,11.902222222222223,2026-06-10 16:52:47,2026-06-22 14:31:59,26,19,0.7307692307692307,0.5391659658023868,0.0029162115631434418,False,98.0,False,EUR,0.03185252372880191,0.03760778999309696,False,23,7,1-X-2 / 2 goals Up,0.12121212121212122,0.0,0.06060606060606061,False
2208504,numeric,ESTATAL,20,32,12.016550925925927,2026-06-10 15:50:06,2026-06-22 16:13:56,23,17,0.7391304347826086,0.5352960945624944,0.00401061694828942,False,97.9,False,EUR,0.009753436954150117,0.019545041777588878,False,22,3,1-X-2 / 2 goals Up,0.15625,0.0,0.09375,False
1422869,numeric,ESTATAL,24,27,12.412037037037036,2026-06-11 00:25:44,2026-06-23 10:19:04,23,17,0.7391304347826086,0.5352960945624944,0.00401061694828942,False,97.9,False,EUR,0.05923585365388409,0.050738797154773675,False,14,6,Match corners,0.07407407407407407,0.0,0.037037037037037035,False
MAH-19-96003,string,ANDALUCIA,31,51,47.967650462962965,2026-05-05 17:16:21,2026-06-22 16:29:46,23,17,0.7391304347826086,0.5352960945624944,0.00401061694828942,False,97.9,False,EUR,0.02538833791894074,0.025682803553321885,False,23,6,1-X-2 / 2 goals Up,0.09803921568627451,0.0,0.0,False
2538048,numeric,ESTATAL,23,28,10.09849537037037,2026-06-12 21:04:12,2026-06-22 23:26:02,20,15,0.75,0.5312949900419365,0.00549949306265444,False,97.8,False,EUR,0.010616201185464103,0.012877800877807355,False,19,3,1-X-2 / 2 goals Up,0.39285714285714285,0.0,0.25,False
2299676,numeric,PERU,50,50,11.667337962962963,2026-06-09 02:12:12,2026-06-20 18:13:10,20,15,0.75,0.5312949900419365,0.00549949306265444,False,97.8,False,PEN,0.1405966965587217,0.18585374858382062,False,13,11,Team goal kicks,0.22,0.12,1.0,False
MAH-06-01008,string,LA RIOJA,27,58,13.013263888888888,2026-06-09 15:38:33,2026-06-22 15:57:39,41,28,0.6829268292682927,0.5301551434425416,0.0017261650192058645,True,97.7,False,EUR,-0.03911004701107797,0.032209396937266134,False,27,10,Team corners,0.017241379310344827,0.06896551724137931,0.1206896551724138,False
1537426,numeric,ESTATAL,10,12,7.356793981481482,2026-06-12 18:23:14,2026-06-20 02:57:01,8,7,0.875,0.5291051942301385,,False,97.6,False,EUR,0.019066642375126324,0.01645213467823317,False,8,1,1-X-2 / 2 goals Up,0.75,0.0,0.5,False
894696,numeric,EUSKADI,27,27,6.3742476851851855,2026-06-15 13:33:12,2026-06-21 22:32:07,8,7,0.875,0.5291051942301385,,False,97.6,False,EUR,0.020438214203211527,0.026855426536470505,False,8,1,1-X-2 / 2 goals Up,0.037037037037037035,0.0,0.0,False
2627239,numeric,ESTATAL,47,186,14.00431712962963,2026-06-08 20:32:06,2026-06-22 20:38:19,113,70,0.6194690265486725,0.527417084563521,0.00013027296895375557,True,97.6,True,EUR,0.016051168670018358,0.029941875952758875,False,43,14,Home-side combo (bet builder),0.03225806451612903,0.0,0.005376344086021506,False
1984224,numeric,ESTATAL,11,11,10.584756944444445,2026-06-09 15:55:55,2026-06-20 05:57:58,8,7,0.875,0.5291051942301385,,False,97.6,False,EUR,0.12457579203490243,0.14132773710270335,False,8,1,Team corners,0.0,0.0,1.0,False
1503238,numeric,EUSKADI,25,39,12.96175925925926,2026-06-10 20:02:12,2026-06-23 19:07:08,25,18,0.72,0.524230281034417,0.004884529592061782,False,97.5,False,EUR,0.02558773295960602,0.021248557488562615,False,16,11,1-X-2 / 2 goals Up,0.2564102564102564,0.02564102564102564,0.05128205128205128,False
MAH-01-01001,string,EUSKADI,15,22,13.193622685185185,2026-06-10 11:59:01,2026-06-23 16:37:50,17,13,0.7647058823529411,0.5273775411082839,,False,97.5,False,EUR,0.034543667422278115,0.02322351242556323,False,11,11,1-X-2 / 2 goals Up,0.045454545454545456,0.045454545454545456,0.18181818181818182,False
429915,numeric,EUSKADI,431,589,14.038738425925926,2026-06-09 18:17:28,2026-06-23 19:13:15,167,100,0.5988023952095808,0.5230483319119092,4.1112975960012285e-05,True,97.4,True,EUR,0.00868615847997581,0.010288398698686821,False,47,9,Team shots on target,0.5619694397283531,0.0,0.567062818336163,False
1775328,numeric,ESTATAL,14,14,12.015694444444444,2026-06-10 14:07:24,2026-06-22 14:30:00,14,11,0.7857142857142857,0.5241027622679172,,False,97.4,False,EUR,0.01883545169957094,0.018751887111815937,False,14,1,1-X-2 / 2 goals Up,0.0,0.0,1.0,False
1638811,numeric,ESTATAL,12,12,8.981400462962963,2026-06-13 07:14:17,2026-06-22 06:47:30,11,9,0.8181818181818182,0.5230138624217553,,False,97.2,False,EUR,0.018234505773131963,0.03138449713405618,False,11,1,1-X-2 / 2 goals Up,0.0,0.0,1.0,False
1516834,numeric,NAVARRA,12,16,8.88400462962963,2026-06-13 01:33:20,2026-06-21 22:46:18,11,9,0.8181818181818182,0.5230138624217553,,False,97.2,False,EUR,0.03274090762745477,0.04764883665724788,False,11,3,1-X-2 / 2 goals Up,0.0,0.0,0.0,False
2496073,numeric,ESTATAL,14,14,8.318136574074074,2026-06-13 08:07:24,2026-06-21 15:45:31,11,9,0.8181818181818182,0.5230138624217553,,False,97.2,False,EUR,0.024412751267267663,0.024834676530561664,False,7,8,Team corners,0.35714285714285715,0.14285714285714285,1.0,False
2207101,numeric,NAVARRA,10,17,9.190289351851852,2026-06-12 10:33:02,2026-06-21 15:07:03,11,9,0.8181818181818182,0.5230138624217553,,False,97.2,False,EUR,0.013171522458309352,0.021327923776086277,False,11,2,1-X-2 / 2 goals Up,0.058823529411764705,0.0,0.058823529411764705,False
MAH-19-00111,string,ANDALUCIA,13,24,12.16929398148148,2026-06-10 14:26:19,2026-06-22 18:30:06,11,9,0.8181818181818182,0.5230138624217553,,False,97.2,False,EUR,0.01971700956808277,0.019634192440180477,False,10,10,1-X-2 / 2 goals Up,0.16666666666666666,0.0,0.041666666666666664,False
1231009,numeric,EUSKADI,22,36,13.14642361111111,2026-06-09 14:06:14,2026-06-22 17:37:05,30,21,0.7,0.5212387898833981,0.00411184304463882,False,97.1,False,EUR,0.03117438623039112,0.0240154488671965,False,29,1,1-X-2 / 2 goals Up,0.2222222222222222,0.0,0.1111111111111111,False
MAH-07-06004,string,CATALUNYA,21,33,19.233680555555555,2026-06-03 09:48:42,2026-06-22 15:25:12,27,19,0.7037037037037037,0.515189666191624,0.005755778987427321,False,97.0,False,EUR,0.057218765889633455,0.028997266823009512,False,19,9,1-X-2 / 2 goals Up,0.09090909090909091,0.030303030303030304,0.15151515151515152,False
2435687,numeric,ESTATAL,23,23,13.306273148148149,2026-06-09 09:49:05,2026-06-22 17:10:07,22,16,0.7272727272727273,0.5184787630099803,0.006798832822573045,False,97.0,False,EUR,0.026665930112627172,0.018599553610593466,False,22,1,1-X-2 / 2 goals Up,0.043478260869565216,0.0,1.0,False
1919346,numeric,GALICIA,25,30,10.280787037037037,2026-06-12 07:26:11,2026-06-22 14:10:31,27,19,0.7037037037037037,0.515189666191624,0.005755778987427321,False,97.0,False,EUR,0.0404169834161145,0.046239966939236515,False,22,4,Match,0.03333333333333333,0.0,0.0,False
2540986,numeric,ANDALUCIA,16,25,12.529178240740741,2026-06-08 18:00:56,2026-06-21 06:42:57,19,14,0.7368421052631579,0.5120803155892935,,False,96.9,False,EUR,0.015212772558329571,0.02210968329642548,False,19,1,1-X-2 / 2 goals Up,0.12,0.0,0.0,False
2618838,numeric,PERU,17,43,5.029675925925926,2026-06-10 05:17:38,2026-06-15 06:00:22,19,14,0.7368421052631579,0.5120803155892935,,False,96.9,False,PEN,0.020407275957544546,0.014253388589435166,False,16,2,1-X-2 / 2 goals Up,0.06976744186046512,0.0,0.06976744186046512,False
1681785,numeric,ESTATAL,11,11,6.8204976851851855,2026-06-12 01:54:32,2026-06-18 21:36:03,4,4,1.0,0.5100999795960008,,False,96.8,False,EUR,0.09428576238395389,0.08442340782619401,False,3,6,Shots outside the box,0.45454545454545453,0.0,0.9090909090909091,False
1983036,numeric,ESTATAL,24,68,10.769930555555556,2026-06-10 17:06:11,2026-06-21 11:34:53,34,23,0.6764705882352942,0.5084258404811939,0.005292718972390794,False,96.7,False,EUR,0.030623341227505187,0.024455733803092156,False,22,5,Home-side combo (bet builder),0.11764705882352941,0.0,0.04411764705882353,False
1768913,numeric,EUSKADI,118,248,91.11914351851851,2026-03-23 16:08:58,2026-06-22 19:00:32,39,26,0.6666666666666666,0.5097710432024052,0.004183990823369111,False,96.7,False,EUR,0.02077770023548905,0.022030775525251775,False,37,2,1-X-2 / 2 goals Up,0.012096774193548387,0.0,0.0,False
871753,numeric,NAVARRA,45,64,15.11269675925926,2026-06-08 17:00:48,2026-06-23 19:43:05,31,21,0.6774193548387096,0.501406855599508,0.007439499852958936,False,96.6,False,EUR,0.011672380836670666,0.008495577959573201,False,30,3,1-X-2 / 2 goals Up,0.078125,0.0,0.0625,False
MAH-19-38001,string,ANDALUCIA,15,18,12.003287037037037,2026-06-10 16:28:02,2026-06-22 16:32:46,16,12,0.75,0.5050123107060135,,False,96.6,False,EUR,0.24796976200259396,0.13828783273358686,False,11,7,Team corners,0.05555555555555555,0.0,0.5555555555555556,False
930383,numeric,NAVARRA,20,44,13.087048611111111,2026-06-10 14:27:48,2026-06-23 16:33:09,26,18,0.6923076923076923,0.5001138848576876,0.009313245157128194,False,96.5,False,EUR,0.027443815995087113,0.038614548409827656,False,21,6,Team completed passes,0.1590909090909091,0.06818181818181818,0.0,False
2332231,numeric,ESTATAL,20,32,6.73869212962963,2026-06-15 18:32:21,2026-06-22 12:16:04,21,15,0.7142857142857143,0.5004322617716241,0.01136708577355904,False,96.5,False,EUR,0.027220695763468323,0.02701934842102969,False,20,2,1-X-2 / 2 goals Up,0.125,0.0,0.125,False
1978131,numeric,ESTATAL,57,90,11.108055555555556,2026-06-10 18:57:07,2026-06-21 21:32:43,45,29,0.6444444444444445,0.49835546011952203,0.0053394545610594415,False,96.5,False,EUR,0.01792222609068073,0.01451788396451373,False,26,14,1-X-2 / 2 goals Up,0.4222222222222222,0.022222222222222223,0.34444444444444444,False
2018959,numeric,ESTATAL,26,27,9.07423611111111,2026-06-13 15:11:32,2026-06-22 16:58:26,13,10,0.7692307692307693,0.49743126004873084,,False,96.3,False,EUR,0.06127455953919024,0.09568699555917043,False,6,11,Team Shots,0.3333333333333333,0.037037037037037035,0.9259259259259259,True
2182130,numeric,ESTATAL,16,16,13.61775462962963,2026-06-08 21:56:17,2026-06-22 12:45:51,13,10,0.7692307692307693,0.49743126004873084,,False,96.3,False,EUR,0.04555266544223478,0.049830528232231344,False,12,1,1-X-2 / 2 goals Up,0.0625,0.0,1.0,False
MAH-11-09014,string,CATALUNYA,25,28,8.670717592592593,2026-06-11 16:57:48,2026-06-20 09:03:38,13,10,0.7692307692307693,0.49743126004873084,,False,96.3,False,EUR,0.02976593213806636,0.0015568921186984634,False,11,8,1-X-2 / 2 goals Up,0.03571428571428571,0.0,0.5357142857142857,False
2138364,numeric,EUSKADI,30,34,9.88292824074074,2026-06-11 21:12:45,2026-06-21 18:24:10,13,10,0.7692307692307693,0.49743126004873084,,False,96.3,False,EUR,0.02799556989696559,0.027567168988022504,False,13,1,1-X-2 / 2 goals Up,0.14705882352941177,0.0,0.3235294117647059,False
1809440,numeric,GALICIA,22,45,12.949004629629629,2026-06-09 10:29:01,2026-06-22 09:15:35,28,19,0.6785714285714286,0.4933850455563118,0.010493130245660351,False,96.2,False,EUR,0.022239724290155728,0.021796309676915947,False,26,6,Match,0.0,0.0,0.0,False
MAH-19-02001,string,ANDALUCIA,16,52,14.841724537037036,2026-06-06 11:57:27,2026-06-21 08:09:32,28,19,0.6785714285714286,0.4933850455563118,0.010493130245660351,False,96.2,False,EUR,0.017734589521686016,0.025290902021954612,False,26,3,1-X-2 / 2 goals Up,0.0,0.0,0.057692307692307696,False
MAH-19-39003,string,ANDALUCIA,69,163,34.07613425925926,2026-05-20 17:45:56,2026-06-23 19:35:34,58,36,0.6206896551724138,0.49202571736165573,0.005070425432391086,False,96.1,False,EUR,0.014023221084048337,0.008513488235789594,False,41,12,1-X-2 / 2 goals Up,0.07975460122699386,0.0,0.06748466257668712,False
MAH-01-05005,string,EUSKADI,17,27,11.999722222222223,2026-06-10 16:42:06,2026-06-22 16:41:42,23,16,0.6956521739130435,0.4913387093942739,0.013171897678078633,False,96.0,False,EUR,0.013149352178111811,0.04638324889585734,False,18,9,Match,0.18518518518518517,0.0,0.1111111111111111,False
1860061,numeric,LA RIOJA,36,45,10.060520833333333,2026-06-13 17:08:29,2026-06-23 18:35:38,23,16,0.6956521739130435,0.4913387093942739,0.013171897678078633,False,96.0,False,EUR,0.020441080443045143,0.02372336485670316,False,17,6,1st half: Team corners,0.37777777777777777,0.08888888888888889,0.2,False
MAH-21-14003,string,BALEARES,16,33,7.970949074074074,2026-06-11 22:34:44,2026-06-19 21:52:54,18,13,0.7222222222222222,0.49126922453805477,,False,95.9,False,EUR,0.034328526116466314,0.03523272109017875,False,16,2,1-X-2 / 2 goals Up,0.030303030303030304,0.0,0.030303030303030304,False
2206808,numeric,PERU,93,93,11.082488425925925,2026-06-11 13:07:04,2026-06-22 15:05:51,18,13,0.7222222222222222,0.49126922453805477,,False,95.9,False,PEN,0.27004577943935876,0.2149543888739874,False,13,8,Team goal kicks,0.13978494623655913,0.0,1.0,False
MAH-02-26021,string,NAVARRA,18,28,13.231875,2026-06-10 13:05:59,2026-06-23 18:39:53,18,13,0.7222222222222222,0.49126922453805477,,False,95.9,False,EUR,0.049145805425566666,0.041942045793548995,False,16,6,Match corners,0.10714285714285714,0.0,0.35714285714285715,True
2414048,numeric,ANDALUCIA,54,71,13.392858796296297,2026-06-09 13:48:50,2026-06-22 23:14:33,51,32,0.6274509803921569,0.4902496270033425,0.006362916780916881,False,95.8,False,EUR,0.027641514733850465,0.03642417681884057,False,26,15,Team Shots,0.19718309859154928,0.0,0.5352112676056338,True
MAH-19-42002,string,ANDALUCIA,10,13,11.114166666666666,2026-06-09 17:19:49,2026-06-20 20:04:13,10,8,0.8,0.49015684672072346,,False,95.7,False,EUR,0.04329139014127437,0.03619886130534916,False,9,5,Team corners,0.23076923076923078,0.0,0.0,False
2105409,numeric,PERU,19,23,10.837465277777778,2026-06-13 00:37:57,2026-06-23 20:43:54,10,8,0.8,0.49015684672072346,,False,95.7,False,PEN,0.018391422798663678,0.02783413854738236,False,9,5,1-X-2 / 2 goals Up,0.34782608695652173,0.34782608695652173,0.6956521739130435,False
2177965,numeric,VALENCIA,10,14,9.000358796296297,2026-06-13 06:20:19,2026-06-22 06:20:50,10,8,0.8,0.49015684672072346,,False,95.7,False,EUR,0.06062056539055523,0.048962944861577914,False,7,5,Home-side combo (bet builder),0.0,0.0,0.0,False
2161625,numeric,ESTATAL,10,10,8.919722222222223,2026-06-12 23:41:34,2026-06-21 21:45:58,10,8,0.8,0.49015684672072346,,False,95.7,False,EUR,0.022990813027465813,0.021498024579482154,False,10,1,1-X-2 / 2 goals Up,0.2,0.0,1.0,False
1177719,numeric,LA RIOJA,10,16,3.336412037037037,2026-06-20 12:19:05,2026-06-23 20:23:31,10,8,0.8,0.49015684672072346,,False,95.7,False,EUR,0.02013658497800994,0.021217190130927044,False,8,6,Shots on target (Star Substitute),0.0625,0.1875,0.25,False
MAH-19-28002,string,ANDALUCIA,28,58,7.997106481481482,2026-06-14 12:01:23,2026-06-22 11:57:13,25,17,0.68,0.48409913734576715,0.014861627513966998,False,95.5,False,EUR,0.020941014090527697,0.03294803355911955,False,16,6,1-X-2 / 2 goals Up,0.034482758620689655,0.0,0.017241379310344827,False
MAH-06-23002,string,LA RIOJA,19,45,10.828020833333333,2026-06-12 18:59:38,2026-06-23 14:51:59,25,17,0.68,0.48409913734576715,0.014861627513966998,False,95.5,False,EUR,0.03480215468462206,0.03907824313871247,False,18,14,Team corners,0.06666666666666667,0.0,0.17777777777777778,True
1544386,numeric,EUSKADI,27,36,9.667222222222222,2026-06-13 00:55:04,2026-06-22 16:55:52,7,6,0.8571428571428571,0.4868654966809702,,False,95.5,False,EUR,0.015334526356852882,0.015179675693526675,False,7,2,1-X-2 / 2 goals Up,0.6111111111111112,0.0,0.19444444444444445,False
2336805,numeric,ESTATAL,56,129,6.426076388888889,2026-06-16 16:16:08,2026-06-23 02:29:41,48,30,0.625,0.4836250612524957,0.008793340885248175,False,95.4,False,EUR,0.024204376779640324,0.023369860554854332,False,15,4,Match,0.1937984496124031,0.0,0.023255813953488372,False
MAH-11-15001,string,CATALUNYA,14,36,12.291909722222222,2026-06-10 08:33:58,2026-06-22 15:34:19,32,21,0.65625,0.4831077350878594,0.012654684455571363,False,95.3,False,EUR,0.022089654395912522,0.018743039919071225,False,26,2,Team corners,0.05555555555555555,0.0,0.027777777777777776,False
2113374,numeric,ANDALUCIA,22,34,9.966504629629629,2026-06-12 22:09:01,2026-06-22 21:20:47,20,14,0.7,0.4810232237710205,0.018718121846206897,False,95.2,False,EUR,0.021508764098356493,0.018675992111230003,False,20,2,1-X-2 / 2 goals Up,0.17647058823529413,0.029411764705882353,0.0,False
2147019,numeric,ESTATAL,25,52,9.091759259259259,2026-06-13 13:43:23,2026-06-22 15:55:31,20,14,0.7,0.4810232237710205,0.018718121846206897,False,95.2,False,EUR,0.03373693715257455,0.04289252338542237,False,16,6,Home-side combo (bet builder),0.17307692307692307,0.038461538461538464,0.0,False
MAH-11-04005,string,CATALUNYA,16,25,10.955671296296297,2026-06-12 22:19:50,2026-06-23 21:16:00,20,14,0.7,0.4810232237710205,0.018718121846206897,False,95.2,False,EUR,0.005093141319756217,0.012045430383936875,False,17,7,Home-side combo (bet builder),0.12,0.12,0.08,False
1453644,numeric,LA RIOJA,10,49,9.9046875,2026-06-10 17:43:44,2026-06-20 15:26:29,20,14,0.7,0.4810232237710205,0.018718121846206897,False,95.2,False,EUR,0.01046931854353422,0.012144536435327348,False,20,1,1-X-2 / 2 goals Up,0.061224489795918366,0.0,0.0,False
2261462,numeric,ESTATAL,21,25,6.966782407407408,2026-06-12 10:01:35,2026-06-19 09:13:45,15,11,0.7333333333333333,0.48049110342313245,,False,95.0,False,EUR,0.12877639561890897,0.08856305708027505,False,9,11,Fouls (Star Substitute),0.08,0.0,0.72,True
MAH-03-28004,string,VALENCIA,12,29,11.384965277777777,2026-06-11 16:04:20,2026-06-23 01:18:41,15,11,0.7333333333333333,0.48049110342313245,,False,95.0,False,EUR,-0.00464907894389151,0.03713547789720896,False,12,5,Home-side combo (bet builder),0.2413793103448276,0.034482758620689655,0.10344827586206896,False
1694906,numeric,EUSKADI,18,23,11.953576388888889,2026-06-11 17:54:12,2026-06-23 16:47:21,15,11,0.7333333333333333,0.48049110342313245,,False,95.0,False,EUR,0.025791118349241457,0.027149421118172586,False,12,6,Home-side combo (bet builder),0.17391304347826086,0.0,0.043478260869565216,False
2297435,numeric,ESTATAL,16,16,6.633298611111111,2026-06-10 12:46:03,2026-06-17 03:58:00,15,11,0.7333333333333333,0.48049110342313245,,False,95.0,False,EUR,0.07876913165550627,0.07825444357757946,False,15,1,Team corners,0.1875,0.0,1.0,False
1856916,numeric,PERU,24,50,10.67332175925926,2026-06-13 05:42:48,2026-06-23 21:52:23,15,11,0.7333333333333333,0.48049110342313245,,False,95.0,False,PEN,0.028856097141395344,0.029859091628004243,False,10,13,1st half: Shots on target,0.08,0.2,0.2,False
2139266,numeric,ESTATAL,16,29,10.082175925925926,2026-06-11 16:17:35,2026-06-21 18:15:55,15,11,0.7333333333333333,0.48049110342313245,,False,95.0,False,EUR,0.03192712107106944,0.027537520597692336,False,14,7,1-X-2 / 2 goals Up,0.3103448275862069,0.0,0.3793103448275862,False
2528199,numeric,MADRID,21,25,8.866655092592593,2026-06-12 18:59:10,2026-06-21 15:47:09,15,11,0.7333333333333333,0.48049110342313245,,False,95.0,False,EUR,0.007985684017713875,0.017310115068498215,False,12,10,1-X-2 / 2 goals Up,0.68,0.08,0.68,False
MAH-21-13003,string,BALEARES,16,43,11.425462962962962,2026-06-11 06:37:47,2026-06-22 16:50:27,34,22,0.6470588235294118,0.4791365883001342,0.013630010750775372,False,94.7,False,EUR,-0.004624144616252439,0.09958169375062605,False,29,8,Match shots on target,0.06976744186046512,0.06976744186046512,0.06976744186046512,False
1403762,numeric,ESTATAL,35,60,14.963460648148148,2026-06-06 21:48:16,2026-06-21 20:55:39,34,22,0.6470588235294118,0.4791365883001342,0.013630010750775372,False,94.7,False,EUR,0.021004427040057734,0.021201247254018417,False,34,1,1-X-2 / 2 goals Up,0.13333333333333333,0.0,0.3333333333333333,False
MAH-04-07604,string,GALICIA,43,75,12.184733796296296,2026-06-10 15:59:43,2026-06-22 20:25:44,34,22,0.6470588235294118,0.4791365883001342,0.013630010750775372,False,94.7,False,EUR,0.015453487404411813,0.012793551663035014,False,22,11,1-X-2 / 2 goals Up,0.2,0.013333333333333334,0.12,False
MAH-19-00901,string,ANDALUCIA,37,126,10.876226851851852,2026-06-10 13:24:46,2026-06-21 10:26:32,54,33,0.6111111111111112,0.4778805658150834,0.009913589131339783,False,94.6,False,EUR,0.01677379296607731,0.011461523966947726,False,35,7,1-X-2 / 2 goals Up,0.007936507936507936,0.0,0.007936507936507936,False
MAH-11-10006,string,CATALUNYA,23,84,7.984097222222222,2026-06-14 19:09:10,2026-06-22 18:46:16,27,18,0.6666666666666666,0.47824419872105484,0.016428177496529965,False,94.6,False,EUR,0.018899968393150453,0.029260137033591732,False,9,4,Home-side combo (bet builder),0.011904761904761904,0.011904761904761904,0.0,False
MAH-01-51162,string,EUSKADI,20,45,11.866435185185185,2026-06-10 19:41:48,2026-06-22 16:29:28,38,24,0.631578947368421,0.4728367282426011,0.01536953869576077,False,94.5,False,EUR,0.011352725793468398,0.029914547674013737,False,28,12,1-X-2 / 2 goals Up,0.15555555555555556,0.0,0.044444444444444446,False
MAH-02-15001,string,NAVARRA,103,131,13.632233796296296,2026-06-09 21:51:04,2026-06-23 13:01:29,67,40,0.5970149253731343,0.4774111146058888,0.008375097457657334,False,94.5,False,EUR,-0.0024415807304956736,0.0016931889611249058,False,31,15,Home-side combo (bet builder),0.2366412213740458,0.007633587786259542,0.6183206106870229,False
MAH-19-36002,string,ANDALUCIA,31,63,12.047222222222222,2026-06-11 20:32:48,2026-06-23 21:40:48,31,20,0.6451612903225806,0.46947638042814893,0.019188370760702136,False,94.4,False,EUR,0.029214124752542675,0.01959308956899403,False,19,14,Match goal kicks,0.06349206349206349,0.015873015873015872,0.09523809523809523,False
1861050,numeric,EUSKADI,64,76,42.01482638888889,2026-05-12 20:31:32,2026-06-23 20:52:53,40,25,0.625,0.4703216005453191,0.01613731111622593,False,94.4,False,EUR,0.03346209942630623,0.030646070078398376,False,20,11,To score or assist (Star Substitute),0.2631578947368421,0.02631578947368421,0.039473684210526314,False
2450330,numeric,ESTATAL,36,80,11.044155092592593,2026-06-09 17:49:51,2026-06-20 18:53:26,31,20,0.6451612903225806,0.46947638042814893,0.019188370760702136,False,94.4,False,EUR,0.010773865343110037,0.010997375101702723,False,15,5,To score or assist (Star Substitute),0.3,0.0,0.025,False
2010479,numeric,EUSKADI,18,21,12.030474537037037,2026-06-11 18:21:42,2026-06-23 19:05:35,17,12,0.7058823529411765,0.468664666737861,,False,94.2,False,EUR,0.015882828361545552,0.019978026400353354,False,17,4,1-X-2 / 2 goals Up,0.6666666666666666,0.047619047619047616,0.7142857142857143,False
MAH-11-09007,string,CATALUNYA,17,24,9.838645833333333,2026-06-11 14:42:10,2026-06-21 10:49:49,17,12,0.7058823529411765,0.468664666737861,,False,94.2,False,EUR,0.011677727902366064,0.01641209141626224,False,13,10,1-X-2 / 2 goals Up,0.0,0.0,0.08333333333333333,False
2320951,numeric,ESTATAL,14,22,11.220069444444444,2026-06-11 11:09:59,2026-06-22 16:26:53,17,12,0.7058823529411765,0.468664666737861,,False,94.2,False,EUR,0.0425981742532377,0.04050874495362711,False,13,4,Match corners,0.18181818181818182,0.0,0.18181818181818182,True
2627776,numeric,PERU,20,20,5.030960648148148,2026-06-12 22:47:32,2026-06-17 23:32:07,17,12,0.7058823529411765,0.468664666737861,,False,94.2,False,PEN,0.0480807776340594,0.044370821331791335,False,17,2,Team corners,0.05,0.0,1.0,False
MAH-01-17001,string,EUSKADI,16,25,9.735243055555555,2026-06-10 18:59:26,2026-06-20 12:38:11,17,12,0.7058823529411765,0.468664666737861,,False,94.2,False,EUR,0.012505720177083046,0.01635002983506407,False,16,8,1-X-2 / 2 goals Up,0.28,0.08,0.44,False
2019255,numeric,EUSKADI,17,50,9.273402777777777,2026-06-13 09:20:06,2026-06-22 15:53:48,17,12,0.7058823529411765,0.468664666737861,,False,94.2,False,EUR,0.02149868389607378,0.03373151049004827,False,17,1,1-X-2 / 2 goals Up,0.04,0.0,0.0,False
576063,numeric,EUSKADI,23,37,12.051747685185186,2026-06-10 18:52:04,2026-06-22 20:06:35,24,16,0.6666666666666666,0.46705959494080457,0.023361291180092846,False,94.0,False,EUR,0.02064342918898998,0.04104317405102854,False,21,2,Team corners,0.1891891891891892,0.10810810810810811,0.02702702702702703,False
1428947,numeric,EUSKADI,59,75,11.900960648148148,2026-06-11 19:19:48,2026-06-23 16:57:11,33,21,0.6363636363636364,0.46615872621534094,0.020388620305664854,False,94.0,False,EUR,-0.00036784267507038724,-0.0002207668711091715,False,24,6,Match shots,0.41333333333333333,0.02666666666666667,0.0,False
528848,numeric,EUSKADI,105,189,15.522916666666667,2026-06-07 12:51:51,2026-06-23 01:24:51,113,63,0.5575221238938053,0.4655505562049906,0.009941737528316287,False,93.9,False,EUR,0.022633310202000424,0.021551030424321264,False,41,6,Home-side combo (bet builder),0.13756613756613756,0.031746031746031744,0.005291005291005291,False
1726471,numeric,EUSKADI,41,106,7.24550925925926,2026-06-09 14:50:33,2026-06-16 20:44:05,63,37,0.5873015873015873,0.46415095351811103,0.015486763489470954,False,93.9,False,EUR,0.015978154572406682,0.021479680696079233,False,18,13,Team goal kicks,0.009433962264150943,0.11320754716981132,0.1792452830188679,True
MAH-11-08005,string,CATALUNYA,31,70,11.166921296296296,2026-06-12 14:00:43,2026-06-23 18:01:05,48,29,0.6041666666666666,0.46310154596935116,0.018594765599714295,False,93.8,False,EUR,0.0003697726123947008,0.035024877751143636,False,30,9,Team corners,0.14285714285714285,0.014285714285714285,0.0,False
1545330,numeric,EUSKADI,19,44,6.801840277777778,2026-06-16 16:02:18,2026-06-23 11:16:57,26,17,0.6538461538461539,0.46220229009632996,0.025341905299107383,False,93.7,False,EUR,0.010650879048996687,0.025254721977600134,False,18,3,Match,0.18181818181818182,0.0,0.22727272727272727,False
1682976,numeric,ESTATAL,10,37,7.6893518518518515,2026-06-13 18:43:07,2026-06-21 11:15:47,26,17,0.6538461538461539,0.46220229009632996,0.025341905299107383,False,93.7,False,EUR,0.031275619045109386,0.03041385181121609,False,16,6,Home-side combo (bet builder),0.02702702702702703,0.0,0.0,False
MAH-19-68001,string,ANDALUCIA,47,79,11.319108796296296,2026-06-11 15:55:22,2026-06-22 23:34:53,37,23,0.6216216216216216,0.4610014255281996,0.022458099056034762,False,93.7,False,EUR,0.01583738967105317,0.020149074086862447,False,28,8,1-X-2 / 2 goals Up,0.10126582278481013,0.012658227848101266,0.012658227848101266,False
1682945,numeric,ESTATAL,55,110,13.552662037037036,2026-06-09 06:14:26,2026-06-22 19:30:16,52,31,0.5961538461538461,0.4606733176249609,0.019500464856349004,False,93.6,False,EUR,0.010171297701813376,0.009403536537435139,False,28,9,To score 2 or more goals (Star Substitute),0.12727272727272726,0.00909090909090909,0.0,False
1353770,numeric,LA RIOJA,85,158,9.773587962962964,2026-06-12 16:47:53,2026-06-22 11:21:51,19,13,0.6842105263157895,0.4601001017506463,,False,93.5,False,EUR,0.007824603465960995,0.008202508768980252,False,19,2,1-X-2 / 2 goals Up,0.056962025316455694,0.012658227848101266,0.2721518987341772,True
1686290,numeric,EUSKADI,69,77,6.184768518518519,2026-06-13 21:27:55,2026-06-20 01:53:59,39,24,0.6153846153846154,0.45898781310078474,0.023340742868844914,False,93.5,False,EUR,0.02325733182632743,0.019943935977352965,False,17,11,Shots on target (Star Substitute),0.5324675324675324,0.06493506493506493,0.8051948051948052,True
MAH-04-07579,string,GALICIA,14,28,5.71724537037037,2026-06-16 17:57:55,2026-06-22 11:10:45,19,13,0.6842105263157895,0.4601001017506463,,False,93.5,False,EUR,0.02179313408804739,0.028440577613011057,False,10,7,Shots on target (Star Substitute),0.0,0.0,0.2857142857142857,False
2137228,numeric,ESTATAL,83,83,11.891643518518519,2026-06-10 18:48:44,2026-06-22 16:12:42,60,35,0.5833333333333334,0.4572785431323962,0.020790031589894373,False,93.4,False,EUR,0.02670175788323209,0.02536219511425632,False,33,2,1st half: Team corners,0.5301204819277109,0.024096385542168676,1.0,False
2628778,numeric,MADRID,30,37,10.263715277777777,2026-06-12 12:47:27,2026-06-22 19:07:12,28,18,0.6428571428571429,0.4582997758222724,0.027111262548094525,False,93.4,False,EUR,0.013945877325813379,0.015145993775915786,False,15,16,Anytime goalscorer (Star Substitute),0.3783783783783784,0.0,0.5675675675675675,False
MAH-04-07781,string,GALICIA,55,126,11.417974537037036,2026-06-11 09:08:06,2026-06-22 19:09:59,43,26,0.6046511627906976,0.4557879659331909,0.024835843962650532,False,93.3,False,EUR,0.02071804269253484,0.017233574169387287,False,24,8,Match,0.0873015873015873,0.0,0.023809523809523808,True
2531032,numeric,EUSKADI,29,34,12.710949074074074,2026-06-10 18:56:27,2026-06-23 12:00:13,30,19,0.6333333333333333,0.4551324643360493,0.02868464017518907,False,93.3,False,EUR,0.027330851500893805,0.017630603872533634,False,28,6,1-X-2 / 2 goals Up,0.3235294117647059,0.0,0.6470588235294118,False
MAH-02-02198,string,NAVARRA,31,38,12.160532407407407,2026-06-09 11:33:05,2026-06-21 15:24:15,30,19,0.6333333333333333,0.4551324643360493,0.02868464017518907,False,93.3,False,EUR,0.010014093325156063,0.008475787389495655,False,22,8,1-X-2 / 2 goals Up,0.07894736842105263,0.02631578947368421,0.02631578947368421,False
MAH-11-06005,string,CATALUNYA,10,21,7.999872685185185,2026-06-13 09:33:55,2026-06-21 09:33:44,21,14,0.6666666666666666,0.45373075657210293,0.03342019399150264,False,93.1,False,EUR,0.006267702297961885,0.03092236758661359,False,20,7,Match corners,0.14285714285714285,0.0,0.09523809523809523,False
1117587,numeric,EUSKADI,22,22,5.796006944444445,2026-06-11 18:18:17,2026-06-17 13:24:32,21,14,0.6666666666666666,0.45373075657210293,0.03342019399150264,False,93.1,False,EUR,0.027283134058717635,0.027017598603220425,False,12,3,Anytime goalscorer (Star Substitute),0.13636363636363635,0.0,1.0,True
1163563,numeric,EUSKADI,33,38,9.969467592592592,2026-06-11 15:38:22,2026-06-21 14:54:24,21,14,0.6666666666666666,0.45373075657210293,0.03342019399150264,False,93.1,False,EUR,0.0071607386683106575,0.012018392812058716,False,18,11,1-X-2 / 2 goals Up,0.5263157894736842,0.02631578947368421,0.631578947368421,False
MAH-01-01479,string,EUSKADI,14,27,13.761886574074074,2026-06-07 16:09:00,2026-06-21 10:26:07,14,10,0.7142857142857143,0.4535045882751561,,False,93.0,False,EUR,0.01693318740496061,0.03639259299139368,False,11,8,Match,0.0,0.037037037037037035,0.1111111111111111,False
1373923,numeric,ESTATAL,12,16,10.156701388888889,2026-06-11 13:24:23,2026-06-21 17:10:02,14,10,0.7142857142857143,0.4535045882751561,,False,93.0,False,EUR,0.019204731099720256,0.03687662960445188,False,10,3,Home-side combo (bet builder),0.125,0.0,0.0,False
2184629,numeric,ESTATAL,100,100,13.20755787037037,2026-06-10 14:12:15,2026-06-23 19:11:08,82,46,0.5609756097560976,0.45322727057239914,0.021876705023576644,False,92.9,False,EUR,0.038108633195384566,0.030745438813306884,False,26,21,Shots on target outside the box (Star Substitute),0.25,0.0,1.0,False
434855,numeric,EUSKADI,12,12,10.111215277777777,2026-06-13 18:50:07,2026-06-23 21:30:16,9,7,0.7777777777777778,0.4525833436728054,,False,92.7,False,EUR,0.021917845731955946,0.029629995679592656,False,9,1,Match corners,0.75,0.16666666666666666,1.0,False
MAH-04-06655,string,GALICIA,18,28,12.854363425925927,2026-06-08 15:03:31,2026-06-21 11:33:48,9,7,0.7777777777777778,0.4525833436728054,,False,92.7,False,EUR,0.0070898726586472545,0.049574048201759556,False,8,6,Team corners,0.0,0.0,0.03571428571428571,False
2627646,numeric,ESTATAL,13,17,9.153043981481481,2026-06-13 20:18:12,2026-06-22 23:58:35,9,7,0.7777777777777778,0.4525833436728054,,False,92.7,False,EUR,0.008370904001462311,0.02083659126594987,False,8,7,Home-side combo (bet builder),0.23529411764705882,0.058823529411764705,0.29411764705882354,False
2533521,numeric,ESTATAL,20,20,9.653472222222222,2026-06-13 09:57:28,2026-06-23 01:38:28,9,7,0.7777777777777778,0.4525833436728054,,False,92.7,False,EUR,0.042428692408291134,0.041053753654446336,False,9,7,Shots on target (Star Substitute),0.55,0.0,1.0,False
1480952,numeric,NAVARRA,11,13,13.839039351851852,2026-06-09 21:05:41,2026-06-23 17:13:54,9,7,0.7777777777777778,0.4525833436728054,,False,92.7,False,EUR,0.033391225014870074,0.029505422761097307,False,9,5,1-X-2 / 2 goals Up,0.07692307692307693,0.15384615384615385,0.23076923076923078,False
MAH-02-01727,string,NAVARRA,16,18,4.984756944444444,2026-06-14 11:42:48,2026-06-19 11:20:51,9,7,0.7777777777777778,0.4525833436728054,,False,92.7,False,EUR,0.28572162488151825,0.11078617093013748,False,7,7,Match shots on target,0.05555555555555555,0.0,0.7222222222222222,False
435473,numeric,EUSKADI,10,18,1.2192824074074073,2026-06-22 14:15:28,2026-06-23 19:31:14,9,7,0.7777777777777778,0.4525833436728054,,False,92.7,False,EUR,0.05138064759582692,0.06145161654511525,False,4,4,To score 2 or more goals (Star Substitute),0.05555555555555555,0.0,0.1111111111111111,False
1752405,numeric,ESTATAL,11,11,11.921400462962962,2026-06-10 20:15:27,2026-06-22 18:22:16,9,7,0.7777777777777778,0.4525833436728054,,False,92.7,False,EUR,0.03616446850470597,0.027030725342304725,False,9,1,1-X-2 / 2 goals Up,0.0,0.0,1.0,False
2089330,numeric,EUSKADI,15,41,7.957222222222223,2026-06-14 08:22:41,2026-06-22 07:21:05,9,7,0.7777777777777778,0.4525833436728054,,False,92.7,False,EUR,0.026643187442412362,0.027173415505779046,False,9,6,Team corners,0.0,0.0,0.21951219512195122,True
1917693,numeric,EUSKADI,10,19,8.076886574074074,2026-06-12 17:14:25,2026-06-20 19:05:08,9,7,0.7777777777777778,0.4525833436728054,,False,92.7,False,EUR,0.02960373790321351,0.019357248140899137,False,9,2,1-X-2 / 2 goals Up,0.3157894736842105,0.0,0.05263157894736842,False
1692529,numeric,EUSKADI,11,12,13.991122685185186,2026-06-09 21:58:43,2026-06-23 21:45:56,9,7,0.7777777777777778,0.4525833436728054,,False,92.7,False,EUR,0.026826272606384365,0.02852186741547856,False,9,2,1-X-2 / 2 goals Up,0.16666666666666666,0.08333333333333333,0.08333333333333333,False
430294,numeric,EUSKADI,119,170,13.312893518518518,2026-06-09 12:51:41,2026-06-22 20:22:15,96,53,0.5520833333333334,0.45251459064008076,0.02145878984184083,False,92.4,False,EUR,0.012936940904717788,0.0073559545029774805,False,41,7,1-X-2 / 2 goals Up,0.15294117647058825,0.0,0.0,False
2372445,numeric,PERU,15,27,10.961215277777777,2026-06-12 22:07:28,2026-06-23 21:11:37,23,15,0.6521739130434783,0.4488997690689163,0.03612676466848083,False,92.3,False,PEN,0.013898913170610028,0.01911295614964439,False,22,4,1-X-2 / 2 goals Up,0.1111111111111111,0.07407407407407407,0.25925925925925924,False
MAH-06-17001,string,LA RIOJA,30,49,13.016898148148147,2026-06-10 16:09:01,2026-06-23 16:33:21,36,22,0.6111111111111112,0.4486417029674348,0.032384929407565946,False,92.3,False,EUR,0.005523825685999352,0.020979275405711935,False,24,12,1-X-2 / 2 goals Up,0.061224489795918366,0.0,0.061224489795918366,False
MAH-11-07003,string,CATALUNYA,171,385,68.12952546296296,2026-04-15 13:47:37,2026-06-22 16:54:08,136,72,0.5294117647058824,0.44587133556869185,0.02770432691618356,False,92.2,False,EUR,0.01524468068614661,0.01264283109644744,False,44,25,1-X-2 / 2 goals Up,0.04415584415584416,0.0,0.11688311688311688,False
1772009,numeric,EUSKADI,77,148,11.991990740740741,2026-06-11 17:00:41,2026-06-23 16:49:09,97,53,0.5463917525773195,0.4474391434787438,0.027183529602264913,False,92.2,False,EUR,0.01481910434168349,0.008440282825112529,False,30,7,To score or assist (Star Substitute),0.4391891891891892,0.006756756756756757,0.0945945945945946,False
MAH-02-02061,string,NAVARRA,12,27,11.931863425925926,2026-06-10 17:41:36,2026-06-22 16:03:29,25,16,0.64,0.44518154601046633,0.03847180436431649,False,92.1,False,EUR,0.027535922040874034,0.02941155184142994,False,19,9,To score or assist (Star Substitute),0.1111111111111111,0.0,0.0,False
2138998,numeric,ANDALUCIA,32,34,12.91925925925926,2026-06-10 19:14:20,2026-06-23 17:18:04,25,16,0.64,0.44518154601046633,0.03847180436431649,False,92.1,False,EUR,0.010668629249143266,0.01383912312488914,False,24,3,1-X-2 / 2 goals Up,0.35294117647058826,0.0,0.23529411764705882,False
2152238,numeric,EUSKADI,11,18,10.462349537037037,2026-06-11 12:08:11,2026-06-21 23:13:58,16,11,0.6875,0.4440393186673406,,False,92.0,False,EUR,0.031226410599412387,0.02847831935278325,False,13,6,Saves (Star Substitute),0.3333333333333333,0.0,0.0,False
MAH-01-05262,string,EUSKADI,18,23,43.960902777777775,2026-05-06 18:54:19,2026-06-19 17:58:01,16,11,0.6875,0.4440393186673406,,False,92.0,False,EUR,-0.00039030883678382633,0.02162980492557766,False,12,9,Team corners,0.13043478260869565,0.043478260869565216,0.08695652173913043,False
1397693,numeric,EUSKADI,31,79,5.760694444444445,2026-06-16 12:19:46,2026-06-22 06:35:10,58,33,0.5689655172413793,0.44117876705727427,0.03754426010278719,False,91.9,False,EUR,0.01028334611245323,0.0064292929116826995,False,24,9,Home-side combo (bet builder),0.012658227848101266,0.0,0.0,False
MAH-06-23003,string,LA RIOJA,26,38,11.45138888888889,2026-06-11 20:36:32,2026-06-23 07:26:32,27,17,0.6296296296296297,0.442289046234463,0.04049524256348902,False,91.9,False,EUR,0.049446734127266016,0.021844733980002782,False,22,11,Home-side combo (bet builder),0.07894736842105263,0.02631578947368421,0.07894736842105263,False
MAH-19-39002,string,ANDALUCIA,25,55,31.289236111111112,2026-05-22 09:58:54,2026-06-22 16:55:24,29,18,0.6206896551724138,0.4400222620928496,0.04223378296488769,False,91.8,False,EUR,0.013166917045235168,0.009763973847777658,False,26,5,1-X-2 / 2 goals Up,0.07272727272727272,0.0,0.01818181818181818,False
2407647,numeric,PERU,42,50,12.69818287037037,2026-06-10 21:57:48,2026-06-23 14:43:11,29,18,0.6206896551724138,0.4400222620928496,0.04223378296488769,False,91.8,False,PEN,0.030542497270076182,0.032249001965302934,False,14,8,Saves (Star Substitute),0.4,0.0,0.74,True
MAH-19-66001,string,ANDALUCIA,25,41,13.122974537037036,2026-06-09 13:20:49,2026-06-22 16:17:54,29,18,0.6206896551724138,0.4400222620928496,0.04223378296488769,False,91.8,False,EUR,-0.007622077944460688,0.026862031956800078,False,20,11,To score or assist (Star Substitute),0.07317073170731707,0.0,0.07317073170731707,False
2159085,numeric,ESTATAL,109,330,8.181331018518518,2026-06-15 15:23:01,2026-06-23 19:44:08,66,37,0.5606060606060606,0.44082421430053925,0.037582031452355044,False,91.8,False,EUR,0.0060971167863199584,0.009631818745804441,False,31,20,Home-side combo (bet builder),0.20303030303030303,0.012121212121212121,0.12727272727272726,True
2075735,numeric,EUSKADI,10,12,11.287280092592592,2026-06-10 19:57:17,2026-06-22 02:50:58,3,3,1.0,0.4384939195509822,,False,91.5,False,EUR,0.044882696601504034,0.028078716038578182,False,3,4,Anytime goalscorer (Star Substitute),0.25,0.5,0.6666666666666666,True
2496724,numeric,ESTATAL,10,10,11.08070601851852,2026-06-11 19:08:08,2026-06-22 21:04:21,3,3,1.0,0.4384939195509822,,False,91.5,False,EUR,0.0180239898989899,0.020791245791245805,False,3,8,Team shots on target,0.5,0.2,1.0,True
2563076,numeric,MADRID,10,10,7.0025,2026-06-14 19:15:37,2026-06-21 19:19:13,3,3,1.0,0.4384939195509822,,False,91.5,False,EUR,0.03165221582173476,0.030579301396802244,False,3,5,Team corners,0.2,0.2,0.0,False
2021409,numeric,MURCIA,17,17,5.979490740740741,2026-06-16 14:48:56,2026-06-22 14:19:24,3,3,1.0,0.4384939195509822,,False,91.5,False,EUR,0.04729137447405327,0.04689379772479348,False,1,1,Match,1.0,0.0,0.9411764705882353,True
2193411,numeric,PERU,15,16,6.310636574074074,2026-06-16 20:15:34,2026-06-23 03:42:53,3,3,1.0,0.4384939195509822,,False,91.5,False,PEN,0.04222444446474072,0.05008557578737186,False,3,3,To score or assist (Star Substitute),0.125,0.75,0.625,False
1965742,numeric,EUSKADI,19,19,5.900023148148148,2026-06-17 22:12:45,2026-06-23 19:48:47,3,3,1.0,0.4384939195509822,,False,91.5,False,EUR,0.010063251614823618,0.028731934991117997,False,3,2,Shots on target (Star Substitute),1.0,0.0,0.7368421052631579,False
1160190,numeric,ESTATAL,23,23,4.2359837962962965,2026-06-11 14:16:02,2026-06-15 19:55:51,3,3,1.0,0.4384939195509822,,False,91.5,False,EUR,0.009523809523809712,0.02603911085069773,False,3,3,Team Shots,0.17391304347826086,0.5217391304347826,1.0,True
1442420,numeric,EUSKADI,136,220,32.9112962962963,2026-05-20 22:39:46,2026-06-22 20:32:02,18,12,0.6666666666666666,0.4374906934425036,,False,91.3,False,EUR,0.030089495160171755,0.04896838659403869,False,12,5,Home-side combo (bet builder),0.08636363636363636,0.0,0.0,False
2583985,numeric,ANDALUCIA,20,27,10.125833333333333,2026-06-11 18:57:43,2026-06-21 21:58:55,18,12,0.6666666666666666,0.4374906934425036,,False,91.3,False,EUR,0.026846409997636527,0.021022007778020144,False,15,8,1-X-2 / 2 goals Up,0.4074074074074074,0.07407407407407407,0.5185185185185185,True
1229888,numeric,ESTATAL,31,32,7.096805555555555,2026-06-10 20:22:09,2026-06-17 22:41:33,18,12,0.6666666666666666,0.4374906934425036,,False,91.3,False,EUR,0.05517152794825396,0.05152327292688965,False,10,7,1st half: Team corners,0.53125,0.28125,0.9375,True
MAH-21-14002,string,BALEARES,80,511,9.749074074074073,2026-06-12 21:23:31,2026-06-22 15:22:11,33,20,0.6060606060606061,0.4368314280651038,0.044984351982466614,False,91.2,False,EUR,0.020466557221525107,0.02286803326139031,False,29,3,1-X-2 / 2 goals Up,0.0136986301369863,0.0,0.007827788649706457,False
MAH-19-32001,string,ANDALUCIA,29,46,12.157326388888889,2026-06-11 12:40:43,2026-06-23 16:27:16,33,20,0.6060606060606061,0.4368314280651038,0.044984351982466614,False,91.2,False,EUR,-0.05236488328746559,0.026134876676090952,False,26,8,Match corners,0.043478260869565216,0.0,0.2391304347826087,False
MAH-04-07115,string,GALICIA,11,11,10.961585648148148,2026-06-11 18:01:46,2026-06-22 17:06:27,6,5,0.8333333333333334,0.4364905634363539,,False,91.0,False,EUR,0.0665777716738347,0.06436487445925854,False,6,7,goal scorer (Star Substitute),0.0,0.0,0.6363636363636364,False
2369503,numeric,ESTATAL,11,13,11.759317129629629,2026-06-11 07:37:50,2026-06-23 01:51:15,6,5,0.8333333333333334,0.4364905634363539,,False,91.0,False,EUR,0.020676772689859523,0.02459588642662167,False,5,5,To score or assist (Star Substitute),0.15384615384615385,0.15384615384615385,0.3076923076923077,False
1955658,numeric,ESTATAL,33,33,8.045555555555556,2026-06-15 15:53:28,2026-06-23 16:59:04,6,5,0.8333333333333334,0.4364905634363539,,False,91.0,False,EUR,0.009951998734828951,0.009775809097843813,False,5,7,Shots on target (Star Substitute),0.8787878787878788,0.0,0.9696969696969697,True
1634168,numeric,EUSKADI,13,13,8.356354166666666,2026-06-15 13:54:59,2026-06-23 22:28:08,6,5,0.8333333333333334,0.4364905634363539,,False,91.0,False,EUR,0.020947684268785207,0.019586570764965283,False,6,9,1-X-2 / 2 goals Up,0.6153846153846154,0.23076923076923078,1.0,False
MAH-01-01633,string,EUSKADI,15,19,11.694467592592593,2026-06-11 19:59:05,2026-06-23 12:39:07,11,8,0.7272727272727273,0.4343497069897538,,False,90.8,False,EUR,0.04978325319784214,0.06188193048903467,False,9,9,To score 2 or more goals (Star Substitute),0.21052631578947367,0.10526315789473684,0.47368421052631576,False
744557,numeric,EUSKADI,14,14,5.078483796296296,2026-06-14 18:57:34,2026-06-19 20:50:35,11,8,0.7272727272727273,0.4343497069897538,,False,90.8,False,EUR,0.020780628578804174,0.027007109922686026,False,8,6,Anytime goalscorer (Star Substitute),0.5714285714285714,0.0,1.0,False
2600178,numeric,ESTATAL,14,14,12.259409722222221,2026-06-10 11:32:11,2026-06-22 17:45:44,11,8,0.7272727272727273,0.4343497069897538,,False,90.8,False,EUR,0.13596712267398348,0.09688266425285176,False,9,3,Team corners,0.14285714285714285,0.0,1.0,True
1794438,numeric,ESTATAL,14,14,9.6653125,2026-06-10 18:48:54,2026-06-20 10:46:57,11,8,0.7272727272727273,0.4343497069897538,,False,90.8,False,EUR,0.017273535580201393,0.026127223943627594,False,11,1,1-X-2 / 2 goals Up,0.21428571428571427,0.0,1.0,False
MAH-01-05186,string,EUSKADI,37,58,10.780879629629629,2026-06-11 16:11:53,2026-06-22 10:56:21,39,23,0.5897435897435898,0.4341834847334491,0.04768279292164435,False,90.7,False,EUR,0.01990381575763481,0.014024077257862918,False,24,15,Home-side combo (bet builder),0.13793103448275862,0.0,0.06896551724137931,False
2586996,numeric,ESTATAL,195,196,13.19425925925926,2026-06-10 14:58:50,2026-06-23 19:38:34,129,67,0.5193798449612403,0.4338540255591821,0.051193794965044594,False,90.6,False,EUR,0.01722939246612751,0.013847305406893825,False,40,18,To be carded (only players and in play)(Star Substitute),0.5969387755102041,0.11734693877551021,0.9897959183673469,False
MAH-02-01857,string,NAVARRA,11,22,9.352476851851852,2026-06-13 09:38:48,2026-06-22 18:06:22,20,13,0.65,0.43285051021946475,0.051839240439953076,False,90.6,False,EUR,0.025128636911459647,0.036047574526170856,False,14,8,Match corners,0.13636363636363635,0.0,0.045454545454545456,False
2372004,numeric,ESTATAL,26,30,13.060243055555556,2026-06-10 18:31:49,2026-06-23 19:58:34,20,13,0.65,0.43285051021946475,0.051839240439953076,False,90.6,False,EUR,0.022602624090462427,0.01585789868624719,False,20,9,Anytime goalscorer (Star Substitute),0.6333333333333333,0.0,0.7333333333333333,False
MAH-16-16004,string,CANTABRIA,19,28,11.046956018518518,2026-06-10 17:25:20,2026-06-21 18:32:57,20,13,0.65,0.43285051021946475,0.051839240439953076,False,90.6,False,EUR,0.00037364916919004504,0.024409425270443263,False,16,15,Shots on target (Star Substitute),0.25,0.07142857142857142,0.32142857142857145,False
1322453,numeric,ESTATAL,476,577,14.037245370370371,2026-06-09 18:49:40,2026-06-23 19:43:18,208,103,0.4951923076923077,0.4279507128820141,0.0781802104332011,False,90.4,False,EUR,0.006572825844071432,0.0077765803579140135,False,47,11,To score or assist (Star Substitute),0.7729636048526863,0.01733102253032929,0.23570190641247835,False
1955493,numeric,ESTATAL,23,30,12.071215277777778,2026-06-10 18:48:32,2026-06-22 20:31:05,22,14,0.6363636363636364,0.4295134934371804,0.05488218480670648,False,90.4,False,EUR,0.014421025784168573,0.016909374245970575,False,19,2,Team corners,0.3333333333333333,0.0,0.06666666666666667,False
MAH-04-07282,string,GALICIA,23,29,8.936168981481481,2026-06-13 18:24:24,2026-06-22 16:52:29,22,14,0.6363636363636364,0.4295134934371804,0.05488218480670648,False,90.4,False,EUR,0.01279117461326741,0.019286074816684297,False,14,12,Home-side combo (bet builder),0.13793103448275862,0.034482758620689655,0.0,False
MAH-01-05372,string,EUSKADI,11,26,8.39869212962963,2026-06-13 10:30:30,2026-06-21 20:04:37,24,15,0.625,0.42709619037907065,0.057402553815793844,False,90.3,False,EUR,0.01760336134069842,0.012425543872788094,False,20,4,Match corners,0.038461538461538464,0.038461538461538464,0.038461538461538464,False
2576520,numeric,ESTATAL,41,43,8.933657407407408,2026-06-14 21:31:05,2026-06-23 19:55:33,24,15,0.625,0.42709619037907065,0.057402553815793844,False,90.3,False,EUR,0.02090856264281923,0.028011999555761554,False,11,5,Team goals,0.37209302325581395,0.046511627906976744,0.8604651162790697,True
1783724,numeric,ESTATAL,28,36,12.75550925925926,2026-06-10 07:55:43,2026-06-23 02:03:39,24,15,0.625,0.42709619037907065,0.057402553815793844,False,90.3,False,EUR,0.01811609009883774,0.015084902596562899,False,24,2,1-X-2 / 2 goals Up,0.3055555555555556,0.0,0.3611111111111111,False
2395726,numeric,NAVARRA,48,49,12.335601851851852,2026-06-10 11:10:30,2026-06-22 19:13:46,28,17,0.6071428571428571,0.42408726034906297,0.061179575314551586,False,90.2,False,EUR,0.010379989922165878,0.00933983899634542,False,19,6,Home-side combo (bet builder),0.3469387755102041,0.0,0.8571428571428571,False
2038145,numeric,NAVARRA,13,15,11.234571759259259,2026-06-11 11:07:02,2026-06-22 16:44:49,13,9,0.6923076923076923,0.4236888781333764,,False,90.0,False,EUR,0.026061729227965853,0.028053387935844058,False,10,5,Saves (Star Substitute),0.6,0.0,0.6666666666666666,False
1260975,numeric,ESTATAL,21,43,12.006689814814814,2026-06-10 11:30:19,2026-06-22 11:39:57,13,9,0.6923076923076923,0.4236888781333764,,False,90.0,False,EUR,0.03160265398848949,0.024228524384607226,False,12,10,Match shots,0.09302325581395349,0.0,0.0,False
MAH-01-04884,string,EUSKADI,14,17,11.12625,2026-06-11 15:08:15,2026-06-22 18:10:03,13,9,0.6923076923076923,0.4236888781333764,,False,90.0,False,EUR,0.04722676339308344,0.02991597827569324,False,9,10,To score 2 or more goals (Star Substitute),0.17647058823529413,0.058823529411764705,0.058823529411764705,False
1288509,numeric,EUSKADI,23,26,10.929490740740741,2026-06-11 18:31:31,2026-06-22 16:49:59,13,9,0.6923076923076923,0.4236888781333764,,False,90.0,False,EUR,0.009476501125497413,0.012095690486710773,False,10,5,Anytime goalscorer (Star Substitute),0.2692307692307692,0.11538461538461539,0.038461538461538464,False
2625901,numeric,ESTATAL,33,38,13.525717592592592,2026-06-09 08:20:01,2026-06-22 20:57:03,13,9,0.6923076923076923,0.4236888781333764,,False,90.0,False,EUR,0.04998400602555368,0.03266234287746211,False,8,5,Team corners,0.10526315789473684,0.0,0.0,False
2534913,numeric,PERU,12,17,6.105659722222223,2026-06-14 16:10:56,2026-06-20 18:43:05,13,9,0.6923076923076923,0.4236888781333764,,False,90.0,False,PEN,0.041086162604127695,0.02004982598271454,False,12,3,1-X-2 / 2 goals Up,0.058823529411764705,0.058823529411764705,0.058823529411764705,False
1317172,numeric,ESTATAL,11,15,6.985034722222222,2026-06-13 13:55:37,2026-06-20 13:34:04,13,9,0.6923076923076923,0.4236888781333764,,False,90.0,False,EUR,0.026491950716954517,0.028236487441753888,False,12,3,1-X-2 / 2 goals Up,0.2,0.0,0.2,False
2190533,numeric,PERU,95,96,13.018576388888889,2026-06-10 19:44:04,2026-06-23 20:10:49,13,9,0.6923076923076923,0.4236888781333764,,False,90.0,False,PEN,0.08764657063931465,0.07332501905090082,False,7,12,Team shots on target,0.6145833333333334,0.3020833333333333,0.96875,True
MAH-01-01224,string,EUSKADI,45,71,12.662905092592593,2026-06-10 21:02:07,2026-06-23 12:56:42,48,27,0.5625,0.4227477150100165,0.06614212551606743,False,89.7,False,EUR,0.0539392849484108,0.04006420405854553,False,30,11,1-X-2 / 2 goals Up,0.056338028169014086,0.04225352112676056,0.19718309859154928,False
2076975,numeric,ANDALUCIA,95,96,13.955578703703704,2026-06-09 20:09:38,2026-06-23 19:05:40,34,20,0.5882352941176471,0.42221304146519273,0.06452432024024059,False,89.7,False,EUR,0.029330943423355193,0.03033915858935605,False,13,16,Saves (Star Substitute),0.3645833333333333,0.21875,0.9791666666666666,False
2052303,numeric,EUSKADI,60,60,8.034594907407408,2026-06-11 18:02:31,2026-06-19 18:52:20,36,21,0.5833333333333334,0.4219996966427768,0.0651845233960537,False,89.6,False,EUR,0.001846506438230502,0.0018525967705084407,False,6,9,Match shots,0.7333333333333333,0.0,1.0,False
2245683,numeric,PERU,23,46,11.693483796296297,2026-06-09 22:43:03,2026-06-21 15:21:40,36,21,0.5833333333333334,0.4219996966427768,0.0651845233960537,False,89.6,False,PEN,-0.002373634837162772,0.020793204976124576,False,20,4,Team corners,0.3695652173913043,0.0,0.17391304347826086,False
1704936,numeric,ESTATAL,16,45,10.192847222222222,2026-06-11 09:28:00,2026-06-21 14:05:42,38,22,0.5789473684210527,0.4219207061312732,0.06566773210584366,False,89.5,False,EUR,0.0060944734684481375,0.051968150981571704,False,16,10,Team corners,0.022222222222222223,0.0,0.022222222222222223,False
MAH-19-39001,string,ANDALUCIA,37,72,19.236122685185187,2026-06-04 11:18:38,2026-06-23 16:58:39,38,22,0.5789473684210527,0.4219207061312732,0.06566773210584366,False,89.5,False,EUR,0.009670941261689473,0.011328399942223394,False,31,8,1-X-2 / 2 goals Up,0.16666666666666666,0.013888888888888888,0.1111111111111111,False
2223751,numeric,EUSKADI,179,187,12.059131944444445,2026-06-11 18:13:55,2026-06-23 19:39:04,97,50,0.5154639175257731,0.41732951901522114,0.09430245077748191,False,89.4,False,EUR,0.008970888011665281,0.006431596964041211,False,27,8,Match corners,0.8502673796791443,0.0962566844919786,0.93048128342246,False
MAH-11-03004,string,CATALUNYA,20,27,14.205358796296297,2026-06-08 16:50:02,2026-06-22 21:45:45,15,10,0.6666666666666666,0.4171312515121298,,False,89.3,False,EUR,0.051733637476383,0.03464690246864485,False,10,14,Player to score in fisrt ten minutes (from 0:00 to 9:59),0.2962962962962963,0.07407407407407407,0.2962962962962963,False
2146595,numeric,PERU,13,24,7.709409722222222,2026-06-12 01:50:36,2026-06-19 18:52:09,15,10,0.6666666666666666,0.4171312515121298,,False,89.3,False,PEN,0.012150769041848137,0.011564676987793692,False,15,2,1-X-2 / 2 goals Up,0.25,0.041666666666666664,0.125,False
MAH-19-07001,string,ANDALUCIA,10,15,12.553402777777778,2026-06-10 23:10:03,2026-06-23 12:26:57,15,10,0.6666666666666666,0.4171312515121298,,False,89.3,False,EUR,0.018562196037083683,0.02637242800005876,False,12,7,To score or assist (Star Substitute),0.2,0.0,0.0,False
MAH-04-07046,string,GALICIA,11,19,10.086157407407407,2026-06-11 19:37:15,2026-06-21 21:41:19,15,10,0.6666666666666666,0.4171312515121298,,False,89.3,False,EUR,0.014851643769005296,0.019501372585265873,False,12,8,To score 2 or more goals (Star Substitute),0.10526315789473684,0.0,0.05263157894736842,False
MAH-02-02000,string,NAVARRA,17,78,8.001956018518518,2026-06-13 12:15:21,2026-06-21 12:18:10,51,28,0.5490196078431373,0.4138447154164923,0.08572364578547609,False,89.2,False,EUR,0.052059350772213686,0.020394864294210023,False,26,4,To score or assist (Star Substitute),0.0,0.0,0.01282051282051282,False
2311578,numeric,PERU,17,33,9.942465277777778,2026-06-11 02:26:47,2026-06-21 01:03:56,17,11,0.6470588235294118,0.41299966721211817,,False,89.0,False,PEN,0.008172032800652046,0.017550790490310914,False,17,1,1-X-2 / 2 goals Up,0.09090909090909091,0.0,0.0,False
1693901,numeric,EUSKADI,19,22,9.696157407407407,2026-06-10 19:21:04,2026-06-20 12:03:32,17,11,0.6470588235294118,0.41299966721211817,,False,89.0,False,EUR,0.016670226592745647,0.026565557786119486,False,12,8,Team shots on target,0.09090909090909091,0.13636363636363635,0.3181818181818182,False
2182928,numeric,EUSKADI,20,20,11.152858796296297,2026-06-12 15:19:41,2026-06-23 18:59:48,17,11,0.6470588235294118,0.41299966721211817,,False,89.0,False,EUR,-0.004623564039558579,0.0013804514642362588,False,16,5,Match,0.15,0.05,1.0,False
2628499,numeric,ESTATAL,16,25,7.111504629629629,2026-06-14 12:36:14,2026-06-21 15:16:48,17,11,0.6470588235294118,0.41299966721211817,,False,89.0,False,EUR,-0.05793200084206508,0.007420330632613988,False,14,8,Home-side combo (bet builder),0.2,0.04,0.04,False
2555563,numeric,ESTATAL,15,35,32.10679398148148,2026-05-20 10:47:57,2026-06-21 13:21:44,17,11,0.6470588235294118,0.41299966721211817,,False,89.0,False,EUR,0.01688829824099369,0.01806855214915463,False,17,1,1-X-2 / 2 goals Up,0.0,0.0,0.0,False
MAH-01-00882,string,EUSKADI,18,25,9.355046296296296,2026-06-14 10:50:26,2026-06-23 19:21:42,17,11,0.6470588235294118,0.41299966721211817,,False,89.0,False,EUR,0.0012392662935239872,0.017689785163778074,False,15,12,Home-side combo (bet builder),0.2,0.0,0.08,False
1497588,numeric,ANDALUCIA,22,31,10.926666666666666,2026-06-11 18:33:39,2026-06-22 16:48:03,17,11,0.6470588235294118,0.41299966721211817,,False,89.0,False,EUR,0.021812081649607795,0.020320129939596664,False,14,6,1-X-2 / 2 goals Up,0.4838709677419355,0.0,0.25806451612903225,False
MAH-21-14001,string,BALEARES,52,112,12.516481481481481,2026-06-08 13:17:58,2026-06-21 01:41:42,43,24,0.5581395348837209,0.4110735806551172,0.08820950038279701,False,88.8,False,EUR,0.014346697772267242,0.010039930647105937,False,26,8,1-X-2 / 2 goals Up,0.14285714285714285,0.03571428571428571,0.16071428571428573,False
MAH-04-07936,string,GALICIA,84,334,11.432835648148147,2026-06-11 09:46:48,2026-06-22 20:10:05,81,42,0.5185185185185185,0.4113545922111773,0.10775912568124438,False,88.8,False,EUR,0.008532819022232645,0.008928065435288677,False,31,11,Assists (Star Substitute),0.08383233532934131,0.0,0.16167664670658682,True
MAH-11-10003,string,CATALUNYA,23,73,9.058055555555555,2026-06-13 14:31:40,2026-06-22 15:55:16,19,12,0.631578947368421,0.41039157498156714,,False,88.7,False,EUR,0.005683976386322027,-0.0006852354967909246,False,9,3,1-X-2 / 2 goals Up,0.0,0.0,0.0,False
MAH-19-25003,string,ANDALUCIA,16,21,10.926956018518519,2026-06-12 10:29:31,2026-06-23 08:44:20,19,12,0.631578947368421,0.41039157498156714,,False,88.7,False,EUR,0.029602437361751777,0.041306462973306785,False,16,6,Match corners,0.09523809523809523,0.047619047619047616,0.3333333333333333,False
2189927,numeric,NAVARRA,18,28,10.180023148148148,2026-06-11 17:49:04,2026-06-21 22:08:18,19,12,0.631578947368421,0.41039157498156714,,False,88.7,False,EUR,0.01323363524866844,0.01524980498401829,False,17,3,1-X-2 / 2 goals Up,0.25,0.0,0.0,False
2291259,numeric,ESTATAL,22,28,11.234849537037038,2026-06-12 15:59:39,2026-06-23 21:37:50,8,6,0.75,0.40926987910258916,,False,88.4,False,EUR,0.03541590600718484,0.0305114188824539,False,7,12,Saves (Star Substitute),0.14285714285714285,0.25,0.6071428571428571,True
MAH-01-04967,string,EUSKADI,12,14,8.370300925925926,2026-06-14 10:56:27,2026-06-22 19:49:41,8,6,0.75,0.40926987910258916,,False,88.4,False,EUR,0.018271976224030706,0.027820223505255107,False,7,4,Match,0.35714285714285715,0.07142857142857142,0.2857142857142857,False
2308564,numeric,ESTATAL,15,15,3.189837962962963,2026-06-10 20:04:00,2026-06-14 00:37:22,8,6,0.75,0.40926987910258916,,False,88.4,False,EUR,0.0742977667694624,0.07838725914057808,False,4,5,Team Shots,0.4666666666666667,0.13333333333333333,1.0,True
2388782,numeric,EUSKADI,10,11,9.938599537037037,2026-06-12 16:21:00,2026-06-22 14:52:35,8,6,0.75,0.40926987910258916,,False,88.4,False,EUR,0.028865559502841833,0.029059052058957507,False,8,3,1-X-2 / 2 goals Up,0.0,0.0,0.0,False
1446317,numeric,EUSKADI,10,15,6.1257523148148145,2026-06-14 13:54:06,2026-06-20 16:55:11,8,6,0.75,0.40926987910258916,,False,88.4,False,EUR,0.03427324907205445,0.03232091396188956,False,8,1,1-X-2 / 2 goals Up,0.13333333333333333,0.0,0.0,False
1851793,numeric,PERU,23,23,8.965011574074074,2026-06-14 19:58:55,2026-06-23 19:08:32,8,6,0.75,0.40926987910258916,,False,88.4,False,PEN,0.025459157567610153,0.02239244127348644,False,7,5,Team Shots,0.7391304347826086,0.043478260869565216,1.0,False
833483,numeric,EUSKADI,21,45,9.694965277777778,2026-06-09 14:44:24,2026-06-19 07:25:09,8,6,0.75,0.40926987910258916,,False,88.4,False,EUR,0.032164795137283576,0.030910407597157533,False,8,1,1-X-2 / 2 goals Up,0.0,0.0,0.17777777777777778,True
2626700,numeric,ESTATAL,21,21,10.07769675925926,2026-06-12 18:14:57,2026-06-22 20:06:50,8,6,0.75,0.40926987910258916,,False,88.4,False,EUR,0.10905787486127437,0.07059140486345938,False,6,11,Shots on target (Star Substitute),0.8095238095238095,0.14285714285714285,1.0,False
2028056,numeric,ESTATAL,15,16,7.015729166666667,2026-06-10 13:15:03,2026-06-17 13:37:42,8,6,0.75,0.40926987910258916,,False,88.4,False,EUR,0.03705576308093818,0.02867504619120803,False,8,1,1-X-2 / 2 goals Up,0.0625,0.0,0.125,False
MAH-19-96001,string,ANDALUCIA,45,62,13.207650462962963,2026-06-09 16:48:07,2026-06-22 21:47:08,37,21,0.5675675675675675,0.40913906334200717,0.08912484207924656,False,88.2,False,EUR,0.011631740660351757,0.006184941631478451,False,28,7,1-X-2 / 2 goals Up,0.16129032258064516,0.0,0.0,False
MAH-01-01012,string,EUSKADI,30,48,13.184375,2026-06-10 08:36:02,2026-06-23 13:01:32,35,20,0.5714285714285714,0.4085712925897337,0.08915484469020223,False,88.1,False,EUR,0.012645833522651752,0.011795062659391325,False,25,10,1-X-2 / 2 goals Up,0.041666666666666664,0.0,0.0625,True
1537458,numeric,EUSKADI,19,41,9.976018518518519,2026-06-11 18:46:24,2026-06-21 18:11:52,21,13,0.6190476190476191,0.40878295815501514,0.08177019091868494,False,88.1,False,EUR,0.004280024001345429,0.010255746039773047,False,20,3,Match,0.4634146341463415,0.0,0.07317073170731707,False
1706589,numeric,ESTATAL,43,52,13.67474537037037,2026-06-09 23:00:22,2026-06-23 15:12:00,33,19,0.5757575757575758,0.4080697369146003,0.08900437851939513,False,88.0,False,EUR,0.015701495616372955,0.021202924776295207,False,22,7,Match,0.34615384615384615,0.0,0.19230769230769232,False
MAH-11-04003,string,CATALUNYA,20,45,11.979664351851852,2026-06-10 16:58:32,2026-06-22 16:29:15,33,19,0.5757575757575758,0.4080697369146003,0.08900437851939513,False,88.0,False,EUR,0.011577655498047873,0.01176009631051722,False,27,7,1-X-2 / 2 goals Up,0.044444444444444446,0.0,0.0,False
1703070,numeric,ESTATAL,29,29,9.967881944444445,2026-06-12 17:35:54,2026-06-22 16:49:39,23,14,0.6086956521739131,0.40785179603745997,0.0840572827995031,False,87.9,False,EUR,0.02688426393394265,0.01551423870480747,False,22,1,1-X-2 / 2 goals Up,0.0,0.0,1.0,False
MAH-11-08002,string,CATALUNYA,17,48,9.459039351851851,2026-06-13 09:23:01,2026-06-22 20:24:02,23,14,0.6086956521739131,0.40785179603745997,0.0840572827995031,False,87.9,False,EUR,0.006007629822008195,0.02317584021788853,False,20,8,Match corners,0.041666666666666664,0.0,0.0,False
2584894,numeric,EUSKADI,17,36,11.362708333333334,2026-06-11 21:08:31,2026-06-23 05:50:49,31,18,0.5806451612903226,0.4076596435202097,0.08863963155125161,False,87.8,False,EUR,0.033061320777022056,0.033349261507841954,False,27,6,Match corners,0.1111111111111111,0.0,0.0,False
MAH-01-17004,string,EUSKADI,10,30,9.85556712962963,2026-06-12 19:54:31,2026-06-22 16:26:32,25,15,0.6,0.4073912778512734,0.08579867799300965,False,87.7,False,EUR,0.025406563750759874,0.03156137904988667,False,18,8,Team corners,0.1,0.03333333333333333,0.03333333333333333,False
MAH-04-07577,string,GALICIA,23,48,24.038287037037037,2026-05-30 15:52:50,2026-06-23 16:47:58,25,15,0.6,0.4073912778512734,0.08579867799300965,False,87.7,False,EUR,0.010689224628549477,0.021751367610609293,False,16,10,Home-side combo (bet builder),0.08333333333333333,0.0,0.0,False
MAH-01-54524,string,EUSKADI,18,33,13.2240625,2026-06-10 09:52:13,2026-06-23 15:14:52,25,15,0.6,0.4073912778512734,0.08579867799300965,False,87.7,False,EUR,0.014480429303941946,0.07144645666811264,False,20,6,Team shots on target,0.0,0.0,0.06060606060606061,False
MAH-04-08189,string,GALICIA,38,50,13.895555555555555,2026-06-09 18:34:49,2026-06-23 16:04:25,29,17,0.5862068965517241,0.4073752847851524,0.08801944780990899,False,87.6,False,EUR,0.04710514647042853,0.008905409648642126,False,20,12,Home-side combo (bet builder),0.12,0.06,0.02,False
896067,numeric,ESTATAL,15,32,12.859340277777777,2026-06-10 13:26:25,2026-06-23 10:03:52,29,17,0.5862068965517241,0.4073752847851524,0.08801944780990899,False,87.6,False,EUR,0.018872158609068816,0.028222573819806123,False,22,2,Anytime goalscorer (Star Substitute),0.0625,0.0,0.0625,False
1361572,numeric,GALICIA,31,105,13.963148148148148,2026-06-09 15:51:44,2026-06-23 14:58:40,29,17,0.5862068965517241,0.4073752847851524,0.08801944780990899,False,87.6,False,EUR,0.029386348269329336,0.023477800915800692,False,23,5,To score 2 or more goals (Star Substitute),0.13333333333333333,0.0,0.09523809523809523,True
1640039,numeric,EUSKADI,25,34,10.101041666666667,2026-06-13 13:14:42,2026-06-23 15:40:12,27,16,0.5925925925925926,0.4072638305536409,0.08709331603979777,False,87.5,False,EUR,0.007118167079341682,0.022819379051704863,False,20,6,Team corners,0.2647058823529412,0.0,0.20588235294117646,False
1930213,numeric,PERU,80,80,8.169722222222223,2026-06-15 15:45:32,2026-06-23 19:49:56,40,22,0.55,0.3982882988844078,0.11698616710749862,False,87.4,False,PEN,0.0059481982663330095,0.010172278201524368,False,14,18,Team shots on target,0.525,0.3125,1.0,True
2628672,numeric,ESTATAL,107,117,10.941516203703705,2026-06-11 18:23:09,2026-06-22 16:58:56,70,36,0.5142857142857142,0.39954182740260175,0.14348998545346897,False,87.4,False,EUR,0.01269317722895552,0.01306636338346137,False,27,16,Shots on target (Star Substitute),0.5897435897435898,0.05982905982905983,0.8632478632478633,False
MAH-01-05341,string,EUSKADI,67,117,12.127233796296297,2026-06-11 16:28:49,2026-06-23 19:32:02,66,34,0.5151515151515151,0.39710384843935753,0.14890962338494138,False,87.3,False,EUR,0.012743168490887363,0.012327424748051936,False,31,14,1st half: Team corners,0.1111111111111111,0.02564102564102564,0.042735042735042736,True
2417684,numeric,PERU,20,21,9.821377314814814,2026-06-12 21:14:10,2026-06-22 16:56:57,10,7,0.7,0.3967732199795652,,False,87.1,False,PEN,0.01972614448309158,0.01850217886693064,False,8,5,Match corners,0.3333333333333333,0.0,0.0,False
MAH-19-34005,string,ANDALUCIA,12,15,9.032476851851852,2026-06-13 18:51:26,2026-06-22 19:38:12,10,7,0.7,0.3967732199795652,,False,87.1,False,EUR,-0.0044774223824854565,0.029055235853826477,False,8,6,Home-side combo (bet builder),0.3333333333333333,0.06666666666666667,0.4,False
MAH-01-13322,string,EUSKADI,11,16,12.670451388888889,2026-06-10 15:38:29,2026-06-23 07:43:56,10,7,0.7,0.3967732199795652,,False,87.1,False,EUR,0.12834115342226568,0.06900644637883888,False,8,7,1-X-2 / 2 goals Up,0.0,0.0,0.1875,False
2445384,numeric,EUSKADI,20,20,11.96175925925926,2026-06-10 16:57:51,2026-06-22 16:02:47,10,7,0.7,0.3967732199795652,,False,87.1,False,EUR,0.009034897705174657,0.03752419224123297,False,8,5,Match,0.15,0.0,1.0,True
2009239,numeric,ESTATAL,14,16,6.874178240740741,2026-06-16 21:09:30,2026-06-23 18:08:19,10,7,0.7,0.3967732199795652,,False,87.1,False,EUR,0.022863498456509156,0.02206170097428061,False,7,3,Home-side combo (bet builder),0.0625,0.0625,0.625,False
MAH-19-55003,string,ANDALUCIA,15,15,10.03417824074074,2026-06-13 15:59:32,2026-06-23 16:48:45,10,7,0.7,0.3967732199795652,,False,87.1,False,EUR,0.00693826739589014,0.015071859358050632,False,7,6,Home-side combo (bet builder),0.5333333333333333,0.0,0.3333333333333333,False
2556637,numeric,ESTATAL,13,16,10.239467592592593,2026-06-09 12:27:59,2026-06-19 18:12:49,10,7,0.7,0.3967732199795652,,False,87.1,False,EUR,0.020676110641848867,0.02069774242577247,False,10,1,1-X-2 / 2 goals Up,0.3125,0.0,0.0,False
MAH-01-00260,string,EUSKADI,59,101,12.101168981481482,2026-06-11 17:31:39,2026-06-23 19:57:20,64,33,0.515625,0.39581392243999036,0.15171318089436256,False,87.0,False,EUR,-0.032224024657982096,0.009545590159330885,False,36,17,Team corners,0.09900990099009901,0.0,0.09900990099009901,False
1423458,numeric,ESTATAL,19,60,7.3197222222222225,2026-06-14 16:41:52,2026-06-22 00:22:16,36,20,0.5555555555555556,0.39580787316003413,0.11911774630788771,False,86.9,False,EUR,0.018409733653206823,0.03121913024512753,False,19,9,To score 2 or more goals (Star Substitute),0.2,0.016666666666666666,0.0,False
MAH-11-07008,string,CATALUNYA,63,125,19.15023148148148,2026-06-04 15:24:43,2026-06-23 19:01:03,32,18,0.5625,0.3932530203122613,0.12075692457409136,False,86.8,False,EUR,0.026735026828068196,0.04526720237361533,False,13,13,To score or assist (Star Substitute),0.08,0.0,0.232,True
2318899,numeric,ESTATAL,61,70,46.28605324074074,2026-05-08 12:42:00,2026-06-23 19:33:55,47,25,0.5319148936170213,0.3923214192677079,0.14290527742492132,False,86.8,False,EUR,0.010712154180126183,0.019030187521880952,False,21,20,Shots on target (Star Substitute),0.37142857142857144,0.07142857142857142,0.7285714285714285,False
MAH-01-00056,string,EUSKADI,40,44,12.632800925925926,2026-06-10 18:46:55,2026-06-23 09:58:09,32,18,0.5625,0.3932530203122613,0.12075692457409136,False,86.8,False,EUR,0.019240979937874356,0.013250341033254214,False,21,20,Home-side combo (bet builder),0.4090909090909091,0.045454545454545456,0.4318181818181818,False
MAH-11-09010,string,CATALUNYA,20,34,11.04199074074074,2026-06-11 15:20:14,2026-06-22 16:20:42,30,17,0.5666666666666667,0.39197009545408734,0.12131584482745225,False,86.7,False,EUR,0.020789534408530274,0.03335919759295451,False,23,9,Match corners,0.11764705882352941,0.029411764705882353,0.0,False
2492721,numeric,ESTATAL,130,130,12.243796296296296,2026-06-11 16:45:33,2026-06-23 22:36:37,58,30,0.5172413793103449,0.3916204342921343,0.1605207202088372,False,86.7,False,EUR,0.009495408354477094,0.009145134115282182,False,21,19,1st half: Team corners,0.7538461538461538,0.2153846153846154,0.9923076923076923,False
MAH-04-07248,string,GALICIA,76,103,10.301886574074073,2026-06-12 13:20:48,2026-06-22 20:35:31,28,16,0.5714285714285714,0.390704789856154,0.12164497034012274,False,86.6,False,EUR,-0.008431286018048306,0.007420485886284967,False,20,7,Match,0.08737864077669903,0.009708737864077669,0.009708737864077669,False
2050404,numeric,ESTATAL,10,24,7.924525462962963,2026-06-14 18:41:30,2026-06-22 16:52:49,12,8,0.6666666666666666,0.3906175873976139,,False,86.5,False,EUR,0.0018846894570406028,0.017426285020879485,False,12,1,1-X-2 / 2 goals Up,0.041666666666666664,0.0,0.041666666666666664,False
2530185,numeric,ESTATAL,14,14,12.340381944444445,2026-06-10 06:22:09,2026-06-22 14:32:18,12,8,0.6666666666666666,0.3906175873976139,,False,86.5,False,EUR,0.006213413192813279,0.0336437016678733,False,9,7,Team corners,0.21428571428571427,0.0,1.0,False
2570871,numeric,EUSKADI,15,21,5.104085648148148,2026-06-11 11:50:09,2026-06-16 14:20:02,12,8,0.6666666666666666,0.3906175873976139,,False,86.5,False,EUR,0.011019414867715106,0.012308644940935956,False,8,7,Shots on target (Star Substitute),0.09523809523809523,0.0,0.09523809523809523,False
MAH-05-15351,string,ARAGON,13,15,11.567488425925927,2026-06-11 21:27:34,2026-06-23 11:04:45,12,8,0.6666666666666666,0.3906175873976139,,False,86.5,False,EUR,0.012537493163562265,0.03871338089368973,False,10,6,1-X-2 / 2 goals Up,0.2,0.0,0.5333333333333333,False
MAH-11-04004,string,CATALUNYA,36,78,8.963449074074074,2026-06-13 17:51:45,2026-06-22 16:59:07,12,8,0.6666666666666666,0.3906175873976139,,False,86.5,False,EUR,0.03545214780395221,0.010664916534526355,False,9,6,Match,0.48717948717948717,0.0,0.0,False
1588346,numeric,ESTATAL,108,145,13.157118055555555,2026-06-10 13:13:21,2026-06-23 16:59:36,101,49,0.48514851485148514,0.3900229573630214,0.2308908223432005,False,86.3,False,EUR,0.012143647942608839,0.012665838191619328,False,41,10,Team shots on target,0.25517241379310346,0.006896551724137931,0.33793103448275863,True
2235198,numeric,ESTATAL,34,46,9.182847222222222,2026-06-13 16:34:12,2026-06-22 20:57:30,26,15,0.5769230769230769,0.3894829692111983,0.12168827134440811,False,86.3,False,EUR,0.008725750395580727,0.015506949884414303,False,20,3,Match,0.2608695652173913,0.0,0.0,False
MAH-01-51282,string,EUSKADI,62,126,13.001319444444444,2026-06-10 18:06:57,2026-06-23 18:08:51,43,23,0.5348837209302325,0.3891538972887278,0.14751054059452695,False,86.2,False,EUR,0.005008868041903474,0.007274629386927625,False,20,12,To score or assist (Star Substitute),0.2698412698412698,0.007936507936507936,0.023809523809523808,True
MAH-01-49804,string,EUSKADI,33,59,11.808101851851852,2026-06-11 18:47:55,2026-06-23 14:11:35,43,23,0.5348837209302325,0.3891538972887278,0.14751054059452695,False,86.2,False,EUR,0.02194905721010151,0.011638385415506599,False,29,14,Match,0.06779661016949153,0.01694915254237288,0.0847457627118644,False
2019859,numeric,EUSKADI,52,54,9.123391203703704,2026-06-14 16:49:01,2026-06-23 19:46:42,24,14,0.5833333333333334,0.3883433764938864,0.12137390337669535,False,86.1,False,EUR,0.007265275028101271,0.015718738390853308,False,13,14,Shots on target (Star Substitute),0.7592592592592593,0.1111111111111111,0.7037037037037037,False
2567313,numeric,ESTATAL,23,24,14.21023148148148,2026-06-09 08:16:30,2026-06-23 13:19:14,14,9,0.6428571428571429,0.3876400468214041,,False,85.9,False,EUR,0.26000733463708336,0.24645039614356015,False,11,8,Team corners,0.3333333333333333,0.0,0.9166666666666666,False
1195286,numeric,ESTATAL,12,58,5.045914351851851,2026-06-11 17:03:49,2026-06-16 18:09:56,14,9,0.6428571428571429,0.3876400468214041,,False,85.9,False,EUR,0.010046756492467009,0.011023348420880664,False,12,1,1-X-2 / 2 goals Up,0.13793103448275862,0.0,0.0,False
MAH-05-15091,string,ARAGON,17,17,11.885185185185184,2026-06-11 18:35:10,2026-06-23 15:49:50,14,9,0.6428571428571429,0.3876400468214041,,False,85.9,False,EUR,0.012963506205449823,0.012702165736303126,False,7,11,Shots on target (Star Substitute),0.17647058823529413,0.0,1.0,True
MAH-01-01150,string,EUSKADI,14,23,8.282997685185185,2026-06-14 12:47:05,2026-06-22 19:34:36,14,9,0.6428571428571429,0.3876400468214041,,False,85.9,False,EUR,0.01866329359420494,0.015139906132030177,False,12,5,1-X-2 / 2 goals Up,0.043478260869565216,0.0,0.0,False
1302258,numeric,GALICIA,10,14,9.988113425925926,2026-06-12 15:07:57,2026-06-22 14:50:50,14,9,0.6428571428571429,0.3876400468214041,,False,85.9,False,EUR,0.033842090609550735,0.02905694358681395,False,12,7,To score or assist (Star Substitute),0.0,0.0,0.42857142857142855,False
MAH-01-01003,string,EUSKADI,12,18,14.264050925925925,2026-06-09 08:07:23,2026-06-23 14:27:37,14,9,0.6428571428571429,0.3876400468214041,,False,85.9,False,EUR,0.045576228416811346,0.02603302222989209,False,13,6,To score or assist (Star Substitute),0.16666666666666666,0.05555555555555555,0.3333333333333333,True
MAH-01-49612,string,EUSKADI,19,24,8.992673611111112,2026-06-14 12:23:20,2026-06-23 12:12:47,14,9,0.6428571428571429,0.3876400468214041,,False,85.9,False,EUR,0.08941233769536878,0.0613470532659373,False,10,6,Team shots on target,0.08333333333333333,0.125,0.25,False
MAH-11-08001,string,CATALUNYA,46,145,16.209872685185186,2026-06-06 13:33:02,2026-06-22 18:35:15,63,32,0.5079365079365079,0.38762677115387556,0.18482521391858545,False,85.8,False,EUR,0.054065299366171826,0.007816906874799537,False,35,9,To score or assist (Star Substitute),0.034482758620689655,0.006896551724137931,0.0,False
MAH-01-13007,string,EUSKADI,36,50,12.110914351851852,2026-06-11 16:28:53,2026-06-23 19:08:36,41,22,0.5365853658536586,0.3874621534597436,0.14981878558226183,False,85.7,False,EUR,-0.04681357273805829,-0.022002513299510654,False,18,17,Shots on target (Star Substitute),0.04,0.04,0.38,False
2039441,numeric,ESTATAL,32,32,13.029641203703704,2026-06-10 18:50:13,2026-06-23 19:32:54,22,13,0.5909090909090909,0.3873447738289381,0.12060842196931988,False,85.7,False,EUR,0.00835848693100604,0.00897426220422773,False,12,9,To score or assist (Star Substitute),0.84375,0.0,0.84375,False
1935531,numeric,ESTATAL,25,26,9.419594907407408,2026-06-11 08:52:30,2026-06-20 18:56:43,20,12,0.6,0.38657794231520604,0.11926827701605382,False,85.6,False,EUR,0.004133652175328804,0.017064962623136965,False,18,16,1-X-2 / 2 goals Up,0.19230769230769232,0.0,0.8461538461538461,True
MAH-04-06582,string,GALICIA,10,23,11.004907407407407,2026-06-09 08:39:12,2026-06-20 08:46:16,20,12,0.6,0.38657794231520604,0.11926827701605382,False,85.6,False,EUR,0.021724831783258354,0.039269689149444315,False,17,5,Home-side combo (bet builder),0.043478260869565216,0.0,0.0,False
MAH-01-05247,string,EUSKADI,17,34,7.832199074074074,2026-06-14 07:25:46,2026-06-22 03:24:08,16,10,0.625,0.38640647097934805,,False,85.4,False,EUR,0.06096129039095718,0.021961967695001416,False,12,7,Home-side combo (bet builder),0.08823529411764706,0.058823529411764705,0.11764705882352941,False
2491524,numeric,ESTATAL,15,20,11.129710648148148,2026-06-11 16:47:34,2026-06-22 19:54:21,16,10,0.625,0.38640647097934805,,False,85.4,False,EUR,0.017967562157807346,0.02127307760099608,False,15,3,Away-side combo (bet builder),0.0,0.0,0.0,False
MAH-13-11002,string,CASTILLA LA MANCHA,16,16,12.99474537037037,2026-06-10 08:23:58,2026-06-23 08:16:24,16,10,0.625,0.38640647097934805,,False,85.4,False,EUR,0.047938000223666274,0.0498539071148375,False,15,2,Match corners,0.0625,0.0,0.0,False
2264715,numeric,EUSKADI,21,25,7.13462962962963,2026-06-16 17:00:01,2026-06-23 20:13:53,16,10,0.625,0.38640647097934805,,False,85.4,False,EUR,0.01216431426412284,0.025113264720400506,False,11,6,Team corners,0.32,0.28,0.6,False
MAH-01-48962,string,EUSKADI,19,29,41.468333333333334,2026-05-12 09:05:05,2026-06-22 20:19:29,18,11,0.6111111111111112,0.3861866858065617,,False,85.2,False,EUR,0.05691211428402755,0.06229801440009654,False,13,7,Home-side combo (bet builder),0.1724137931034483,0.034482758620689655,0.2413793103448276,False
427432,numeric,EUSKADI,17,24,11.970428240740741,2026-06-11 20:29:13,2026-06-23 19:46:38,18,11,0.6111111111111112,0.3861866858065617,,False,85.2,False,EUR,0.0018514832642875895,-0.005268288492548173,False,16,4,1st half: Team corners,0.375,0.16666666666666666,0.4166666666666667,False
MAH-11-15007,string,CATALUNYA,12,19,9.13585648148148,2026-06-13 15:07:58,2026-06-22 18:23:36,18,11,0.6111111111111112,0.3861866858065617,,False,85.2,False,EUR,0.023821892696216835,0.032784928947596055,False,16,3,Team corners,0.2631578947368421,0.05263157894736842,0.15789473684210525,False
MAH-01-13481,string,EUSKADI,13,27,6.313483796296296,2026-06-16 12:20:19,2026-06-22 19:51:44,18,11,0.6111111111111112,0.3861866858065617,,False,85.2,False,EUR,0.04561630376687564,0.010481353819415883,False,16,4,1-X-2 / 2 goals Up,0.0,0.0,0.2222222222222222,False
2394163,numeric,NAVARRA,42,74,7.886203703703703,2026-06-15 12:24:36,2026-06-23 09:40:44,18,11,0.6111111111111112,0.3861866858065617,,False,85.2,False,EUR,0.02972910266141197,0.02680316297330808,False,18,4,1-X-2 / 2 goals Up,0.04054054054054054,0.013513513513513514,0.0,False
MAH-01-49851,string,EUSKADI,59,324,13.071967592592593,2026-06-10 17:21:57,2026-06-23 19:05:35,37,20,0.5405405405405406,0.3838377952476737,0.15440351598864213,False,85.1,False,EUR,0.04623291049879945,0.026562227655874383,False,24,15,To score 2 or more goals (Star Substitute),0.015432098765432098,0.009259259259259259,0.10493827160493827,True
1634968,numeric,EUSKADI,10,44,11.362534722222222,2026-06-08 09:58:34,2026-06-19 18:40:37,37,20,0.5405405405405406,0.3838377952476737,0.15440351598864213,False,85.1,False,EUR,0.006213014297666937,0.020802969775338916,False,33,3,Team exact bookings (only players and in play),0.0,0.0,0.0,False
2211924,numeric,ESTATAL,184,185,11.053009259259259,2026-06-09 21:22:33,2026-06-20 22:38:53,138,64,0.463768115942029,0.38267418904731904,0.3494094386544006,False,85.0,False,EUR,0.00811693172732929,0.005429484545374224,False,33,5,Anytime goalscorer (Star Substitute),0.41621621621621624,0.016216216216216217,0.9891891891891892,True
MAH-06-01001,string,LA RIOJA,28,75,13.045092592592592,2026-06-09 08:38:16,2026-06-22 09:43:12,57,29,0.5087719298245614,0.38259680329032353,0.1966366904625969,False,84.9,False,EUR,-0.010875049959415383,0.008804857185809952,False,32,9,Match corners,0.06666666666666667,0.0,0.04,False
MAH-11-07005,string,CATALUNYA,22,41,10.791400462962963,2026-06-11 17:57:53,2026-06-22 12:57:30,35,19,0.5428571428571428,0.3818945134013752,0.15665586142338775,False,84.9,False,EUR,0.008862381652883423,-0.00249558046063793,False,23,12,To score or assist (Star Substitute),0.0975609756097561,0.024390243902439025,0.0975609756097561,False
MAH-02-20005,string,NAVARRA,45,56,10.037002314814815,2026-06-09 18:17:19,2026-06-19 19:10:36,33,18,0.5454545454545454,0.3798565794374957,0.15885997983972874,False,84.8,False,EUR,-0.0018683715963234088,0.0007108825596478603,False,19,4,To score or assist (Star Substitute),0.25,0.14285714285714285,0.0,False
MAH-02-15003,string,NAVARRA,71,82,12.359293981481482,2026-06-11 10:57:59,2026-06-23 19:35:22,46,24,0.5217391304347826,0.38137172148151327,0.18009236033884157,False,84.8,False,EUR,0.004029936324253876,-0.015314070413344275,False,24,13,Home-side combo (bet builder),0.3780487804878049,0.0,0.6829268292682927,False
MAH-01-04870,string,EUSKADI,30,53,13.864282407407407,2026-06-08 18:47:16,2026-06-22 15:31:50,31,17,0.5483870967741935,0.37771879603669134,0.1609941038056925,False,84.7,False,EUR,0.0036775668445728914,0.009526757200320615,False,23,6,Away-side combo (bet builder),0.09433962264150944,0.03773584905660377,0.03773584905660377,False
1626030,numeric,ESTATAL,13,22,9.838252314814815,2026-06-12 23:16:00,2026-06-22 19:23:05,5,4,0.8,0.37552826411853885,,False,84.6,False,EUR,0.052553366894047084,0.05877674956622321,False,5,2,Home-side combo (bet builder),0.45454545454545453,0.0,0.09090909090909091,False
1163482,numeric,ESTATAL,19,19,8.080069444444444,2026-06-13 22:19:01,2026-06-22 00:14:19,5,4,0.8,0.37552826411853885,,False,84.6,False,EUR,0.08497890616274517,0.10497852038775704,False,5,10,Fouls Won (Star Substitute),0.05263157894736842,0.631578947368421,1.0,True
570962,numeric,EUSKADI,10,11,11.132314814814816,2026-06-12 12:25:12,2026-06-23 15:35:44,5,4,0.8,0.37552826411853885,,False,84.6,False,EUR,0.004268865482742116,0.00924422041090196,False,4,6,Team Shots,0.36363636363636365,0.18181818181818182,0.45454545454545453,False
MAH-19-58001,string,ANDALUCIA,13,13,6.20400462962963,2026-06-14 14:42:43,2026-06-20 19:36:29,5,4,0.8,0.37552826411853885,,False,84.6,False,EUR,0.018965335335786145,0.01205980980056558,False,5,11,1st half: Shots on target,0.6153846153846154,0.07692307692307693,0.38461538461538464,False
2336320,numeric,ESTATAL,13,23,7.131076388888889,2026-06-15 18:32:55,2026-06-22 21:41:40,5,4,0.8,0.37552826411853885,,False,84.6,False,EUR,0.04858327042774432,0.07891856166629055,False,5,5,Match corners,0.043478260869565216,0.13043478260869565,0.43478260869565216,True
1552905,numeric,ESTATAL,13,14,6.046921296296296,2026-06-14 14:19:43,2026-06-20 15:27:17,5,4,0.8,0.37552826411853885,,False,84.6,False,EUR,0.004215633829969309,0.017387200654445975,False,3,1,1-X-2 / 2 goals Up,0.0,0.0,0.0,False
MAH-07-04002,string,CATALUNYA,45,367,12.086481481481481,2026-06-11 18:09:33,2026-06-23 20:14:05,29,16,0.5517241379310345,0.37547667068067625,0.1630302288388476,False,84.4,False,EUR,0.030550641222970805,0.031486957147056,False,21,9,Match goal kicks,0.08991825613079019,0.0027247956403269754,0.005449591280653951,False
MAH-01-01360,string,EUSKADI,48,106,12.012395833333333,2026-06-10 16:54:33,2026-06-22 17:12:24,79,38,0.4810126582278481,0.3742954498192782,0.2899712058385318,False,84.4,False,EUR,0.013544756472777128,0.006027376617580631,False,36,16,Shots on target (Star Substitute),0.12264150943396226,0.0,0.05660377358490566,False
MAH-01-11002,string,EUSKADI,46,58,9.117025462962962,2026-06-11 15:10:18,2026-06-20 17:58:49,27,15,0.5555555555555556,0.3731271947957688,0.1649319654751712,False,84.3,False,EUR,0.025001527880294448,0.011876616384202994,False,21,13,1-X-2 / 2 goals Up,0.08620689655172414,0.0,0.06896551724137931,False
2627916,numeric,ESTATAL,11,43,7.7150694444444445,2026-06-11 14:44:01,2026-06-19 07:53:43,27,15,0.5555555555555556,0.3731271947957688,0.1649319654751712,False,84.3,False,EUR,0.005221459727860655,0.013438228067093176,False,19,5,Away-side combo (bet builder),0.0,0.0,0.0,False
2629327,numeric,ESTATAL,73,73,9.13701388888889,2026-06-14 16:38:21,2026-06-23 19:55:39,36,19,0.5277777777777778,0.3700567162693947,0.1986102253760049,False,84.2,False,EUR,0.010947478314251333,0.016052080938879207,False,16,5,Home-side combo (bet builder),0.4520547945205479,0.0136986301369863,1.0,True
MAH-01-12121,string,EUSKADI,19,29,10.947349537037036,2026-06-12 14:19:16,2026-06-23 13:03:27,25,14,0.56,0.37067017019564436,0.16665146295593145,False,84.2,False,EUR,0.03018735304446518,0.026265046406108564,False,19,10,Team corners,0.0,0.034482758620689655,0.13793103448275862,False
MAH-01-05195,string,EUSKADI,14,26,11.640972222222222,2026-06-10 17:34:17,2026-06-22 08:57:17,23,13,0.5652173913043478,0.36811049305016963,0.16812490289008353,False,84.1,False,EUR,0.007701772806339666,0.008595049405423202,False,17,9,To score 2 or more goals (Star Substitute),0.038461538461538464,0.0,0.0,False
MAH-12-16003,string,CANARIAS,35,38,10.261828703703705,2026-06-10 12:37:33,2026-06-20 18:54:35,23,13,0.5652173913043478,0.36811049305016963,0.16812490289008353,False,84.1,False,EUR,0.01768306103003496,0.019828387750658205,False,13,8,1st half: Team corners,0.15789473684210525,0.0,0.6842105263157895,False
MAH-11-07004,string,CATALUNYA,14,26,10.216666666666667,2026-06-10 15:49:06,2026-06-20 21:01:06,23,13,0.5652173913043478,0.36811049305016963,0.16812490289008353,False,84.1,False,EUR,0.005075742718442165,-0.011203571525866311,False,20,7,Team exact bookings (only players and in play),0.15384615384615385,0.0,0.11538461538461539,False
1730121,numeric,EUSKADI,41,41,11.984340277777777,2026-06-10 20:10:09,2026-06-22 19:47:36,23,13,0.5652173913043478,0.36811049305016963,0.16812490289008353,False,84.1,False,EUR,0.011412522702063825,0.014843478719776532,False,14,7,Match corners,0.5853658536585366,0.21951219512195122,1.0,False
1869625,numeric,ESTATAL,27,27,11.483391203703704,2026-06-08 23:36:29,2026-06-20 11:12:34,21,12,0.5714285714285714,0.3654621629703245,0.16926572514587906,False,83.9,False,EUR,0.10049128568186359,0.09989216792182665,False,15,6,Team throw-ins,0.07407407407407407,0.0,0.9259259259259259,False
2038335,numeric,PERU,14,27,5.19193287037037,2026-06-13 12:18:13,2026-06-18 16:54:36,21,12,0.5714285714285714,0.3654621629703245,0.16926572514587906,False,83.9,False,PEN,0.004423364454136209,0.026443801961757715,False,14,4,Team corners,0.18518518518518517,0.07407407407407407,0.2222222222222222,False
MAH-11-04007,string,CATALUNYA,28,41,12.927233796296296,2026-06-09 16:17:54,2026-06-22 14:33:07,21,12,0.5714285714285714,0.3654621629703245,0.16926572514587906,False,83.9,False,EUR,-0.0012838785913424696,0.00011032693025429345,False,15,10,Match,0.1951219512195122,0.024390243902439025,0.0975609756097561,False
MAH-01-55212,string,EUSKADI,99,115,13.281886574074074,2026-06-10 08:29:42,2026-06-23 15:15:37,41,21,0.5121951219512195,0.36484259315865186,0.23414215941728997,False,83.8,False,EUR,-0.0049739777235199775,0.02424235857614911,False,21,22,To score or assist (Star Substitute),0.06956521739130435,0.008695652173913044,0.17391304347826086,True
928165,numeric,ESTATAL,63,103,13.670856481481481,2026-06-09 20:53:26,2026-06-23 12:59:28,41,21,0.5121951219512195,0.36484259315865186,0.23414215941728997,False,83.8,False,EUR,0.03164894523399878,0.032120135061077186,False,22,8,Match corners,0.2815533980582524,0.13592233009708737,0.5631067961165048,True
MAH-04-07673,string,GALICIA,40,66,10.181111111111111,2026-06-13 12:46:33,2026-06-23 17:07:21,32,17,0.53125,0.3644923793257382,0.20659624026817247,False,83.7,False,EUR,0.024547474729627945,0.01800349251568224,False,23,9,Match,0.15151515151515152,0.0,0.0,False
MAH-19-00602,string,ANDALUCIA,70,148,11.849212962962962,2026-06-10 21:15:43,2026-06-22 17:38:35,48,24,0.5,0.36389098932037767,0.2611557658473695,False,83.6,False,EUR,-0.003428403634651372,-0.000959693161016391,False,26,15,1-X-2 / 2 goals Up,0.0,0.0,0.033783783783783786,False
MAH-04-08150,string,GALICIA,141,518,13.036689814814816,2026-06-10 13:12:17,2026-06-23 14:05:07,228,97,0.42543859649122806,0.36301960870677036,0.7342428749400131,False,83.6,False,EUR,0.006136376980712086,-0.009987017677600234,False,41,24,Home-side combo (bet builder),0.02702702702702703,0.0019305019305019305,0.005791505791505791,False
2144368,numeric,ESTATAL,11,32,3.916284722222222,2026-06-13 21:47:42,2026-06-17 19:47:09,19,11,0.5789473684210527,0.3627555146516011,,False,83.5,False,EUR,0.0035464686316500865,0.008263107106125208,False,17,4,1-X-2 / 2 goals Up,0.25,0.0,0.15625,False
1861704,numeric,PERU,15,24,12.381238425925925,2026-06-10 14:17:14,2026-06-22 23:26:13,19,11,0.5789473684210527,0.3627555146516011,,False,83.5,False,PEN,0.01084957375685569,0.004295731929777882,False,19,2,1-X-2 / 2 goals Up,0.08333333333333333,0.041666666666666664,0.041666666666666664,False
1655915,numeric,ESTATAL,22,32,10.140497685185185,2026-06-12 23:15:14,2026-06-23 02:37:33,19,11,0.5789473684210527,0.3627555146516011,,False,83.5,False,EUR,0.006939257280474602,0.0016925253825250646,False,19,3,1-X-2 / 2 goals Up,0.5,0.0,0.4375,False
1869732,numeric,ESTATAL,24,24,6.170034722222222,2026-06-17 15:12:51,2026-06-23 19:17:42,19,11,0.5789473684210527,0.3627555146516011,,False,83.5,False,EUR,0.025786263816899527,0.022687126801129047,False,10,12,Team Shots,0.4583333333333333,0.0,1.0,False
MAH-04-64049,string,GALICIA,16,23,11.298171296296296,2026-06-12 09:56:32,2026-06-23 17:05:54,19,11,0.5789473684210527,0.3627555146516011,,False,83.5,False,EUR,0.06982533940258084,0.00980205885112329,False,15,9,Match corners,0.08695652173913043,0.043478260869565216,0.2608695652173913,False
MAH-01-49413,string,EUSKADI,46,85,13.048217592592593,2026-06-09 15:18:18,2026-06-22 16:27:44,39,20,0.5128205128205128,0.3619910864569657,0.23960180468615233,False,83.3,False,EUR,-0.0014939610802356203,0.00829432471171241,False,29,12,1-X-2 / 2 goals Up,0.2,0.023529411764705882,0.2,True
1856719,numeric,ESTATAL,34,39,10.402407407407408,2026-06-09 21:44:37,2026-06-20 07:24:05,30,16,0.5333333333333333,0.36142013281525043,0.2107038105661619,False,83.2,False,EUR,-0.0036998676493124613,0.008096597190238612,False,23,6,1-X-2 / 2 goals Up,0.15384615384615385,0.02564102564102564,0.6923076923076923,False
MAH-02-01883,string,NAVARRA,29,39,8.876516203703703,2026-06-13 17:42:33,2026-06-22 14:44:44,30,16,0.5333333333333333,0.36142013281525043,0.2107038105661619,False,83.2,False,EUR,-0.00963126448307068,-0.0029352378707280876,False,19,13,Home-side combo (bet builder),0.0,0.0,0.20512820512820512,True
MAH-06-19003,string,LA RIOJA,29,38,17.267881944444444,2026-06-05 10:30:47,2026-06-22 16:56:32,30,16,0.5333333333333333,0.36142013281525043,0.2107038105661619,False,83.2,False,EUR,0.01223785153087113,0.018175583094710325,False,19,12,1st half: Team corners,0.23684210526315788,0.0,0.34210526315789475,False
1431043,numeric,ESTATAL,127,208,14.315266203703704,2026-06-09 14:11:00,2026-06-23 21:44:59,94,43,0.4574468085106383,0.36038786252396654,0.4346909212611626,False,83.1,False,EUR,0.005559129818629717,0.0036342858508968713,False,32,24,To be carded (only players and in play)(Star Substitute),0.28365384615384615,0.02403846153846154,0.19230769230769232,False
MAH-04-06580,string,GALICIA,10,23,2.976354166666667,2026-06-18 09:50:42,2026-06-21 09:16:39,17,10,0.5882352941176471,0.3600507438551554,,False,82.9,False,EUR,-0.031831269199805765,0.0028597566078310934,False,13,7,Home-side combo (bet builder),0.0,0.0,0.0,False
2579113,numeric,ESTATAL,19,25,13.757905092592592,2026-06-09 15:03:16,2026-06-23 09:14:39,17,10,0.5882352941176471,0.3600507438551554,,False,82.9,False,EUR,0.011893186714547695,0.004662543746680294,False,16,5,1-X-2 / 2 goals Up,0.04,0.08,0.16,False
435338,numeric,EUSKADI,26,26,11.857418981481482,2026-06-10 18:50:39,2026-06-22 15:25:20,17,10,0.5882352941176471,0.3600507438551554,,False,82.9,False,EUR,0.029053997654961073,0.0290354593909616,False,6,9,Saves (Star Substitute),0.8076923076923077,0.07692307692307693,0.9615384615384616,False
1116868,numeric,NAVARRA,18,22,9.189733796296297,2026-06-13 15:13:36,2026-06-22 19:46:49,17,10,0.5882352941176471,0.3600507438551554,,False,82.9,False,EUR,0.013698934791472836,0.016629448824137468,False,11,5,1-X-2 / 2 goals Up,0.18181818181818182,0.0,0.7272727272727273,True
2438779,numeric,ESTATAL,46,49,12.053564814814814,2026-06-11 18:35:23,2026-06-23 19:52:31,17,10,0.5882352941176471,0.3600507438551554,,False,82.9,False,EUR,0.018514550741874213,0.013922829268490599,False,12,6,1st Half: Team Cards (only players and in play),0.673469387755102,0.08163265306122448,0.8571428571428571,False
1966061,numeric,NAVARRA,22,32,9.805775462962963,2026-06-13 21:23:01,2026-06-23 16:43:20,17,10,0.5882352941176471,0.3600507438551554,,False,82.9,False,EUR,0.01592696593317191,0.01880473721783696,False,13,4,Match,0.4375,0.0,0.03125,False
MAH-04-07231,string,GALICIA,11,22,6.483402777777778,2026-06-15 08:09:01,2026-06-21 19:45:07,17,10,0.5882352941176471,0.3600507438551554,,False,82.9,False,EUR,0.02653023883217711,0.0038198608942204117,False,14,10,Home-side combo (bet builder),0.0,0.0,0.13636363636363635,False
MAH-01-13372,string,EUSKADI,117,330,14.941527777777777,2026-06-08 18:18:29,2026-06-23 16:54:17,109,49,0.44954128440366975,0.359458689539102,0.4896282381738844,False,82.7,False,EUR,0.03993555257722224,0.003333139442925608,False,51,17,Home-side combo (bet builder),0.3090909090909091,0.0030303030303030303,0.015151515151515152,False
MAH-19-28001,string,ANDALUCIA,24,56,12.619050925925926,2026-06-10 18:11:33,2026-06-23 09:02:59,37,19,0.5135135135135135,0.35894637225980913,0.24527286306266644,False,82.7,False,EUR,0.049732634051705124,0.020781832381009047,False,30,9,1-X-2 / 2 goals Up,0.08928571428571429,0.0,0.07142857142857142,False
MAH-23-02602,string,PERU,15,17,11.18113425925926,2026-06-12 14:35:24,2026-06-23 18:56:14,7,5,0.7142857142857143,0.35892909014821267,,False,82.4,False,PEN,0.003022978778881929,0.036627905390333684,False,7,6,Home-side combo (bet builder),0.35294117647058826,0.058823529411764705,0.4117647058823529,False
MAH-01-01143,string,EUSKADI,12,13,10.06133101851852,2026-06-12 15:12:30,2026-06-22 16:40:49,7,5,0.7142857142857143,0.35892909014821267,,False,82.4,False,EUR,0.02318942881231566,0.048122219676843506,False,6,8,Match goal kicks,0.3076923076923077,0.15384615384615385,0.38461538461538464,False
2338266,numeric,PERU,11,11,11.584710648148148,2026-06-10 22:52:02,2026-06-22 12:54:01,7,5,0.7142857142857143,0.35892909014821267,,False,82.4,False,PEN,0.02937366793831539,0.0397199028257338,False,6,2,Team corners,0.0,0.0,0.0,False
2630521,numeric,ESTATAL,10,11,9.057060185185184,2026-06-14 16:37:16,2026-06-23 17:59:26,7,5,0.7142857142857143,0.35892909014821267,,False,82.4,False,EUR,0.028354651689479964,0.03011772197838747,False,7,3,Home-side combo (bet builder),0.5454545454545454,0.0,0.8181818181818182,False
MAH-19-45005,string,ANDALUCIA,12,16,5.988182870370371,2026-06-16 18:09:56,2026-06-22 17:52:55,7,5,0.7142857142857143,0.35892909014821267,,False,82.4,False,EUR,0.04354164308601061,0.03945476818441329,False,5,4,1-X-2 / 2 goals Up,0.1875,0.0,0.0625,False
427377,numeric,EUSKADI,19,20,7.3639930555555555,2026-06-15 15:43:58,2026-06-23 00:28:07,7,5,0.7142857142857143,0.35892909014821267,,False,82.4,False,EUR,0.00840735731502927,0.011860703218485435,False,2,3,To score or assist (Star Substitute),0.5,0.45,0.0,False
MAH-06-17003,string,LA RIOJA,10,17,7.258703703703704,2026-06-14 10:17:14,2026-06-21 16:29:46,7,5,0.7142857142857143,0.35892909014821267,,False,82.4,False,EUR,0.02848689291050748,0.022665495353516855,False,6,11,Anytime goalscorer (Star Substitute),0.11764705882352941,0.058823529411764705,0.11764705882352941,False
2209780,numeric,ESTATAL,15,15,13.014861111111111,2026-06-10 18:55:19,2026-06-23 19:16:43,7,5,0.7142857142857143,0.35892909014821267,,False,82.4,False,EUR,0.017359843400454312,0.018229585867108624,False,7,10,Team exact bookings (only players and in play),0.8666666666666667,0.13333333333333333,1.0,False
1752139,numeric,EUSKADI,18,27,9.681215277777778,2026-06-14 00:36:18,2026-06-23 16:57:15,7,5,0.7142857142857143,0.35892909014821267,,False,82.4,False,EUR,0.023719365166050277,0.019258979301241066,False,6,5,Match,0.48148148148148145,0.037037037037037035,0.1111111111111111,False
2025271,numeric,MURCIA,13,14,8.798622685185185,2026-06-12 19:42:39,2026-06-21 14:52:40,7,5,0.7142857142857143,0.35892909014821267,,False,82.4,False,EUR,0.023938098304710494,0.02257058271578984,False,7,3,Match corners,0.2857142857142857,0.21428571428571427,0.5714285714285714,False
2143612,numeric,NAVARRA,10,11,6.826145833333333,2026-06-16 21:14:00,2026-06-23 17:03:39,7,5,0.7142857142857143,0.35892909014821267,,False,82.4,False,EUR,0.01899569816514048,0.020152496813146854,False,7,5,1st half: Shots on target,0.45454545454545453,0.0,0.7272727272727273,False
1687175,numeric,LA RIOJA,27,61,9.327523148148147,2026-06-13 03:25:45,2026-06-22 11:17:23,28,15,0.5357142857142857,0.35812395142101666,0.21487849832329847,False,82.1,False,EUR,-0.0017199634684270013,0.007814811528660365,False,25,5,1-X-2 / 2 goals Up,0.04918032786885246,0.0,0.0,False
2082559,numeric,ESTATAL,12,22,9.8159375,2026-06-13 20:42:35,2026-06-23 16:17:32,15,9,0.6,0.357464427565077,,False,81.9,False,EUR,0.02801744961684337,0.02037092945261072,False,7,3,Home-side combo (bet builder),0.18181818181818182,0.0,0.045454545454545456,False
2431600,numeric,ESTATAL,14,19,7.785451388888889,2026-06-13 20:54:31,2026-06-21 15:45:34,15,9,0.6,0.357464427565077,,False,81.9,False,EUR,0.011785781303005607,0.01234490071478871,False,12,2,Shots on target (Star Substitute),0.3157894736842105,0.0,0.05263157894736842,False
1716520,numeric,EUSKADI,10,26,13.983194444444445,2026-06-08 20:25:46,2026-06-22 20:01:34,15,9,0.6,0.357464427565077,,False,81.9,False,EUR,0.015020309447242393,0.014358327840612544,False,12,13,Anytime goalscorer (Star Substitute),0.19230769230769232,0.0,0.0,False
2143110,numeric,ESTATAL,21,38,7.347928240740741,2026-06-12 10:39:10,2026-06-19 19:00:11,15,9,0.6,0.357464427565077,,False,81.9,False,EUR,0.007099239573484837,0.016630190644684698,False,15,2,1-X-2 / 2 goals Up,0.13157894736842105,0.0,0.0,False
2624518,numeric,ESTATAL,17,19,12.052372685185185,2026-06-11 18:38:33,2026-06-23 19:53:58,15,9,0.6,0.357464427565077,,False,81.9,False,EUR,0.006865027707005315,0.005336164792531125,False,13,5,1-X-2 / 2 goals Up,0.7368421052631579,0.0,0.5263157894736842,False
2556406,numeric,EUSKADI,11,20,6.724074074074074,2026-06-15 14:13:14,2026-06-22 07:35:54,15,9,0.6,0.357464427565077,,False,81.9,False,EUR,0.011130217549367372,0.0021934835508432486,False,15,4,Match shots on target,0.05,0.0,0.0,False
1378804,numeric,ESTATAL,14,17,10.012222222222222,2026-06-13 18:50:53,2026-06-23 19:08:29,13,8,0.6153846153846154,0.3552248097226855,,False,81.5,False,EUR,0.020807532841329957,0.018903781559916216,False,9,6,Saves (Star Substitute),0.7058823529411765,0.058823529411764705,0.5882352941176471,False
1261603,numeric,ESTATAL,29,33,12.149664351851852,2026-06-11 15:48:26,2026-06-23 19:23:57,13,8,0.6153846153846154,0.3552248097226855,,False,81.5,False,EUR,0.024511487658814068,0.024977643281360633,False,8,11,Match,0.5454545454545454,0.06060606060606061,0.5151515151515151,True
MAH-16-10007,string,CANTABRIA,10,17,10.89412037037037,2026-06-12 14:40:47,2026-06-23 12:08:19,13,8,0.6153846153846154,0.3552248097226855,,False,81.5,False,EUR,0.10338203856770586,0.0636778537532918,False,12,6,Team corners,0.0,0.058823529411764705,0.17647058823529413,False
2609938,numeric,ESTATAL,11,13,10.938344907407407,2026-06-11 13:46:11,2026-06-22 12:17:24,13,8,0.6153846153846154,0.3552248097226855,,False,81.5,False,EUR,0.01002736033579082,0.011797907010386872,False,13,1,1-X-2 / 2 goals Up,0.0,0.0,0.0,False
1824959,numeric,PERU,10,16,11.965775462962963,2026-06-10 17:29:28,2026-06-22 16:40:11,13,8,0.6153846153846154,0.3552248097226855,,False,81.5,False,PEN,0.0013270657518337184,0.003342768783880721,False,13,1,1-X-2 / 2 goals Up,0.3125,0.0,0.0,False
2457911,numeric,ESTATAL,10,15,5.155844907407407,2026-06-11 18:06:57,2026-06-16 21:51:22,13,8,0.6153846153846154,0.3552248097226855,,False,81.5,False,EUR,0.008797585554722038,0.009435164569470928,False,12,1,1-X-2 / 2 goals Up,0.13333333333333333,0.0,0.4,False
2585905,numeric,ESTATAL,10,15,9.929918981481482,2026-06-12 17:37:19,2026-06-22 15:56:24,13,8,0.6153846153846154,0.3552248097226855,,False,81.5,False,EUR,0.0115355947346136,0.009305955429533556,False,13,1,1-X-2 / 2 goals Up,0.26666666666666666,0.0,0.0,False
2632023,numeric,ESTATAL,10,24,6.471307870370371,2026-06-16 15:45:10,2026-06-23 03:03:51,13,8,0.6153846153846154,0.3552248097226855,,False,81.5,False,EUR,0.03330707645159014,0.01484692517481931,False,13,4,1-X-2 / 2 goals Up,0.041666666666666664,0.041666666666666664,0.20833333333333334,False
2432096,numeric,ESTATAL,41,45,8.312175925925926,2026-06-14 15:24:19,2026-06-22 22:53:51,13,8,0.6153846153846154,0.3552248097226855,,False,81.5,False,EUR,0.005296194554194969,0.007694252108697264,False,12,8,To score or assist (Star Substitute),0.17777777777777778,0.6222222222222222,0.7111111111111111,True
2529583,numeric,PERU,12,21,8.229259259259258,2026-06-12 11:34:02,2026-06-20 17:04:10,13,8,0.6153846153846154,0.3552248097226855,,False,81.5,False,PEN,0.014901376349229747,0.0074921073850356,False,13,1,1-X-2 / 2 goals Up,0.047619047619047616,0.0,0.0,False
2114234,numeric,PERU,17,20,13.312893518518518,2026-06-09 17:59:47,2026-06-23 01:30:21,13,8,0.6153846153846154,0.3552248097226855,,False,81.5,False,PEN,0.015996347308613844,0.004110306189301877,False,13,5,Team corners,0.2,0.35,0.25,False
MAH-01-51281,string,EUSKADI,94,225,11.697743055555556,2026-06-09 18:20:19,2026-06-21 11:05:04,66,31,0.4696969696969697,0.35430230971911897,0.38131303173954745,False,81.2,False,EUR,0.026910490680326242,0.005763653227291593,False,32,12,Player to score in 1st half,0.1688888888888889,0.0,0.13777777777777778,True
MAH-11-10004,string,CATALUNYA,27,56,10.29917824074074,2026-06-13 14:33:07,2026-06-23 21:43:56,26,14,0.5384615384615384,0.35457636204430115,0.21910851983604496,False,81.2,False,EUR,0.04945371811036226,0.045918557867536555,False,17,5,Home-side combo (bet builder),0.14285714285714285,0.017857142857142856,0.03571428571428571,False
2473191,numeric,ESTATAL,19,19,8.058726851851851,2026-06-13 17:09:35,2026-06-21 18:34:09,9,6,0.6666666666666666,0.35419734749908977,,False,81.0,False,EUR,0.05962503520298412,0.06747838486565093,False,7,4,Team corners,0.5263157894736842,0.10526315789473684,1.0,False
2098608,numeric,MURCIA,30,33,9.057974537037037,2026-06-13 21:28:19,2026-06-22 22:51:48,9,6,0.6666666666666666,0.35419734749908977,,False,81.0,False,EUR,0.027428258150082253,0.026651893965903856,False,9,2,1-X-2 / 2 goals Up,0.030303030303030304,0.0,0.0,False
MAH-11-10009,string,CATALUNYA,13,15,12.057546296296296,2026-06-10 14:38:38,2026-06-22 16:01:30,9,6,0.6666666666666666,0.35419734749908977,,False,81.0,False,EUR,0.0021524266972103336,0.021144653803133906,False,9,2,1-X-2 / 2 goals Up,0.2,0.0,0.0,False
2629293,numeric,EUSKADI,14,14,10.95675925925926,2026-06-12 20:52:22,2026-06-23 19:50:06,9,6,0.6666666666666666,0.35419734749908977,,False,81.0,False,EUR,0.009563362268628882,0.009000800208359595,False,8,6,To score or assist (Star Substitute),0.21428571428571427,0.21428571428571427,1.0,True
1929736,numeric,EUSKADI,58,88,6.421909722222222,2026-06-15 08:13:17,2026-06-21 18:20:50,9,6,0.6666666666666666,0.35419734749908977,,False,81.0,False,EUR,0.022894457539529827,0.01622068341354466,False,9,3,1-X-2 / 2 goals Up,0.1590909090909091,0.0,0.11363636363636363,False
2325240,numeric,ESTATAL,21,21,6.0134375,2026-06-10 18:34:15,2026-06-16 18:53:36,9,6,0.6666666666666666,0.35419734749908977,,False,81.0,False,EUR,0.00777664675779834,0.007648199939947993,False,6,5,Saves (Star Substitute),0.9523809523809523,0.047619047619047616,1.0,True
1391701,numeric,LA RIOJA,12,12,7.18837962962963,2026-06-15 15:07:12,2026-06-22 19:38:28,9,6,0.6666666666666666,0.35419734749908977,,False,81.0,False,EUR,0.012508756530761599,0.0068216467646698975,False,7,5,Match penalty scored,0.5,0.0,0.8333333333333334,False
1447711,numeric,ESTATAL,24,24,9.913101851851852,2026-06-13 18:54:57,2026-06-23 16:49:49,11,7,0.6363636363636364,0.35379677689163724,,False,80.6,False,EUR,0.005331042929831411,0.0037020127939183926,False,9,4,Player to score in 1st half,0.5833333333333334,0.16666666666666666,1.0,True
1682097,numeric,PERU,21,32,12.902766203703704,2026-06-10 21:00:45,2026-06-23 18:40:44,11,7,0.6363636363636364,0.35379677689163724,,False,80.6,False,PEN,-0.0007064764300109562,0.004510441232462348,False,10,9,Home-side combo (bet builder),0.25,0.15625,0.25,False
2066806,numeric,EUSKADI,12,16,8.976203703703703,2026-06-12 09:56:52,2026-06-21 09:22:36,11,7,0.6363636363636364,0.35379677689163724,,False,80.6,False,EUR,0.008168315571551071,0.0073075799250378985,False,10,3,1-X-2 / 2 goals Up,0.0625,0.0,0.1875,False
2291780,numeric,ESTATAL,11,11,8.97931712962963,2026-06-13 15:45:43,2026-06-22 15:15:56,11,7,0.6363636363636364,0.35379677689163724,,False,80.6,False,EUR,0.01741049586223906,0.014031796519432892,False,11,1,1-X-2 / 2 goals Up,0.0,0.0,1.0,False
MAH-03-24164,string,VALENCIA,16,19,8.843645833333333,2026-06-14 20:42:20,2026-06-23 16:57:11,11,7,0.6363636363636364,0.35379677689163724,,False,80.6,False,EUR,-0.0015137875270001913,0.0210161486018445,False,9,9,Match penalty missed,0.21052631578947367,0.10526315789473684,0.2631578947368421,False
MAH-01-00047,string,EUSKADI,17,22,11.034837962962962,2026-06-10 18:08:29,2026-06-21 18:58:39,11,7,0.6363636363636364,0.35379677689163724,,False,80.6,False,EUR,-0.0022523968049397098,0.01511337527470601,False,10,12,1st half: Shots on target,0.6363636363636364,0.0,0.5,False
2208134,numeric,ESTATAL,16,16,10.4896875,2026-06-12 22:01:07,2026-06-23 09:46:16,11,7,0.6363636363636364,0.35379677689163724,,False,80.6,False,EUR,0.02155529423920987,0.022350055250267734,False,11,7,1-X-2 / 2 goals Up,0.6875,0.125,0.9375,False
2322467,numeric,PERU,12,14,10.463715277777778,2026-06-13 08:32:28,2026-06-23 19:40:13,11,7,0.6363636363636364,0.35379677689163724,,False,80.6,False,PEN,0.004888685150621374,0.01166863760209047,False,10,6,Shots on target (Star Substitute),0.5714285714285714,0.0,0.5714285714285714,False
2386660,numeric,ESTATAL,11,11,6.892337962962963,2026-06-14 17:07:23,2026-06-21 14:32:21,11,7,0.6363636363636364,0.35379677689163724,,False,80.6,False,EUR,0.023095614891793553,0.02244039530895385,False,8,3,To score or assist (Star Substitute),0.0,0.0,1.0,False
MAH-04-07490,string,GALICIA,63,68,9.059166666666666,2026-06-13 17:57:24,2026-06-22 19:22:36,33,17,0.5151515151515151,0.35218104586210247,0.2573160169733968,False,80.3,False,EUR,0.024957450842976608,0.024690540015384448,False,7,7,1st half: Team corners,0.4411764705882353,0.058823529411764705,0.8529411764705882,True
MAH-01-01145,string,EUSKADI,21,38,10.7675,2026-06-11 17:23:49,2026-06-22 11:49:01,33,17,0.5151515151515151,0.35218104586210247,0.2573160169733968,False,80.3,False,EUR,0.01056869603318531,0.007101751333885905,False,23,10,Anytime goalscorer (Star Substitute),0.02631578947368421,0.02631578947368421,0.05263157894736842,False
MAH-05-15044,string,ARAGON,14,35,9.038576388888888,2026-06-10 16:18:11,2026-06-19 17:13:44,33,17,0.5151515151515151,0.35218104586210247,0.2573160169733968,False,80.3,False,EUR,-0.016221850784101398,0.026174240756949584,False,25,8,Match corners,0.05714285714285714,0.02857142857142857,0.08571428571428572,False
MAH-01-05287,string,EUSKADI,66,94,13.970740740740741,2026-06-09 18:25:38,2026-06-23 17:43:30,64,30,0.46875,0.3517578764404486,0.3902891433015003,False,80.2,False,EUR,0.016208007540572986,0.01215109458038214,False,21,13,Anytime goalscorer (Star Substitute),0.30851063829787234,0.0425531914893617,0.32978723404255317,False
MAH-04-07874,string,GALICIA,16,86,11.050567129629629,2026-06-08 09:23:36,2026-06-19 10:36:25,64,30,0.46875,0.3517578764404486,0.3902891433015003,False,80.2,False,EUR,0.016403386115795466,0.012878811761021507,False,25,5,Match,0.0,0.0,0.011627906976744186,False
1262168,numeric,EUSKADI,26,77,13.3921875,2026-06-08 09:30:14,2026-06-21 18:54:59,40,20,0.5,0.35199278797099753,0.2882514706997776,False,80.2,False,EUR,0.020785188670187835,0.01166245249940166,False,26,12,Match,0.09090909090909091,0.03896103896103896,0.06493506493506493,False
1159129,numeric,EUSKADI,64,95,13.11894675925926,2026-06-10 18:06:27,2026-06-23 20:57:44,52,25,0.4807692307692308,0.3510389470288445,0.34471717713389904,False,80.1,False,EUR,0.050144345643944405,0.05161245181570269,False,28,15,Team goal kicks,0.2736842105263158,0.10526315789473684,0.4105263157894737,False
2554678,numeric,ESTATAL,16,28,10.950347222222222,2026-06-12 16:24:55,2026-06-23 15:13:25,24,13,0.5416666666666666,0.3507455355310663,0.22337608413317708,False,80.0,False,EUR,0.020797242104635662,0.015034780373222034,False,21,3,1-X-2 / 2 goals Up,0.21428571428571427,0.0,0.10714285714285714,False
1588492,numeric,ESTATAL,17,33,14.229305555555555,2026-06-08 16:11:25,2026-06-22 21:41:37,24,13,0.5416666666666666,0.3507455355310663,0.22337608413317708,False,80.0,False,EUR,0.027146585876092828,0.02647374412194785,False,20,5,Anytime goalscorer (Star Substitute),0.24242424242424243,0.06060606060606061,0.0,False
MAH-02-15002,string,NAVARRA,13,40,5.988356481481482,2026-06-13 21:57:52,2026-06-19 21:41:06,24,13,0.5416666666666666,0.3507455355310663,0.22337608413317708,False,80.0,False,EUR,0.011857526116541168,0.0381188652957679,False,12,10,Team goals,0.125,0.05,0.15,False
MAH-11-02001,string,CATALUNYA,19,36,9.849837962962964,2026-06-13 18:40:17,2026-06-23 15:04:03,24,13,0.5416666666666666,0.3507455355310663,0.22337608413317708,False,80.0,False,EUR,0.016672957855836834,0.010375620526929316,False,20,7,1-X-2 / 2 goals Up,0.1111111111111111,0.027777777777777776,0.05555555555555555,False
MAH-19-93002,string,ANDALUCIA,40,76,10.332777777777778,2026-06-13 08:05:46,2026-06-23 16:04:58,38,19,0.5,0.3484967553286069,0.2958063835341882,False,79.9,False,EUR,0.007263650129290567,0.0015272829552452167,False,29,11,Home-side combo (bet builder),0.14473684210526316,0.0,0.07894736842105263,False
MAH-19-34001,string,ANDALUCIA,21,38,10.926736111111111,2026-06-11 21:41:47,2026-06-22 19:56:17,31,16,0.5161290322580645,0.3484011828697317,0.2637274977773243,False,79.8,False,EUR,0.006681036357687194,0.004408638880872718,False,23,9,1-X-2 / 2 goals Up,0.3157894736842105,0.0,0.3157894736842105,False
1771595,numeric,ESTATAL,24,49,14.40289351851852,2026-06-09 06:28:12,2026-06-23 16:08:22,31,16,0.5161290322580645,0.3484011828697317,0.2637274977773243,False,79.8,False,EUR,0.011466917057247745,0.008580099032834455,False,28,5,To score or assist (Star Substitute),0.2653061224489796,0.02040816326530612,0.04081632653061224,False
MAH-02-02313,string,NAVARRA,16,32,11.910833333333333,2026-06-10 18:21:28,2026-06-22 16:13:04,22,12,0.5454545454545454,0.3465947328904156,0.2276544889577489,False,79.7,False,EUR,0.009242760398695041,0.013078450445868013,False,17,5,Home-side combo (bet builder),0.21875,0.0,0.09375,False
MAH-01-09142,string,EUSKADI,17,31,10.116678240740741,2026-06-13 08:27:44,2026-06-23 11:15:45,22,12,0.5454545454545454,0.3465947328904156,0.2276544889577489,False,79.7,False,EUR,-0.0015517976734150596,0.020246730729061625,False,18,9,Home-side combo (bet builder),0.06451612903225806,0.03225806451612903,0.16129032258064516,False
MAH-01-13603,string,EUSKADI,19,28,11.049120370370371,2026-06-11 17:58:45,2026-06-22 19:09:29,22,12,0.5454545454545454,0.3465947328904156,0.2276544889577489,False,79.7,False,EUR,0.010523575598534044,0.013090972565650899,False,17,11,1-X-2 / 2 goals Up,0.32142857142857145,0.0,0.42857142857142855,False
2055398,numeric,ESTATAL,74,78,13.443784722222222,2026-06-10 10:10:08,2026-06-23 20:49:11,43,21,0.4883720930232558,0.34617209277756006,0.3308204287426667,False,79.6,False,EUR,0.012714222766752756,0.01138213514807619,False,18,20,Shots on target (Star Substitute),0.41025641025641024,0.11538461538461539,0.8205128205128205,True
MAH-11-06004,string,CATALUNYA,14,41,9.826608796296297,2026-06-13 13:33:49,2026-06-23 09:24:08,36,18,0.5,0.34474067624730526,0.30373273745750295,False,79.5,False,EUR,0.04167672459353541,0.028695669237502046,False,30,6,Match corners,0.07317073170731707,0.0,0.024390243902439025,False
1696384,numeric,PERU,109,123,12.538460648148147,2026-06-10 15:53:41,2026-06-23 04:49:04,36,18,0.5,0.34474067624730526,0.30373273745750295,False,79.5,False,PEN,0.01614677201713509,0.014673724004813133,False,14,13,Match shots,0.18699186991869918,0.3983739837398374,0.8373983739837398,False
MAH-07-04001,string,CATALUNYA,32,60,12.852118055555556,2026-06-09 19:59:10,2026-06-22 16:26:13,36,18,0.5,0.34474067624730526,0.30373273745750295,False,79.5,False,EUR,0.0010403913320906888,0.02498948491335566,False,26,12,Team corners,0.2,0.0,0.05,False
MAH-01-00130,string,EUSKADI,45,91,12.011157407407408,2026-06-11 18:47:21,2026-06-23 19:03:25,53,25,0.4716981132075472,0.3438202760898141,0.3921611307138894,False,79.4,False,EUR,0.008929211159908844,0.013781639603572865,False,28,22,Shots on target (Star Substitute),0.1978021978021978,0.03296703296703297,0.14285714285714285,True
2627545,numeric,NAVARRA,12,12,5.1503703703703705,2026-06-12 19:12:02,2026-06-17 22:48:34,2,2,1.0,0.3423719528896193,,False,79.2,False,EUR,0.011509122291288885,0.010914528481189567,False,2,4,Shots on target (Star Substitute),0.5833333333333334,0.4166666666666667,1.0,False
2192600,numeric,ESTATAL,30,30,6.0085648148148145,2026-06-15 23:38:41,2026-06-21 23:51:01,2,2,1.0,0.3423719528896193,,False,79.2,False,EUR,0.08088483620398529,0.07308904649330195,False,2,4,Match cards (only players and in play),0.0,0.9333333333333333,0.9666666666666667,True
MAH-10-35001,string,MADRID,12,12,10.877962962962963,2026-06-11 18:15:13,2026-06-22 15:19:29,2,2,1.0,0.3423719528896193,,False,79.2,False,EUR,0.05783799493650716,0.03839603484792253,False,2,5,Match shots,0.08333333333333333,0.16666666666666666,0.25,False
1936426,numeric,ESTATAL,11,11,4.760902777777778,2026-06-18 22:26:18,2026-06-23 16:42:00,2,2,1.0,0.3423719528896193,,False,79.2,False,EUR,0.006698004623315823,0.005897629341612753,False,2,5,Saves (Star Substitute),0.45454545454545453,0.18181818181818182,1.0,True
2260320,numeric,ANDALUCIA,18,18,10.03587962962963,2026-06-12 15:17:45,2026-06-22 16:09:25,2,2,1.0,0.3423719528896193,,False,79.2,False,EUR,0.05533166101059259,0.054982642434143414,False,1,5,Shots outside the box,0.5,0.0,1.0,True
865411,numeric,EUSKADI,11,25,6.145844907407407,2026-06-17 10:25:44,2026-06-23 13:55:45,2,2,1.0,0.3423719528896193,,False,79.2,False,EUR,0.0056395795949756794,0.017463470904896194,False,2,5,Team corners,0.16,0.0,0.16,True
1230831,numeric,ESTATAL,11,13,5.9636458333333335,2026-06-11 17:38:50,2026-06-17 16:46:29,2,2,1.0,0.3423719528896193,,False,79.2,False,EUR,0.03418803418803429,0.02150578179989948,False,2,9,2nd half: Shots on target,0.38461538461538464,0.15384615384615385,0.6923076923076923,True
2213622,numeric,PERU,11,11,5.0801388888888885,2026-06-18 16:16:47,2026-06-23 18:12:11,2,2,1.0,0.3423719528896193,,False,79.2,False,PEN,0.044702552863543805,0.04540757473805632,False,2,5,Team corners,0.2727272727272727,0.5454545454545454,0.8181818181818182,False
2564905,numeric,ESTATAL,30,30,8.094814814814814,2026-06-11 18:21:40,2026-06-19 20:38:12,20,11,0.55,0.34208200830759966,0.23190351594885095,False,78.8,False,EUR,0.015006005439727223,0.01638235231754001,False,14,4,Match throw-ins,0.26666666666666666,0.0,0.8666666666666667,False
2339627,numeric,EUSKADI,19,45,6.932974537037037,2026-06-16 18:35:40,2026-06-23 16:59:09,20,11,0.55,0.34208200830759966,0.23190351594885095,False,78.8,False,EUR,0.009275970622388706,0.013464623164514227,False,13,5,Match,0.24444444444444444,0.0,0.044444444444444446,False
MAH-02-18002,string,NAVARRA,18,35,10.547233796296297,2026-06-11 08:49:46,2026-06-21 21:57:47,20,11,0.55,0.34208200830759966,0.23190351594885095,False,78.8,False,EUR,0.06307420453658455,0.018395807904959222,False,14,12,Most assists - vs (both starters),0.0,0.0,0.02857142857142857,False
MAH-19-12001,string,ANDALUCIA,16,26,9.340127314814815,2026-06-13 11:45:56,2026-06-22 19:55:43,20,11,0.55,0.34208200830759966,0.23190351594885095,False,78.8,False,EUR,0.01363877760459689,0.0146235945892009,False,16,5,1-X-2 / 2 goals Up,0.038461538461538464,0.0,0.0,False
MAH-04-06589,string,GALICIA,14,27,8.200717592592593,2026-06-15 09:40:35,2026-06-23 14:29:37,20,11,0.55,0.34208200830759966,0.23190351594885095,False,78.8,False,EUR,0.008285325765684089,0.029282831027950797,False,15,4,Home-side combo (bet builder),0.2222222222222222,0.0,0.18518518518518517,False
427523,numeric,EUSKADI,14,24,9.851157407407408,2026-06-12 17:49:09,2026-06-22 14:14:49,20,11,0.55,0.34208200830759966,0.23190351594885095,False,78.8,False,EUR,0.007620705414373676,0.009165888298255468,False,16,3,To score or assist (Star Substitute),0.16666666666666666,0.0,0.041666666666666664,False
MAH-01-05003,string,EUSKADI,13,23,11.225104166666666,2026-06-12 11:15:40,2026-06-23 16:39:49,20,11,0.55,0.34208200830759966,0.23190351594885095,False,78.8,False,EUR,-0.0563323291123816,0.0022660308348920245,False,16,8,Match,0.13043478260869565,0.0,0.08695652173913043,False
MAH-05-15151,string,ARAGON,11,24,10.186979166666667,2026-06-13 15:00:50,2026-06-23 19:30:05,20,11,0.55,0.34208200830759966,0.23190351594885095,False,78.8,False,EUR,0.013939384920540393,0.031729459726454044,False,12,9,Anytime goalscorer (Star Substitute),0.16666666666666666,0.0,0.08333333333333333,False
2260711,numeric,ESTATAL,45,69,9.027916666666666,2026-06-14 15:25:43,2026-06-23 16:05:55,20,11,0.55,0.34208200830759966,0.23190351594885095,False,78.8,False,EUR,0.022038465905853174,0.022714541662502113,False,15,4,Match,0.5507246376811594,0.0,0.014492753623188406,False
1859376,numeric,MADRID,43,47,12.658287037037036,2026-06-10 13:18:57,2026-06-23 05:06:53,34,17,0.5,0.3406906262804899,0.31206858566948664,False,78.5,False,EUR,0.006399007244709581,0.010929548759362515,False,24,6,Anytime goalscorer (Star Substitute),0.3404255319148936,0.02127659574468085,0.8297872340425532,True
MAH-04-07769,string,GALICIA,64,161,51.70664351851852,2026-05-02 18:38:01,2026-06-23 11:35:35,34,17,0.5,0.3406906262804899,0.31206858566948664,False,78.5,False,EUR,0.025196966647733087,0.030116157659382373,False,22,18,Home-side combo (bet builder),0.037267080745341616,0.0,0.22981366459627328,True
MAH-07-04005,string,CATALUNYA,22,42,13.0515625,2026-06-09 18:49:23,2026-06-22 20:03:38,34,17,0.5,0.3406906262804899,0.31206858566948664,False,78.5,False,EUR,0.004416589213888198,0.017686371960424125,False,20,13,Team corners,0.09523809523809523,0.0,0.14285714285714285,False
MAH-01-13342,string,EUSKADI,66,79,13.088344907407407,2026-06-10 18:11:05,2026-06-23 20:18:18,66,30,0.45454545454545453,0.34023931259175594,0.4780790533931033,False,78.4,False,EUR,0.008331319726170242,0.012225479861053531,False,26,13,Anytime goalscorer (Star Substitute),0.3924050632911392,0.02531645569620253,0.5569620253164557,False
MAH-01-04886,string,EUSKADI,30,81,12.183032407407408,2026-06-10 16:01:07,2026-06-22 20:24:41,61,28,0.45901639344262296,0.34012730888289117,0.4547744140049575,False,78.3,False,EUR,0.02726192887340162,0.014619624333985986,False,33,13,To score or assist (Star Substitute),0.04938271604938271,0.0,0.037037037037037035,False
MAH-01-13371,string,EUSKADI,51,131,14.99824074074074,2026-06-08 13:46:18,2026-06-23 13:43:46,61,28,0.45901639344262296,0.34012730888289117,0.4547744140049575,False,78.3,False,EUR,-0.0021908099718022283,0.005879274574458339,False,39,19,Home-side combo (bet builder),0.22137404580152673,0.0,0.022900763358778626,False
2541362,numeric,ESTATAL,30,57,11.723900462962963,2026-06-10 00:58:51,2026-06-21 18:21:16,27,14,0.5185185185185185,0.33985324586210425,0.27745250145544675,False,78.2,False,EUR,0.012898626256308839,0.007494666147170071,False,13,12,1st half: Team corners,0.3508771929824561,0.017543859649122806,0.24561403508771928,False
2624219,numeric,PERU,127,136,14.41175925925926,2026-06-08 10:21:09,2026-06-22 20:14:05,27,14,0.5185185185185185,0.33985324586210425,0.27745250145544675,False,78.2,False,PEN,0.2541791212606498,0.18630533664210353,False,20,14,Team tackles,0.16911764705882354,0.07352941176470588,0.8897058823529411,False
2305100,numeric,EUSKADI,11,99,14.038310185185185,2026-06-08 07:38:24,2026-06-22 08:33:34,27,14,0.5185185185185185,0.33985324586210425,0.27745250145544675,False,78.2,False,EUR,0.010439594945073311,0.0029579666801635173,False,24,3,Anytime goalscorer (Star Substitute),0.0,0.0,0.010101010101010102,True
MAH-01-55102,string,EUSKADI,62,75,13.033460648148148,2026-06-10 18:47:53,2026-06-23 19:36:04,39,19,0.48717948717948717,0.3386492878313309,0.3492007334398257,False,78.1,False,EUR,-0.01567656794525748,0.009165249616596304,False,25,16,1-X-2 / 2 goals Up,0.16,0.013333333333333334,0.10666666666666667,False
MAH-01-13483,string,EUSKADI,28,51,8.95574074074074,2026-06-13 18:25:16,2026-06-22 17:21:32,39,19,0.48717948717948717,0.3386492878313309,0.3492007334398257,False,78.1,False,EUR,0.006091577051741807,0.009883343279473471,False,19,8,Team corners,0.058823529411764705,0.0,0.058823529411764705,True
2623951,numeric,ESTATAL,26,26,6.066145833333334,2026-06-16 18:56:14,2026-06-22 20:31:29,18,10,0.5555555555555556,0.33716069428251627,,False,77.9,False,EUR,0.028274875574331837,0.03147264782747588,False,10,6,goal scorer (Star Substitute),0.7692307692307693,0.0,0.9615384615384616,True
1884779,numeric,EUSKADI,12,34,3.4827199074074073,2026-06-19 16:36:37,2026-06-23 04:11:44,18,10,0.5555555555555556,0.33716069428251627,,False,77.9,False,EUR,0.016905516129997113,0.025619863289401967,False,12,3,Home-side combo (bet builder),0.0,0.0,0.029411764705882353,False
MAH-02-26024,string,NAVARRA,17,22,10.713206018518518,2026-06-12 18:46:58,2026-06-23 11:53:59,18,10,0.5555555555555556,0.33716069428251627,,False,77.9,False,EUR,0.0888841267299781,0.04563381887169816,False,12,9,Match corners,0.36363636363636365,0.0,0.45454545454545453,True
MAH-04-07681,string,GALICIA,18,72,14.755844907407408,2026-06-08 18:47:20,2026-06-23 12:55:45,18,10,0.5555555555555556,0.33716069428251627,,False,77.9,False,EUR,1.3738658487381223e-05,-0.004573566743192919,False,16,5,2nd Half: Team Cards (only players and in play),0.18055555555555555,0.0,0.0,False
MAH-01-05164,string,EUSKADI,25,31,10.229803240740742,2026-06-12 15:31:25,2026-06-22 21:02:20,18,10,0.5555555555555556,0.33716069428251627,,False,77.9,False,EUR,-8.53629007877573e-05,0.010045520210967199,False,14,9,1-X-2 / 2 goals Up,0.16129032258064516,0.0967741935483871,0.22580645161290322,True
2276119,numeric,ESTATAL,21,21,10.276539351851852,2026-06-13 13:00:12,2026-06-23 19:38:25,18,10,0.5555555555555556,0.33716069428251627,,False,77.9,False,EUR,0.00271749584587523,0.018291455300164856,False,16,4,To score 2 or more goals (Star Substitute),0.6190476190476191,0.0,0.9523809523809523,False
2388780,numeric,EUSKADI,34,53,11.730381944444444,2026-06-11 17:27:56,2026-06-23 10:59:41,49,23,0.46938775510204084,0.33703281897894777,0.4128143316998762,False,77.7,False,EUR,-0.0018629388560402027,0.005228009236734646,False,28,9,Match,0.0,0.0,0.37735849056603776,False
MAH-11-03001,string,CATALUNYA,27,40,6.979583333333333,2026-06-15 15:37:57,2026-06-22 15:08:33,32,16,0.5,0.33630614316859386,0.32085875528647356,False,77.6,False,EUR,0.006223417290476725,0.010621517326278241,False,16,11,Match corners,0.1,0.025,0.475,True
MAH-06-24001,string,LA RIOJA,61,106,25.989930555555556,2026-05-27 18:45:08,2026-06-22 18:30:38,59,27,0.4576271186440678,0.33701102140242434,0.46566389206251485,False,77.6,False,EUR,0.021289049561599976,0.020135276393703886,False,33,15,Match,0.11320754716981132,0.009433962264150943,0.05660377358490566,False
1323584,numeric,ESTATAL,18,46,11.81875,2026-06-11 20:42:29,2026-06-23 16:21:29,32,16,0.5,0.33630614316859386,0.32085875528647356,False,77.6,False,EUR,0.02391665849054159,0.007155543792710889,False,26,5,Anytime goalscorer (Star Substitute),0.17391304347826086,0.17391304347826086,0.15217391304347827,True
844747,numeric,EUSKADI,154,433,14.289699074074074,2026-06-09 09:51:36,2026-06-23 16:48:46,57,26,0.45614035087719296,0.33372399504811395,0.4769474390111312,False,77.5,False,EUR,-0.016351684544580154,-0.009113764540710398,False,34,14,Player to score in 1st half,0.11085450346420324,0.0023094688221709007,0.20785219399538107,True
MAH-01-01651,string,EUSKADI,17,35,8.762083333333333,2026-06-12 21:07:28,2026-06-21 15:24:52,25,13,0.52,0.3349821795314731,0.28482775707519187,False,77.5,False,EUR,-0.0010924992301227586,0.013556802248645528,False,22,7,1-X-2 / 2 goals Up,0.2571428571428571,0.0,0.17142857142857143,False
2113848,numeric,PERU,18,26,18.995891203703703,2026-06-02 16:13:15,2026-06-21 16:07:20,16,9,0.5625,0.3317819560677652,,False,77.1,False,PEN,0.036040359364569854,0.02938441332085739,False,10,2,Team corners,0.038461538461538464,0.038461538461538464,0.0,False
2426195,numeric,PERU,13,21,9.04125,2026-06-13 18:13:07,2026-06-22 19:12:31,16,9,0.5625,0.3317819560677652,,False,77.1,False,PEN,0.007736810813549968,0.011554989905073646,False,13,1,Team corners,0.14285714285714285,0.0,0.0,False
MAH-01-05283,string,EUSKADI,23,30,12.435289351851852,2026-06-10 09:54:08,2026-06-22 20:20:57,16,9,0.5625,0.3317819560677652,,False,77.1,False,EUR,0.08766577497239927,0.026843869013463494,False,14,7,Match corners,0.03333333333333333,0.13333333333333333,0.26666666666666666,False
MAH-01-01011,string,EUSKADI,15,20,11.92082175925926,2026-06-09 18:58:49,2026-06-21 17:04:48,16,9,0.5625,0.3317819560677652,,False,77.1,False,EUR,0.03187764316196426,0.02099249160375883,False,13,5,Team corners,0.3,0.05,0.1,False
2151307,numeric,ESTATAL,14,30,8.540347222222222,2026-06-13 21:43:17,2026-06-22 10:41:23,16,9,0.5625,0.3317819560677652,,False,77.1,False,EUR,0.00036351380043979484,-0.005784188337205003,False,13,5,Match,0.16666666666666666,0.0,0.0,False
1622683,numeric,EUSKADI,22,22,8.855543981481482,2026-06-14 22:39:46,2026-06-23 19:11:45,16,9,0.5625,0.3317819560677652,,False,77.1,False,EUR,0.01465654199524869,0.012317547246967764,False,9,8,goal scorer (Star Substitute),0.5909090909090909,0.0,1.0,False
MAH-19-63003,string,ANDALUCIA,15,20,9.998576388888889,2026-06-12 20:38:02,2026-06-22 20:35:59,16,9,0.5625,0.3317819560677652,,False,77.1,False,EUR,0.04898002226433541,0.07441116612489462,False,15,4,Team corners,0.05,0.0,0.05,False
MAH-16-10009,string,CANTABRIA,15,20,14.813564814814814,2026-06-08 16:32:10,2026-06-23 12:03:42,16,9,0.5625,0.3317819560677652,,False,77.1,False,EUR,0.010970939291735602,0.02275966598264865,False,13,10,Match,0.05,0.0,0.1,False
MAH-01-05119,string,EUSKADI,22,31,12.805,2026-06-10 16:35:59,2026-06-23 11:55:11,16,9,0.5625,0.3317819560677652,,False,77.1,False,EUR,0.040603537283867105,0.03142468277204544,False,11,10,Home-side combo (bet builder),0.3548387096774194,0.0,0.1935483870967742,True
756850,numeric,EUSKADI,13,17,9.968344907407408,2026-06-13 05:55:33,2026-06-23 05:09:58,16,9,0.5625,0.3317819560677652,,False,77.1,False,EUR,0.026283369860551246,0.020106804308687422,False,16,2,To score or assist (Star Substitute),0.17647058823529413,0.0,0.0,False
1226939,numeric,EUSKADI,13,22,9.995277777777778,2026-06-12 17:03:34,2026-06-22 16:56:46,16,9,0.5625,0.3317819560677652,,False,77.1,False,EUR,0.009296622210508781,0.010325379130160725,False,16,4,1-X-2 / 2 goals Up,0.22727272727272727,0.0,0.22727272727272727,False
MAH-16-18002,string,CANTABRIA,10,19,11.257708333333333,2026-06-10 12:11:05,2026-06-21 18:22:11,16,9,0.5625,0.3317819560677652,,False,77.1,False,EUR,0.0005785194316738054,0.0028920648541001237,False,13,7,1-X-2 / 2 goals Up,0.21052631578947367,0.05263157894736842,0.0,False
MAH-01-00054,string,EUSKADI,35,47,12.05701388888889,2026-06-11 18:09:14,2026-06-23 19:31:20,35,17,0.4857142857142857,0.32993980391252736,0.36958251746373294,False,76.8,False,EUR,-0.017599377756341163,0.019666820841023204,False,21,14,1-X-2 / 2 goals Up,0.1702127659574468,0.02127659574468085,0.2553191489361702,False
MAH-01-51103,string,EUSKADI,19,31,10.686006944444445,2026-06-11 16:54:50,2026-06-22 09:22:41,23,12,0.5217391304347826,0.32962429864218495,0.2925958555770234,False,76.6,False,EUR,-0.036051083835266506,-0.01940305763154009,False,19,15,1-X-2 / 2 goals Up,0.06451612903225806,0.0,0.12903225806451613,False
MAH-01-12122,string,EUSKADI,22,39,13.083564814814816,2026-06-10 11:37:08,2026-06-23 13:37:28,23,12,0.5217391304347826,0.32962429864218495,0.2925958555770234,False,76.6,False,EUR,5.388093239747676e-05,0.0249229102380872,False,19,9,Match corners,0.07692307692307693,0.0,0.05128205128205128,False
MAH-04-07220,string,GALICIA,30,75,11.80875,2026-06-09 19:59:40,2026-06-21 15:24:16,23,12,0.5217391304347826,0.32962429864218495,0.2925958555770234,False,76.6,False,EUR,0.03531048334987314,0.02943346736538151,False,21,6,Match corners,0.05333333333333334,0.013333333333333334,0.08,True
MAH-01-05560,string,EUSKADI,22,30,8.90136574074074,2026-06-13 18:52:48,2026-06-22 16:30:46,23,12,0.5217391304347826,0.32962429864218495,0.2925958555770234,False,76.6,False,EUR,0.06634319561575412,0.02366635886237328,False,13,10,Home-side combo (bet builder),0.2,0.0,0.03333333333333333,False
MAH-01-13641,string,EUSKADI,15,28,22.601747685185185,2026-05-30 10:29:40,2026-06-22 00:56:11,23,12,0.5217391304347826,0.32962429864218495,0.2925958555770234,False,76.6,False,EUR,0.030344620637893355,0.03448662251762969,False,18,13,Match corners,0.14285714285714285,0.03571428571428571,0.14285714285714285,False
1840591,numeric,EUSKADI,26,31,12.969641203703704,2026-06-09 23:14:58,2026-06-22 22:31:15,23,12,0.5217391304347826,0.32962429864218495,0.2925958555770234,False,76.6,False,EUR,0.0018210173267415753,0.0038915070534264076,False,20,10,To score or assist (Star Substitute),0.25806451612903225,0.0,0.0,False
734089,numeric,EUSKADI,48,54,13.099618055555556,2026-06-10 17:19:31,2026-06-23 19:42:58,23,12,0.5217391304347826,0.32962429864218495,0.2925958555770234,False,76.6,False,EUR,-0.01331950150167756,-0.013246388914182597,False,10,16,Saves (Star Substitute),0.6296296296296297,0.09259259259259259,0.6481481481481481,True
MAH-19-54003,string,ANDALUCIA,17,26,10.009178240740741,2026-06-11 21:40:56,2026-06-21 21:54:09,23,12,0.5217391304347826,0.32962429864218495,0.2925958555770234,False,76.6,False,EUR,0.007052656499440214,0.013449733315920838,False,20,6,1-X-2 / 2 goals Up,0.38461538461538464,0.0,0.2692307692307692,False
MAH-01-01350,string,EUSKADI,48,68,12.96787037037037,2026-06-09 17:15:12,2026-06-22 16:28:56,45,21,0.4666666666666667,0.3293490394201473,0.4353535115371608,False,76.4,False,EUR,0.00784641422135388,0.0074880754458352145,False,30,11,1-X-2 / 2 goals Up,0.11764705882352941,0.014705882352941176,0.10294117647058823,False
MAH-04-07224,string,GALICIA,16,72,10.00232638888889,2026-06-12 17:32:30,2026-06-22 17:35:51,40,19,0.475,0.32935229550181694,0.4043453044903291,False,76.4,False,EUR,-0.012972816440476008,-0.006415059323870551,False,22,9,Anytime goalscorer (Star Substitute),0.041666666666666664,0.0,0.027777777777777776,False
MAH-11-04001,string,CATALUNYA,123,241,27.270729166666666,2026-05-27 13:20:41,2026-06-23 19:50:32,87,37,0.42528735632183906,0.32673072915584994,0.6749124466619465,False,76.3,False,EUR,0.011390485942440206,0.00631687686747024,False,54,12,Match,0.11618257261410789,0.0,0.008298755186721992,False
MAH-01-05419,string,EUSKADI,36,42,9.31363425925926,2026-06-13 16:24:59,2026-06-22 23:56:37,28,14,0.5,0.32632846832446344,0.3400265045875864,False,76.2,False,EUR,0.02348537166297179,0.006107819166352125,False,19,19,To score or assist (Star Substitute),0.23809523809523808,0.0,0.21428571428571427,False
MAH-19-00902,string,ANDALUCIA,28,62,11.21164351851852,2026-06-10 16:04:03,2026-06-21 21:08:49,28,14,0.5,0.32632846832446344,0.3400265045875864,False,76.2,False,EUR,0.030303158311730288,-0.004829663720135823,False,24,5,1-X-2 / 2 goals Up,0.11290322580645161,0.0,0.0,False
1972449,numeric,EUSKADI,37,37,11.19462962962963,2026-06-11 19:08:17,2026-06-22 23:48:33,28,14,0.5,0.32632846832446344,0.3400265045875864,False,76.2,False,EUR,0.005047109621879416,0.005093420569343012,False,14,8,goal scorer (Star Substitute),0.5945945945945946,0.05405405405405406,1.0,False
MAH-01-05276,string,EUSKADI,13,20,10.862511574074073,2026-06-11 21:30:46,2026-06-22 18:12:47,14,8,0.5714285714285714,0.3259026690286935,,False,75.9,False,EUR,-0.0035946382932968003,-0.0004172016189249767,False,12,5,1-X-2 / 2 goals Up,0.15,0.05,0.05,False
2226747,numeric,EUSKADI,16,17,9.468784722222223,2026-06-10 21:26:21,2026-06-20 08:41:24,14,8,0.5714285714285714,0.3259026690286935,,False,75.9,False,EUR,0.049139658086009154,0.04255430155224745,False,12,3,1-X-2 / 2 goals Up,0.11764705882352941,0.0,0.47058823529411764,False
1305980,numeric,ESTATAL,82,82,5.936168981481481,2026-06-17 00:38:52,2026-06-22 23:06:57,14,8,0.5714285714285714,0.3259026690286935,,False,75.9,False,EUR,0.010210178793397036,0.008423551767912953,False,7,3,Player to score in 1st half,0.8536585365853658,0.0,1.0,True
MAH-01-05260,string,EUSKADI,10,15,9.666527777777778,2026-06-13 14:29:00,2026-06-23 06:28:48,14,8,0.5714285714285714,0.3259026690286935,,False,75.9,False,EUR,0.002103206002655513,0.034075514937062776,False,9,8,goal scorer (Star Substitute),0.06666666666666667,0.0,0.06666666666666667,False
2139486,numeric,LA RIOJA,10,14,13.26574074074074,2026-06-09 10:11:00,2026-06-22 16:33:40,14,8,0.5714285714285714,0.3259026690286935,,False,75.9,False,EUR,0.013013686309980954,-0.006818299472826924,False,13,4,1-X-2 / 2 goals Up,0.21428571428571427,0.0,0.21428571428571427,False
2577163,numeric,ESTATAL,21,21,6.281041666666667,2026-06-11 15:24:24,2026-06-17 22:09:06,14,8,0.5714285714285714,0.3259026690286935,,False,75.9,False,EUR,0.008917995194665074,0.02223825726417474,False,8,9,To score 2 or more goals (Star Substitute),0.047619047619047616,0.09523809523809523,1.0,False
1469880,numeric,ESTATAL,17,81,2.370185185185185,2026-06-13 12:23:53,2026-06-15 21:16:57,14,8,0.5714285714285714,0.3259026690286935,,False,75.9,False,EUR,0.013781924617513227,0.006268594574494903,False,14,1,1-X-2 / 2 goals Up,0.06172839506172839,0.0,0.0,False
2068167,numeric,ANDALUCIA,22,26,11.633703703703704,2026-06-12 06:04:02,2026-06-23 21:16:34,14,8,0.5714285714285714,0.3259026690286935,,False,75.9,False,EUR,0.006140982284469537,0.00940169223398371,False,12,11,1-X-2 / 2 goals Up,0.38461538461538464,0.07692307692307693,0.6538461538461539,True
1991382,numeric,ESTATAL,26,26,13.081423611111111,2026-06-10 17:37:39,2026-06-23 19:34:54,14,8,0.5714285714285714,0.3259026690286935,,False,75.9,False,EUR,-0.004287014673652756,0.00028717487409969856,False,12,8,Team Shots,0.6538461538461539,0.07692307692307693,1.0,True
MAH-06-02005,string,LA RIOJA,23,23,11.799652777777778,2026-06-11 17:49:32,2026-06-23 13:01:02,14,8,0.5714285714285714,0.3259026690286935,,False,75.9,False,EUR,0.03552614842942622,0.025285865755704358,False,10,12,Team Fouls,0.13043478260869565,0.0,0.9565217391304348,False
2526702,numeric,ESTATAL,32,52,12.248726851851853,2026-06-10 17:09:08,2026-06-22 23:07:18,14,8,0.5714285714285714,0.3259026690286935,,False,75.9,False,EUR,0.016560406285956335,0.02750290931525912,False,9,5,Team assists,0.21153846153846154,0.019230769230769232,0.0,False
MAH-05-15011,string,ARAGON,15,19,6.065497685185186,2026-06-13 21:29:44,2026-06-19 23:04:03,14,8,0.5714285714285714,0.3259026690286935,,False,75.9,False,EUR,0.014780239463630305,0.01707317059986389,False,7,7,1st half: Shots on target,0.2631578947368421,0.0,0.5789473684210527,False
MAH-01-12133,string,EUSKADI,59,111,13.917094907407407,2026-06-09 21:55:19,2026-06-23 19:55:56,43,20,0.46511627906976744,0.3251082626391856,0.4474283603783812,False,75.5,False,EUR,0.02024977638364096,0.004480620260752348,False,22,12,Home-side combo (bet builder),0.11711711711711711,0.0,0.14414414414414414,True
MAH-01-51271,string,EUSKADI,48,60,12.903194444444445,2026-06-10 14:00:44,2026-06-23 11:41:20,43,20,0.46511627906976744,0.3251082626391856,0.4474283603783812,False,75.5,False,EUR,0.10263205199431792,0.026350804219225733,False,27,15,1-X-2 / 2 goals Up,0.23333333333333334,0.0,0.2833333333333333,False
1659139,numeric,PERU,70,72,11.025671296296297,2026-06-12 19:05:46,2026-06-23 19:42:44,38,18,0.47368421052631576,0.32478778808941583,0.41609422989919076,False,75.4,False,PEN,0.01127197110817742,0.014797979783523712,False,17,15,Match corners,0.6666666666666666,0.125,0.9444444444444444,True
MAH-01-05175,string,EUSKADI,40,62,13.115787037037038,2026-06-10 16:40:57,2026-06-23 19:27:41,38,18,0.47368421052631576,0.32478778808941583,0.41609422989919076,False,75.4,False,EUR,0.010939660348941564,0.019291513766245095,False,26,10,Home-side combo (bet builder),0.20967741935483872,0.0,0.0967741935483871,False
MAH-04-07767,string,GALICIA,177,177,10.118912037037036,2026-06-11 18:31:27,2026-06-21 21:22:41,56,25,0.44642857142857145,0.3238651625129941,0.5362712240516272,False,75.3,False,EUR,0.01504043713785995,0.008736012862125674,False,14,11,Team corners,0.6497175141242938,0.2768361581920904,1.0,True
2297751,numeric,PERU,15,24,11.086122685185185,2026-06-11 04:36:39,2026-06-22 06:40:40,21,11,0.5238095238095238,0.3236921790026675,0.30080508583211996,False,75.2,False,PEN,0.03477861914357485,0.036912162283525625,False,15,3,Team corners,0.08333333333333333,0.041666666666666664,0.0,False
MAH-01-48095,string,EUSKADI,13,27,14.185,2026-06-08 11:39:12,2026-06-22 16:05:36,21,11,0.5238095238095238,0.3236921790026675,0.30080508583211996,False,75.2,False,EUR,0.004342084816508226,0.019480853157951165,False,17,7,To score or assist (Star Substitute),0.1111111111111111,0.0,0.07407407407407407,False
2278581,numeric,ESTATAL,51,53,9.912824074074074,2026-06-13 21:20:51,2026-06-23 19:15:19,21,11,0.5238095238095238,0.3236921790026675,0.30080508583211996,False,75.2,False,EUR,0.0040332079720533,0.01761744841655463,False,11,13,To be carded (only players and in play)(Star Substitute),0.32075471698113206,0.41509433962264153,0.9245283018867925,False
2042570,numeric,MADRID,53,53,9.100092592592592,2026-06-14 16:52:31,2026-06-23 19:16:39,21,11,0.5238095238095238,0.3236921790026675,0.30080508583211996,False,75.2,False,EUR,0.008030453623925498,0.0075705657418810805,False,13,5,Home-side combo (bet builder),0.7924528301886793,0.05660377358490566,1.0,True
429699,numeric,EUSKADI,31,31,9.785659722222222,2026-06-13 21:19:22,2026-06-23 16:10:43,21,11,0.5238095238095238,0.3236921790026675,0.30080508583211996,False,75.2,False,EUR,0.004280581115744644,0.004280581115744644,False,18,4,Home-side combo (bet builder),0.8387096774193549,0.03225806451612903,1.0,False
MAH-01-01598,string,EUSKADI,43,67,14.855509259259259,2026-06-08 19:39:12,2026-06-23 16:11:08,46,21,0.45652173913043476,0.3215451042112199,0.48817855711857416,False,75.1,False,EUR,0.0002622121195164505,0.004071284610266123,False,30,13,1-X-2 / 2 goals Up,0.14925373134328357,0.014925373134328358,0.04477611940298507,False
MAH-06-11002,string,LA RIOJA,19,39,9.949097222222223,2026-06-13 18:33:31,2026-06-23 17:20:13,26,13,0.5,0.3206030631500208,0.35054699431434394,False,75.0,False,EUR,0.015347545642263356,-0.007195436562772755,False,17,7,To score or assist (Star Substitute),0.10256410256410256,0.02564102564102564,0.1282051282051282,False
MAH-23-01301,string,PERU,45,56,12.592060185185185,2026-06-10 04:13:25,2026-06-22 18:25:59,41,19,0.4634146341463415,0.32055999118185885,0.4601026668173576,False,75.0,False,PEN,0.007744816158204644,-0.0031495840284836104,False,22,8,Team corners,0.39285714285714285,0.05357142857142857,0.48214285714285715,False
MAH-01-12008,string,EUSKADI,15,31,11.124189814814814,2026-06-11 14:18:56,2026-06-22 17:17:46,31,15,0.4838709677419355,0.3196998603127883,0.3924339234205896,False,74.9,False,EUR,0.010209922500509205,0.0072256388531007154,False,22,7,Match corners,0.03225806451612903,0.0,0.03225806451612903,False
MAH-01-48533,string,EUSKADI,13,16,10.854479166666666,2026-06-11 16:59:24,2026-06-22 13:29:51,12,7,0.5833333333333334,0.3195073356553728,,False,74.5,False,EUR,0.03305866502477855,0.023037388721471225,False,11,7,Team corners,0.0,0.1875,0.1875,False
2402888,numeric,PERU,46,46,8.302164351851852,2026-06-09 04:18:16,2026-06-17 11:33:23,12,7,0.5833333333333334,0.3195073356553728,,False,74.5,False,PEN,0.12241552615151009,0.19182821203795522,False,8,8,Team goal kicks,0.06521739130434782,0.2608695652173913,1.0,False
MAH-01-54244,string,EUSKADI,10,17,9.994571759259259,2026-06-11 16:22:17,2026-06-21 16:14:28,12,7,0.5833333333333334,0.3195073356553728,,False,74.5,False,EUR,0.047881959891942924,0.055233776129084505,False,11,7,Team corners,0.058823529411764705,0.11764705882352941,0.11764705882352941,False
MAH-23-05008,string,PERU,16,23,11.012418981481481,2026-06-11 17:07:31,2026-06-22 17:25:24,12,7,0.5833333333333334,0.3195073356553728,,False,74.5,False,PEN,-0.001092388239279691,0.02030860426596012,False,10,3,Team shots on target,0.21739130434782608,0.043478260869565216,0.043478260869565216,False
1858073,numeric,ESTATAL,18,26,12.865219907407408,2026-06-10 18:43:18,2026-06-23 15:29:13,12,7,0.5833333333333334,0.3195073356553728,,False,74.5,False,EUR,0.06018119311397327,0.009675995847207445,False,12,13,Match,0.34615384615384615,0.07692307692307693,0.07692307692307693,False
2437185,numeric,ESTATAL,36,36,9.985902777777778,2026-06-11 18:57:35,2026-06-21 18:37:17,12,7,0.5833333333333334,0.3195073356553728,,False,74.5,False,EUR,0.011688498015320733,0.01623264374097283,False,7,6,Match fouls,0.8888888888888888,0.0,1.0,False
2431211,numeric,PERU,12,17,7.405185185185185,2026-06-14 14:37:52,2026-06-22 00:21:20,12,7,0.5833333333333334,0.3195073356553728,,False,74.5,False,PEN,0.033652453834781035,0.04444760900949085,False,12,1,Team corners,0.058823529411764705,0.0,0.0,False
MAH-04-07845,string,GALICIA,13,23,7.84988425925926,2026-06-13 17:49:41,2026-06-21 14:13:31,12,7,0.5833333333333334,0.3195073356553728,,False,74.5,False,EUR,0.009076266334694135,0.020397290830717906,False,9,13,To score or assist (Star Substitute),0.13043478260869565,0.0,0.043478260869565216,False
MAH-03-24983,string,VALENCIA,18,25,12.011493055555556,2026-06-11 21:28:23,2026-06-23 21:44:56,12,7,0.5833333333333334,0.3195073356553728,,False,74.5,False,EUR,0.02830889029385771,0.005535224695319946,False,8,7,Anytime goalscorer (Star Substitute),0.16,0.08,0.44,True
MAH-01-00085,string,EUSKADI,10,12,10.474606481481482,2026-06-13 07:53:16,2026-06-23 19:16:42,12,7,0.5833333333333334,0.3195073356553728,,False,74.5,False,EUR,0.005537008438870937,0.02396989249498463,False,9,9,To score or assist (Star Substitute),0.25,0.0,0.25,False
MAH-04-07464,string,GALICIA,14,21,6.041412037037037,2026-06-13 18:46:22,2026-06-19 19:46:00,12,7,0.5833333333333334,0.3195073356553728,,False,74.5,False,EUR,0.02434042609671757,0.027953385940876447,False,11,9,Team shots on target,0.19047619047619047,0.047619047619047616,0.14285714285714285,False
2300946,numeric,ESTATAL,15,15,13.145625,2026-06-09 19:04:51,2026-06-22 22:34:33,12,7,0.5833333333333334,0.3195073356553728,,False,74.5,False,EUR,0.04550686558737428,0.05975245077875985,False,11,1,Team corners,0.0,0.0,1.0,False
2245911,numeric,ESTATAL,15,19,11.808541666666667,2026-06-11 06:43:06,2026-06-23 02:07:24,12,7,0.5833333333333334,0.3195073356553728,,False,74.5,False,EUR,0.053441165993492155,0.034626117529270334,False,11,5,Saves (Star Substitute),0.3684210526315789,0.0,0.5263157894736842,False
MAH-03-24954,string,VALENCIA,10,22,4.539699074074074,2026-06-13 20:42:41,2026-06-18 09:39:51,12,7,0.5833333333333334,0.3195073356553728,,False,74.5,False,EUR,0.005646043638087264,0.02386870639317783,False,11,3,1-X-2 / 2 goals Up,0.13636363636363635,0.0,0.045454545454545456,False
MAH-23-01409,string,PERU,23,23,10.775474537037036,2026-06-11 00:21:36,2026-06-21 18:58:17,12,7,0.5833333333333334,0.3195073356553728,,False,74.5,False,PEN,0.03764772862133426,0.027313646512937873,False,7,9,Match offsides,0.2608695652173913,0.0,0.782608695652174,True
2017334,numeric,ANDALUCIA,15,15,10.180578703703704,2026-06-13 14:42:56,2026-06-23 19:02:58,12,7,0.5833333333333334,0.3195073356553728,,False,74.5,False,EUR,0.020283345491014973,0.024141750105542453,False,9,11,To score or assist (Star Substitute),0.6,0.0,1.0,False
2075793,numeric,ESTATAL,16,16,6.914444444444444,2026-06-16 21:58:51,2026-06-23 19:55:39,12,7,0.5833333333333334,0.3195073356553728,,False,74.5,False,EUR,0.004127558571688893,0.004251598237254055,False,7,9,To score or assist (Star Substitute),0.875,0.125,0.9375,False
MAH-11-07006,string,CATALUNYA,37,216,30.947222222222223,2026-05-22 15:41:10,2026-06-22 14:25:10,49,22,0.4489795918367347,0.31852624929636336,0.5265120235806998,False,74.0,False,EUR,-0.0051839242537185665,0.0001316829028545137,False,32,11,1-X-2 / 2 goals Up,0.018518518518518517,0.0,0.004629629629629629,False
MAH-25-00008,string,CEUTA,37,74,9.451145833333333,2026-06-13 09:40:16,2026-06-22 20:29:55,49,22,0.4489795918367347,0.31852624929636336,0.5265120235806998,False,74.0,False,EUR,-0.00037997481723331264,0.02156321469707326,False,24,15,Shots on target (Star Substitute),0.12162162162162163,0.02702702702702703,0.05405405405405406,False
MAH-04-07398,string,GALICIA,65,119,15.183645833333333,2026-06-08 10:02:43,2026-06-23 14:27:10,49,22,0.4489795918367347,0.31852624929636336,0.5265120235806998,False,74.0,False,EUR,0.03023946444225332,0.01860493363905808,False,27,17,Match,0.05042016806722689,0.01680672268907563,0.04201680672268908,True
MAH-01-13162,string,EUSKADI,24,42,9.061736111111111,2026-06-14 12:36:47,2026-06-23 14:05:41,19,10,0.5263157894736842,0.31707482511825114,,False,73.7,False,EUR,0.009931159098124717,0.021266402523988457,False,16,11,Match corners,0.047619047619047616,0.0,0.07142857142857142,False
MAH-01-00780,string,EUSKADI,19,24,10.312280092592593,2026-06-12 13:46:22,2026-06-22 21:16:03,19,10,0.5263157894736842,0.31707482511825114,,False,73.7,False,EUR,0.014019931266661349,0.006551076029989622,False,12,12,Home-side combo (bet builder),0.08333333333333333,0.0,0.041666666666666664,False
MAH-03-24593,string,VALENCIA,15,26,9.912395833333333,2026-06-12 18:59:43,2026-06-22 16:53:34,19,10,0.5263157894736842,0.31707482511825114,,False,73.7,False,EUR,0.13143605622360888,0.01242765354598481,False,15,5,Home-side combo (bet builder),0.19230769230769232,0.0,0.07692307692307693,False
MAH-01-49861,string,EUSKADI,23,31,9.310069444444444,2026-06-13 09:56:32,2026-06-22 17:23:02,19,10,0.5263157894736842,0.31707482511825114,,False,73.7,False,EUR,-0.034109525100543894,0.012118363797843841,False,17,11,Match corners,0.3548387096774194,0.03225806451612903,0.41935483870967744,True
MAH-01-12172,string,EUSKADI,21,23,11.979027777777778,2026-06-11 18:15:22,2026-06-23 17:45:10,19,10,0.5263157894736842,0.31707482511825114,,False,73.7,False,EUR,0.02917120047368521,0.011432796467118665,False,15,13,1st half: Team corners,0.30434782608695654,0.0,0.6086956521739131,False
MAH-01-01494,string,EUSKADI,11,26,8.003159722222222,2026-06-13 13:22:17,2026-06-21 13:26:50,19,10,0.5263157894736842,0.31707482511825114,,False,73.7,False,EUR,0.031872772831264544,0.03118017137537023,False,16,6,Team corners,0.15384615384615385,0.0,0.038461538461538464,False
1762862,numeric,ESTATAL,25,26,10.949351851851851,2026-06-10 18:37:53,2026-06-21 17:24:57,19,10,0.5263157894736842,0.31707482511825114,,False,73.7,False,EUR,0.046441802810422955,0.040615490470031594,False,13,9,Fouls (Star Substitute),0.2692307692307692,0.07692307692307693,0.8846153846153846,True
1423808,numeric,ESTATAL,29,34,3.0054166666666666,2026-06-15 23:48:37,2026-06-18 23:56:25,19,10,0.5263157894736842,0.31707482511825114,,False,73.7,False,EUR,0.019233551451533062,0.017824558616669768,False,14,7,Match,0.17647058823529413,0.058823529411764705,0.7647058823529411,False
MAH-01-01411,string,EUSKADI,15,27,9.771805555555556,2026-06-12 14:10:23,2026-06-22 08:41:47,19,10,0.5263157894736842,0.31707482511825114,,False,73.7,False,EUR,0.02122702581159473,0.04273904725234773,False,10,6,To score 2 or more goals (Star Substitute),0.14814814814814814,0.037037037037037035,0.1111111111111111,False
MAH-10-30001,string,MADRID,15,24,0.906238425925926,2026-06-21 18:43:13,2026-06-22 16:28:12,19,10,0.5263157894736842,0.31707482511825114,,False,73.7,False,EUR,0.002192781181344574,0.0015406445237380884,False,4,9,Anytime goalscorer (Star Substitute),0.25,0.0,0.20833333333333334,True
MAH-01-11006,string,EUSKADI,42,64,26.329027777777778,2026-05-27 10:16:51,2026-06-22 18:10:39,34,16,0.47058823529411764,0.31451251633111366,0.44163710750260826,False,73.4,False,EUR,-0.010545855551658993,0.0038393507249659775,False,23,10,Home-side combo (bet builder),0.21875,0.015625,0.015625,False
2145810,numeric,ESTATAL,18,84,9.897118055555556,2026-06-09 17:53:35,2026-06-19 15:25:26,39,18,0.46153846153846156,0.3156664723404835,0.47343151257865124,False,73.4,False,EUR,0.005522115067230484,0.006910521921419217,False,24,3,goal scorer (Star Substitute),0.023809523809523808,0.0,0.11904761904761904,True
MAH-01-13646,string,EUSKADI,18,29,9.21613425925926,2026-06-13 06:03:53,2026-06-22 11:15:07,24,12,0.5,0.3142713162776308,0.3618156270208676,False,73.2,False,EUR,0.0076978859893378805,0.01667320026666995,False,18,7,1-X-2 / 2 goals Up,0.27586206896551724,0.0,0.1724137931034483,False
1427083,numeric,ESTATAL,15,35,9.439560185185185,2026-06-14 07:41:18,2026-06-23 18:14:16,24,12,0.5,0.3142713162776308,0.3618156270208676,False,73.2,False,EUR,0.011515769987027623,0.0038093119519774185,False,17,3,To score or assist (Star Substitute),0.11428571428571428,0.02857142857142857,0.0,False
MAH-01-13351,string,EUSKADI,11,27,10.235474537037037,2026-06-11 14:37:56,2026-06-21 20:17:01,24,12,0.5,0.3142713162776308,0.3618156270208676,False,73.2,False,EUR,0.004186933091474489,0.01080605924959,False,21,9,Team corners,0.037037037037037035,0.0,0.037037037037037035,False
1971355,numeric,ESTATAL,22,40,10.542152777777778,2026-06-09 22:33:18,2026-06-20 11:34:00,24,12,0.5,0.3142713162776308,0.3618156270208676,False,73.2,False,EUR,-0.012819992221332102,-0.004217260153442139,False,17,13,To score or assist (Star Substitute),0.075,0.025,0.375,True
MAH-01-01583,string,EUSKADI,28,41,25.387615740740742,2026-05-29 07:30:19,2026-06-23 16:48:29,24,12,0.5,0.3142713162776308,0.3618156270208676,False,73.2,False,EUR,-0.01827610147078009,0.013608458750846006,False,18,11,Home-side combo (bet builder),0.21951219512195122,0.0,0.14634146341463414,False
1856086,numeric,EUSKADI,31,32,11.109328703703703,2026-06-12 18:21:14,2026-06-23 20:58:40,29,14,0.4827586206896552,0.3138581933079522,0.40498304094980564,False,73.1,False,EUR,-0.00369599764991098,0.0020814618903081884,False,18,6,Team exact bookings (only players and in play),0.59375,0.0625,0.90625,False
482135,numeric,EUSKADI,32,32,2.168645833333333,2026-06-21 14:56:15,2026-06-23 18:59:06,29,14,0.4827586206896552,0.3138581933079522,0.40498304094980564,False,73.1,False,EUR,0.015085341122577478,0.01711559147318252,False,8,11,Shots on target (Star Substitute),0.71875,0.03125,1.0,True
MAH-01-12102,string,EUSKADI,10,13,7.960659722222222,2026-06-14 20:40:07,2026-06-22 19:43:28,10,6,0.6,0.3126695474501863,,False,72.7,False,EUR,0.012882644102178435,0.02240958533177704,False,9,6,Home-side combo (bet builder),0.07692307692307693,0.0,0.3076923076923077,False
1529428,numeric,ESTATAL,23,23,10.007847222222223,2026-06-13 19:03:10,2026-06-23 19:14:28,10,6,0.6,0.3126695474501863,,False,72.7,False,EUR,0.032780425986521984,0.039734587136289926,False,8,10,1st half: Team corners,0.6956521739130435,0.21739130434782608,1.0,False
MAH-01-13323,string,EUSKADI,15,17,11.437592592592592,2026-06-12 11:16:30,2026-06-23 21:46:38,10,6,0.6,0.3126695474501863,,False,72.7,False,EUR,0.0002591403322979108,-0.004737663417230675,False,6,12,Away-side combo (bet builder),0.29411764705882354,0.11764705882352941,0.6470588235294118,True
MAH-01-00603,string,EUSKADI,11,15,11.607719907407407,2026-06-11 04:52:06,2026-06-22 19:27:13,10,6,0.6,0.3126695474501863,,False,72.7,False,EUR,0.026089070088526508,0.022003930505922576,False,9,7,Team goal kicks,0.26666666666666666,0.0,0.0,False
2137169,numeric,PERU,11,11,11.02949074074074,2026-06-11 18:43:00,2026-06-22 19:25:28,10,6,0.6,0.3126695474501863,,False,72.7,False,PEN,0.014077740932908098,0.00839150016282375,False,9,2,Team corners,0.45454545454545453,0.09090909090909091,0.45454545454545453,False
MAH-01-12184,string,EUSKADI,11,15,11.896215277777777,2026-06-11 17:31:17,2026-06-23 15:01:50,10,6,0.6,0.3126695474501863,,False,72.7,False,EUR,0.01868223188748353,0.021288736603999582,False,10,5,1-X-2 / 2 goals Up,0.06666666666666667,0.0,0.2,False
1771034,numeric,EUSKADI,11,12,9.039837962962963,2026-06-11 17:08:57,2026-06-20 18:06:19,10,6,0.6,0.3126695474501863,,False,72.7,False,EUR,0.012944716670313371,0.016548896031840243,False,9,2,Home-side combo (bet builder),0.16666666666666666,0.0,0.0,False
2159449,numeric,ESTATAL,10,10,12.048020833333334,2026-06-10 18:40:53,2026-06-22 19:50:02,10,6,0.6,0.3126695474501863,,False,72.7,False,EUR,0.00956484430758337,0.0006333583718499347,False,10,1,1-X-2 / 2 goals Up,0.2,0.0,1.0,False
2579828,numeric,ESTATAL,10,25,7.7940046296296295,2026-06-12 18:38:39,2026-06-20 13:42:01,10,6,0.6,0.3126695474501863,,False,72.7,False,EUR,0.028390644216870712,0.03364966153995565,False,10,9,Team Fouls,0.16,0.0,0.2,True
1693226,numeric,ESTATAL,10,13,11.022488425925927,2026-06-11 18:46:30,2026-06-22 19:18:53,10,6,0.6,0.3126695474501863,,False,72.7,False,EUR,-0.019152899533751575,0.0026391724133111747,False,9,6,Anytime goalscorer (Star Substitute),0.3076923076923077,0.0,0.3076923076923077,True
1588604,numeric,ESTATAL,14,14,5.437708333333333,2026-06-18 08:03:37,2026-06-23 18:33:55,10,6,0.6,0.3126695474501863,,False,72.7,False,EUR,0.02615856431248297,0.05494678581088245,False,8,3,Home-side combo (bet builder),0.07142857142857142,0.0,1.0,False
2528362,numeric,ESTATAL,24,24,8.572951388888889,2026-06-11 15:00:29,2026-06-20 04:45:32,10,6,0.6,0.3126695474501863,,False,72.7,False,EUR,-0.0018263155146464585,0.0064553982388902975,False,8,10,Team Shots,0.5,0.3333333333333333,0.7916666666666666,True
MAH-05-15352,string,ARAGON,32,53,13.192916666666667,2026-06-10 15:14:10,2026-06-23 19:51:58,42,19,0.4523809523809524,0.3122316381863853,0.5153766024920002,False,72.4,False,EUR,0.006239520629295074,-0.0004277347956477855,False,26,12,Team corners,0.07547169811320754,0.05660377358490566,0.11320754716981132,False
MAH-01-13281,string,EUSKADI,19,28,49.98670138888889,2026-05-04 15:16:47,2026-06-23 14:57:38,17,9,0.5294117647058824,0.3096289731154949,,False,72.3,False,EUR,0.017608695422298284,0.012261212503944473,False,14,8,Match,0.25,0.0,0.14285714285714285,False
MAH-01-13411,string,EUSKADI,11,19,11.821238425925927,2026-06-11 13:20:37,2026-06-23 09:03:12,17,9,0.5294117647058824,0.3096289731154949,,False,72.3,False,EUR,0.004791784144026868,0.0009379876946706114,False,13,10,Team corners,0.10526315789473684,0.0,0.0,False
2492185,numeric,ESTATAL,43,43,13.788229166666667,2026-06-10 00:54:36,2026-06-23 19:49:39,17,9,0.5294117647058824,0.3096289731154949,,False,72.3,False,EUR,0.0027246387029774607,0.0065297588406406,False,11,6,Anytime goalscorer (Star Substitute),0.8837209302325582,0.11627906976744186,1.0,True
MAH-19-45002,string,ANDALUCIA,19,25,14.762210648148148,2026-06-09 01:41:51,2026-06-23 19:59:26,17,9,0.5294117647058824,0.3096289731154949,,False,72.3,False,EUR,0.006737804075620571,0.017267227223222485,False,12,13,To be carded (only players and in play)(Star Substitute),0.36,0.04,0.56,False
2621746,numeric,ESTATAL,24,26,12.994895833333333,2026-06-10 19:30:57,2026-06-23 19:23:36,17,9,0.5294117647058824,0.3096289731154949,,False,72.3,False,EUR,0.01997157697117618,0.020959142228816622,False,12,9,Saves (Star Substitute),0.6923076923076923,0.0,0.7692307692307693,False
2451967,numeric,NAVARRA,20,20,13.165960648148149,2026-06-10 11:20:10,2026-06-23 15:19:09,17,9,0.5294117647058824,0.3096289731154949,,False,72.3,False,EUR,0.028332905720510206,0.02124099778037598,False,15,9,Match corners,0.1,0.05,1.0,False
MAH-01-01561,string,EUSKADI,45,72,12.995034722222222,2026-06-10 17:23:21,2026-06-23 17:16:12,53,23,0.4339622641509434,0.30950190698960345,0.6096649558373063,False,72.1,False,EUR,-0.007438349745081587,0.006272299928092549,False,28,20,Shots on target (Star Substitute),0.19444444444444445,0.0,0.1111111111111111,True
MAH-04-06974,string,GALICIA,89,474,13.01633101851852,2026-06-09 14:22:04,2026-06-22 14:45:35,245,90,0.3673469387755102,0.30946137816922276,0.993661637966097,False,72.0,False,EUR,0.01172332869120274,-0.012694918691905964,False,34,8,Anytime goalscorer (Star Substitute),0.006329113924050633,0.0,0.014767932489451477,False
MAH-05-15111,string,ARAGON,11,34,10.01039351851852,2026-06-11 17:32:14,2026-06-21 17:47:12,27,13,0.48148148148148145,0.3074295064970908,0.4184204519690335,False,72.0,False,EUR,0.024268394629947808,0.017319766912938378,False,23,4,Match corners,0.0,0.058823529411764705,0.0,False
MAH-21-13001,string,BALEARES,13,31,10.467800925925927,2026-06-12 13:29:04,2026-06-23 00:42:42,27,13,0.48148148148148145,0.3074295064970908,0.4184204519690335,False,72.0,False,EUR,0.012987935522091064,-0.00019533426851522413,False,19,5,Team corners,0.0967741935483871,0.06451612903225806,0.06451612903225806,False
MAH-01-01222,string,EUSKADI,22,33,10.938680555555555,2026-06-10 16:16:31,2026-06-21 14:48:13,22,11,0.5,0.3072180469247956,0.3739556827064887,False,71.8,False,EUR,0.018933004613574972,0.02593688818928952,False,16,12,1-X-2 / 2 goals Up,0.0,0.030303030303030304,0.0,False
2348479,numeric,CANARIAS,31,34,11.997638888888888,2026-06-11 15:56:07,2026-06-23 15:52:43,22,11,0.5,0.3072180469247956,0.3739556827064887,False,71.8,False,EUR,0.03554802190291536,0.0163665100148127,False,16,2,Home-side combo (bet builder),0.3235294117647059,0.0,0.11764705882352941,False
2570363,numeric,ESTATAL,88,88,13.161342592592593,2026-06-10 17:17:31,2026-06-23 21:09:51,22,11,0.5,0.3072180469247956,0.3739556827064887,False,71.8,False,EUR,0.00124650878267862,0.006498585334703539,False,9,21,Assists (Star Substitute),0.36363636363636365,0.48863636363636365,0.9886363636363636,True
2172584,numeric,GALICIA,14,37,9.179027777777778,2026-06-11 18:01:48,2026-06-20 22:19:36,22,11,0.5,0.3072180469247956,0.3739556827064887,False,71.8,False,EUR,0.01236895294184741,0.016201136651991174,False,18,12,1-X-2 / 2 goals Up,0.13513513513513514,0.0,0.02702702702702703,False
MAH-11-09013,string,CATALUNYA,21,30,8.800289351851852,2026-06-13 20:10:18,2026-06-22 15:22:43,22,11,0.5,0.3072180469247956,0.3739556827064887,False,71.8,False,EUR,0.006141932577730654,0.01333294322491143,False,17,12,To score or assist (Star Substitute),0.26666666666666666,0.0,0.3333333333333333,True
1225644,numeric,ESTATAL,11,11,9.770787037037037,2026-06-13 00:48:06,2026-06-22 19:18:02,8,5,0.625,0.3057378545838018,,False,71.4,False,EUR,0.035175717986920034,0.015520821941453905,False,8,1,1-X-2 / 2 goals Up,0.2727272727272727,0.0,0.7272727272727273,False
1483058,numeric,EUSKADI,10,12,7.498993055555555,2026-06-15 09:07:35,2026-06-22 21:06:08,8,5,0.625,0.3057378545838018,,False,71.4,False,EUR,0.05917527301677874,0.042289778154332214,False,5,6,Home-side combo (bet builder),0.25,0.08333333333333333,0.5833333333333334,False
2554095,numeric,ESTATAL,12,12,8.114872685185185,2026-06-13 19:05:59,2026-06-21 21:51:24,8,5,0.625,0.3057378545838018,,False,71.4,False,EUR,0.0016806099255987892,0.0037589813442954617,False,8,5,To score or assist (Star Substitute),0.6666666666666666,0.3333333333333333,1.0,False
MAH-04-07278,string,GALICIA,10,13,8.952754629629629,2026-06-13 20:46:30,2026-06-22 19:38:28,8,5,0.625,0.3057378545838018,,False,71.4,False,EUR,0.08271008415958328,0.035257168056011104,False,7,3,Anytime goalscorer (Star Substitute),0.07692307692307693,0.0,0.07692307692307693,False
MAH-01-04864,string,EUSKADI,10,13,10.248113425925926,2026-06-12 12:01:44,2026-06-22 17:59:01,8,5,0.625,0.3057378545838018,,False,71.4,False,EUR,0.02722221658650409,0.010796007497498192,False,8,8,Anytime goalscorer (Star Substitute),0.23076923076923078,0.0,0.15384615384615385,False
1858213,numeric,EUSKADI,15,15,10.01329861111111,2026-06-13 17:47:14,2026-06-23 18:06:23,8,5,0.625,0.3057378545838018,,False,71.4,False,EUR,0.036303930500130026,0.024979701133364965,False,4,6,goal scorer (Star Substitute),0.4666666666666667,0.2,1.0,False
1989090,numeric,PERU,12,13,10.007326388888888,2026-06-11 17:56:20,2026-06-21 18:06:53,8,5,0.625,0.3057378545838018,,False,71.4,False,PEN,0.027017901512303096,0.03680230674156969,False,7,7,Team corners,0.23076923076923078,0.38461538461538464,0.38461538461538464,False
2586640,numeric,ESTATAL,12,13,4.183692129629629,2026-06-10 18:49:41,2026-06-14 23:14:12,8,5,0.625,0.3057378545838018,,False,71.4,False,EUR,0.004364799921103751,0.008033490536057841,False,7,6,Shots on target (Star Substitute),0.6153846153846154,0.07692307692307693,0.8461538461538461,False
1165998,numeric,ESTATAL,24,24,8.024502314814814,2026-06-11 18:24:24,2026-06-19 18:59:41,8,5,0.625,0.3057378545838018,,False,71.4,False,EUR,0.06537320518885774,0.06319733524495319,False,6,3,Saves (Star Substitute),0.9583333333333334,0.0,0.875,True
2556626,numeric,ESTATAL,11,11,7.152013888888889,2026-06-15 15:29:00,2026-06-22 19:07:54,8,5,0.625,0.3057378545838018,,False,71.4,False,EUR,0.0154387014917162,0.019416495960674365,False,7,6,Player to score in 1st half,0.6363636363636364,0.0,0.45454545454545453,False
2264489,numeric,ESTATAL,122,122,12.98349537037037,2026-06-09 22:15:02,2026-06-22 21:51:16,35,16,0.45714285714285713,0.30465773633760845,0.5023146570090276,False,71.2,False,EUR,0.010650236370278917,0.012180635977538101,False,8,8,Team corners,0.5983606557377049,0.4016393442622951,1.0,False
2298163,numeric,ESTATAL,24,49,13.033449074074074,2026-06-09 19:48:35,2026-06-22 20:36:45,30,14,0.4666666666666667,0.3023212722412823,0.47045615867716545,False,71.1,False,EUR,-0.00011151170045500713,0.006446900784381056,False,26,7,Assists (Star Substitute),0.14285714285714285,0.0,0.0,False
MAH-01-04827,string,EUSKADI,12,33,9.563564814814814,2026-06-10 18:10:44,2026-06-20 07:42:16,30,14,0.4666666666666667,0.3023212722412823,0.47045615867716545,False,71.1,False,EUR,-0.030420820930248477,0.001142512439140005,False,27,5,To score or assist (Star Substitute),0.06060606060606061,0.0,0.06060606060606061,False
MAH-01-01010,string,EUSKADI,17,49,11.964722222222223,2026-06-11 17:45:48,2026-06-23 16:55:00,43,19,0.4418604651162791,0.30433085623921335,0.5691689608319468,False,71.1,False,EUR,0.010657455715493574,-0.011807897532716414,False,21,9,Team exact bookings (only players and in play),0.10204081632653061,0.0,0.10204081632653061,True
MAH-04-07489,string,GALICIA,41,88,14.045324074074074,2026-06-09 15:18:37,2026-06-23 16:23:53,46,20,0.43478260869565216,0.3020904595919057,0.6052667107609506,False,71.0,False,EUR,0.04749208524854813,0.007441462865927755,False,27,9,To score 2 or more goals (Star Substitute),0.022727272727272728,0.0,0.0,False
1482977,numeric,ESTATAL,70,124,11.79775462962963,2026-06-10 21:50:14,2026-06-22 16:59:00,46,20,0.43478260869565216,0.3020904595919057,0.6052667107609506,False,71.0,False,EUR,-0.01762994188729776,-0.026492518442346763,False,31,5,Match,0.45161290322580644,0.0,0.20967741935483872,False
MAH-11-04002,string,CATALUNYA,26,52,8.912453703703704,2026-06-14 19:48:57,2026-06-23 17:42:53,38,17,0.4473684210526316,0.3014616531155089,0.545264793116506,False,70.9,False,EUR,-0.004942104174384564,0.008539979010284854,False,20,15,1-X-2 / 2 goals Up,0.1346153846153846,0.057692307692307696,0.15384615384615385,False
MAH-01-49793,string,EUSKADI,33,39,11.14443287037037,2026-06-12 15:39:41,2026-06-23 19:07:40,15,8,0.5333333333333333,0.3011663015105079,,False,70.6,False,EUR,0.04839770230385629,0.022312944507352488,False,14,11,2nd Half: Team Cards (only players and in play),0.10256410256410256,0.0,0.07692307692307693,False
MAH-01-04918,string,EUSKADI,15,25,10.80869212962963,2026-06-11 21:05:21,2026-06-22 16:29:52,15,8,0.5333333333333333,0.3011663015105079,,False,70.6,False,EUR,0.008040428465368716,0.002440531253135266,False,9,6,1-X-2 / 2 goals Up,0.08,0.0,0.08,False
MAH-01-51102,string,EUSKADI,11,17,7.923310185185185,2026-06-14 15:08:40,2026-06-22 13:18:14,15,8,0.5333333333333333,0.3011663015105079,,False,70.6,False,EUR,-0.008479156970359872,0.009422658722060459,False,11,6,1-X-2 / 2 goals Up,0.0,0.0,0.23529411764705882,True
MAH-03-27133,string,VALENCIA,27,28,12.026655092592593,2026-06-11 17:55:41,2026-06-23 18:34:04,15,8,0.5333333333333333,0.3011663015105079,,False,70.6,False,EUR,-0.0012186284248100639,0.007717909574135355,False,7,8,Team Shots,0.17857142857142858,0.03571428571428571,0.8928571428571429,False
2627232,numeric,EUSKADI,22,24,10.326793981481481,2026-06-13 11:30:30,2026-06-23 19:21:05,15,8,0.5333333333333333,0.3011663015105079,,False,70.6,False,EUR,-0.002069767617489679,0.0031093930415876086,False,12,9,Shots on target (Star Substitute),0.5416666666666666,0.0,0.75,False
MAH-04-07172,string,GALICIA,14,19,9.031006944444444,2026-06-13 10:47:55,2026-06-22 11:32:34,15,8,0.5333333333333333,0.3011663015105079,,False,70.6,False,EUR,0.006618342402113229,0.007751301411992214,False,10,9,Home-side combo (bet builder),0.15789473684210525,0.05263157894736842,0.2631578947368421,False
MAH-01-55211,string,EUSKADI,30,34,12.23420138888889,2026-06-10 13:38:57,2026-06-22 19:16:12,15,8,0.5333333333333333,0.3011663015105079,,False,70.6,False,EUR,0.05170141888270423,0.04229546521679085,False,12,12,Player to Score Free-Kick,0.6764705882352942,0.0,0.6176470588235294,True
2633466,numeric,ESTATAL,14,17,4.054780092592592,2026-06-18 18:33:35,2026-06-22 19:52:28,15,8,0.5333333333333333,0.3011663015105079,,False,70.6,False,EUR,0.02977311751809473,0.03456600964878274,False,10,5,Home-side combo (bet builder),0.17647058823529413,0.0,0.4117647058823529,False
MAH-07-04003,string,CATALUNYA,25,33,13.038530092592593,2026-06-09 15:49:39,2026-06-22 16:45:08,15,8,0.5333333333333333,0.3011663015105079,,False,70.6,False,EUR,0.010706410224757516,0.023268621961973057,False,12,10,Player sent off (only players and in play)(Star Substitute),0.09090909090909091,0.06060606060606061,0.030303030303030304,False
MAH-08-46001,string,MURCIA,10,16,10.046296296296296,2026-06-12 14:07:38,2026-06-22 15:14:18,15,8,0.5333333333333333,0.3011663015105079,,False,70.6,False,EUR,0.002023954119890859,0.019579770875194875,False,13,6,Home-side combo (bet builder),0.125,0.0,0.0625,False
2543161,numeric,ESTATAL,14,26,6.016631944444445,2026-06-15 18:33:38,2026-06-21 18:57:35,15,8,0.5333333333333333,0.3011663015105079,,False,70.6,False,EUR,0.0070915475581349256,0.007325697887994446,False,14,3,1-X-2 / 2 goals Up,0.07692307692307693,0.0,0.07692307692307693,False
MAH-01-13273,string,EUSKADI,105,171,13.210740740740741,2026-06-10 09:21:06,2026-06-23 14:24:34,129,49,0.3798449612403101,0.30071077692282255,0.940485674292159,False,70.3,False,EUR,-0.025430711058838155,-0.016012460205713577,False,42,10,To score or assist (Star Substitute),0.005847953216374269,0.0,0.26900584795321636,False
2568148,numeric,PERU,11,12,8.608043981481481,2026-06-13 00:23:53,2026-06-21 14:59:28,4,3,0.75,0.30063605244263664,,False,70.0,False,PEN,0.009621036133389358,0.013219666322350332,False,4,6,1-X-2 / 2 goals Up,0.25,0.08333333333333333,0.25,False
MAH-19-00142,string,ANDALUCIA,15,18,7.818773148148148,2026-06-13 18:38:11,2026-06-21 14:17:13,4,3,0.75,0.30063605244263664,,False,70.0,False,EUR,0.010540069686411111,0.015476190476190477,False,4,2,1-X-2 / 2 goals Up,0.0,0.0,0.4444444444444444,False
2586095,numeric,MADRID,10,11,12.128946759259259,2026-06-10 20:34:40,2026-06-22 23:40:21,4,3,0.75,0.30063605244263664,,False,70.0,False,EUR,0.021805825324886896,0.03508879113717822,False,4,3,Saves handicap - vs (both starters),0.2727272727272727,0.0,0.5454545454545454,True
2043135,numeric,ESTATAL,13,13,9.175520833333334,2026-06-11 16:52:41,2026-06-20 21:05:26,4,3,0.75,0.30063605244263664,,False,70.0,False,EUR,-0.01592528018732058,-0.012593316004072402,False,4,2,Team Shots,0.46153846153846156,0.46153846153846156,1.0,False
2054234,numeric,ESTATAL,10,10,1.2530902777777777,2026-06-21 14:50:11,2026-06-22 20:54:38,4,3,0.75,0.30063605244263664,,False,70.0,False,EUR,0.05797785394201139,0.052585878075933234,False,2,4,To be carded (only players and in play)(Star Substitute),0.8,0.0,1.0,True
1024846,numeric,ESTATAL,12,12,10.033599537037038,2026-06-11 17:04:10,2026-06-21 17:52:33,4,3,0.75,0.30063605244263664,,False,70.0,False,EUR,0.01076435765947671,0.016984669624897086,False,3,7,Team shots on target,0.4166666666666667,0.08333333333333333,0.8333333333333334,False
2139536,numeric,ESTATAL,11,24,0.7758101851851852,2026-06-12 21:16:58,2026-06-13 15:54:08,4,3,0.75,0.30063605244263664,,False,70.0,False,EUR,0.012372932481990217,0.011554658552517139,False,4,1,1-X-2 / 2 goals Up,0.0,0.0,0.0,False
1118010,numeric,EUSKADI,14,19,2.3065277777777777,2026-06-20 10:25:36,2026-06-22 17:47:00,4,3,0.75,0.30063605244263664,,False,70.0,False,EUR,0.1576447034202809,0.07103072853072848,False,4,2,Home-side combo (bet builder),0.5789473684210527,0.0,0.42105263157894735,False
1936257,numeric,PERU,14,14,1.1354976851851852,2026-06-22 16:23:13,2026-06-23 19:38:20,4,3,0.75,0.30063605244263664,,False,70.0,False,PEN,0.008368198862226789,0.007155315149621769,False,3,5,Home-side combo (bet builder),0.5714285714285714,0.14285714285714285,0.5714285714285714,False
1970109,numeric,ESTATAL,14,14,6.531145833333333,2026-06-12 19:30:47,2026-06-19 08:15:38,4,3,0.75,0.30063605244263664,,False,70.0,False,EUR,0.011549639396780095,0.014206056458039518,False,3,5,To score or assist (Star Substitute),0.14285714285714285,0.5,0.0,False
480808,numeric,EUSKADI,11,11,8.5178125,2026-06-12 11:32:04,2026-06-20 23:57:43,4,3,0.75,0.30063605244263664,,False,70.0,False,EUR,0.027390853613305746,0.026431146998214222,False,4,7,Match corners,0.09090909090909091,0.0,0.0,False
1688011,numeric,ESTATAL,17,17,9.822060185185185,2026-06-12 01:06:20,2026-06-21 20:50:06,4,3,0.75,0.30063605244263664,,False,70.0,False,EUR,0.02793853721585176,0.02489105992152152,False,4,6,Player headed shots on target (Star Substitute),0.8823529411764706,0.0,1.0,True
2140582,numeric,ESTATAL,20,20,10.353923611111112,2026-06-12 17:58:38,2026-06-23 02:28:17,4,3,0.75,0.30063605244263664,,False,70.0,False,EUR,0.0224748020842791,0.024398729318593965,False,4,3,Shots (Star Substitute),0.75,0.0,1.0,False
MAH-03-27993,string,VALENCIA,18,37,11.004560185185186,2026-06-11 16:03:22,2026-06-22 16:09:56,25,12,0.48,0.30031003928960015,0.4328813531245678,False,69.5,False,EUR,-0.0007128879202428431,0.02238426854502854,False,16,7,Home-side combo (bet builder),0.05405405405405406,0.0,0.02702702702702703,False
MAH-01-01270,string,EUSKADI,28,46,11.391111111111112,2026-06-11 11:07:18,2026-06-22 20:30:30,25,12,0.48,0.30031003928960015,0.4328813531245678,False,69.5,False,EUR,0.01739986070843404,0.013210303326456318,False,21,7,1-X-2 / 2 goals Up,0.15217391304347827,0.043478260869565216,0.08695652173913043,False
958267,numeric,LA RIOJA,25,48,11.103125,2026-06-11 17:59:40,2026-06-22 20:28:10,25,12,0.48,0.30031003928960015,0.4328813531245678,False,69.5,False,EUR,-0.007575335686814483,0.008484872273309936,False,23,4,Home-side combo (bet builder),0.4583333333333333,0.0,0.10416666666666667,False
MAH-01-16007,string,EUSKADI,27,39,19.41880787037037,2026-06-04 07:07:10,2026-06-23 17:10:15,25,12,0.48,0.30031003928960015,0.4328813531245678,False,69.5,False,EUR,0.003781837503819968,0.0009303588569952836,False,15,10,Anytime goalscorer (Star Substitute),0.1282051282051282,0.05128205128205128,0.15384615384615385,False
MAH-06-11003,string,LA RIOJA,19,30,12.000439814814815,2026-06-11 19:23:06,2026-06-23 19:23:44,25,12,0.48,0.30031003928960015,0.4328813531245678,False,69.5,False,EUR,-0.0005143674442942861,0.009126184255005372,False,20,9,To score or assist (Star Substitute),0.1,0.1,0.26666666666666666,True
MAH-04-07761,string,GALICIA,16,40,8.719201388888889,2026-06-12 21:47:07,2026-06-21 15:02:46,25,12,0.48,0.30031003928960015,0.4328813531245678,False,69.5,False,EUR,0.0429395267979139,0.022835259186385414,False,16,11,Team exact bookings (only players and in play),0.025,0.0,0.0,False
MAH-01-13412,string,EUSKADI,25,37,14.462175925925926,2026-06-09 07:54:48,2026-06-23 19:00:20,25,12,0.48,0.30031003928960015,0.4328813531245678,False,69.5,False,EUR,0.005829350913733656,0.0018330994135113787,False,20,12,Home-side combo (bet builder),0.16216216216216217,0.0,0.05405405405405406,False
2567989,numeric,ESTATAL,12,13,4.981539351851852,2026-06-13 23:30:00,2026-06-18 23:03:25,6,4,0.6666666666666666,0.2999883213415286,,False,69.0,False,EUR,-0.0039243679337047175,0.009760632146606663,False,6,1,1-X-2 / 2 goals Up,0.07692307692307693,0.0,0.0,False
MAH-01-01620,string,EUSKADI,19,19,10.98857638888889,2026-06-12 21:34:42,2026-06-23 21:18:15,6,4,0.6666666666666666,0.2999883213415286,,False,69.0,False,EUR,0.048678676532656374,0.028582648609965025,False,4,9,1-X-2 / 2 goals Up,0.42105263157894735,0.21052631578947367,0.6842105263157895,False
1961572,numeric,EUSKADI,12,12,9.004918981481481,2026-06-14 19:39:52,2026-06-23 19:46:57,6,4,0.6666666666666666,0.2999883213415286,,False,69.0,False,EUR,0.008594994517994923,0.007287311283433924,False,5,3,Home-side combo (bet builder),0.6666666666666666,0.0,0.08333333333333333,False
1966683,numeric,EUSKADI,18,26,8.17681712962963,2026-06-14 15:01:49,2026-06-22 19:16:26,6,4,0.6666666666666666,0.2999883213415286,,False,69.0,False,EUR,0.05244374582070194,0.07820828888411417,False,3,8,Home-side combo (bet builder),0.23076923076923078,0.0,0.0,False
MAH-04-08067,string,GALICIA,10,12,3.2200462962962964,2026-06-15 10:39:07,2026-06-18 15:55:59,6,4,0.6666666666666666,0.2999883213415286,,False,69.0,False,EUR,0.03612084760767646,0.02205889562393735,False,4,3,Home-side combo (bet builder),0.5,0.0,0.6666666666666666,False
2300245,numeric,ESTATAL,11,11,10.92488425925926,2026-06-11 22:58:47,2026-06-22 21:10:37,6,4,0.6666666666666666,0.2999883213415286,,False,69.0,False,EUR,0.021536187771159645,0.023359003431278502,False,4,8,Shots on target (Star Substitute),0.45454545454545453,0.2727272727272727,0.9090909090909091,False
MAH-04-08091,string,GALICIA,12,15,9.155046296296296,2026-06-14 14:05:19,2026-06-23 17:48:35,6,4,0.6666666666666666,0.2999883213415286,,False,69.0,False,EUR,0.030231308779400747,0.026084179834622117,False,5,4,To score 2 or more goals (Star Substitute),0.26666666666666666,0.3333333333333333,0.5333333333333333,False
2306331,numeric,EUSKADI,16,44,3.4064467592592593,2026-06-18 10:57:01,2026-06-21 20:42:18,6,4,0.6666666666666666,0.2999883213415286,,False,69.0,False,EUR,0.0286017415979163,0.01806432024744448,False,3,2,Home-side combo (bet builder),0.0,0.0,0.20454545454545456,True
MAH-01-05215,string,EUSKADI,10,20,6.929849537037037,2026-06-16 18:40:32,2026-06-23 16:59:31,6,4,0.6666666666666666,0.2999883213415286,,False,69.0,False,EUR,0.04025339276087808,0.042077179929886875,False,6,6,Home-side combo (bet builder),0.1,0.0,0.05,False
MAH-01-00568,string,EUSKADI,16,19,11.708912037037036,2026-06-10 19:21:49,2026-06-22 12:22:39,6,4,0.6666666666666666,0.2999883213415286,,False,69.0,False,EUR,0.011048597760019393,0.038702105545372935,False,6,8,To be booked (only players and in play),0.10526315789473684,0.5263157894736842,0.5789473684210527,True
MAH-02-01869,string,NAVARRA,14,14,13.619641203703704,2026-06-09 20:26:45,2026-06-23 11:19:02,6,4,0.6666666666666666,0.2999883213415286,,False,69.0,False,EUR,0.02215003412704479,0.039957902005194314,False,5,6,To score 2 or more goals (Star Substitute),0.0,0.0,0.0,False
571007,numeric,EUSKADI,18,19,7.086712962962963,2026-06-15 18:57:11,2026-06-22 21:02:03,6,4,0.6666666666666666,0.2999883213415286,,False,69.0,False,EUR,-0.03146563154167353,-0.04074414477262556,False,5,10,Shots on target (Star Substitute),0.7368421052631579,0.05263157894736842,0.8421052631578947,False
1588479,numeric,ESTATAL,10,12,13.085983796296297,2026-06-09 19:41:39,2026-06-22 21:45:28,6,4,0.6666666666666666,0.2999883213415286,,False,69.0,False,EUR,0.05382030238924735,0.05860454498716819,False,6,1,Match,0.08333333333333333,0.0,0.0,False
2571829,numeric,ESTATAL,40,51,4.668738425925926,2026-06-19 00:56:02,2026-06-23 16:59:01,6,4,0.6666666666666666,0.2999883213415286,,False,69.0,False,EUR,0.10707748888146501,0.07754015029831425,False,6,6,Match,0.45098039215686275,0.0392156862745098,0.45098039215686275,False
MAH-01-01677,string,EUSKADI,15,25,7.405462962962963,2026-06-13 10:03:32,2026-06-20 19:47:24,20,10,0.5,0.2992949144298199,0.3871263338513768,False,68.4,False,EUR,0.035525943495627835,0.026918383368991307,False,15,9,Away-side combo (bet builder),0.2,0.0,0.12,False
2391039,numeric,EUSKADI,33,58,10.072037037037036,2026-06-12 14:25:22,2026-06-22 16:09:06,20,10,0.5,0.2992949144298199,0.3871263338513768,False,68.4,False,EUR,0.0533245886624013,0.016131336640624234,False,14,5,To score 2 or more goals (Star Substitute),0.3448275862068966,0.0,0.22413793103448276,False
1856679,numeric,ESTATAL,22,32,10.904027777777777,2026-06-11 21:22:50,2026-06-22 19:04:38,20,10,0.5,0.2992949144298199,0.3871263338513768,False,68.4,False,EUR,0.0027113031046988134,0.0008158060617513812,False,17,8,Home-side combo (bet builder),0.28125,0.0,0.0,False
MAH-01-49862,string,EUSKADI,20,29,10.087789351851852,2026-06-12 21:10:14,2026-06-22 23:16:39,20,10,0.5,0.2992949144298199,0.3871263338513768,False,68.4,False,EUR,0.020764577000564,0.022344098471813567,False,16,9,Match corners,0.3448275862068966,0.0,0.1724137931034483,True
2543932,numeric,ESTATAL,40,46,12.96431712962963,2026-06-09 21:44:25,2026-06-22 20:53:02,20,10,0.5,0.2992949144298199,0.3871263338513768,False,68.4,False,EUR,-0.01673875992613501,0.014729983354883718,False,17,9,Team Shots,0.717391304347826,0.043478260869565216,0.8043478260869565,False
MAH-01-01466,string,EUSKADI,20,26,12.167627314814816,2026-06-11 15:25:25,2026-06-23 19:26:48,20,10,0.5,0.2992949144298199,0.3871263338513768,False,68.4,False,EUR,0.028665690039678515,0.038977411734574016,False,13,14,goal scorer (Star Substitute),0.3076923076923077,0.0,0.4230769230769231,True
MAH-03-03185,string,VALENCIA,17,34,8.022037037037038,2026-06-14 19:20:10,2026-06-22 19:51:54,20,10,0.5,0.2992949144298199,0.3871263338513768,False,68.4,False,EUR,0.006353893026005986,0.009944853921013335,False,15,9,Home-side combo (bet builder),0.14705882352941177,0.0,0.029411764705882353,False
MAH-01-51262,string,EUSKADI,15,41,11.878263888888888,2026-06-10 18:37:50,2026-06-22 15:42:32,20,10,0.5,0.2992949144298199,0.3871263338513768,False,68.4,False,EUR,0.00036227518650398555,0.0035460206995737266,False,18,10,Player anytime not to score,0.0,0.0,0.0,False
1311455,numeric,LA RIOJA,29,38,13.782581018518519,2026-06-09 21:41:49,2026-06-23 16:28:44,20,10,0.5,0.2992949144298199,0.3871263338513768,False,68.4,False,EUR,0.001928056184405627,0.0011755639332147905,False,14,9,Home-side combo (bet builder),0.2894736842105263,0.10526315789473684,0.4473684210526316,False
1544452,numeric,ESTATAL,15,27,12.080011574074074,2026-06-10 17:57:36,2026-06-22 19:52:49,20,10,0.5,0.2992949144298199,0.3871263338513768,False,68.4,False,EUR,0.005572507021138705,0.006467576041233508,False,20,1,1-X-2 / 2 goals Up,0.14814814814814814,0.0,0.0,False
1432130,numeric,ESTATAL,16,34,11.296354166666667,2026-06-11 15:21:24,2026-06-22 22:28:09,20,10,0.5,0.2992949144298199,0.3871263338513768,False,68.4,False,EUR,0.045770467229019875,0.055692139505599134,False,15,8,Team goal kicks,0.29411764705882354,0.0,0.0,False
1478550,numeric,EUSKADI,26,52,9.664224537037038,2026-06-13 21:17:31,2026-06-23 13:14:00,41,18,0.43902439024390244,0.2988990477210983,0.5846248811372321,False,68.1,False,EUR,-0.000720191381805225,-0.004443727999291242,False,19,11,Match penalty scored,0.25,0.0,0.057692307692307696,False
MAH-11-06003,string,CATALUNYA,14,38,12.259814814814815,2026-06-11 10:04:33,2026-06-23 16:18:41,33,15,0.45454545454545453,0.298426891258915,0.5180258152684563,False,68.0,False,EUR,0.06013476399952748,0.027967176610131032,False,25,11,Match corners,0.05263157894736842,0.0,0.07894736842105263,False
MAH-01-13271,string,EUSKADI,24,45,13.077962962962962,2026-06-09 15:43:18,2026-06-22 17:35:34,33,15,0.45454545454545453,0.298426891258915,0.5180258152684563,False,68.0,False,EUR,-0.0005191670509363931,-0.0011337179810947731,False,14,7,To score or assist (Star Substitute),0.022222222222222223,0.022222222222222223,0.1111111111111111,False
MAH-04-08020,string,GALICIA,28,46,9.926782407407407,2026-06-11 11:07:07,2026-06-21 09:21:41,33,15,0.45454545454545453,0.298426891258915,0.5180258152684563,False,68.0,False,EUR,0.013588668988251602,0.002660402457891335,False,23,17,Team corners,0.043478260869565216,0.0,0.021739130434782608,False
MAH-03-24462,string,VALENCIA,17,65,11.297974537037037,2026-06-11 09:43:55,2026-06-22 16:53:00,44,19,0.4318181818181818,0.2968250416485458,0.6206220173986493,False,67.9,False,EUR,-0.010867223816420161,-0.0017200640428494016,False,27,9,2nd half: Team Corners,0.015384615384615385,0.0,0.015384615384615385,False
2173310,numeric,GALICIA,56,64,7.017291666666667,2026-06-15 14:55:15,2026-06-22 15:20:09,36,16,0.4444444444444444,0.29541029876543135,0.5613657892723826,False,67.8,False,EUR,-0.0031512484466148477,0.002972720226278653,False,16,10,Team shots on target,0.578125,0.03125,0.84375,True
MAH-06-24002,string,LA RIOJA,33,80,12.027731481481482,2026-06-11 10:51:25,2026-06-23 11:31:21,36,16,0.4444444444444444,0.29541029876543135,0.5613657892723826,False,67.8,False,EUR,0.009570544788570483,0.033125972542349086,False,27,12,Match,0.0375,0.0125,0.0375,False
MAH-01-04872,string,EUSKADI,34,79,12.290092592592593,2026-06-10 10:21:56,2026-06-22 17:19:40,61,25,0.4098360655737705,0.2953514834927377,0.7456562317566653,False,67.7,False,EUR,0.002807352726607287,-0.002529550848891941,False,32,18,1-X-2 / 2 goals Up,0.0379746835443038,0.012658227848101266,0.0,False
1639909,numeric,EUSKADI,48,158,11.206597222222221,2026-06-12 11:08:02,2026-06-23 16:05:32,61,25,0.4098360655737705,0.2953514834927377,0.7456562317566653,False,67.7,False,EUR,0.012278766895497712,0.003897907819299891,False,31,14,Anytime goalscorer (Star Substitute),0.2088607594936709,0.0,0.006329113924050633,False
2270770,numeric,ESTATAL,16,43,9.889375,2026-06-12 18:55:40,2026-06-22 16:16:22,31,14,0.45161290322580644,0.29161482836586106,0.5347097641825713,False,67.6,False,EUR,0.008513586328215948,0.008364586365214649,False,20,5,To score or assist (Star Substitute),0.20930232558139536,0.0,0.023255813953488372,False
MAH-01-04883,string,EUSKADI,34,42,9.004502314814815,2026-06-13 16:53:28,2026-06-22 16:59:57,31,14,0.45161290322580644,0.29161482836586106,0.5347097641825713,False,67.6,False,EUR,0.00391325267227721,0.01834801301526327,False,20,16,Anytime goalscorer (Star Substitute),0.16666666666666666,0.0,0.21428571428571427,False
MAH-01-01541,string,EUSKADI,46,76,15.181493055555556,2026-06-07 13:38:30,2026-06-22 17:59:51,50,21,0.42,0.2937479723456693,0.6835013800899483,False,67.6,False,EUR,-0.023099650895369656,-0.00014767678850217793,False,30,19,1-X-2 / 2 goals Up,0.09210526315789473,0.013157894736842105,0.09210526315789473,False
MAH-02-01680,string,NAVARRA,40,67,11.793912037037037,2026-06-11 16:56:33,2026-06-23 11:59:47,50,21,0.42,0.2937479723456693,0.6835013800899483,False,67.6,False,EUR,0.012132039537586197,0.002211208238925595,False,27,15,Home-side combo (bet builder),0.07462686567164178,0.014925373134328358,0.08955223880597014,False
2498299,numeric,EUSKADI,16,19,6.920300925925926,2026-06-16 18:47:40,2026-06-23 16:52:54,13,7,0.5384615384615384,0.29143432431832045,,False,67.1,False,EUR,0.00808071105627272,0.015408646018621405,False,11,3,To score 2 or more goals (Star Substitute),0.7368421052631579,0.10526315789473684,0.6842105263157895,False
MAH-01-01220,string,EUSKADI,15,19,12.675636574074074,2026-06-10 20:42:35,2026-06-23 12:55:30,13,7,0.5384615384615384,0.29143432431832045,,False,67.1,False,EUR,0.02530642440565181,0.06146018164570884,False,9,9,Home-side combo (bet builder),0.15789473684210525,0.10526315789473684,0.3684210526315789,False
2390627,numeric,EUSKADI,13,15,5.874641203703704,2026-06-15 18:18:07,2026-06-21 15:17:36,13,7,0.5384615384615384,0.29143432431832045,,False,67.1,False,EUR,0.017758311999863795,0.01206298947182714,False,13,4,1-X-2 / 2 goals Up,0.0,0.0,0.0,False
MAH-01-13602,string,EUSKADI,21,26,9.879560185185186,2026-06-12 18:47:47,2026-06-22 15:54:21,13,7,0.5384615384615384,0.29143432431832045,,False,67.1,False,EUR,0.021076180273907664,0.024812834799149204,False,10,12,Home-side combo (bet builder),0.46153846153846156,0.038461538461538464,0.5769230769230769,False
MAH-01-12011,string,EUSKADI,11,19,11.15076388888889,2026-06-11 13:10:20,2026-06-22 16:47:26,13,7,0.5384615384615384,0.29143432431832045,,False,67.1,False,EUR,0.01593790045617194,-0.011973475383339953,False,12,4,1-X-2 / 2 goals Up,0.05263157894736842,0.0,0.0,False
MAH-01-08007,string,EUSKADI,14,27,11.03474537037037,2026-06-11 18:28:00,2026-06-22 19:18:02,13,7,0.5384615384615384,0.29143432431832045,,False,67.1,False,EUR,0.004572913483140434,0.03362385924233645,False,11,9,Match,0.4074074074074074,0.0,0.2222222222222222,False
430446,numeric,EUSKADI,20,20,9.180046296296297,2026-06-14 15:37:26,2026-06-23 19:56:42,13,7,0.5384615384615384,0.29143432431832045,,False,67.1,False,EUR,0.01353983709995181,0.01626292259830446,False,10,3,Anytime goalscorer (Star Substitute),0.55,0.1,0.65,True
MAH-05-15261,string,ARAGON,11,16,11.280439814814814,2026-06-11 10:06:46,2026-06-22 16:50:36,13,7,0.5384615384615384,0.29143432431832045,,False,67.1,False,EUR,-0.006448611089372638,0.009255866568666496,False,10,10,Away-side combo (bet builder),0.0625,0.125,0.1875,False
MAH-01-15009,string,EUSKADI,16,23,10.921516203703703,2026-06-11 16:54:34,2026-06-22 15:01:33,13,7,0.5384615384615384,0.29143432431832045,,False,67.1,False,EUR,-0.010807338207394353,0.026502376951636507,False,11,8,Match corners,0.0,0.0,0.13043478260869565,True
1583861,numeric,LA RIOJA,13,17,3.9844560185185185,2026-06-17 19:10:07,2026-06-21 18:47:44,13,7,0.5384615384615384,0.29143432431832045,,False,67.1,False,EUR,-0.014276403399447184,-0.008516550432538312,False,11,2,Match,0.5294117647058824,0.0,0.47058823529411764,False
527793,numeric,EUSKADI,28,28,12.029699074074074,2026-06-10 21:17:45,2026-06-22 22:00:31,13,7,0.5384615384615384,0.29143432431832045,,False,67.1,False,EUR,0.006836045956601414,0.007420676058336346,False,13,5,goal scorer (Star Substitute),0.4642857142857143,0.21428571428571427,1.0,False
1203256,numeric,EUSKADI,40,41,12.815706018518519,2026-06-10 00:58:59,2026-06-22 20:33:36,13,7,0.5384615384615384,0.29143432431832045,,False,67.1,False,EUR,0.020351746332499396,0.014986935368405084,False,8,11,Match corners,0.3902439024390244,0.4146341463414634,0.9024390243902439,True
1373500,numeric,EUSKADI,18,19,10.473460648148148,2026-06-12 20:35:15,2026-06-23 07:57:02,13,7,0.5384615384615384,0.29143432431832045,,False,67.1,False,EUR,0.014430409612452049,0.02263482094598566,False,9,6,Home-side combo (bet builder),0.2631578947368421,0.0,0.0,False
MAH-19-36003,string,ANDALUCIA,15,21,10.816979166666666,2026-06-12 21:21:16,2026-06-23 16:57:43,13,7,0.5384615384615384,0.29143432431832045,,False,67.1,False,EUR,0.006270480683732508,0.003544964646855455,False,11,8,Team corners,0.23809523809523808,0.0,0.14285714285714285,False
1412746,numeric,ESTATAL,12,19,6.241666666666666,2026-06-15 15:12:18,2026-06-21 21:00:18,13,7,0.5384615384615384,0.29143432431832045,,False,67.1,False,EUR,0.028644363614248266,0.021789400047787625,False,13,2,1-X-2 / 2 goals Up,0.15789473684210525,0.0,0.10526315789473684,False
MAH-07-01007,string,CATALUNYA,23,25,10.05263888888889,2026-06-13 18:07:09,2026-06-23 19:22:57,13,7,0.5384615384615384,0.29143432431832045,,False,67.1,False,EUR,-0.007432887559429832,0.007848306680300317,False,8,5,Match corners,0.52,0.08,0.4,False
1769550,numeric,ESTATAL,22,22,3.944548611111111,2026-06-16 17:51:57,2026-06-20 16:32:06,18,9,0.5,0.2903070395897999,,False,66.5,False,EUR,0.01443965804277263,0.011285865277708787,False,12,3,To score 2 or more goals (Star Substitute),0.5,0.0,1.0,False
MAH-03-27833,string,VALENCIA,12,24,12.209351851851851,2026-06-10 14:56:59,2026-06-22 19:58:27,18,9,0.5,0.2903070395897999,,False,66.5,False,EUR,-0.03739555145048357,0.010219762250620077,False,12,7,Home-side combo (bet builder),0.041666666666666664,0.0,0.08333333333333333,False
MAH-01-04935,string,EUSKADI,16,22,9.037025462962964,2026-06-12 18:53:52,2026-06-21 19:47:11,18,9,0.5,0.2903070395897999,,False,66.5,False,EUR,-0.003945195888118463,0.014171317439789555,False,12,12,Home-side combo (bet builder),0.13636363636363635,0.0,0.22727272727272727,False
1736597,numeric,EUSKADI,11,23,7.89693287037037,2026-06-11 14:53:06,2026-06-19 12:24:41,18,9,0.5,0.2903070395897999,,False,66.5,False,EUR,0.043636628037521226,0.03854265866186158,False,14,4,Team exact bookings (only players and in play),0.0,0.0,0.043478260869565216,False
MAH-01-05239,string,EUSKADI,33,36,10.956990740740741,2026-06-11 17:58:35,2026-06-22 16:56:39,18,9,0.5,0.2903070395897999,,False,66.5,False,EUR,0.0518224844525061,0.01126418603998985,False,12,15,Home-side combo (bet builder),0.25,0.08333333333333333,0.7222222222222222,False
2136959,numeric,PERU,27,31,7.15755787037037,2026-06-10 18:57:15,2026-06-17 22:44:08,18,9,0.5,0.2903070395897999,,False,66.5,False,PEN,0.01780175023495797,0.014411797166056561,False,13,6,Match goal kicks,0.7096774193548387,0.0,0.5161290322580645,False
MAH-19-31003,string,ANDALUCIA,14,20,12.135300925925925,2026-06-10 14:42:59,2026-06-22 17:57:49,18,9,0.5,0.2903070395897999,,False,66.5,False,EUR,0.0082158804007053,0.01369735928736814,False,16,8,Away-side combo (bet builder),0.15,0.0,0.05,False
MAH-05-15172,string,ARAGON,16,22,13.136770833333333,2026-06-10 16:52:24,2026-06-23 20:09:21,18,9,0.5,0.2903070395897999,,False,66.5,False,EUR,0.02156265083020596,0.015281283493769246,False,13,14,1-X-2 / 2 goals Up,0.3181818181818182,0.045454545454545456,0.2727272727272727,False
1391343,numeric,NAVARRA,23,28,8.2703125,2026-06-15 15:21:42,2026-06-23 21:50:57,18,9,0.5,0.2903070395897999,,False,66.5,False,EUR,0.0044241624753629406,0.00886579304777315,False,16,5,Anytime goalscorer (Star Substitute),0.4642857142857143,0.25,0.6071428571428571,True
MAH-11-09012,string,CATALUNYA,24,43,12.024375,2026-06-10 15:04:30,2026-06-22 15:39:36,34,15,0.4411764705882353,0.2888324021529675,0.5783326898204452,False,66.3,False,EUR,0.007937391415025571,0.004756234489528788,False,24,10,1-X-2 / 2 goals Up,0.06976744186046512,0.0,0.046511627906976744,False
MAH-01-12131,string,EUSKADI,26,50,11.029861111111112,2026-06-11 18:44:25,2026-06-22 19:27:25,34,15,0.4411764705882353,0.2888324021529675,0.5783326898204452,False,66.3,False,EUR,0.011339536300642137,0.012951911372582066,False,24,9,Home-side combo (bet builder),0.14,0.0,0.12,False
MAH-01-01537,string,EUSKADI,29,38,11.856493055555555,2026-06-11 18:39:28,2026-06-23 15:12:49,26,12,0.46153846153846156,0.28755582695234905,0.5034536606761941,False,66.1,False,EUR,0.007070508268581369,-0.006414426369656194,False,16,13,Shots on target (Star Substitute),0.23684210526315788,0.05263157894736842,0.10526315789473684,False
1663202,numeric,ESTATAL,29,29,11.045659722222222,2026-06-10 17:40:02,2026-06-21 18:45:47,26,12,0.46153846153846156,0.28755582695234905,0.5034536606761941,False,66.1,False,EUR,0.030926115868854645,0.019181552011964864,False,13,6,1st half: Team corners,0.5172413793103449,0.0,1.0,True
MAH-01-13233,string,EUSKADI,38,48,12.972349537037037,2026-06-10 17:24:44,2026-06-23 16:44:55,26,12,0.46153846153846156,0.28755582695234905,0.5034536606761941,False,66.1,False,EUR,0.011547189241603854,0.0029309328309893344,False,19,22,1-X-2 / 2 goals Up,0.4791666666666667,0.0,0.4166666666666667,True
MAH-25-00016,string,CEUTA,30,47,13.966076388888888,2026-06-09 22:36:13,2026-06-23 21:47:22,26,12,0.46153846153846156,0.28755582695234905,0.5034536606761941,False,66.1,False,EUR,0.012361063580840114,-0.005407986446505748,False,17,13,Team corners,0.14893617021276595,0.2127659574468085,0.2978723404255319,False
1157893,numeric,NAVARRA,19,32,11.704814814814815,2026-06-11 18:10:45,2026-06-23 11:05:41,26,12,0.46153846153846156,0.28755582695234905,0.5034536606761941,False,66.1,False,EUR,0.015050144598705345,0.009064632292830832,False,25,3,1-X-2 / 2 goals Up,0.4375,0.0,0.1875,False
1467011,numeric,EUSKADI,128,149,12.999918981481482,2026-06-10 19:18:14,2026-06-23 19:18:07,96,36,0.375,0.2847245670539583,0.9288346199429309,False,65.9,False,EUR,0.015894223509198238,0.008316432850876887,False,33,10,To score 2 or more goals (Star Substitute),0.6040268456375839,0.053691275167785234,0.7181208053691275,True
MAH-01-18001,string,EUSKADI,43,69,10.580671296296297,2026-06-12 17:48:51,2026-06-23 07:45:01,63,25,0.3968253968253968,0.285317281473093,0.8098257300432403,False,65.9,False,EUR,0.015002242728084062,0.018751179470700843,False,24,7,Anytime goalscorer (Star Substitute),0.18840579710144928,0.0,0.3188405797101449,True
MAH-01-05520,string,EUSKADI,37,51,12.107685185185185,2026-06-11 16:31:55,2026-06-23 19:06:59,40,17,0.425,0.2850916852481588,0.6531143939304845,False,65.9,False,EUR,0.005020187138962895,0.008010697122264617,False,27,9,Team corners,0.19607843137254902,0.0,0.0392156862745098,False
1854317,numeric,PERU,14,41,7.355381944444445,2026-06-11 16:30:35,2026-06-19 01:02:20,29,13,0.4482758620689655,0.2841291114874579,0.5524821741004892,False,65.7,False,PEN,0.004090387909194916,0.002808973069777703,False,19,4,Team corners,0.1951219512195122,0.024390243902439025,0.12195121951219512,False
MAH-16-18001,string,CANTABRIA,17,33,8.983125,2026-06-14 10:53:29,2026-06-23 10:29:11,29,13,0.4482758620689655,0.2841291114874579,0.5524821741004892,False,65.7,False,EUR,0.012122463742415423,0.011386397295768827,False,21,9,To score 2 or more goals (Star Substitute),0.12121212121212122,0.06060606060606061,0.09090909090909091,False
1980737,numeric,PERU,18,41,9.794375,2026-06-13 21:51:36,2026-06-23 16:55:30,29,13,0.4482758620689655,0.2841291114874579,0.5524821741004892,False,65.7,False,PEN,0.005418992617901551,0.008031733728197198,False,24,4,To score or assist (Star Substitute),0.4146341463414634,0.024390243902439025,0.04878048780487805,False
MAH-01-01603,string,EUSKADI,30,39,13.074930555555556,2026-06-09 17:52:42,2026-06-22 19:40:36,29,13,0.4482758620689655,0.2841291114874579,0.5524821741004892,False,65.7,False,EUR,0.018314046063363995,-0.0029688783122175837,False,21,13,1-X-2 / 2 goals Up,0.1282051282051282,0.07692307692307693,0.07692307692307693,False
MAH-16-10001,string,CANTABRIA,24,30,13.43304398148148,2026-06-10 10:42:56,2026-06-23 21:06:31,21,10,0.47619047619047616,0.28343712296762946,0.46560019568706407,False,65.5,False,EUR,0.0009351476163138008,0.03147967465570049,False,16,13,Anytime goalscorer (Star Substitute),0.36666666666666664,0.03333333333333333,0.4666666666666667,False
MAH-11-10007,string,CATALUNYA,26,57,7.988854166666667,2026-06-15 15:41:53,2026-06-23 15:25:50,21,10,0.47619047619047616,0.28343712296762946,0.46560019568706407,False,65.5,False,EUR,-0.022892487335249755,0.008456149275860402,False,9,4,Home-side combo (bet builder),0.22807017543859648,0.0,0.0,False
MAH-02-01929,string,NAVARRA,14,25,8.029907407407407,2026-06-13 14:04:16,2026-06-21 14:47:20,21,10,0.47619047619047616,0.28343712296762946,0.46560019568706407,False,65.5,False,EUR,-0.003082121577689799,0.011448866952158495,False,13,6,Home-side combo (bet builder),0.16,0.0,0.16,False
1382013,numeric,NAVARRA,87,121,7.272511574074074,2026-06-15 15:28:22,2026-06-22 22:00:47,21,10,0.47619047619047616,0.28343712296762946,0.46560019568706407,False,65.5,False,EUR,0.04571937647431518,0.016750591922419435,False,11,4,Match corners,0.2066115702479339,0.1487603305785124,0.03305785123966942,False
MAH-11-06002,string,CATALUNYA,12,26,9.072106481481482,2026-06-13 18:41:15,2026-06-22 20:25:05,21,10,0.47619047619047616,0.28343712296762946,0.46560019568706407,False,65.5,False,EUR,0.007034575071102108,0.012681192129378162,False,17,9,Team corners,0.15384615384615385,0.0,0.11538461538461539,False
MAH-05-15222,string,ARAGON,13,91,7.568391203703704,2026-06-12 18:55:06,2026-06-20 08:33:35,21,10,0.47619047619047616,0.28343712296762946,0.46560019568706407,False,65.5,False,EUR,0.008957927589255768,0.0002894891085170299,False,19,8,1st half: Corners,0.03296703296703297,0.0,0.01098901098901099,False
MAH-01-01610,string,EUSKADI,49,84,11.216608796296295,2026-06-11 11:47:51,2026-06-22 16:59:46,49,20,0.40816326530612246,0.2821503460597105,0.7399660676121993,False,65.3,False,EUR,-0.007591335700840581,0.007324562768622237,False,25,17,Shots on target (Star Substitute),0.13095238095238096,0.023809523809523808,0.08333333333333333,False
MAH-19-36001,string,ANDALUCIA,10,13,8.855717592592592,2026-06-13 19:52:37,2026-06-22 16:24:51,11,6,0.5454545454545454,0.2800877556899882,,False,64.9,False,EUR,-0.005513030416943768,0.009678437468933094,False,7,4,Anytime goalscorer (Star Substitute),0.46153846153846156,0.0,0.3076923076923077,False
TPV-23-01401,string,PERU,18,19,10.059189814814815,2026-06-13 14:38:04,2026-06-23 16:03:18,11,6,0.5454545454545454,0.2800877556899882,,False,64.9,False,PEN,-0.0029130176998612397,0.01962061747017704,False,9,10,Home-side combo (bet builder),0.42105263157894735,0.10526315789473684,0.5263157894736842,True
MAH-05-15364,string,ARAGON,11,15,7.644236111111111,2026-06-13 16:36:24,2026-06-21 08:04:06,11,6,0.5454545454545454,0.2800877556899882,,False,64.9,False,EUR,-0.010540280865869537,0.006152704817261126,False,11,7,1-X-2 / 2 goals Up,0.26666666666666666,0.0,0.13333333333333333,False
1464373,numeric,ESTATAL,10,16,10.108391203703704,2026-06-13 18:17:03,2026-06-23 20:53:08,11,6,0.5454545454545454,0.2800877556899882,,False,64.9,False,EUR,0.0027798169898152645,0.008795345610608291,False,11,2,1-X-2 / 2 goals Up,0.3125,0.125,0.3125,False
MAH-01-04993,string,EUSKADI,13,14,10.98179398148148,2026-06-12 16:30:26,2026-06-23 16:04:13,11,6,0.5454545454545454,0.2800877556899882,,False,64.9,False,EUR,-0.004903274446703476,0.037481598467104575,False,9,8,Home-side combo (bet builder),0.5,0.0,0.5,False
1447802,numeric,EUSKADI,11,11,0.0,2026-06-12 22:24:44,2026-06-12 22:24:44,11,6,0.5454545454545454,0.2800877556899882,,False,64.9,False,EUR,-0.008972468750443208,-0.008972468750443208,False,3,5,Team corners,0.0,0.0,1.0,True
2410965,numeric,ESTATAL,27,35,12.867824074074074,2026-06-10 22:59:26,2026-06-23 19:49:06,11,6,0.5454545454545454,0.2800877556899882,,False,64.9,False,EUR,0.014321209079841683,0.018944105001041444,False,10,9,Match corners,0.6285714285714286,0.11428571428571428,0.42857142857142855,False
MAH-06-16001,string,LA RIOJA,11,14,13.013645833333333,2026-06-10 09:15:00,2026-06-23 09:34:39,11,6,0.5454545454545454,0.2800877556899882,,False,64.9,False,EUR,0.03216376518609047,0.06488076526707812,False,10,8,Player to score in fisrt ten minutes (from 0:00 to 9:59),0.14285714285714285,0.0,0.21428571428571427,False
MAH-01-55331,string,EUSKADI,11,13,27.174618055555555,2026-05-26 12:47:26,2026-06-22 16:58:53,11,6,0.5454545454545454,0.2800877556899882,,False,64.9,False,EUR,-0.01695408359814728,-0.003638862741934186,False,11,3,1-X-2 / 2 goals Up,0.15384615384615385,0.0,0.5384615384615384,False
MAH-03-02539,string,VALENCIA,17,32,12.190983796296296,2026-06-10 18:13:41,2026-06-22 22:48:42,11,6,0.5454545454545454,0.2800877556899882,,False,64.9,False,EUR,0.05706558681024631,0.04771385159166892,False,7,6,To score 2 or more goals (Star Substitute),0.1875,0.0,0.28125,True
MAH-01-51261,string,EUSKADI,13,20,13.071157407407407,2026-06-10 14:28:17,2026-06-23 16:10:45,11,6,0.5454545454545454,0.2800877556899882,,False,64.9,False,EUR,0.028786821961388345,0.029032861138838798,False,10,6,Player anytime not to score,0.05,0.0,0.05,False
2122709,numeric,GALICIA,11,11,10.912557870370371,2026-06-12 15:01:39,2026-06-23 12:55:44,11,6,0.5454545454545454,0.2800877556899882,,False,64.9,False,EUR,0.0055142698668063815,0.00442597657826018,False,8,6,Team corners,0.2727272727272727,0.0,0.9090909090909091,False
1458399,numeric,ESTATAL,17,17,10.916261574074074,2026-06-12 18:35:32,2026-06-23 16:34:57,11,6,0.5454545454545454,0.2800877556899882,,False,64.9,False,EUR,0.011273432056188283,0.023176326728619547,False,8,10,1st half: Team corners,0.8235294117647058,0.0,0.7058823529411765,False
MAH-19-56002,string,ANDALUCIA,22,38,12.695752314814815,2026-06-08 17:30:19,2026-06-21 10:12:12,11,6,0.5454545454545454,0.2800877556899882,,False,64.9,False,EUR,-0.009320012036907232,-0.008006931061006601,False,9,4,Team corners,0.18421052631578946,0.05263157894736842,0.02631578947368421,False
2179985,numeric,PERU,10,14,8.377789351851852,2026-06-13 06:43:15,2026-06-21 15:47:16,11,6,0.5454545454545454,0.2800877556899882,,False,64.9,False,PEN,0.008993769058635888,0.008152299110354234,False,11,1,1-X-2 / 2 goals Up,0.14285714285714285,0.0,0.0,False
2280744,numeric,EUSKADI,21,21,6.154409722222222,2026-06-15 06:58:55,2026-06-21 10:41:16,11,6,0.5454545454545454,0.2800877556899882,,False,64.9,False,EUR,-0.008724809953570507,-0.002818327353787327,False,3,7,Team throw-ins,0.0,0.0,1.0,True
1960301,numeric,ESTATAL,11,12,8.066030092592593,2026-06-15 11:11:27,2026-06-23 12:46:32,11,6,0.5454545454545454,0.2800877556899882,,False,64.9,False,EUR,-0.012781280491663164,0.019393868091643916,False,10,4,Team corners,0.4166666666666667,0.0,0.8333333333333334,False
428035,numeric,EUSKADI,32,48,13.845439814814815,2026-06-09 15:35:17,2026-06-23 11:52:43,11,6,0.5454545454545454,0.2800877556899882,,False,64.9,False,EUR,-0.0029074494795090686,0.0069983468047746826,False,10,5,Home-side combo (bet builder),0.125,0.0,0.0625,True
1192902,numeric,EUSKADI,30,30,9.782083333333333,2026-06-13 00:14:06,2026-06-22 19:00:18,16,8,0.5,0.2799923761135083,,False,64.1,False,EUR,0.01186683241725008,0.00976646791296204,False,8,5,Anytime goalscorer (Star Substitute),0.6,0.13333333333333333,1.0,True
MAH-03-03826,string,VALENCIA,14,17,9.901377314814814,2026-06-11 18:10:45,2026-06-21 15:48:44,16,8,0.5,0.2799923761135083,,False,64.1,False,EUR,0.00813537839502549,0.04389658577516608,False,11,6,Team corners,0.058823529411764705,0.0,0.0,False
2549766,numeric,EUSKADI,16,16,9.960613425925926,2026-06-13 14:46:51,2026-06-23 13:50:08,16,8,0.5,0.2799923761135083,,False,64.1,False,EUR,0.002100997277699793,0.0018764081498343146,False,15,2,Home-side combo (bet builder),0.125,0.0,1.0,True
MAH-01-05222,string,EUSKADI,16,20,8.386145833333334,2026-06-14 10:33:56,2026-06-22 19:49:59,16,8,0.5,0.2799923761135083,,False,64.1,False,EUR,0.016456851573239936,0.0096129375014921,False,13,8,To score or assist (Star Substitute),0.1,0.0,0.0,False
MAH-19-07002,string,ANDALUCIA,15,22,13.376030092592593,2026-06-09 11:15:18,2026-06-22 20:16:47,16,8,0.5,0.2799923761135083,,False,64.1,False,EUR,0.0077953352735881856,0.006967913010568705,False,11,7,Away-side combo (bet builder),0.09090909090909091,0.0,0.09090909090909091,False
1430650,numeric,ESTATAL,12,17,10.896400462962964,2026-06-11 10:54:55,2026-06-22 08:25:44,16,8,0.5,0.2799923761135083,,False,64.1,False,EUR,0.00503042307652085,0.005719205349106714,False,16,2,1-X-2 / 2 goals Up,0.058823529411764705,0.0,0.0,False
MAH-01-05340,string,EUSKADI,20,25,8.989895833333334,2026-06-14 16:27:23,2026-06-23 16:12:50,16,8,0.5,0.2799923761135083,,False,64.1,False,EUR,0.03624710100819552,0.011076638789797373,False,13,9,To be carded (only players and in play)(Star Substitute),0.36,0.04,0.4,True
MAH-01-01584,string,EUSKADI,14,20,10.946550925925926,2026-06-11 19:16:46,2026-06-22 17:59:48,16,8,0.5,0.2799923761135083,,False,64.1,False,EUR,0.011741080296954094,0.029599209415172217,False,14,5,1-X-2 / 2 goals Up,0.05,0.0,0.05,False
MAH-11-09017,string,CATALUNYA,30,46,9.019976851851851,2026-06-13 20:18:08,2026-06-22 20:46:54,16,8,0.5,0.2799923761135083,,False,64.1,False,EUR,0.048110772813984966,0.022391934109435498,False,13,8,Match,0.13043478260869565,0.08695652173913043,0.3695652173913043,False
TPV-23-02001,string,PERU,15,27,10.201840277777778,2026-06-12 16:08:17,2026-06-22 20:58:56,16,8,0.5,0.2799923761135083,,False,64.1,False,PEN,-0.11046600103058048,-0.022600458442004145,False,14,3,1-X-2 / 2 goals Up,0.07407407407407407,0.0,0.037037037037037035,False
871222,numeric,EUSKADI,14,23,13.052175925925926,2026-06-09 19:17:18,2026-06-22 20:32:26,16,8,0.5,0.2799923761135083,,False,64.1,False,EUR,0.015589381363359718,0.007409990135867718,False,15,5,Match,0.08695652173913043,0.13043478260869565,0.0,False
MAH-19-61002,string,ANDALUCIA,19,26,13.504548611111112,2026-06-09 21:10:33,2026-06-23 09:17:06,16,8,0.5,0.2799923761135083,,False,64.1,False,EUR,0.04337312725682335,0.07595768962018873,False,11,3,Hat trick (three or more goals) (Star Substitute),0.0,0.0,0.38461538461538464,False
2457655,numeric,ESTATAL,31,35,13.037974537037037,2026-06-10 18:51:13,2026-06-23 19:45:54,16,8,0.5,0.2799923761135083,,False,64.1,False,EUR,0.00884286988287767,0.012461940977604481,False,13,5,Match shots on target,0.8285714285714286,0.0,0.7714285714285715,False
MAH-01-04897,string,EUSKADI,27,48,9.333229166666667,2026-06-13 08:51:57,2026-06-22 16:51:48,35,15,0.42857142857142855,0.27984333081678914,0.6353462144290053,False,63.7,False,EUR,0.010059843360476715,0.012426658645561025,False,22,10,Team exact bookings (only players and in play),0.14583333333333334,0.0,0.08333333333333333,True
MAH-01-53322,string,EUSKADI,46,60,13.979039351851851,2026-06-09 19:58:19,2026-06-23 19:28:08,35,15,0.42857142857142855,0.27984333081678914,0.6353462144290053,False,63.7,False,EUR,0.026240262452791173,0.028498157043036983,False,21,15,Home-side combo (bet builder),0.35,0.0,0.36666666666666664,True
MAH-25-00002,string,CEUTA,68,93,10.124201388888888,2026-06-13 13:53:44,2026-06-23 16:52:35,35,15,0.42857142857142855,0.27984333081678914,0.6353462144290053,False,63.7,False,EUR,0.015079066402350112,0.007097993506612404,False,24,19,Match fouls,0.043010752688172046,0.010752688172043012,0.053763440860215055,False
MAH-08-37003,string,MURCIA,45,149,11.388645833333333,2026-06-10 07:42:22,2026-06-21 17:02:01,35,15,0.42857142857142855,0.27984333081678914,0.6353462144290053,False,63.7,False,EUR,-0.0026234288099881357,-0.005113901342984579,False,30,5,1-X-2 / 2 goals Up,0.026845637583892617,0.0,0.006711409395973154,False
2077115,numeric,EUSKADI,30,33,11.056018518518519,2026-06-11 18:16:33,2026-06-22 19:37:13,24,11,0.4583333333333333,0.2789105835168143,0.521913898813424,False,63.5,False,EUR,0.02338542338944872,0.017792071243516023,False,18,8,Shots on target (Star Substitute),0.5151515151515151,0.030303030303030304,0.7575757575757576,False
MAH-01-04902,string,EUSKADI,29,32,13.859756944444445,2026-06-09 17:30:25,2026-06-23 14:08:28,24,11,0.4583333333333333,0.2789105835168143,0.521913898813424,False,63.5,False,EUR,0.004823253991034445,0.0026487825415101723,False,17,13,To score 2 or more goals (Star Substitute),0.0625,0.0,0.375,True
MAH-03-24232,string,VALENCIA,18,30,9.996006944444444,2026-06-11 11:09:57,2026-06-21 11:04:12,24,11,0.4583333333333333,0.2789105835168143,0.521913898813424,False,63.5,False,EUR,-0.00689404133946704,0.001735601238596396,False,15,11,Match corners,0.0,0.0,0.0,False
MAH-15-02001,string,EXTREMADURA,19,37,9.829236111111111,2026-06-12 21:01:15,2026-06-22 16:55:21,24,11,0.4583333333333333,0.2789105835168143,0.521913898813424,False,63.5,False,EUR,-0.0024236233362640554,0.010043002988753566,False,19,4,To score or assist (Star Substitute),0.2702702702702703,0.0,0.0,False
MAH-19-68002,string,ANDALUCIA,33,48,11.843946759259259,2026-06-09 22:22:10,2026-06-21 18:37:27,24,11,0.4583333333333333,0.2789105835168143,0.521913898813424,False,63.5,False,EUR,0.00461466650891694,0.00641879109220089,False,20,4,1-X-2 / 2 goals Up,0.10416666666666667,0.0,0.25,False
MAH-01-13006,string,EUSKADI,14,27,10.895590277777778,2026-06-11 18:00:14,2026-06-22 15:29:53,24,11,0.4583333333333333,0.2789105835168143,0.521913898813424,False,63.5,False,EUR,0.004955480242370624,0.016473093966243194,False,22,11,Team corners,0.037037037037037035,0.037037037037037035,0.037037037037037035,False
MAH-01-00865,string,EUSKADI,30,37,10.931921296296297,2026-06-12 18:34:58,2026-06-23 16:56:56,27,12,0.4444444444444444,0.27585597670072826,0.5714802276419213,False,63.3,False,EUR,-0.0017686817851992704,-0.000928348192793687,False,19,19,Home-side combo (bet builder),0.32432432432432434,0.0,0.16216216216216217,False
MAH-11-10002,string,CATALUNYA,26,54,10.922881944444445,2026-06-11 18:15:26,2026-06-22 16:24:23,50,20,0.4,0.2760818978624575,0.7776091926270414,False,63.3,False,EUR,0.019117682433046814,0.013414332806968401,False,24,12,1-X-2 / 2 goals Up,0.09259259259259259,0.0,0.05555555555555555,False
MAH-11-10008,string,CATALUNYA,42,109,12.010752314814814,2026-06-10 14:41:36,2026-06-22 14:57:05,30,13,0.43333333333333335,0.27377237430615114,0.6152079506006931,False,63.2,False,EUR,-0.007519149215735123,-0.00075233034754629,False,10,6,Home-side combo (bet builder),0.22018348623853212,0.009174311926605505,0.027522935779816515,False
MAH-01-01542,string,EUSKADI,18,22,11.414270833333333,2026-06-12 09:50:00,2026-06-23 19:46:33,19,9,0.47368421052631576,0.2732950548744854,,False,63.0,False,EUR,0.028270640706302207,0.009116005604927447,False,15,9,Anytime goalscorer (Star Substitute),0.4090909090909091,0.045454545454545456,0.36363636363636365,False
MAH-01-00416,string,EUSKADI,15,24,10.037418981481482,2026-06-12 18:39:02,2026-06-22 19:32:55,19,9,0.47368421052631576,0.2732950548744854,,False,63.0,False,EUR,0.0658613380094648,0.036350333988645865,False,12,10,Match,0.20833333333333334,0.0,0.16666666666666666,False
MAH-04-08186,string,GALICIA,13,24,10.86068287037037,2026-06-10 18:03:52,2026-06-21 14:43:15,19,9,0.47368421052631576,0.2732950548744854,,False,63.0,False,EUR,0.003886492910022348,0.004394043899559208,False,16,8,To score or assist (Star Substitute),0.16666666666666666,0.08333333333333333,0.041666666666666664,False
MAH-01-01515,string,EUSKADI,17,25,10.403275462962963,2026-06-12 08:47:10,2026-06-22 18:27:53,19,9,0.47368421052631576,0.2732950548744854,,False,63.0,False,EUR,0.01044748918796951,0.00758285046130011,False,14,8,To score or assist (Star Substitute),0.12,0.08,0.04,False
1454068,numeric,ESTATAL,36,47,14.404027777777777,2026-06-09 10:42:02,2026-06-23 20:23:50,19,9,0.47368421052631576,0.2732950548744854,,False,63.0,False,EUR,0.02248268432262741,0.02922068901649167,False,10,12,To score 2 or more goals (Star Substitute),0.0425531914893617,0.40425531914893614,0.6382978723404256,True
MAH-01-04889,string,EUSKADI,19,21,12.032118055555555,2026-06-11 16:05:00,2026-06-23 16:51:15,19,9,0.47368421052631576,0.2732950548744854,,False,63.0,False,EUR,0.002185228365006277,0.008929265897749433,False,13,11,1-X-2 / 2 goals Up,0.3333333333333333,0.09523809523809523,0.38095238095238093,False
2020875,numeric,ESTATAL,23,23,11.919328703703703,2026-06-11 18:39:23,2026-06-23 16:43:13,19,9,0.47368421052631576,0.2732950548744854,,False,63.0,False,EUR,0.0031783288418208515,0.005508279021930582,False,12,8,Match corners,0.2608695652173913,0.17391304347826086,1.0,False
MAH-01-51182,string,EUSKADI,22,28,23.200300925925927,2026-05-30 15:34:30,2026-06-22 20:22:56,19,9,0.47368421052631576,0.2732950548744854,,False,63.0,False,EUR,0.022643325374341248,0.013682503043820562,False,15,11,goal scorer (Star Substitute),0.17857142857142858,0.03571428571428571,0.32142857142857145,False
MAH-03-24273,string,VALENCIA,11,21,8.415729166666667,2026-06-14 11:56:49,2026-06-22 21:55:28,19,9,0.47368421052631576,0.2732950548744854,,False,63.0,False,EUR,-0.03139567456781417,-0.00625953425321449,False,15,9,Home-side combo (bet builder),0.14285714285714285,0.0,0.19047619047619047,False
MAH-01-13471,string,EUSKADI,33,41,11.032569444444444,2026-06-11 18:44:18,2026-06-22 19:31:12,33,14,0.42424242424242425,0.272353589950299,0.6538863337256197,False,62.7,False,EUR,0.05455714040684992,0.03482164332059676,False,19,12,Shots on target (Star Substitute),0.07317073170731707,0.0,0.5365853658536586,False
MAH-01-49802,string,EUSKADI,38,66,9.266585648148148,2026-06-14 15:03:05,2026-06-23 21:26:58,33,14,0.42424242424242425,0.272353589950299,0.6538863337256197,False,62.7,False,EUR,-0.0011566947220720731,-0.000786057112076846,False,23,12,Match,0.16666666666666666,0.045454545454545456,0.15151515151515152,True
1981489,numeric,EUSKADI,72,72,11.074571759259259,2026-06-11 18:49:51,2026-06-22 20:37:14,33,14,0.42424242424242425,0.272353589950299,0.6538863337256197,False,62.7,False,EUR,0.002257713867226342,0.0010308796742444597,False,11,6,1st half: Corners,0.8055555555555556,0.19444444444444445,1.0,True
2600202,numeric,PERU,98,98,11.807210648148148,2026-06-08 10:21:11,2026-06-20 05:43:34,33,14,0.42424242424242425,0.272353589950299,0.6538863337256197,False,62.7,False,PEN,0.17866424883886894,0.14878419510426757,False,28,12,Team tackles,0.07142857142857142,0.01020408163265306,0.9897959183673469,False
2340659,numeric,ESTATAL,57,60,12.066400462962964,2026-06-11 18:16:50,2026-06-23 19:52:27,36,15,0.4166666666666667,0.2714033350508729,0.6881893752551641,False,62.5,False,EUR,-0.00974901390716209,-0.009775240530119697,False,21,7,Match penalty scored,0.75,0.03333333333333333,0.9,False
MAH-04-07419,string,GALICIA,83,190,13.105659722222223,2026-06-09 15:46:47,2026-06-22 18:18:56,72,27,0.375,0.2721900939935457,0.9030662099935823,False,62.5,False,EUR,0.0011648806300293664,-0.008152505195881862,False,31,9,To score 2 or more goals (Star Substitute),0.22105263157894736,0.031578947368421054,0.09473684210526316,True
MAH-11-07002,string,CATALUNYA,34,144,74.17016203703703,2026-04-10 13:01:43,2026-06-23 17:06:45,39,16,0.41025641025641024,0.2707908943540048,0.7186895681389346,False,62.4,False,EUR,0.024575705408703297,-0.006005205121257032,False,28,10,1-X-2 / 2 goals Up,0.0625,0.0,0.05555555555555555,True
2222157,numeric,PERU,139,139,12.88800925925926,2026-06-10 21:50:06,2026-06-23 19:08:50,54,21,0.3888888888888889,0.2704174250997504,0.828876704374973,False,62.4,False,PEN,0.009845637676551004,0.01007914241622552,False,31,12,Match shots,0.6402877697841727,0.12949640287769784,1.0,True
MAH-02-02345,string,NAVARRA,35,74,11.132627314814815,2026-06-11 17:06:28,2026-06-22 20:17:27,42,17,0.40476190476190477,0.2704264767120908,0.7458731607448276,False,62.4,False,EUR,0.002508393996885673,-0.0010150544313781416,False,26,14,Match,0.14864864864864866,0.0,0.0,False
MAH-01-05109,string,EUSKADI,14,22,9.170949074074073,2026-06-13 12:13:37,2026-06-22 16:19:47,22,10,0.45454545454545453,0.26920014432004846,0.5419706231708741,False,62.3,False,EUR,-0.005108561781317646,0.004440686451030942,False,14,10,To score or assist (Star Substitute),0.045454545454545456,0.0,0.18181818181818182,False
1372256,numeric,ESTATAL,30,30,9.996875,2026-06-12 17:03:03,2026-06-22 16:58:33,22,10,0.45454545454545453,0.26920014432004846,0.5419706231708741,False,62.3,False,EUR,0.0043772828502230045,0.003509626487514204,False,14,14,To score 2 or more goals (Star Substitute),0.8333333333333334,0.0,1.0,False
MAH-01-01529,string,EUSKADI,12,16,12.0884375,2026-06-10 14:42:46,2026-06-22 16:50:07,14,7,0.5,0.2679886791947528,,False,62.0,False,EUR,0.02240286617199142,0.014460181520090718,False,14,5,1-X-2 / 2 goals Up,0.25,0.0,0.125,False
1815764,numeric,ESTATAL,17,23,4.225949074074074,2026-06-13 00:55:55,2026-06-17 06:21:17,14,7,0.5,0.2679886791947528,,False,62.0,False,EUR,0.00486423101152831,0.002842631996257402,False,10,4,1-X-2 / 2 goals Up,0.6086956521739131,0.0,0.6086956521739131,True
MAH-01-49751,string,EUSKADI,13,20,13.21238425925926,2026-06-10 13:47:02,2026-06-23 18:52:52,14,7,0.5,0.2679886791947528,,False,62.0,False,EUR,-0.010856179226489977,-0.0001268017659055392,False,9,9,Team corners,0.4,0.0,0.2,False
1851928,numeric,ESTATAL,12,14,7.296215277777778,2026-06-16 08:49:54,2026-06-23 15:56:27,14,7,0.5,0.2679886791947528,,False,62.0,False,EUR,0.006432767392142723,0.00972678457211168,False,10,5,To score or assist (Star Substitute),0.21428571428571427,0.0,0.6428571428571429,False
2257930,numeric,ESTATAL,11,17,12.015960648148148,2026-06-11 21:20:42,2026-06-23 21:43:41,14,7,0.5,0.2679886791947528,,False,62.0,False,EUR,-0.054738902477338286,-0.017109506622578114,False,13,2,To score 2 or more goals (Star Substitute),0.17647058823529413,0.0,0.058823529411764705,False
MAH-06-23001,string,LA RIOJA,14,22,15.050960648148148,2026-06-07 18:45:23,2026-06-22 19:58:46,14,7,0.5,0.2679886791947528,,False,62.0,False,EUR,0.021630980362942805,0.008071508706594637,False,9,11,Match,0.045454545454545456,0.0,0.0,False
1918053,numeric,GALICIA,14,14,1.0082407407407408,2026-06-22 19:36:17,2026-06-23 19:48:09,14,7,0.5,0.2679886791947528,,False,62.0,False,EUR,0.00806537516751364,0.004383686879150861,False,4,5,Hat trick (three or more goals) (Star Substitute),0.14285714285714285,0.0,1.0,False
435048,numeric,EUSKADI,11,21,9.750393518518518,2026-06-13 21:55:44,2026-06-23 15:56:18,14,7,0.5,0.2679886791947528,,False,62.0,False,EUR,0.10779600129505931,0.06563543681839634,False,8,5,Shots on target outside the box (Star Substitute),0.14285714285714285,0.0,0.2857142857142857,False
2068112,numeric,EUSKADI,22,24,8.168194444444444,2026-06-14 16:52:14,2026-06-22 20:54:26,14,7,0.5,0.2679886791947528,,False,62.0,False,EUR,-0.001118738949244194,-0.005952209870172975,False,8,11,Team corners,0.5833333333333334,0.2916666666666667,0.875,True
MAH-01-05202,string,EUSKADI,14,22,11.855752314814815,2026-06-10 15:05:21,2026-06-22 11:37:38,14,7,0.5,0.2679886791947528,,False,62.0,False,EUR,0.002039548619465322,0.01832799264995429,False,13,8,1-X-2 / 2 goals Up,0.13636363636363635,0.0,0.09090909090909091,False
2388067,numeric,EUSKADI,12,37,6.968506944444444,2026-06-12 13:44:43,2026-06-19 12:59:22,25,11,0.44,0.2666537494700257,0.5918680418546671,False,61.7,False,EUR,-0.006787109001941069,-0.00565576332744807,False,17,8,Team corners,0.0,0.0,0.0,False
480329,numeric,EUSKADI,22,23,13.076006944444444,2026-06-09 23:53:10,2026-06-23 01:42:37,9,5,0.5555555555555556,0.26664734574402965,,False,61.3,False,EUR,0.004415689140172555,0.01010235532672014,False,7,3,To score 2 or more goals (Star Substitute),0.17391304347826086,0.391304347826087,0.391304347826087,False
MAH-01-54632,string,EUSKADI,11,14,10.715231481481482,2026-06-12 23:29:34,2026-06-23 16:39:30,9,5,0.5555555555555556,0.26664734574402965,,False,61.3,False,EUR,-0.0077761638732167316,0.007797221784500288,False,7,8,Home-side combo (bet builder),0.14285714285714285,0.0,0.35714285714285715,False
2480701,numeric,PERU,20,27,4.705925925925926,2026-06-13 03:45:51,2026-06-17 20:42:23,9,5,0.5555555555555556,0.26664734574402965,,False,61.3,False,PEN,-0.0029923466427968955,0.010122013440735786,False,5,2,1-X-2 / 2 goals Up,0.0,0.0,0.14814814814814814,False
1196895,numeric,EUSKADI,11,13,8.93255787037037,2026-06-14 19:00:40,2026-06-23 17:23:33,9,5,0.5555555555555556,0.26664734574402965,,False,61.3,False,EUR,0.02539648613572107,0.03137317197815012,False,9,5,1-X-2 / 2 goals Up,0.0,0.07692307692307693,0.15384615384615385,False
2020001,numeric,PERU,12,15,11.26068287037037,2026-06-11 17:40:01,2026-06-22 23:55:24,9,5,0.5555555555555556,0.26664734574402965,,False,61.3,False,PEN,0.007163265841925939,0.01645128564608685,False,9,3,Match corners,0.4,0.06666666666666667,0.4,False
1928051,numeric,PERU,26,27,13.84880787037037,2026-06-09 20:32:22,2026-06-23 16:54:39,9,5,0.5555555555555556,0.26664734574402965,,False,61.3,False,PEN,0.0033901024781826665,0.004011845707232909,False,8,3,Home-side combo (bet builder),0.5925925925925926,0.0,0.3333333333333333,False
2376201,numeric,ESTATAL,22,22,1.3799652777777778,2026-06-14 11:58:16,2026-06-15 21:05:25,9,5,0.5555555555555556,0.26664734574402965,,False,61.3,False,EUR,0.021910616237539243,0.014161469161469098,False,4,10,Shots on target (Star Substitute),0.5454545454545454,0.09090909090909091,1.0,True
2556616,numeric,ESTATAL,12,13,6.005347222222222,2026-06-17 17:02:40,2026-06-23 17:10:22,9,5,0.5555555555555556,0.26664734574402965,,False,61.3,False,EUR,0.007672553370588616,0.010503694435279,False,6,4,Anytime goalscorer (Star Substitute),0.5384615384615384,0.3076923076923077,0.8461538461538461,True
MAH-01-48531,string,EUSKADI,15,17,10.818472222222223,2026-06-11 20:23:03,2026-06-22 16:01:39,9,5,0.5555555555555556,0.26664734574402965,,False,61.3,False,EUR,0.027560871302445302,0.018126256209495966,False,8,9,Team corners,0.23529411764705882,0.17647058823529413,0.5882352941176471,True
1717785,numeric,EUSKADI,11,11,9.120439814814814,2026-06-14 16:56:30,2026-06-23 19:49:56,9,5,0.5555555555555556,0.26664734574402965,,False,61.3,False,EUR,0.002443737319475248,0.002252381203928221,False,9,6,Home-side combo (bet builder),0.8181818181818182,0.09090909090909091,1.0,False
2295167,numeric,ESTATAL,12,12,6.867592592592593,2026-06-14 19:38:25,2026-06-21 16:27:45,9,5,0.5555555555555556,0.26664734574402965,,False,61.3,False,EUR,0.006691252523434437,0.006299316505174494,False,5,5,Shots on target (Star Substitute),0.5833333333333334,0.08333333333333333,1.0,False
MAH-01-09011,string,EUSKADI,12,18,9.897372685185186,2026-06-10 18:40:45,2026-06-20 16:12:58,9,5,0.5555555555555556,0.26664734574402965,,False,61.3,False,EUR,0.007535876194848232,0.02721058677581968,False,9,11,Match corners,0.2777777777777778,0.16666666666666666,0.1111111111111111,True
2488654,numeric,ESTATAL,12,12,11.10806712962963,2026-06-10 12:25:31,2026-06-21 15:01:08,9,5,0.5555555555555556,0.26664734574402965,,False,61.3,False,EUR,0.04456750053110146,0.0018681021632779417,False,9,3,1-X-2 / 2 goals Up,0.3333333333333333,0.0,1.0,False
MAH-02-01977,string,NAVARRA,15,16,8.299224537037038,2026-06-15 09:42:19,2026-06-23 16:53:12,9,5,0.5555555555555556,0.26664734574402965,,False,61.3,False,EUR,0.004717339849658899,0.014068533813950235,False,6,4,Player to score in fisrt ten minutes (from 0:00 to 9:59),0.625,0.0,0.75,False
MAH-04-08145,string,GALICIA,11,16,9.357314814814815,2026-06-12 08:06:56,2026-06-21 16:41:28,9,5,0.5555555555555556,0.26664734574402965,,False,61.3,False,EUR,0.026221357908321714,0.012587482080111722,False,6,4,1-X-2 / 2 goals Up,0.0,0.1875,0.125,False
1667349,numeric,PERU,10,11,9.122847222222223,2026-06-13 12:50:10,2026-06-22 15:47:04,9,5,0.5555555555555556,0.26664734574402965,,False,61.3,False,PEN,-0.01418614510860234,0.004639402033067859,False,7,4,Away-side combo (bet builder),0.09090909090909091,0.0,0.09090909090909091,False
1325913,numeric,ESTATAL,15,15,6.213587962962963,2026-06-16 18:42:09,2026-06-22 23:49:43,9,5,0.5555555555555556,0.26664734574402965,,False,61.3,False,EUR,0.017995547104747416,0.01922078131237316,False,6,3,Anytime goalscorer (Star Substitute),0.3333333333333333,0.4,0.8666666666666667,False
2019794,numeric,ESTATAL,14,14,9.071099537037037,2026-06-13 21:24:01,2026-06-22 23:06:24,9,5,0.5555555555555556,0.26664734574402965,,False,61.3,False,EUR,0.005600848116017232,0.008020896280818911,False,9,4,Anytime goalscorer (Star Substitute),0.7857142857142857,0.21428571428571427,1.0,True
MAH-01-04927,string,EUSKADI,23,34,12.420370370370371,2026-06-11 09:44:34,2026-06-23 19:49:54,28,12,0.42857142857142855,0.2650829618073122,0.6353189935986407,False,60.8,False,EUR,0.041653472824637876,0.020865334697523268,False,17,8,1-X-2 / 2 goals Up,0.23529411764705882,0.0,0.23529411764705882,True
2621639,numeric,ESTATAL,53,80,6.1557407407407405,2026-06-17 16:14:31,2026-06-23 19:58:47,49,19,0.3877551020408163,0.26428814373960496,0.8247692433505638,False,60.8,False,EUR,0.003241243539912867,-0.004946293879335025,False,20,19,To score or assist (Star Substitute),0.375,0.075,0.3125,False
MAH-01-12010,string,EUSKADI,29,50,10.8334375,2026-06-12 17:10:24,2026-06-23 13:10:33,31,13,0.41935483870967744,0.26415303073549257,0.6733455296804353,False,60.7,False,EUR,-0.014111860786804568,-0.005986905290399082,False,22,8,1-X-2 / 2 goals Up,0.16,0.0,0.2,False
2234781,numeric,ESTATAL,74,74,11.980416666666667,2026-06-11 20:25:14,2026-06-23 19:57:02,31,13,0.41935483870967744,0.26415303073549257,0.6733455296804353,False,60.7,False,EUR,0.007362389140665197,0.007285525045105594,False,17,16,Saves (Star Substitute),0.7972972972972973,0.12162162162162163,0.9864864864864865,False
2582821,numeric,ESTATAL,37,52,13.831076388888889,2026-06-09 18:24:06,2026-06-23 14:20:51,34,14,0.4117647058823529,0.2636573778568886,0.7067738844592474,False,60.6,False,EUR,0.026076605668622653,0.006805955526295541,False,24,10,Team exact bookings (only players and in play),0.23076923076923078,0.019230769230769232,0.38461538461538464,False
2238829,numeric,PERU,57,57,14.081527777777778,2026-06-09 02:12:11,2026-06-23 04:09:35,34,14,0.4117647058823529,0.2636573778568886,0.7067738844592474,False,60.6,False,PEN,0.09190790216314318,0.10397972676260822,False,17,11,Team goal kicks,0.24561403508771928,0.22807017543859648,1.0,False
MAH-01-05194,string,EUSKADI,65,86,11.209988425925927,2026-06-12 11:10:48,2026-06-23 16:13:11,46,18,0.391304347826087,0.26393022355248846,0.8063006979412032,False,60.6,False,EUR,-0.009184518078809722,-0.001376998477491829,False,28,17,Anytime goalscorer (Star Substitute),0.20930232558139536,0.0,0.05813953488372093,True
MAH-01-00430,string,EUSKADI,32,60,9.89755787037037,2026-06-12 21:59:13,2026-06-22 19:31:42,40,16,0.4,0.2634811061240136,0.7624063509445402,False,60.5,False,EUR,0.0092739524740882,0.009758833771066773,False,24,14,Home-side combo (bet builder),0.1,0.05,0.06666666666666667,False
MAH-01-54631,string,EUSKADI,15,19,9.164965277777778,2026-06-13 16:21:59,2026-06-22 20:19:32,17,8,0.47058823529411764,0.26164801196088106,,False,60.3,False,EUR,-0.0019648832652405844,0.020829142044213902,False,12,7,Team corners,0.2631578947368421,0.0,0.15789473684210525,False
854959,numeric,ESTATAL,42,51,13.915648148148149,2026-06-09 21:54:57,2026-06-23 19:53:29,17,8,0.47058823529411764,0.26164801196088106,,False,60.3,False,EUR,0.021765855829293166,0.0053653382983520756,False,13,14,To score or assist (Star Substitute),0.47058823529411764,0.3333333333333333,0.6470588235294118,True
MAH-03-27661,string,VALENCIA,16,25,10.885081018518518,2026-06-11 19:26:36,2026-06-22 16:41:07,17,8,0.47058823529411764,0.26164801196088106,,False,60.3,False,EUR,0.03257523631415882,0.003545783522503382,False,13,8,To score or assist (Star Substitute),0.08,0.04,0.12,False
MAH-04-07150,string,GALICIA,18,25,12.803101851851851,2026-06-08 20:22:36,2026-06-21 15:39:04,17,8,0.47058823529411764,0.26164801196088106,,False,60.3,False,EUR,0.007902766874261228,0.018247289444357193,False,11,10,Team corners,0.2,0.0,0.28,False
MAH-01-12182,string,EUSKADI,22,28,9.118032407407407,2026-06-13 20:12:33,2026-06-22 23:02:31,17,8,0.47058823529411764,0.26164801196088106,,False,60.3,False,EUR,0.0013258576592478637,0.00042989862744068156,False,11,14,Team corners,0.2857142857142857,0.21428571428571427,0.5,False
MAH-01-12111,string,EUSKADI,11,25,9.055925925925926,2026-06-13 16:22:39,2026-06-22 17:43:11,17,8,0.47058823529411764,0.26164801196088106,,False,60.3,False,EUR,0.01268020420679477,0.010892818592388873,False,16,6,Match corners,0.08,0.12,0.16,False
1683640,numeric,ESTATAL,116,116,13.783275462962964,2026-06-10 00:41:27,2026-06-23 19:29:22,69,25,0.36231884057971014,0.2589555625346011,0.9322491295275827,False,60.1,False,EUR,0.014647722470155075,0.013142112657831008,False,30,10,Saves (Star Substitute),0.8189655172413793,0.0,1.0,True
MAH-01-01202,string,EUSKADI,30,57,12.783784722222222,2026-06-10 17:47:07,2026-06-23 12:35:46,50,19,0.38,0.25862595842577224,0.8536737905682161,False,60.1,False,EUR,0.0005740701014997135,-0.011032537460286616,False,28,15,Home-side combo (bet builder),0.07017543859649122,0.017543859649122806,0.05263157894736842,False
2183024,numeric,PERU,20,27,11.012951388888888,2026-06-12 18:57:56,2026-06-23 19:16:35,20,9,0.45,0.25819502085709295,0.5639138001814691,False,59.9,False,PEN,-0.011519227637167312,0.0018621276038380263,False,18,7,1-X-2 / 2 goals Up,0.4444444444444444,0.07407407407407407,0.48148148148148145,False
MAH-23-05004,string,PERU,19,26,10.047094907407407,2026-06-11 14:42:56,2026-06-21 15:50:45,20,9,0.45,0.25819502085709295,0.5639138001814691,False,59.9,False,PEN,0.017077699695503365,0.031799413922967625,False,13,5,Team shots on target,0.15384615384615385,0.038461538461538464,0.07692307692307693,False
MAH-05-15314,string,ARAGON,20,29,10.276331018518519,2026-06-12 10:10:19,2026-06-22 16:48:14,20,9,0.45,0.25819502085709295,0.5639138001814691,False,59.9,False,EUR,0.0031804684216181676,0.00047297489496450076,False,15,11,Anytime goalscorer (Star Substitute),0.10344827586206896,0.034482758620689655,0.06896551724137931,False
719918,numeric,EUSKADI,11,27,12.00607638888889,2026-06-11 17:52:24,2026-06-23 18:01:09,20,9,0.45,0.25819502085709295,0.5639138001814691,False,59.9,False,EUR,-0.0017472919826707423,0.010501034096681124,False,15,3,Match,0.07407407407407407,0.0,0.1111111111111111,False
MAH-06-01009,string,LA RIOJA,11,28,13.239560185185185,2026-06-09 11:11:03,2026-06-22 16:56:01,20,9,0.45,0.25819502085709295,0.5639138001814691,False,59.9,False,EUR,0.015183629046182612,0.009029901293243103,False,16,6,Team shots on target,0.10714285714285714,0.0,0.0,False
MAH-02-02153,string,NAVARRA,11,25,11.706469907407408,2026-06-10 16:59:19,2026-06-22 09:56:38,20,9,0.45,0.25819502085709295,0.5639138001814691,False,59.9,False,EUR,0.010961253005907131,0.01115353856872639,False,16,6,goal scorer (Star Substitute),0.04,0.0,0.04,False
650727,numeric,EUSKADI,93,93,13.03976851851852,2026-06-10 19:14:16,2026-06-23 20:11:32,47,18,0.3829787234042553,0.2579048266351308,0.8381858579238676,False,59.8,False,EUR,0.008930644875067333,0.008930644875067333,False,11,4,Match corners,0.3655913978494624,0.40860215053763443,1.0,True
2152431,numeric,PERU,59,73,11.998194444444444,2026-06-11 15:25:28,2026-06-23 15:22:52,41,16,0.3902439024390244,0.2565593521532712,0.8013046243006008,False,59.7,False,PEN,0.005362571787267676,0.015790321631820627,False,34,14,Match shots on target,0.4383561643835616,0.0821917808219178,0.4657534246575342,False
MAH-03-03162,string,VALENCIA,24,35,9.016863425925926,2026-06-14 14:47:43,2026-06-23 15:12:00,23,10,0.43478260869565216,0.25634368332198654,0.613843776193217,False,59.6,False,EUR,-0.016407234780880152,0.0023335282538101566,False,16,5,Match,0.2,0.0,0.0,False
MAH-01-05154,string,EUSKADI,15,28,13.03380787037037,2026-06-09 18:35:39,2026-06-22 19:24:20,23,10,0.43478260869565216,0.25634368332198654,0.613843776193217,False,59.6,False,EUR,0.25892996852163647,0.025527625308686994,False,17,9,1-X-2 / 2 goals Up,0.25,0.0,0.14285714285714285,False
MAH-01-13172,string,EUSKADI,45,61,10.08880787037037,2026-06-13 18:11:58,2026-06-23 20:19:51,23,10,0.43478260869565216,0.25634368332198654,0.613843776193217,False,59.6,False,EUR,0.011749868909336568,0.006294417762144489,False,15,9,To score 2 or more goals (Star Substitute),0.39344262295081966,0.16393442622950818,0.5245901639344263,True
MAH-03-02926,string,VALENCIA,24,39,13.296064814814814,2026-06-10 12:44:20,2026-06-23 19:50:40,23,10,0.43478260869565216,0.25634368332198654,0.613843776193217,False,59.6,False,EUR,0.10517352404707078,0.02397193556394656,False,13,11,Shots on target (Star Substitute),0.07692307692307693,0.0,0.15384615384615385,False
MAH-05-15321,string,ARAGON,29,70,13.328993055555555,2026-06-10 11:34:25,2026-06-23 19:28:10,23,10,0.43478260869565216,0.25634368332198654,0.613843776193217,False,59.6,False,EUR,-0.015769466341326307,0.00046430283585339956,False,15,14,To score 2 or more goals (Star Substitute),0.2571428571428571,0.014285714285714285,0.2571428571428571,True
MAH-01-01519,string,EUSKADI,31,69,13.961018518518518,2026-06-08 17:54:46,2026-06-22 16:58:38,38,15,0.39473684210526316,0.2559785926361891,0.7792963570651128,False,59.4,False,EUR,0.03302724632296367,0.01554425419061668,False,23,15,Player anytime not to score,0.15942028985507245,0.0,0.057971014492753624,False
MAH-23-01902,string,PERU,68,144,13.37920138888889,2026-06-09 15:26:39,2026-06-23 00:32:42,83,29,0.3493975903614458,0.25555971692976304,0.9684138257096353,False,59.4,False,PEN,-0.01881806744065634,-0.03515847648386888,False,42,7,Team corners,0.0625,0.034722222222222224,0.020833333333333332,False
MAH-12-11001,string,CANARIAS,16,34,9.914780092592592,2026-06-12 18:50:22,2026-06-22 16:47:39,26,11,0.4230769230769231,0.255441899027294,0.65670525471889,False,59.3,False,EUR,0.0040670471605812695,0.009506965672035149,False,22,6,Match,0.23529411764705882,0.0,0.17647058823529413,False
2623785,numeric,ESTATAL,39,40,10.728935185185184,2026-06-09 22:26:48,2026-06-20 15:56:28,26,11,0.4230769230769231,0.255441899027294,0.65670525471889,False,59.3,False,EUR,0.006582071760651934,0.005452092494648637,False,20,8,To score 2 or more goals (Star Substitute),0.7,0.05,0.925,True
MAH-16-12002,string,CANTABRIA,23,37,10.653310185185186,2026-06-12 18:20:34,2026-06-23 10:01:20,26,11,0.4230769230769231,0.255441899027294,0.65670525471889,False,59.3,False,EUR,0.06108313560827701,0.021057778921480672,False,18,12,Match,0.2702702702702703,0.02702702702702703,0.1891891891891892,False
MAH-05-15184,string,ARAGON,107,198,10.953194444444444,2026-06-10 15:29:35,2026-06-21 14:22:11,32,13,0.40625,0.25519402480313796,0.7260961029241633,False,59.2,False,EUR,0.012094243942243562,-0.0001691120469627565,False,21,4,1-X-2 / 2 goals Up,0.08080808080808081,0.005050505050505051,0.0,False
MAH-01-49061,string,EUSKADI,32,43,12.056284722222221,2026-06-11 18:18:31,2026-06-23 19:39:34,32,13,0.40625,0.25519402480313796,0.7260961029241633,False,59.2,False,EUR,0.01598840931788765,0.0009592771830034645,False,24,13,Match throw-ins,0.23255813953488372,0.023255813953488372,0.09302325581395349,False
MAH-01-15011,string,EUSKADI,29,39,9.328981481481481,2026-06-13 11:26:19,2026-06-22 19:20:03,29,12,0.41379310344827586,0.2551293527964552,0.6937920426561598,False,59.1,False,EUR,0.012874555022333613,0.0005002876618109543,False,14,9,Anytime goalscorer (Star Substitute),0.3333333333333333,0.02564102564102564,0.3076923076923077,False
MAH-05-15112,string,ARAGON,19,40,12.93556712962963,2026-06-09 21:01:54,2026-06-22 19:29:07,29,12,0.41379310344827586,0.2551293527964552,0.6937920426561598,False,59.1,False,EUR,0.0013176795360470852,0.007844041301706009,False,16,6,Match corners,0.125,0.1,0.05,False
2568982,numeric,ESTATAL,15,20,10.916770833333333,2026-06-11 18:33:07,2026-06-22 16:33:16,12,6,0.5,0.2537781703934222,,False,58.7,False,EUR,0.003445655471135953,0.020846760898625204,False,10,6,Team corners,0.6,0.0,0.55,False
MAH-02-01786,string,NAVARRA,12,16,9.884143518518519,2026-06-10 19:30:09,2026-06-20 16:43:19,12,6,0.5,0.2537781703934222,,False,58.7,False,EUR,-0.0034966525685622757,-0.02630663229378775,False,11,7,Match penalty scored,0.3125,0.0625,0.0625,False
MAH-01-51181,string,EUSKADI,23,24,11.940532407407407,2026-06-10 18:24:46,2026-06-22 16:59:08,12,6,0.5,0.2537781703934222,,False,58.7,False,EUR,-0.003177434646664156,0.01227928837064593,False,8,12,Anytime goalscorer (Star Substitute),0.5416666666666666,0.08333333333333333,0.6666666666666666,True
MAH-11-09008,string,CATALUNYA,11,16,10.892476851851852,2026-06-11 17:56:03,2026-06-22 15:21:13,12,6,0.5,0.2537781703934222,,False,58.7,False,EUR,-0.001662548310049305,0.0032289919180805704,False,12,6,1-X-2 / 2 goals Up,0.0625,0.125,0.125,False
2475932,numeric,ESTATAL,13,14,8.148993055555556,2026-06-15 15:57:38,2026-06-23 19:32:11,12,6,0.5,0.2537781703934222,,False,58.7,False,EUR,-0.002382938481494771,-0.002445520096813684,False,8,5,To score or assist (Star Substitute),0.2857142857142857,0.0,0.5714285714285714,False
MAH-19-64002,string,ANDALUCIA,12,19,9.754502314814815,2026-06-10 16:57:35,2026-06-20 11:04:04,12,6,0.5,0.2537781703934222,,False,58.7,False,EUR,0.0363559728074736,-0.009135667158936803,False,11,4,1-X-2 / 2 goals Up,0.0,0.0,0.0,False
MAH-03-24272,string,VALENCIA,10,12,9.33431712962963,2026-06-13 09:46:54,2026-06-22 17:48:19,12,6,0.5,0.2537781703934222,,False,58.7,False,EUR,0.01715998366636454,0.024539107847866466,False,8,8,Shots on target (Star Substitute),0.0,0.0,0.0,False
2263715,numeric,PERU,14,16,6.598113425925926,2026-06-11 07:46:13,2026-06-17 22:07:30,12,6,0.5,0.2537781703934222,,False,58.7,False,USD,0.01669626881197945,0.030132080910076603,False,9,7,Shots on target (Star Substitute),0.4375,0.1875,0.625,False
2327699,numeric,ESTATAL,13,13,8.195763888888889,2026-06-15 14:09:17,2026-06-23 18:51:11,12,6,0.5,0.2537781703934222,,False,58.7,False,EUR,0.006604339857426357,0.006604339857426357,False,9,2,To score or assist (Star Substitute),0.15384615384615385,0.07692307692307693,1.0,False
1074156,numeric,NAVARRA,34,48,11.899456018518519,2026-06-10 18:59:54,2026-06-22 16:35:07,12,6,0.5,0.2537781703934222,,False,58.7,False,EUR,0.0010417523724667855,0.0005459316917527934,False,10,11,Match,0.5833333333333334,0.10416666666666667,0.3541666666666667,True
1885991,numeric,ESTATAL,17,17,8.834699074074074,2026-06-14 00:39:40,2026-06-22 20:41:38,12,6,0.5,0.2537781703934222,,False,58.7,False,EUR,0.013219761901757252,0.015728539470232634,False,4,3,Shots on target (Star Substitute),0.7058823529411765,0.0,1.0,False
1444858,numeric,GALICIA,28,111,0.01835648148148148,2026-06-17 16:06:08,2026-06-17 16:32:34,12,6,0.5,0.2537781703934222,,False,58.7,False,EUR,0.009958480975523489,0.037907178458268624,False,5,3,Shots on target (Star Substitute),0.21621621621621623,0.0,0.1981981981981982,True
MAH-05-15171,string,ARAGON,16,55,13.901643518518519,2026-06-09 21:29:41,2026-06-23 19:08:03,48,18,0.375,0.2521507240406812,0.8659655451049535,False,58.4,False,EUR,-0.032334292204418844,-0.006926425048569413,False,31,7,Match corners,0.07272727272727272,0.0,0.05454545454545454,False
MAH-22-03003,string,MELILLA,38,63,13.078761574074074,2026-06-09 21:10:17,2026-06-22 23:03:42,45,17,0.37777777777777777,0.25107885298349863,0.8515857856000265,False,58.4,False,EUR,-0.003274287166016257,-0.0080266423342663,False,28,15,1-X-2 / 2 goals Up,0.12698412698412698,0.07936507936507936,0.23809523809523808,False
2394434,numeric,NAVARRA,12,19,0.02230324074074074,2026-06-20 15:51:54,2026-06-20 16:24:01,7,4,0.5714285714285714,0.2504542304090258,,False,57.9,False,EUR,0.04558733581979537,0.05474201130249333,False,2,1,Match corners,0.5263157894736842,0.0,0.0,False
2260629,numeric,ESTATAL,11,11,11.170335648148148,2026-06-10 14:23:04,2026-06-21 18:28:21,7,4,0.5714285714285714,0.2504542304090258,,False,57.9,False,EUR,0.06857435494455666,0.07427763839314634,False,5,6,Team corners,0.36363636363636365,0.36363636363636365,1.0,False
1441939,numeric,ESTATAL,14,15,10.067291666666666,2026-06-12 20:01:19,2026-06-22 21:38:13,7,4,0.5714285714285714,0.2504542304090258,,False,57.9,False,EUR,0.016599408095463904,0.011704118807872683,False,7,2,1-X-2 / 2 goals Up,0.06666666666666667,0.0,0.0,False
2623216,numeric,ESTATAL,16,16,4.161377314814815,2026-06-11 18:12:57,2026-06-15 22:05:20,7,4,0.5714285714285714,0.2504542304090258,,False,57.9,False,EUR,0.009778047949812872,0.013484970543395258,False,3,7,Anytime goalscorer (Star Substitute),0.75,0.25,1.0,False
2426513,numeric,ESTATAL,10,11,7.156851851851852,2026-06-15 15:53:35,2026-06-22 19:39:27,7,4,0.5714285714285714,0.2504542304090258,,False,57.9,False,EUR,0.02099058629431888,0.008954959883976777,False,6,3,Home-side combo (bet builder),0.18181818181818182,0.0,0.45454545454545453,False
MAH-03-27766,string,VALENCIA,14,18,9.331724537037037,2026-06-14 09:01:52,2026-06-23 16:59:33,7,4,0.5714285714285714,0.2504542304090258,,False,57.9,False,EUR,0.020133162979135553,0.001631250944483528,False,6,7,Player anytime not to score,0.4444444444444444,0.0,0.5555555555555556,False
MAH-19-00141,string,ANDALUCIA,26,27,8.350532407407407,2026-06-13 14:57:30,2026-06-21 23:22:16,7,4,0.5714285714285714,0.2504542304090258,,False,57.9,False,EUR,0.011593688360514855,0.0072052561060565855,False,7,4,1-X-2 / 2 goals Up,0.037037037037037035,0.0,0.5555555555555556,False
MAH-04-07530,string,GALICIA,10,14,11.703159722222223,2026-06-10 18:26:50,2026-06-22 11:19:23,7,4,0.5714285714285714,0.2504542304090258,,False,57.9,False,EUR,0.06865198210979422,0.04854938896006468,False,7,8,Team corners,0.0,0.0,0.0,False
MAH-03-02732,string,VALENCIA,13,13,11.034155092592593,2026-06-12 16:55:49,2026-06-23 17:45:00,7,4,0.5714285714285714,0.2504542304090258,,False,57.9,False,EUR,0.009928432001316998,0.03977045962004495,False,5,3,Team corners,0.0,0.0,0.38461538461538464,False
2469553,numeric,ESTATAL,11,11,8.864409722222222,2026-06-12 10:33:08,2026-06-21 07:17:53,7,4,0.5714285714285714,0.2504542304090258,,False,57.9,False,EUR,0.00968320735296836,0.012030617887324476,False,7,3,1-X-2 / 2 goals Up,0.0,0.09090909090909091,0.5454545454545454,False
2267612,numeric,PERU,12,12,7.18880787037037,2026-06-16 18:27:09,2026-06-23 22:59:02,7,4,0.5714285714285714,0.2504542304090258,,False,57.9,False,PEN,0.004723502022838586,0.007308541836065187,False,4,6,1st half: Corners,0.8333333333333334,0.16666666666666666,1.0,False
1423496,numeric,ESTATAL,30,33,10.206655092592593,2026-06-11 14:06:21,2026-06-21 19:03:56,7,4,0.5714285714285714,0.2504542304090258,,False,57.9,False,EUR,-0.06405087517131314,-0.0010819739335669162,False,6,3,Home-side combo (bet builder),0.5151515151515151,0.0,0.030303030303030304,False
1931919,numeric,ESTATAL,47,50,14.198831018518518,2026-06-09 16:59:20,2026-06-23 21:45:39,7,4,0.5714285714285714,0.2504542304090258,,False,57.9,False,EUR,0.017084266337165963,0.017522254555435404,False,7,6,Match,0.28,0.1,0.9,True
1795627,numeric,EUSKADI,12,12,6.967581018518518,2026-06-16 19:08:38,2026-06-23 18:21:57,7,4,0.5714285714285714,0.2504542304090258,,False,57.9,False,EUR,0.02761855461382045,0.024995093766892875,False,5,5,To score 2 or more goals (Star Substitute),0.16666666666666666,0.3333333333333333,0.75,False
2405857,numeric,ESTATAL,13,15,11.533773148148148,2026-06-10 22:43:20,2026-06-22 11:31:58,7,4,0.5714285714285714,0.2504542304090258,,False,57.9,False,EUR,0.028606324012666343,0.0419210221744953,False,7,7,Match throw-ins,0.06666666666666667,0.0,0.0,False
1752065,numeric,ESTATAL,15,19,3.017372685185185,2026-06-13 21:34:26,2026-06-16 21:59:27,7,4,0.5714285714285714,0.2504542304090258,,False,57.9,False,EUR,0.0017180670294067398,-0.02493092763044997,False,5,9,Team Shots,0.7894736842105263,0.0,0.5789473684210527,False
1642030,numeric,PERU,31,32,12.054236111111111,2026-06-11 18:35:27,2026-06-23 19:53:33,7,4,0.5714285714285714,0.2504542304090258,,False,57.9,False,PEN,-0.034637211819907664,-0.0001506292789589406,False,7,12,Team Shots,0.46875,0.375,0.8125,False
MAH-04-06489,string,GALICIA,23,23,10.106550925925927,2026-06-12 15:30:37,2026-06-22 18:04:03,7,4,0.5714285714285714,0.2504542304090258,,False,57.9,False,EUR,0.01767952799222022,0.013749761051101293,False,2,7,Team exact bookings (only players and in play),0.391304347826087,0.5652173913043478,0.9130434782608695,False
MAH-04-07704,string,GALICIA,22,28,13.72451388888889,2026-06-09 18:13:56,2026-06-23 11:37:14,7,4,0.5714285714285714,0.2504542304090258,,False,57.9,False,EUR,0.017820894192202934,0.015507768351825149,False,6,3,Match,0.25,0.0,0.6785714285714286,True
MAH-01-04892,string,EUSKADI,56,65,10.3925,2026-06-12 10:55:05,2026-06-22 20:20:17,39,15,0.38461538461538464,0.24891162547007062,0.8171756001439793,False,57.4,False,EUR,0.2553897577330383,0.005995603740509323,False,24,16,1-X-2 / 2 goals Up,0.15384615384615385,0.03076923076923077,0.3384615384615385,True
MAH-01-05523,string,EUSKADI,29,63,10.46758101851852,2026-06-12 09:25:37,2026-06-22 20:38:56,42,16,0.38095238095238093,0.24999520898785943,0.8354162941810882,False,57.4,False,EUR,0.0052093282364039685,-0.007030550780666543,False,28,7,Team corners,0.06349206349206349,0.0,0.0,False
1283755,numeric,ESTATAL,11,21,9.945243055555556,2026-06-12 21:50:39,2026-06-22 20:31:48,15,7,0.4666666666666667,0.24809225259746442,,False,56.9,False,EUR,0.018746195131684074,0.012193981180193329,False,12,10,Anytime goalscorer (Star Substitute),0.19047619047619047,0.047619047619047616,0.19047619047619047,False
MAH-01-01520,string,EUSKADI,17,18,9.547430555555556,2026-06-13 19:52:53,2026-06-23 09:01:11,15,7,0.4666666666666667,0.24809225259746442,,False,56.9,False,EUR,0.008273962777953132,0.0006551426878024013,False,10,9,Home-side combo (bet builder),0.3333333333333333,0.05555555555555555,0.4444444444444444,False
2186138,numeric,MADRID,11,22,9.66173611111111,2026-06-12 21:00:36,2026-06-22 12:53:30,15,7,0.4666666666666667,0.24809225259746442,,False,56.9,False,EUR,0.0031397675516828994,0.002410897550844752,False,15,4,1-X-2 / 2 goals Up,0.22727272727272727,0.0,0.045454545454545456,False
MAH-07-04004,string,CATALUNYA,32,39,8.273634259259259,2026-06-14 12:48:12,2026-06-22 19:22:14,15,7,0.4666666666666667,0.24809225259746442,,False,56.9,False,EUR,0.0027194952995120837,0.013621722996677446,False,14,12,Player sent off (only players and in play)(Star Substitute),0.2564102564102564,0.10256410256410256,0.38461538461538464,False
2298587,numeric,ESTATAL,21,21,9.792534722222221,2026-06-14 00:46:38,2026-06-23 19:47:53,15,7,0.4666666666666667,0.24809225259746442,,False,56.9,False,EUR,0.004097973054539102,0.003928622561318215,False,5,3,Anytime goalscorer (Star Substitute),0.8571428571428571,0.047619047619047616,0.9523809523809523,False
1512680,numeric,ESTATAL,31,31,12.03462962962963,2026-06-11 19:31:11,2026-06-23 20:21:03,15,7,0.4666666666666667,0.24809225259746442,,False,56.9,False,EUR,0.008016311235576027,0.006718875572631622,False,8,9,To score 2 or more goals (Star Substitute),0.3870967741935484,0.45161290322580644,0.9354838709677419,False
MAH-01-13421,string,EUSKADI,16,16,11.962939814814815,2026-06-11 18:48:49,2026-06-23 17:55:27,15,7,0.4666666666666667,0.24809225259746442,,False,56.9,False,EUR,0.008308916603585768,0.013501432265217658,False,8,5,Home-side combo (bet builder),0.375,0.0,0.9375,False
1861692,numeric,ESTATAL,18,18,11.624236111111111,2026-06-10 18:35:47,2026-06-22 09:34:41,15,7,0.4666666666666667,0.24809225259746442,,False,56.9,False,EUR,0.0009445329352427992,-0.0053163174738181775,False,5,5,Team corners,0.16666666666666666,0.16666666666666666,1.0,True
MAH-01-01216,string,EUSKADI,13,17,8.74412037037037,2026-06-11 16:14:36,2026-06-20 10:06:08,15,7,0.4666666666666667,0.24809225259746442,,False,56.9,False,EUR,0.031493540684739633,0.016999024380556456,False,9,8,To score or assist (Star Substitute),0.29411764705882354,0.058823529411764705,0.058823529411764705,False
1256826,numeric,ESTATAL,23,25,4.037696759259259,2026-06-18 08:56:30,2026-06-22 09:50:47,15,7,0.4666666666666667,0.24809225259746442,,False,56.9,False,EUR,7.245810778222568e-05,-0.0038991348627247253,False,8,8,Shots on target (Star Substitute),0.44,0.08,0.88,False
MAH-02-01821,string,NAVARRA,17,25,11.395717592592593,2026-06-10 11:36:39,2026-06-21 21:06:29,15,7,0.4666666666666667,0.24809225259746442,,False,56.9,False,EUR,0.08343817057554417,0.021693889583701158,False,9,7,Match,0.04,0.0,0.04,False
2535063,numeric,ESTATAL,21,31,9.906435185185185,2026-06-13 21:58:27,2026-06-23 19:43:43,15,7,0.4666666666666667,0.24809225259746442,,False,56.9,False,EUR,-0.008366783977160466,-0.02190574504855407,False,11,12,Shots on target (Star Substitute),0.1935483870967742,0.12903225806451613,0.3225806451612903,False
MAH-01-01597,string,EUSKADI,14,19,9.980578703703705,2026-06-12 17:10:54,2026-06-22 16:42:56,15,7,0.4666666666666667,0.24809225259746442,,False,56.9,False,EUR,-0.007561371380253876,0.007309866032508731,False,11,12,To score or assist (Star Substitute),0.21052631578947367,0.10526315789473684,0.3157894736842105,False
2393959,numeric,PERU,17,19,13.001145833333334,2026-06-10 15:45:13,2026-06-23 15:46:52,15,7,0.4666666666666667,0.24809225259746442,,False,56.9,False,PEN,0.03373478354706202,0.028447943470788977,False,14,6,Team corners,0.21052631578947367,0.0,0.42105263157894735,False
1287642,numeric,ESTATAL,27,30,8.899189814814815,2026-06-14 19:04:31,2026-06-23 16:39:21,15,7,0.4666666666666667,0.24809225259746442,,False,56.9,False,EUR,0.010471539014679782,0.011698523548879148,False,9,12,Shots on target (Star Substitute),0.7666666666666667,0.03333333333333333,0.8666666666666667,True
2431100,numeric,ESTATAL,32,32,11.105972222222222,2026-06-11 17:17:37,2026-06-22 19:50:13,15,7,0.4666666666666667,0.24809225259746442,,False,56.9,False,EUR,0.013162048438107974,0.01557148466902709,False,14,2,Match throw-ins,0.65625,0.0625,1.0,False
MAH-01-01337,string,EUSKADI,12,18,9.996574074074074,2026-06-12 08:07:23,2026-06-22 08:02:27,15,7,0.4666666666666667,0.24809225259746442,,False,56.9,False,EUR,-0.003414134725363613,0.014866468614650293,False,13,7,To score 2 or more goals (Star Substitute),0.0,0.0,0.0,False
MAH-04-07737,string,GALICIA,23,25,10.007233796296296,2026-06-11 15:42:03,2026-06-21 15:52:28,15,7,0.4666666666666667,0.24809225259746442,,False,56.9,False,EUR,0.009760926587888696,0.014929713281499042,False,11,13,1-X-2 / 2 goals Up,0.16,0.08,0.32,False
MAH-19-00402,string,ANDALUCIA,24,33,13.340335648148148,2026-06-10 11:22:47,2026-06-23 19:32:52,15,7,0.4666666666666667,0.24809225259746442,,False,56.9,False,EUR,-0.0008985959639508199,0.008845533600795557,False,12,13,Shots on target (Star Substitute),0.3939393939393939,0.0,0.36363636363636365,False
MAH-01-04940,string,EUSKADI,20,33,11.062870370370371,2026-06-11 15:02:48,2026-06-22 16:33:20,30,12,0.4,0.24590394326083398,0.7461814373598238,False,56.4,False,EUR,0.0003328581446129079,-0.011824824446678199,False,21,8,Team corners,0.06060606060606061,0.0,0.09090909090909091,False
2225679,numeric,EUSKADI,22,43,11.249710648148149,2026-06-11 13:36:55,2026-06-22 19:36:30,33,13,0.3939393939393939,0.24682882231508205,0.7730324529032241,False,56.4,False,EUR,0.01282433705698598,-0.0029018323993351084,False,22,7,Match,0.11627906976744186,0.0,0.023255813953488372,False
2369973,numeric,ESTATAL,63,63,5.347986111111111,2026-06-14 13:59:02,2026-06-19 22:20:08,18,8,0.4444444444444444,0.24559231101389123,,False,56.1,False,EUR,-0.013939735826994096,-0.0010688898651770831,False,4,11,Team corners,0.6190476190476191,0.3333333333333333,1.0,True
MAH-01-01431,string,EUSKADI,14,21,9.24289351851852,2026-06-13 14:26:45,2026-06-22 20:16:31,18,8,0.4444444444444444,0.24559231101389123,,False,56.1,False,EUR,0.02668008912005191,-0.0218882311691226,False,14,14,Match,0.19047619047619047,0.0,0.14285714285714285,False
2071502,numeric,EUSKADI,14,32,10.821319444444445,2026-06-11 20:50:53,2026-06-22 16:33:35,18,8,0.4444444444444444,0.24559231101389123,,False,56.1,False,EUR,0.018408812417793536,0.006282932317091554,False,16,2,Anytime goalscorer (Star Substitute),0.09375,0.03125,0.0,False
MAH-01-51251,string,EUSKADI,12,21,8.101412037037036,2026-06-14 17:59:38,2026-06-22 20:25:40,18,8,0.4444444444444444,0.24559231101389123,,False,56.1,False,EUR,0.0712990727983554,0.0018851136779565428,False,14,9,1-X-2 / 2 goals Up,0.09523809523809523,0.09523809523809523,0.14285714285714285,False
1510049,numeric,EUSKADI,12,18,7.994675925925926,2026-06-14 16:51:38,2026-06-22 16:43:58,18,8,0.4444444444444444,0.24559231101389123,,False,56.1,False,EUR,0.02313098345389058,0.028151027261660078,False,15,5,To score 2 or more goals (Star Substitute),0.5,0.0,0.3888888888888889,False
2026934,numeric,ESTATAL,18,43,8.676099537037038,2026-06-13 23:39:33,2026-06-22 15:53:08,18,8,0.4444444444444444,0.24559231101389123,,False,56.1,False,EUR,0.018979726614468322,0.03415017290863267,False,13,4,To score 2 or more goals (Star Substitute),0.09302325581395349,0.0,0.0,False
MAH-11-04006,string,CATALUNYA,14,33,10.2453125,2026-06-13 15:20:36,2026-06-23 21:13:51,18,8,0.4444444444444444,0.24559231101389123,,False,56.1,False,EUR,-0.0002845622454660446,-0.001843177706433885,False,16,8,1-X-2 / 2 goals Up,0.09090909090909091,0.030303030303030304,0.030303030303030304,False
MAH-01-01369,string,EUSKADI,14,20,9.2,2026-06-13 14:32:22,2026-06-22 19:20:22,18,8,0.4444444444444444,0.24559231101389123,,False,56.1,False,EUR,0.03296633569008569,0.013257110150289995,False,12,11,Home-side combo (bet builder),0.05,0.0,0.1,False
MAH-03-02570,string,VALENCIA,32,49,9.292893518518518,2026-06-13 11:40:07,2026-06-22 18:41:53,18,8,0.4444444444444444,0.24559231101389123,,False,56.1,False,EUR,-0.03665906833533755,-0.004362922172844859,False,16,7,Away-side combo (bet builder),0.08163265306122448,0.02040816326530612,0.30612244897959184,False
MAH-01-51171,string,EUSKADI,13,29,9.721261574074074,2026-06-12 22:30:32,2026-06-22 15:49:09,27,11,0.4074074074074074,0.24514513372857347,0.715297460834304,False,55.9,False,EUR,0.007684528240678589,0.0072641333411556305,False,25,9,Home-side combo (bet builder),0.0,0.0,0.0,False
931196,numeric,LA RIOJA,172,173,11.748969907407407,2026-06-12 01:58:41,2026-06-23 19:57:12,66,23,0.3484848484848485,0.2447570733856041,0.9551256991191298,False,55.8,False,EUR,-0.00172345139770866,0.00039662071376327817,False,21,22,Saves (Star Substitute),0.6994219653179191,0.11560693641618497,0.9826589595375722,True
MAH-01-08008,string,EUSKADI,19,36,13.347581018518518,2026-06-10 08:36:46,2026-06-23 16:57:17,21,9,0.42857142857142855,0.24469699486521046,0.6376490035522729,False,55.7,False,EUR,0.0016603119238525073,-0.0015975128199185054,False,12,8,Match,0.3333333333333333,0.08333333333333333,0.19444444444444445,False
1465095,numeric,ESTATAL,41,41,11.099375,2026-06-12 17:12:06,2026-06-23 19:35:12,21,9,0.42857142857142855,0.24469699486521046,0.6376490035522729,False,55.7,False,EUR,0.03330938618513861,0.017393053437437578,False,6,7,Shots (Star Substitute),0.5609756097560976,0.0,1.0,True
MAH-01-01647,string,EUSKADI,21,26,9.999699074074075,2026-06-11 18:59:09,2026-06-21 18:58:43,21,9,0.42857142857142855,0.24469699486521046,0.6376490035522729,False,55.7,False,EUR,0.013459134150312402,0.012518577916558315,False,15,13,Anytime goalscorer (Star Substitute),0.3076923076923077,0.038461538461538464,0.3076923076923077,True
MAH-06-00388,string,LA RIOJA,16,29,9.418506944444445,2026-06-14 07:56:59,2026-06-23 17:59:38,21,9,0.42857142857142855,0.24469699486521046,0.6376490035522729,False,55.7,False,EUR,-0.001428574199476712,0.0001270368488979318,False,15,8,Match,0.13793103448275862,0.0,0.10344827586206896,False
MAH-01-55363,string,EUSKADI,12,40,11.96869212962963,2026-06-11 15:34:58,2026-06-23 14:49:53,21,9,0.42857142857142855,0.24469699486521046,0.6376490035522729,False,55.7,False,EUR,0.005258458191390917,-0.0031390958655153067,False,18,7,Match corners,0.075,0.0,0.0,False
2571630,numeric,CASTILLA LA MANCHA,31,31,13.315277777777778,2026-06-10 12:24:28,2026-06-23 19:58:28,21,9,0.42857142857142855,0.24469699486521046,0.6376490035522729,False,55.7,False,EUR,0.021225679952835242,0.013031579759458064,False,18,14,Match shots on target,0.3870967741935484,0.0,0.8709677419354839,False
MAH-01-13302,string,EUSKADI,12,27,8.041782407407407,2026-06-14 09:26:48,2026-06-22 10:26:58,24,10,0.4166666666666667,0.24467347246538232,0.6795079743216357,False,55.4,False,EUR,-0.005010900679027051,0.007198713845686114,False,19,8,Player to score in fisrt ten minutes (from 0:00 to 9:59),0.1111111111111111,0.0,0.0,False
MAH-03-27832,string,VALENCIA,28,86,9.56380787037037,2026-06-12 09:24:06,2026-06-21 22:55:59,24,10,0.4166666666666667,0.24467347246538232,0.6795079743216357,False,55.4,False,EUR,-0.015253825746797864,-0.005921826821709053,False,9,7,Home-side combo (bet builder),0.023255813953488372,0.0,0.011627906976744186,False
MAH-01-18008,string,EUSKADI,18,31,12.695636574074074,2026-06-10 17:35:24,2026-06-23 10:17:07,24,10,0.4166666666666667,0.24467347246538232,0.6795079743216357,False,55.4,False,EUR,0.026373418595049727,0.0033768283749663805,False,15,9,To score 2 or more goals (Star Substitute),0.16129032258064516,0.0,0.22580645161290322,True
MAH-05-15015,string,ARAGON,17,40,13.804305555555555,2026-06-08 18:30:37,2026-06-22 13:48:49,24,10,0.4166666666666667,0.24467347246538232,0.6795079743216357,False,55.4,False,EUR,0.002179005975510912,0.007785125434120986,False,11,9,Home-side combo (bet builder),0.1,0.0,0.0,False
MAH-01-01102,string,EUSKADI,41,48,13.508761574074073,2026-06-09 17:14:00,2026-06-23 05:26:37,37,14,0.3783783783783784,0.2406378746389103,0.8331922142301178,False,55.3,False,EUR,0.026805379451963696,0.017668252044997654,False,24,7,Anytime goalscorer (Star Substitute),0.0625,0.0,0.125,True
MAH-11-09011,string,CATALUNYA,29,49,12.135983796296296,2026-06-11 16:40:34,2026-06-23 19:56:23,37,14,0.3783783783783784,0.2406378746389103,0.8331922142301178,False,55.3,False,EUR,-0.00727706834107822,-0.004363789743135683,False,25,11,Team corners,0.20408163265306123,0.061224489795918366,0.0,False
MAH-01-01125,string,EUSKADI,38,106,9.040659722222221,2026-06-12 15:33:06,2026-06-21 16:31:39,37,14,0.3783783783783784,0.2406378746389103,0.8331922142301178,False,55.3,False,EUR,0.0027220943323822615,0.009182991969309823,False,27,10,Home-side combo (bet builder),0.12264150943396226,0.018867924528301886,0.24528301886792453,True
MAH-05-15123,string,ARAGON,33,41,12.509733796296297,2026-06-11 07:41:30,2026-06-23 19:55:31,34,13,0.38235294117647056,0.23899964851608782,0.8140496619399772,False,55.1,False,EUR,-0.0015511421523228253,-0.0032155477299928327,False,21,15,Home-side combo (bet builder),0.17073170731707318,0.0,0.1951219512195122,False
MAH-10-30009,string,MADRID,34,43,13.097800925925926,2026-06-10 17:35:51,2026-06-23 19:56:41,34,13,0.38235294117647056,0.23899964851608782,0.8140496619399772,False,55.1,False,EUR,-0.02947902709498019,-0.010655490097299655,False,18,18,Saves (Star Substitute),0.3488372093023256,0.0,0.4418604651162791,True
MAH-01-01124,string,EUSKADI,19,41,9.803344907407407,2026-06-13 18:53:01,2026-06-23 14:09:50,31,12,0.3870967741935484,0.23732875351271562,0.7921830632625817,False,55.0,False,EUR,0.01674542934012055,0.0049636732033567455,False,20,10,Home-side combo (bet builder),0.12195121951219512,0.0,0.0,False
MAH-01-12132,string,EUSKADI,18,40,11.658773148148148,2026-06-11 18:17:03,2026-06-23 10:05:41,31,12,0.3870967741935484,0.23732875351271562,0.7921830632625817,False,55.0,False,EUR,0.12210379249109768,-0.0007125944613404211,False,17,13,Match,0.225,0.0,0.225,True
MAH-05-15361,string,ARAGON,16,39,10.952592592592593,2026-06-11 10:20:26,2026-06-22 09:12:10,31,12,0.3870967741935484,0.23732875351271562,0.7921830632625817,False,55.0,False,EUR,0.0010878765114551649,0.0038184137218381744,False,22,8,1-X-2 / 2 goals Up,0.1282051282051282,0.0,0.10256410256410256,False
MAH-23-06004,string,PERU,29,34,12.838900462962963,2026-06-10 19:03:05,2026-06-23 15:11:06,31,12,0.3870967741935484,0.23732875351271562,0.7921830632625817,False,55.0,False,PEN,-0.005469648074045696,-0.0006671567975775312,False,22,8,To score or assist (Star Substitute),0.11764705882352941,0.0,0.23529411764705882,False
1121972,numeric,ESTATAL,18,18,6.008148148148148,2026-06-11 18:09:12,2026-06-17 18:20:56,10,5,0.5,0.2365895936154873,,False,54.6,False,EUR,0.03578848762195906,0.04197138667007392,False,5,6,Saves (Star Substitute),0.5555555555555556,0.3888888888888889,0.8333333333333334,True
2628942,numeric,PERU,43,43,10.755451388888888,2026-06-13 03:43:33,2026-06-23 21:51:24,10,5,0.5,0.2365895936154873,,False,54.6,False,PEN,0.09955645728295366,0.09287012280266076,False,7,9,Match shots,0.046511627906976744,0.4883720930232558,1.0,False
1466448,numeric,ESTATAL,22,23,7.543298611111111,2026-06-12 08:45:35,2026-06-19 21:47:56,10,5,0.5,0.2365895936154873,,False,54.6,False,EUR,0.00656836495169339,0.04054418911007337,False,7,12,Team shots outside the box,0.5217391304347826,0.0,0.9130434782608695,True
1349814,numeric,ESTATAL,13,17,1.8385416666666667,2026-06-21 22:31:23,2026-06-23 18:38:53,10,5,0.5,0.2365895936154873,,False,54.6,False,EUR,0.01379888347763841,0.024330521365473267,False,6,3,goal scorer (Star Substitute),0.11764705882352941,0.11764705882352941,0.5294117647058824,False
799957,numeric,EUSKADI,15,16,7.119884259259259,2026-06-13 20:48:52,2026-06-20 23:41:30,10,5,0.5,0.2365895936154873,,False,54.6,False,EUR,0.004686683890241662,0.014127294972882742,False,6,8,Player to score in fisrt ten minutes (from 0:00 to 9:59),0.5,0.1875,0.75,False
2055241,numeric,PERU,13,13,6.031863425925926,2026-06-17 16:25:58,2026-06-23 17:11:51,10,5,0.5,0.2365895936154873,,False,54.6,False,PEN,0.03105629144910649,0.014418591446019802,False,5,5,To score 2 or more goals (Star Substitute),0.38461538461538464,0.23076923076923078,1.0,False
1680756,numeric,ESTATAL,12,12,7.405405092592592,2026-06-16 11:14:56,2026-06-23 20:58:43,10,5,0.5,0.2365895936154873,,False,54.6,False,EUR,0.04941988000409344,0.04941988000409344,False,9,2,To score 2 or more goals (Star Substitute),0.3333333333333333,0.16666666666666666,1.0,False
1428021,numeric,ANDALUCIA,12,12,9.173518518518518,2026-06-10 16:51:25,2026-06-19 21:01:17,10,5,0.5,0.2365895936154873,,False,54.6,False,EUR,0.04550095730045701,0.04753440444806217,False,9,8,1st half: Corners,0.16666666666666666,0.0,1.0,False
MAH-01-05428,string,EUSKADI,15,44,10.577314814814814,2026-06-10 20:42:52,2026-06-21 10:34:12,10,5,0.5,0.2365895936154873,,False,54.6,False,EUR,0.04375339952514997,0.011629488746179995,False,10,4,1-X-2 / 2 goals Up,0.022727272727272728,0.13636363636363635,0.1590909090909091,False
MAH-02-01829,string,NAVARRA,16,25,9.89423611111111,2026-06-11 17:28:42,2026-06-21 14:56:24,10,5,0.5,0.2365895936154873,,False,54.6,False,EUR,0.018632789127195338,0.013851643053364327,False,9,5,1-X-2 / 2 goals Up,0.08,0.0,0.04,False
MAH-01-12101,string,EUSKADI,10,18,5.975578703703704,2026-06-16 17:58:48,2026-06-22 17:23:38,10,5,0.5,0.2365895936154873,,False,54.6,False,EUR,0.014036587485840205,0.014145576435098329,False,8,3,Team corners,0.1111111111111111,0.0,0.3888888888888889,False
2583104,numeric,ESTATAL,13,17,8.977002314814815,2026-06-14 22:11:20,2026-06-23 21:38:13,10,5,0.5,0.2365895936154873,,False,54.6,False,EUR,0.04021097080511765,0.017639689442041296,False,9,5,To score or assist (Star Substitute),0.17647058823529413,0.4117647058823529,0.5294117647058824,False
MAH-01-13501,string,EUSKADI,10,13,14.161145833333334,2026-06-09 16:05:09,2026-06-23 19:57:12,10,5,0.5,0.2365895936154873,,False,54.6,False,EUR,0.014933851019481196,0.027799243683246478,False,10,4,Team corners,0.3076923076923077,0.07692307692307693,0.23076923076923078,False
MAH-01-53451,string,EUSKADI,19,63,9.331851851851852,2026-06-13 11:05:46,2026-06-22 19:03:38,28,11,0.39285714285714285,0.23565451827580033,0.7670482337514789,False,54.2,False,EUR,0.009036117465205178,0.00505216639600485,False,19,11,Home-side combo (bet builder),0.047619047619047616,0.0,0.031746031746031744,False
MAH-01-13171,string,EUSKADI,61,82,9.2775,2026-06-14 08:51:39,2026-06-23 15:31:15,28,11,0.39285714285714285,0.23565451827580033,0.7670482337514789,False,54.2,False,EUR,-0.0036380824627807195,0.001162532452807124,False,16,15,Player to score in fisrt ten minutes (from 0:00 to 9:59),0.2073170731707317,0.012195121951219513,0.024390243902439025,False
MAH-01-04957,string,EUSKADI,25,38,11.536967592592593,2026-06-12 06:33:44,2026-06-23 19:26:58,28,11,0.39285714285714285,0.23565451827580033,0.7670482337514789,False,54.2,False,EUR,0.008771613083381504,-0.006237579869991211,False,19,21,Match corners,0.15789473684210525,0.02631578947368421,0.18421052631578946,False
MAH-05-15323,string,ARAGON,33,44,7.338668981481481,2026-06-16 11:50:17,2026-06-23 19:57:58,28,11,0.39285714285714285,0.23565451827580033,0.7670482337514789,False,54.2,False,EUR,0.10577859219729689,0.00700609709193623,False,14,16,Hat trick (three or more goals) (Star Substitute),0.4318181818181818,0.045454545454545456,0.4090909090909091,False
MAH-03-27653,string,VALENCIA,74,212,12.756944444444445,2026-06-10 14:29:20,2026-06-23 08:39:20,62,21,0.3387096774193548,0.2334153463018197,0.964957256905661,False,54.0,False,EUR,-0.03242921306145894,-0.0226968506652724,False,27,10,To score 2 or more goals (Star Substitute),0.009433962264150943,0.0047169811320754715,0.19339622641509435,True
MAH-03-03686,string,VALENCIA,34,46,14.835613425925926,2026-06-06 19:47:58,2026-06-21 15:51:15,25,10,0.4,0.23403057664190918,0.7379345959662807,False,54.0,False,EUR,0.03268020137730882,0.0018382671411266544,False,19,9,1-X-2 / 2 goals Up,0.13043478260869565,0.043478260869565216,0.06521739130434782,False
1377160,numeric,EUSKADI,50,53,9.976458333333333,2026-06-13 20:48:31,2026-06-23 20:14:37,25,10,0.4,0.23403057664190918,0.7379345959662807,False,54.0,False,EUR,-0.01441876747330216,-0.011807178456070147,False,11,9,Anytime goalscorer (Star Substitute),0.24528301886792453,0.39622641509433965,0.8490566037735849,True
2047436,numeric,PERU,29,36,12.922175925925925,2026-06-10 19:42:36,2026-06-23 17:50:32,22,9,0.4090909090909091,0.23255559668820378,0.7038878822778524,False,53.9,False,PEN,0.007241902526973476,-0.0018009461305121518,False,21,6,Anytime goalscorer (Star Substitute),0.19444444444444445,0.2222222222222222,0.3333333333333333,False
MAH-01-00370,string,EUSKADI,35,59,12.284131944444445,2026-06-10 10:02:52,2026-06-22 16:52:01,22,9,0.4090909090909091,0.23255559668820378,0.7038878822778524,False,53.9,False,EUR,-0.017207868937557363,-0.008006035146760293,False,18,13,To score from outside the box (Star Substitute),0.05084745762711865,0.03389830508474576,0.0847457627118644,False
MAH-01-55361,string,EUSKADI,25,99,7.097372685185185,2026-06-15 09:27:11,2026-06-22 11:47:24,22,9,0.4090909090909091,0.23255559668820378,0.7038878822778524,False,53.9,False,EUR,0.06808443512215147,0.007525227809449874,False,18,7,Home-side combo (bet builder),0.0707070707070707,0.0,0.10101010101010101,True
MAH-01-51183,string,EUSKADI,41,69,12.9209375,2026-06-09 17:17:54,2026-06-22 15:24:03,45,16,0.35555555555555557,0.23218891356904045,0.911390109143809,False,53.7,False,EUR,-0.028099446173067106,-0.020470174524291996,False,26,19,Most Saves - vs (both starters),0.13043478260869565,0.0,0.15942028985507245,True
MAH-16-12003,string,CANTABRIA,54,75,15.922569444444445,2026-06-07 21:10:13,2026-06-23 19:18:43,45,16,0.35555555555555557,0.23218891356904045,0.911390109143809,False,53.7,False,EUR,0.01063894268151566,0.006305425373400746,False,29,21,Home-side combo (bet builder),0.4266666666666667,0.013333333333333334,0.30666666666666664,True
MAH-01-16002,string,EUSKADI,21,25,5.933993055555556,2026-06-17 18:09:09,2026-06-23 16:34:06,13,6,0.46153846153846156,0.23205754301488138,,False,53.5,False,EUR,0.0017647419600366101,0.0001629361327487503,False,9,9,To score 2 or more goals (Star Substitute),0.48,0.0,0.2,False
574491,numeric,EUSKADI,17,17,8.979583333333334,2026-06-13 20:56:58,2026-06-22 20:27:34,13,6,0.46153846153846156,0.23205754301488138,,False,53.5,False,EUR,0.010881011078214677,0.012123683808995943,False,12,5,1-X-2 / 2 goals Up,0.47058823529411764,0.17647058823529413,1.0,False
1093332,numeric,EUSKADI,20,30,29.092037037037038,2026-05-24 07:26:59,2026-06-22 09:39:31,13,6,0.46153846153846156,0.23205754301488138,,False,53.5,False,EUR,-0.036661948213057204,-0.035507238003413946,False,10,5,Anytime goalscorer (Star Substitute),0.0,0.0,0.0,False
1511212,numeric,EUSKADI,19,26,13.80386574074074,2026-06-09 00:46:21,2026-06-22 20:03:55,13,6,0.46153846153846156,0.23205754301488138,,False,53.5,False,EUR,0.029679946110592822,0.027744226383730756,False,9,4,To score or assist (Star Substitute),0.07692307692307693,0.0,0.0,False
1730348,numeric,EUSKADI,12,17,9.07511574074074,2026-06-14 07:59:53,2026-06-23 09:48:03,13,6,0.46153846153846156,0.23205754301488138,,False,53.5,False,EUR,0.04289362667182705,0.012887372658599943,False,12,6,Home-side combo (bet builder),0.0,0.0,0.0,False
2525681,numeric,ESTATAL,12,17,6.808877314814815,2026-06-12 18:55:20,2026-06-19 14:20:07,13,6,0.46153846153846156,0.23205754301488138,,False,53.5,False,EUR,-0.012576579774940594,-0.002058071485282954,False,13,2,1-X-2 / 2 goals Up,0.23529411764705882,0.0,0.11764705882352941,False
MAH-02-14005,string,NAVARRA,10,14,10.423900462962964,2026-06-12 07:52:16,2026-06-22 18:02:41,13,6,0.46153846153846156,0.23205754301488138,,False,53.5,False,EUR,-0.00264837451109467,-0.01306897135647127,False,9,7,Team corners,0.0,0.0,0.0,False
MAH-01-13272,string,EUSKADI,11,19,9.648946759259259,2026-06-13 00:10:45,2026-06-22 15:45:14,13,6,0.46153846153846156,0.23205754301488138,,False,53.5,False,EUR,0.01690195217713978,0.0010145242377328928,False,13,5,To score or assist (Star Substitute),0.21052631578947367,0.15789473684210525,0.2631578947368421,True
1453204,numeric,EUSKADI,21,35,8.858148148148148,2026-06-13 19:43:17,2026-06-22 16:19:01,13,6,0.46153846153846156,0.23205754301488138,,False,53.5,False,EUR,0.015345954302129833,-0.02279212560767118,False,10,3,Match penalty scored,0.37142857142857144,0.0,0.2571428571428571,True
MAH-03-03208,string,VALENCIA,24,31,12.031701388888889,2026-06-10 18:06:18,2026-06-22 18:51:57,13,6,0.46153846153846156,0.23205754301488138,,False,53.5,False,EUR,-0.003155763612514706,0.028562217949980186,False,11,8,Match corners,0.12903225806451613,0.1935483870967742,0.0967741935483871,False
MAH-01-05264,string,EUSKADI,39,57,10.014699074074073,2026-06-13 18:58:21,2026-06-23 19:19:31,35,13,0.37142857142857144,0.2316560736889106,0.8493017210454621,False,53.2,False,EUR,0.00698965611684186,0.012008939472991592,False,18,12,To score or assist (Star Substitute),0.5263157894736842,0.0,0.49122807017543857,True
MAH-10-38002,string,MADRID,28,62,16.454375,2026-06-06 09:03:51,2026-06-22 19:58:09,35,13,0.37142857142857144,0.2316560736889106,0.8493017210454621,False,53.2,False,EUR,-0.021776002998108786,-0.014527119447419154,False,24,4,Match,0.14516129032258066,0.0,0.0,False
MAH-19-00201,string,ANDALUCIA,10,22,8.987361111111111,2026-06-13 17:00:40,2026-06-22 16:42:28,19,8,0.42105263157894735,0.2314162039203038,,False,52.9,False,EUR,0.014083805732669704,0.008475919499487164,False,15,9,1-X-2 / 2 goals Up,0.09090909090909091,0.0,0.0,False
2207088,numeric,EUSKADI,15,22,6.936273148148148,2026-06-16 17:20:43,2026-06-23 15:48:57,19,8,0.42105263157894735,0.2314162039203038,,False,52.9,False,EUR,-0.0017641735199327674,-0.0009387838735914464,False,15,4,Match,0.22727272727272727,0.0,0.45454545454545453,False
MAH-03-24165,string,VALENCIA,13,22,12.044247685185185,2026-06-11 18:12:06,2026-06-23 19:15:49,19,8,0.42105263157894735,0.2314162039203038,,False,52.9,False,EUR,0.0066196690330405225,-0.0010211191351963368,False,16,10,Shots on target (Star Substitute),0.13636363636363635,0.09090909090909091,0.045454545454545456,False
MAH-01-49412,string,EUSKADI,12,26,12.656643518518518,2026-06-09 22:47:40,2026-06-22 14:33:14,19,8,0.42105263157894735,0.2314162039203038,,False,52.9,False,EUR,0.00275679268805714,0.006523804428707077,False,16,5,1-X-2 / 2 goals Up,0.07692307692307693,0.0,0.038461538461538464,False
MAH-02-01737,string,NAVARRA,28,45,12.370451388888888,2026-06-10 08:52:43,2026-06-22 17:46:10,19,8,0.42105263157894735,0.2314162039203038,,False,52.9,False,EUR,0.012150168668526529,0.011607320814782484,False,17,8,1-X-2 / 2 goals Up,0.2222222222222222,0.022222222222222223,0.08888888888888889,False
MAH-04-07613,string,GALICIA,11,22,12.018368055555555,2026-06-10 12:28:12,2026-06-22 12:54:39,19,8,0.42105263157894735,0.2314162039203038,,False,52.9,False,EUR,-0.002220389492669896,0.011881377580827546,False,13,5,goal scorer (Star Substitute),0.0,0.0,0.0,False
MAH-02-02158,string,NAVARRA,19,42,10.98730324074074,2026-06-10 21:57:59,2026-06-21 21:39:42,19,8,0.42105263157894735,0.2314162039203038,,False,52.9,False,EUR,0.0037924709469755696,-0.006867337094357775,False,15,5,Match penalty missed,0.21428571428571427,0.0,0.0,False
MAH-11-14006,string,CATALUNYA,13,45,21.05383101851852,2026-05-29 17:25:46,2026-06-19 18:43:17,16,7,0.4375,0.2309836333518552,,False,52.4,False,EUR,-0.0164090318995316,-0.011992341607315923,False,11,5,Team corners,0.044444444444444446,0.0,0.08888888888888889,False
2056081,numeric,EUSKADI,27,30,10.983252314814814,2026-06-12 18:37:58,2026-06-23 18:13:51,16,7,0.4375,0.2309836333518552,,False,52.4,False,EUR,0.001107032032683819,0.0009919098852805052,False,12,2,Saves (Star Substitute),0.5333333333333333,0.0,0.7666666666666667,False
MAH-11-09006,string,CATALUNYA,12,22,9.78787037037037,2026-06-13 21:23:28,2026-06-23 16:18:00,16,7,0.4375,0.2309836333518552,,False,52.4,False,EUR,0.007910900849225827,-0.015954325197822812,False,15,7,Match corners,0.13636363636363635,0.09090909090909091,0.3181818181818182,False
MAH-11-07001,string,CATALUNYA,21,30,12.944189814814814,2026-06-09 21:08:00,2026-06-22 19:47:38,16,7,0.4375,0.2309836333518552,,False,52.4,False,EUR,0.04522124561701113,-0.009684410280638017,False,11,9,Home-side combo (bet builder),0.3,0.03333333333333333,0.06666666666666667,False
MAH-12-10003,string,CANARIAS,11,19,13.027453703703705,2026-06-10 15:45:12,2026-06-23 16:24:44,16,7,0.4375,0.2309836333518552,,False,52.4,False,EUR,0.05289256543371919,0.019624108534525682,False,14,12,Away-side combo (bet builder),0.10526315789473684,0.0,0.2631578947368421,False
MAH-01-00871,string,EUSKADI,15,25,9.832731481481481,2026-06-13 21:33:54,2026-06-23 17:33:02,16,7,0.4375,0.2309836333518552,,False,52.4,False,EUR,-0.001423131578346933,0.005976102997781597,False,13,13,1-X-2 / 2 goals Up,0.24,0.08,0.2,False
1404122,numeric,NAVARRA,20,25,12.205578703703704,2026-06-11 11:48:23,2026-06-23 16:44:25,16,7,0.4375,0.2309836333518552,,False,52.4,False,EUR,0.007564628873636191,0.010905159513938542,False,12,10,Home-side combo (bet builder),0.6,0.04,0.36,False
MAH-04-08009,string,GALICIA,16,18,11.92925925925926,2026-06-10 18:12:18,2026-06-22 16:30:26,16,7,0.4375,0.2309836333518552,,False,52.4,False,EUR,-0.009027841934670027,0.008286681147426797,False,12,6,To score 2 or more goals (Star Substitute),0.2777777777777778,0.0,0.2777777777777778,False
2499816,numeric,EUSKADI,23,23,8.14900462962963,2026-06-15 14:25:06,2026-06-23 17:59:40,16,7,0.4375,0.2309836333518552,,False,52.4,False,EUR,0.016565516279145962,0.017518686120792402,False,9,4,1st half: Corners,0.13043478260869565,0.17391304347826086,1.0,True
1624919,numeric,ESTATAL,104,399,12.530972222222223,2026-06-10 15:50:38,2026-06-23 04:35:14,16,7,0.4375,0.2309836333518552,,False,52.4,False,EUR,0.09614661347220772,0.11966276724839181,False,11,10,Player most passes (voiding in case of tie),0.15037593984962405,0.02506265664160401,0.19799498746867167,True
1965333,numeric,ESTATAL,15,18,8.05386574074074,2026-06-15 15:19:41,2026-06-23 16:37:15,16,7,0.4375,0.2309836333518552,,False,52.4,False,EUR,0.008498503920450259,0.010469281750436148,False,12,5,Match shots on target,0.5,0.0,0.3333333333333333,False
MAH-01-48092,string,EUSKADI,10,22,8.31087962962963,2026-06-14 09:19:33,2026-06-22 16:47:13,16,7,0.4375,0.2309836333518552,,False,52.4,False,EUR,0.02957405854319645,0.01653361639310638,False,11,9,Home-side combo (bet builder),0.13636363636363635,0.0,0.13636363636363635,False
MAH-01-05159,string,EUSKADI,13,22,10.93212962962963,2026-06-12 17:08:37,2026-06-23 15:30:53,16,7,0.4375,0.2309836333518552,,False,52.4,False,EUR,0.012222973529380704,-0.003611806462074464,False,12,11,1-X-2 / 2 goals Up,0.09090909090909091,0.0,0.09090909090909091,False
MAH-19-24001,string,ANDALUCIA,15,24,9.037650462962963,2026-06-14 17:50:59,2026-06-23 18:45:12,16,7,0.4375,0.2309836333518552,,False,52.4,False,EUR,-0.009446922521339201,-0.0007698666049701418,False,13,7,1-X-2 / 2 goals Up,0.20833333333333334,0.0,0.08333333333333333,False
MAH-05-01007,string,ARAGON,10,18,9.606574074074073,2026-06-13 19:18:05,2026-06-23 09:51:33,16,7,0.4375,0.2309836333518552,,False,52.4,False,EUR,0.008404067805138875,0.010204943349083569,False,14,3,Home-side combo (bet builder),0.0,0.0,0.0,False
MAH-01-13002,string,EUSKADI,10,18,12.101585648148149,2026-06-11 15:51:27,2026-06-23 18:17:44,16,7,0.4375,0.2309836333518552,,False,52.4,False,EUR,0.042787788273147644,0.012067818663553755,False,14,7,Shots on target (Star Substitute),0.1111111111111111,0.05555555555555555,0.3333333333333333,False
2414664,numeric,PERU,11,13,13.807939814814814,2026-06-08 21:37:58,2026-06-22 17:01:24,5,3,0.6,0.23071993220883702,,False,51.6,False,PEN,0.013277105245665971,0.007337402622740663,False,5,3,To score or assist (Star Substitute),0.07692307692307693,0.3076923076923077,0.38461538461538464,False
2145859,numeric,EUSKADI,12,12,7.278877314814815,2026-06-12 15:06:48,2026-06-19 21:48:23,5,3,0.6,0.23071993220883702,,False,51.6,False,EUR,0.03956142903408113,0.011637926223561612,False,5,5,Shots (Star Substitute),0.16666666666666666,0.16666666666666666,0.75,False
2084365,numeric,ANDALUCIA,35,36,12.39267361111111,2026-06-10 17:05:22,2026-06-23 02:30:49,5,3,0.6,0.23071993220883702,,False,51.6,False,EUR,0.007551044802033321,0.11287790189373856,False,4,10,Team exact bookings (only players and in play),0.05555555555555555,0.75,0.8611111111111112,False
2416274,numeric,ESTATAL,12,13,4.257916666666667,2026-06-15 15:13:10,2026-06-19 21:24:34,5,3,0.6,0.23071993220883702,,False,51.6,False,EUR,0.005003194224952893,0.005039283858645449,False,5,2,Shots on target (Star Substitute),0.3076923076923077,0.46153846153846156,0.7692307692307693,False
2009186,numeric,ESTATAL,15,15,4.345914351851852,2026-06-15 15:50:24,2026-06-20 00:08:31,5,3,0.6,0.23071993220883702,,False,51.6,False,EUR,0.00412550990675987,0.0036903409090908836,False,5,5,Team shots on target,0.7333333333333333,0.26666666666666666,1.0,False
1681289,numeric,EUSKADI,14,16,6.94199074074074,2026-06-16 21:22:25,2026-06-23 19:58:53,5,3,0.6,0.23071993220883702,,False,51.6,False,EUR,0.01205422248513742,-0.0008150947292949074,False,5,5,Home-side combo (bet builder),0.6875,0.0,0.75,False
1762069,numeric,ESTATAL,12,12,6.741331018518519,2026-06-12 21:03:27,2026-06-19 14:50:58,5,3,0.6,0.23071993220883702,,False,51.6,False,EUR,0.016129075306542496,0.012146492523101005,False,4,2,To score or assist (Star Substitute),0.0,0.0,0.0,False
MAH-19-64003,string,ANDALUCIA,38,49,8.025671296296297,2026-06-11 10:39:48,2026-06-19 11:16:46,5,3,0.6,0.23071993220883702,,False,51.6,False,EUR,0.011128076251580236,0.015447118279948912,False,5,1,1-X-2 / 2 goals Up,0.0,0.0,0.0,False
1958979,numeric,ESTATAL,14,14,7.055046296296296,2026-06-13 17:39:42,2026-06-20 18:58:58,5,3,0.6,0.23071993220883702,,False,51.6,False,EUR,0.04317902234905389,0.026195993682091502,False,5,2,1-X-2 / 2 goals Up,0.14285714285714285,0.0,0.0,False
1764286,numeric,EUSKADI,10,10,6.952847222222222,2026-06-15 21:58:29,2026-06-22 20:50:35,5,3,0.6,0.23071993220883702,,False,51.6,False,EUR,0.014122858753086786,0.010657512218433318,False,5,4,To score 2 or more goals (Star Substitute),0.8,0.2,1.0,False
2353741,numeric,EUSKADI,10,10,0.01636574074074074,2026-06-15 07:37:04,2026-06-15 08:00:38,5,3,0.6,0.23071993220883702,,False,51.6,False,EUR,0.034286406630097695,0.008382198600842527,False,1,2,To score 2 or more goals (Star Substitute),0.0,0.0,1.0,True
1157329,numeric,EUSKADI,18,18,6.983981481481481,2026-06-14 13:56:26,2026-06-21 13:33:22,5,3,0.6,0.23071993220883702,,False,51.6,False,EUR,0.01752795623142228,0.019630402172122398,False,3,9,To score or assist (Star Substitute),0.3888888888888889,0.4444444444444444,1.0,False
2490135,numeric,ESTATAL,15,15,11.043298611111112,2026-06-12 19:33:16,2026-06-23 20:35:37,5,3,0.6,0.23071993220883702,,False,51.6,False,EUR,0.011283317197079718,0.009754217192160764,False,5,4,Anytime goalscorer (Star Substitute),0.6666666666666666,0.26666666666666666,0.6666666666666666,False
MAH-07-01002,string,CATALUNYA,11,12,8.932152777777778,2026-06-13 21:55:55,2026-06-22 20:18:13,5,3,0.6,0.23071993220883702,,False,51.6,False,EUR,0.08095386804593104,0.026225724273783713,False,5,5,Team corners,0.75,0.0,0.3333333333333333,False
2568459,numeric,ESTATAL,14,15,4.212210648148148,2026-06-11 17:52:26,2026-06-15 22:58:01,5,3,0.6,0.23071993220883702,,False,51.6,False,EUR,0.005012871587911073,-0.004053728581524441,False,3,9,Player headed shots on target (Star Substitute),0.4,0.0,0.7333333333333333,False
1638658,numeric,ESTATAL,46,130,6.8930439814814815,2026-06-14 19:25:52,2026-06-21 16:51:51,5,3,0.6,0.23071993220883702,,False,51.6,False,EUR,0.016073616776580108,0.014384771457697476,False,4,1,Match,0.015384615384615385,0.0,0.13076923076923078,True
1582135,numeric,ESTATAL,35,35,10.939467592592592,2026-06-11 18:26:51,2026-06-22 16:59:41,5,3,0.6,0.23071993220883702,,False,51.6,False,EUR,0.004461640995260696,0.005197365031939016,False,4,4,Tackles (Star Substitute),0.8857142857142857,0.0,1.0,True
2191240,numeric,ANDALUCIA,10,15,3.9146412037037037,2026-06-10 20:46:36,2026-06-14 18:43:41,5,3,0.6,0.23071993220883702,,False,51.6,False,EUR,0.016077887333068114,0.023086073846847,False,4,4,Match,0.2,0.26666666666666666,0.4,False
2266368,numeric,PERU,20,45,12.940694444444444,2026-06-09 20:38:16,2026-06-22 19:12:52,42,15,0.35714285714285715,0.22988992501626865,0.9018941647874152,False,51.1,False,PEN,-0.00964961749713605,-0.007768186211729316,False,22,8,Match corners,0.08888888888888889,0.0,0.044444444444444446,False
1588232,numeric,ESTATAL,50,65,4.938125,2026-06-13 21:03:17,2026-06-18 19:34:11,32,12,0.375,0.2293366846595921,0.8318352394656267,False,51.1,False,EUR,0.013744903933626172,-0.03394561806857291,False,18,17,1st half: Team corners,0.36923076923076925,0.046153846153846156,0.6307692307692307,False
MAH-03-24161,string,VALENCIA,21,57,10.226631944444444,2026-06-12 16:56:19,2026-06-22 22:22:40,29,11,0.3793103448275862,0.2268779573086734,0.811815906087508,False,50.9,False,EUR,0.0034743483822944274,-0.009117676109683216,False,19,11,To score or assist (Star Substitute),0.07017543859649122,0.0,0.017543859649122806,False
MAH-05-15163,string,ARAGON,26,45,11.424224537037038,2026-06-11 09:33:55,2026-06-22 19:44:48,29,11,0.3793103448275862,0.2268779573086734,0.811815906087508,False,50.9,False,EUR,-0.003675868709201423,-0.010234494040675573,False,20,8,Match,0.1111111111111111,0.0,0.022222222222222223,False
MAH-01-00920,string,EUSKADI,11,30,6.059618055555555,2026-06-16 15:48:39,2026-06-22 17:14:30,29,11,0.3793103448275862,0.2268779573086734,0.811815906087508,False,50.9,False,EUR,0.004690320360293511,0.007148911406768731,False,21,6,Home-side combo (bet builder),0.1,0.0,0.0,False
MAH-03-27571,string,VALENCIA,35,50,11.631388888888889,2026-06-11 18:53:02,2026-06-23 10:02:14,29,11,0.3793103448275862,0.2268779573086734,0.811815906087508,False,50.9,False,EUR,-0.005142011524560111,-0.01710324549554903,False,24,13,To score or assist (Star Substitute),0.16,0.04,0.24,True
MAH-01-13473,string,EUSKADI,32,47,12.967268518518518,2026-06-10 14:25:33,2026-06-23 13:38:25,29,11,0.3793103448275862,0.2268779573086734,0.811815906087508,False,50.9,False,EUR,-0.0021119287284445073,0.0027258430328061293,False,18,14,To score 2 or more goals (Star Substitute),0.1276595744680851,0.0425531914893617,0.23404255319148937,False
1109074,numeric,MADRID,15,53,9.948171296296296,2026-06-12 18:03:03,2026-06-22 16:48:25,29,11,0.3793103448275862,0.2268779573086734,0.811815906087508,False,50.9,False,EUR,-0.00967404509855808,-0.00753123530132004,False,23,7,Home-side combo (bet builder),0.07547169811320754,0.0,0.0,False
MAH-23-01405,string,PERU,68,79,11.684467592592593,2026-06-12 00:13:25,2026-06-23 16:39:03,46,16,0.34782608695652173,0.22680806269918058,0.9291276519956712,False,50.7,False,PEN,0.01834008382165733,0.002453682249332903,False,21,15,Match corners,0.3924050632911392,0.012658227848101266,0.6075949367088608,True
MAH-01-53321,string,EUSKADI,50,81,13.389895833333334,2026-06-10 09:19:52,2026-06-23 18:41:19,53,18,0.33962264150943394,0.22686862857429077,0.9535642765694261,False,50.7,False,EUR,0.0006202543887324818,0.0022534172922690702,False,28,18,Shots on target (Star Substitute),0.30864197530864196,0.024691358024691357,0.19753086419753085,False
MAH-01-05591,string,EUSKADI,29,39,11.024166666666666,2026-06-10 17:58:43,2026-06-21 18:33:31,26,10,0.38461538461538464,0.22428359511834425,0.7887029342459103,False,50.6,False,EUR,-0.0012271181136685617,0.007747369043950172,False,16,16,Home-side combo (bet builder),0.15384615384615385,0.07692307692307693,0.0,False
MAH-01-49801,string,EUSKADI,27,37,12.055636574074073,2026-06-11 18:35:20,2026-06-23 19:55:27,26,10,0.38461538461538464,0.22428359511834425,0.7887029342459103,False,50.6,False,EUR,0.011030256418563223,0.003896654924562998,False,20,14,Away-side combo (bet builder),0.32432432432432434,0.0,0.2972972972972973,False
2571945,numeric,ESTATAL,54,54,9.863738425925925,2026-06-11 18:57:52,2026-06-21 15:41:39,26,10,0.38461538461538464,0.22428359511834425,0.7887029342459103,False,50.6,False,EUR,-0.020381110353814753,-0.010542465373418434,False,14,16,Shots on target (Star Substitute),0.7407407407407407,0.09259259259259259,1.0,False
MAH-04-07750,string,GALICIA,32,37,11.123333333333333,2026-06-10 18:50:45,2026-06-21 21:48:21,33,12,0.36363636363636365,0.22186966167959873,0.8654368317870084,False,50.5,False,EUR,-0.0184829402823605,-0.017133205106484826,False,22,6,Match penalty scored,0.5675675675675675,0.0,0.7567567567567568,True
MAH-01-49781,string,EUSKADI,32,52,11.451122685185185,2026-06-12 08:46:51,2026-06-23 19:36:28,43,15,0.3488372093023256,0.22418398748963103,0.9216990566263927,False,50.5,False,EUR,0.001170276271661262,0.0062575844932150765,False,23,13,To score or assist (Star Substitute),0.3269230769230769,0.0,0.3269230769230769,True
MAH-01-01560,string,EUSKADI,17,66,9.970162037037037,2026-06-10 10:17:47,2026-06-20 09:34:49,47,16,0.3404255319148936,0.2216726071376219,0.9437646408754153,False,50.4,False,EUR,-0.008917605377540582,-0.014103310679295085,False,35,5,Anytime goalscorer (Star Substitute),0.0,0.015151515151515152,0.0,False
MAH-01-09141,string,EUSKADI,10,23,11.053287037037038,2026-06-10 10:11:58,2026-06-21 11:28:42,23,9,0.391304347826087,0.22157377982382145,0.761773379046554,False,50.2,False,EUR,0.015151790546068227,0.015124338255199267,False,13,8,1-X-2 / 2 goals Up,0.043478260869565216,0.0,0.08695652173913043,False
MAH-05-15153,string,ARAGON,17,29,14.128194444444444,2026-06-09 15:17:36,2026-06-23 18:22:12,23,9,0.391304347826087,0.22157377982382145,0.761773379046554,False,50.2,False,EUR,-0.00379359495385875,-0.02224873668614723,False,20,11,Team exact bookings (only players and in play),0.034482758620689655,0.0,0.06896551724137931,False
MAH-01-51421,string,EUSKADI,17,30,13.012974537037037,2026-06-10 20:19:14,2026-06-23 20:37:55,23,9,0.391304347826087,0.22157377982382145,0.761773379046554,False,50.2,False,EUR,0.010177184113297379,0.013766036610275461,False,19,10,Shots on target (Star Substitute),0.26666666666666666,0.1,0.1,False
MAH-06-16003,string,LA RIOJA,21,36,8.465532407407407,2026-06-14 08:03:41,2026-06-22 19:14:03,23,9,0.391304347826087,0.22157377982382145,0.761773379046554,False,50.2,False,EUR,0.008314634159998351,0.00600057611491923,False,17,11,1-X-2 / 2 goals Up,0.027777777777777776,0.027777777777777776,0.05555555555555555,False
428285,numeric,EUSKADI,17,55,12.107094907407408,2026-06-11 17:24:17,2026-06-23 19:58:30,23,9,0.391304347826087,0.22157377982382145,0.761773379046554,False,50.2,False,EUR,0.008795987387869075,0.011248399823550647,False,19,3,Anytime goalscorer (Star Substitute),0.14545454545454545,0.03636363636363636,0.05454545454545454,False
2349430,numeric,EUSKADI,45,91,10.22574074074074,2026-06-13 09:05:18,2026-06-23 14:30:22,23,9,0.391304347826087,0.22157377982382145,0.761773379046554,False,50.2,False,EUR,-0.031354007815417535,-0.023106921535695463,False,16,9,Player to score a penalty (No penalty shootout),0.06593406593406594,0.0,0.3626373626373626,True
MAH-03-27781,string,VALENCIA,28,59,10.93738425925926,2026-06-11 18:11:44,2026-06-22 16:41:34,23,9,0.391304347826087,0.22157377982382145,0.761773379046554,False,50.2,False,EUR,-0.024238516878276543,-0.017257834058508705,False,16,8,1-X-2 / 2 goals Up,0.11864406779661017,0.0,0.0847457627118644,False
2057623,numeric,ESTATAL,28,28,11.05568287037037,2026-06-12 15:24:40,2026-06-23 16:44:51,23,9,0.391304347826087,0.22157377982382145,0.761773379046554,False,50.2,False,EUR,0.013383769575806658,0.008688997141707176,False,12,8,To score or assist (Star Substitute),0.4642857142857143,0.0,0.8214285714285714,False
MAH-19-00401,string,ANDALUCIA,36,37,10.810266203703703,2026-06-12 19:53:37,2026-06-23 15:20:24,20,8,0.4,0.21880396741419272,0.7300259231014888,False,49.9,False,EUR,0.00796205717744467,0.014246969649721586,False,10,16,Anytime goalscorer (Star Substitute),0.6216216216216216,0.10810810810810811,0.8648648648648649,False
MAH-04-07600,string,GALICIA,37,41,13.180462962962963,2026-06-09 16:16:55,2026-06-22 20:36:47,20,8,0.4,0.21880396741419272,0.7300259231014888,False,49.9,False,EUR,0.0035315785190781837,0.013463600029162193,False,16,9,Match,0.1951219512195122,0.0,0.024390243902439025,False
MAH-01-13431,string,EUSKADI,56,77,11.125497685185184,2026-06-11 16:38:06,2026-06-22 19:38:49,20,8,0.4,0.21880396741419272,0.7300259231014888,False,49.9,False,EUR,0.011926926878879786,0.004077114346606125,False,17,14,Team shots on target,0.5194805194805194,0.03896103896103896,0.3116883116883117,False
MAH-01-01654,string,EUSKADI,20,27,9.753831018518518,2026-06-11 16:14:52,2026-06-21 10:20:23,20,8,0.4,0.21880396741419272,0.7300259231014888,False,49.9,False,EUR,0.0014053532826120933,-0.003428147182591057,False,16,9,To score or assist (Star Substitute),0.037037037037037035,0.037037037037037035,0.14814814814814814,False
MAH-03-24713,string,VALENCIA,18,25,16.108391203703704,2026-06-07 14:07:53,2026-06-23 16:43:58,20,8,0.4,0.21880396741419272,0.7300259231014888,False,49.9,False,EUR,-0.008773181993088595,-0.0009445544577422083,False,14,14,To score 2 or more goals (Star Substitute),0.24,0.0,0.24,True
MAH-11-09015,string,CATALUNYA,55,121,10.15087962962963,2026-06-13 17:54:38,2026-06-23 21:31:54,30,11,0.36666666666666664,0.2187370220401768,0.8498148090351358,False,49.7,False,EUR,-0.02925864324630699,-0.005897241972318864,False,20,9,To score or assist (Star Substitute),0.049586776859504134,0.024793388429752067,0.08264462809917356,False
MAH-05-15154,string,ARAGON,12,41,7.500092592592592,2026-06-15 19:38:45,2026-06-23 07:38:53,30,11,0.36666666666666664,0.2187370220401768,0.8498148090351358,False,49.7,False,EUR,-0.017426480271582643,-0.01155091275163424,False,23,7,1-X-2 / 2 goals Up,0.04878048780487805,0.0,0.024390243902439025,False
MAH-05-15341,string,ARAGON,34,56,11.926863425925927,2026-06-11 18:10:56,2026-06-23 16:25:37,37,13,0.35135135135135137,0.21825406631100872,0.9040191777958981,False,49.6,False,EUR,-0.0638300307928892,-0.015323202046991159,False,24,15,Team Shots,0.16071428571428573,0.017857142857142856,0.25,False
MAH-01-05214,string,EUSKADI,31,53,10.830381944444444,2026-06-11 17:28:40,2026-06-22 13:24:25,37,13,0.35135135135135137,0.21825406631100872,0.9040191777958981,False,49.6,False,EUR,-0.0298670725855445,-0.006191866147045045,False,21,12,Shots on target (Star Substitute),0.07547169811320754,0.0,0.24528301886792453,True
2569277,numeric,ESTATAL,14,17,8.849907407407407,2026-06-14 09:51:40,2026-06-23 06:15:32,17,7,0.4117647058823529,0.21610786039131383,,False,49.4,False,EUR,0.0144643350640894,0.005905425387714012,False,15,8,Match corners,0.058823529411764705,0.0,0.058823529411764705,False
2058336,numeric,ESTATAL,22,22,2.8596064814814817,2026-06-14 19:38:35,2026-06-17 16:16:25,17,7,0.4117647058823529,0.21610786039131383,,False,49.4,False,EUR,0.02418446956090729,0.023307998488029558,False,4,10,Match corners,0.5,0.13636363636363635,1.0,False
MAH-01-13291,string,EUSKADI,20,30,11.665960648148149,2026-06-09 16:49:06,2026-06-21 08:48:05,17,7,0.4117647058823529,0.21610786039131383,,False,49.4,False,EUR,0.013232500090619938,-0.007138946973625108,False,13,12,Team corners,0.3,0.06666666666666667,0.16666666666666666,True
MAH-03-27794,string,VALENCIA,13,28,9.031747685185184,2026-06-14 17:20:36,2026-06-23 18:06:19,17,7,0.4117647058823529,0.21610786039131383,,False,49.4,False,EUR,-0.004713037991791244,-0.01209324778199617,False,12,10,Home-side combo (bet builder),0.07142857142857142,0.0,0.10714285714285714,False
MAH-03-25031,string,VALENCIA,15,20,12.035347222222223,2026-06-11 16:08:06,2026-06-23 16:59:00,17,7,0.4117647058823529,0.21610786039131383,,False,49.4,False,EUR,0.003144657470683655,0.016507653248298688,False,15,9,Home-side combo (bet builder),0.2,0.0,0.35,False
MAH-11-08004,string,CATALUNYA,11,22,11.178668981481481,2026-06-10 16:55:41,2026-06-21 21:12:58,17,7,0.4117647058823529,0.21610786039131383,,False,49.4,False,EUR,-0.005256191598670173,0.028665111621385166,False,14,6,1-X-2 / 2 goals Up,0.22727272727272727,0.045454545454545456,0.045454545454545456,False
1516441,numeric,ESTATAL,54,132,7.15900462962963,2026-06-15 15:56:50,2026-06-22 19:45:48,17,7,0.4117647058823529,0.21610786039131383,,False,49.4,False,EUR,0.022974584398168033,0.09660606319856423,False,10,2,Player most passes (voiding in case of tie),0.2196969696969697,0.0,0.3787878787878788,True
2169653,numeric,EUSKADI,23,40,8.081342592592593,2026-06-14 06:52:28,2026-06-22 08:49:36,27,10,0.37037037037037035,0.21532287067936856,0.8318826244880296,False,49.1,False,EUR,0.007165128390227483,0.0010621974612598896,False,20,14,Team goals,0.0,0.0,0.0,False
MAH-03-24286,string,VALENCIA,16,32,7.946898148148148,2026-06-12 16:24:07,2026-06-20 15:07:39,27,10,0.37037037037037035,0.21532287067936856,0.8318826244880296,False,49.1,False,EUR,-0.0222079399443049,-0.0036283140372971065,False,22,13,Team corners,0.0625,0.0,0.0,False
MAH-03-02933,string,VALENCIA,19,47,11.962731481481482,2026-06-10 11:10:57,2026-06-22 10:17:17,27,10,0.37037037037037035,0.21532287067936856,0.8318826244880296,False,49.1,False,EUR,-0.009219975320537123,-0.010799904612253218,False,25,6,Shots on target (Star Substitute),0.0425531914893617,0.0,0.06382978723404255,False
2557540,numeric,ESTATAL,61,61,2.1673263888888887,2026-06-21 15:54:16,2026-06-23 19:55:13,27,10,0.37037037037037035,0.21532287067936856,0.8318826244880296,False,49.1,False,EUR,0.00402663313266525,0.005141975287885329,False,6,10,Shots on target (Star Substitute),0.8032786885245902,0.19672131147540983,1.0,False
2622231,numeric,ESTATAL,14,17,3.8066435185185186,2026-06-16 21:27:28,2026-06-20 16:49:02,8,4,0.5,0.2152125268244419,,False,48.5,False,EUR,0.018642875089328225,0.023324847315541297,False,7,7,Home-side combo (bet builder),0.4117647058823529,0.29411764705882354,0.6470588235294118,False
2455621,numeric,ESTATAL,10,10,10.461226851851851,2026-06-08 21:37:43,2026-06-19 08:41:53,8,4,0.5,0.2152125268244419,,False,48.5,False,EUR,0.08703241507801053,0.048167547702204244,False,8,2,Team corners,0.1,0.0,1.0,False
1774902,numeric,ESTATAL,12,12,2.5917708333333334,2026-06-10 22:03:58,2026-06-13 12:16:07,8,4,0.5,0.2152125268244419,,False,48.5,False,EUR,0.04944940569875134,0.04405958185460433,False,4,5,Team Shots,0.08333333333333333,0.0,1.0,False
2114449,numeric,ESTATAL,18,19,10.211122685185185,2026-06-09 18:56:07,2026-06-20 00:00:08,8,4,0.5,0.2152125268244419,,False,48.5,False,EUR,0.016393215729943133,0.01949783909002281,False,6,6,1-X-2 / 2 goals Up,0.8947368421052632,0.0,0.8947368421052632,True
MAH-05-15392,string,ARAGON,10,12,13.847546296296295,2026-06-09 21:28:01,2026-06-23 17:48:29,8,4,0.5,0.2152125268244419,,False,48.5,False,EUR,0.0002415115447453343,-0.021493380774541077,False,8,5,Home-side combo (bet builder),0.08333333333333333,0.0,0.0,False
2044772,numeric,ESTATAL,10,11,7.73863425925926,2026-06-13 21:24:24,2026-06-21 15:08:02,8,4,0.5,0.2152125268244419,,False,48.5,False,EUR,0.006351032336599489,0.02052065142145445,False,7,4,Anytime goalscorer (Star Substitute),0.6363636363636364,0.0,0.0,False
1320147,numeric,ESTATAL,13,17,5.759201388888889,2026-06-11 20:28:16,2026-06-17 14:41:31,8,4,0.5,0.2152125268244419,,False,48.5,False,EUR,0.022501309700782287,0.001820197546041749,False,8,8,Team corners,0.11764705882352941,0.29411764705882354,0.47058823529411764,False
MAH-03-27824,string,VALENCIA,10,13,13.056712962962964,2026-06-09 18:22:45,2026-06-22 19:44:25,8,4,0.5,0.2152125268244419,,False,48.5,False,EUR,-0.006681150691280529,0.034302339576073704,False,7,7,Anytime goalscorer (Star Substitute),0.23076923076923078,0.0,0.07692307692307693,False
2589165,numeric,ESTATAL,10,10,6.442013888888889,2026-06-13 10:38:42,2026-06-19 21:15:12,8,4,0.5,0.2152125268244419,,False,48.5,False,EUR,0.013302720370131329,0.03166522315492443,False,7,5,Match corners,0.4,0.1,0.8,False
2288843,numeric,ESTATAL,10,15,2.8108564814814816,2026-06-18 20:31:28,2026-06-21 15:59:06,8,4,0.5,0.2152125268244419,,False,48.5,False,EUR,0.023931820932978888,-0.0014600238511046498,False,4,2,Match,0.13333333333333333,0.0,0.0,False
2022637,numeric,EUSKADI,10,14,6.182083333333333,2026-06-15 17:42:07,2026-06-21 22:04:19,8,4,0.5,0.2152125268244419,,False,48.5,False,EUR,0.03318075311298433,0.045107483782986874,False,8,3,Hat trick (three or more goals) (Star Substitute),0.42857142857142855,0.14285714285714285,0.2857142857142857,False
430046,numeric,EUSKADI,33,33,9.106967592592593,2026-06-14 16:59:32,2026-06-23 19:33:34,8,4,0.5,0.2152125268244419,,False,48.5,False,EUR,-0.007440722507435386,-0.01069378035757347,False,2,12,Total passes,0.6666666666666666,0.21212121212121213,1.0,True
2437791,numeric,ESTATAL,12,12,3.9273148148148147,2026-06-16 18:13:54,2026-06-20 16:29:14,8,4,0.5,0.2152125268244419,,False,48.5,False,EUR,0.0028651221816770184,0.0028651221816770184,False,5,9,goal scorer (Star Substitute),0.3333333333333333,0.0,1.0,False
MAH-01-13432,string,EUSKADI,18,19,10.924282407407407,2026-06-12 21:47:01,2026-06-23 19:57:59,8,4,0.5,0.2152125268244419,,False,48.5,False,EUR,0.023932490124352716,0.004466322402337524,False,8,9,Match corners,0.47368421052631576,0.10526315789473684,0.5789473684210527,False
1391695,numeric,LA RIOJA,10,16,10.933981481481482,2026-06-12 03:02:34,2026-06-23 01:27:30,8,4,0.5,0.2152125268244419,,False,48.5,False,EUR,-0.01304241285352628,-0.004452597045824548,False,7,4,To score or assist (Star Substitute),0.1875,0.25,0.25,False
1990877,numeric,MURCIA,20,22,8.289895833333333,2026-06-11 13:47:49,2026-06-19 20:45:16,8,4,0.5,0.2152125268244419,,False,48.5,False,EUR,0.026504325104483705,0.02172260316924947,False,6,7,Team corners,0.18181818181818182,0.4090909090909091,0.8636363636363636,True
MAH-19-00802,string,ANDALUCIA,10,12,6.310150462962963,2026-06-16 11:18:06,2026-06-22 18:44:43,8,4,0.5,0.2152125268244419,,False,48.5,False,EUR,0.007973456743316988,0.023146947203885257,False,5,7,To score 2 or more goals (Star Substitute),0.5,0.08333333333333333,0.6666666666666666,False
1689444,numeric,ESTATAL,12,12,10.054791666666667,2026-06-13 17:47:38,2026-06-23 19:06:32,8,4,0.5,0.2152125268244419,,False,48.5,False,EUR,0.0021588368081585994,0.0019348574893121445,False,7,5,Home-side combo (bet builder),0.6666666666666666,0.08333333333333333,0.8333333333333334,False
MAH-04-07755,string,GALICIA,28,28,9.027592592592592,2026-06-11 18:22:37,2026-06-20 19:02:21,8,4,0.5,0.2152125268244419,,False,48.5,False,EUR,0.016763632682471403,0.015644914867198392,False,6,6,Anytime goalscorer (Star Substitute),0.75,0.0,0.9285714285714286,False
2222800,numeric,ESTATAL,10,14,13.936342592592593,2026-06-05 17:41:39,2026-06-19 16:09:59,8,4,0.5,0.2152125268244419,,False,48.5,False,EUR,0.017143557397236806,0.018414615703394907,False,7,6,Match fouls,0.07142857142857142,0.0,0.0,False
MAH-04-07851,string,GALICIA,13,16,6.958981481481482,2026-06-15 17:48:23,2026-06-22 16:49:19,8,4,0.5,0.2152125268244419,,False,48.5,False,EUR,0.010513476519253431,0.02469250494550529,False,7,6,To score or assist (Star Substitute),0.0,0.125,0.125,False
MAH-01-09013,string,EUSKADI,11,11,6.052685185185185,2026-06-17 18:29:00,2026-06-23 19:44:52,8,4,0.5,0.2152125268244419,,False,48.5,False,EUR,0.014059899082281599,0.019172651217588224,False,5,10,goal scorer (Star Substitute),0.5454545454545454,0.09090909090909091,0.7272727272727273,False
MAH-11-06008,string,CATALUNYA,10,10,11.604247685185186,2026-06-10 18:57:23,2026-06-22 09:27:30,8,4,0.5,0.2152125268244419,,False,48.5,False,EUR,-0.01512848947671717,-0.010301114116707213,False,6,6,To score 2 or more goals (Star Substitute),0.3,0.0,0.0,False
2140520,numeric,NAVARRA,17,18,8.752407407407407,2026-06-13 18:11:40,2026-06-22 12:15:08,8,4,0.5,0.2152125268244419,,False,48.5,False,EUR,-0.014165312406233005,0.0004738597116314301,False,4,2,Home-side combo (bet builder),0.16666666666666666,0.0,0.0,False
2587622,numeric,ESTATAL,22,22,10.149039351851853,2026-06-11 05:55:47,2026-06-21 09:30:24,14,6,0.42857142857142855,0.21380509930400526,,False,47.7,False,EUR,0.004362099790159747,0.0056013601534770086,False,9,10,Team corners,0.22727272727272727,0.0,1.0,False
2482357,numeric,PERU,11,17,8.634236111111111,2026-06-13 00:55:23,2026-06-21 16:08:41,14,6,0.42857142857142855,0.21380509930400526,,False,47.7,False,PEN,0.027890261422695906,0.009113310076307026,False,14,1,1-X-2 / 2 goals Up,0.11764705882352941,0.0,0.058823529411764705,False
MAH-04-07208,string,GALICIA,10,17,7.093090277777778,2026-06-11 20:14:49,2026-06-18 22:28:52,14,6,0.42857142857142855,0.21380509930400526,,False,47.7,False,EUR,-0.0034691911841710985,0.007018854695635727,False,10,6,Team corners,0.058823529411764705,0.0,0.11764705882352941,False
MAH-01-05148,string,EUSKADI,11,18,6.217962962962963,2026-06-13 17:55:19,2026-06-19 23:09:11,14,6,0.42857142857142855,0.21380509930400526,,False,47.7,False,EUR,0.007056570605140845,0.0017994182527565588,False,9,7,To score or assist (Star Substitute),0.16666666666666666,0.0,0.16666666666666666,False
MAH-01-01640,string,EUSKADI,16,25,10.347025462962963,2026-06-13 10:28:29,2026-06-23 18:48:12,14,6,0.42857142857142855,0.21380509930400526,,False,47.7,False,EUR,0.01183235860095291,0.009381895578266162,False,10,9,Shots on target (Star Substitute),0.32,0.08,0.08,False
MAH-01-05155,string,EUSKADI,11,18,9.921493055555555,2026-06-12 17:56:01,2026-06-22 16:02:58,14,6,0.42857142857142855,0.21380509930400526,,False,47.7,False,EUR,0.07292843050422779,0.024777937938737393,False,11,7,Team exact bookings (only players and in play),0.2222222222222222,0.0,0.16666666666666666,False
2574990,numeric,ANDALUCIA,13,21,9.936273148148148,2026-06-12 18:28:17,2026-06-22 16:56:31,14,6,0.42857142857142855,0.21380509930400526,,False,47.7,False,EUR,0.04569852042963856,0.02057339333287317,False,12,10,Saves (Star Substitute),0.38095238095238093,0.14285714285714285,0.38095238095238093,True
MAH-01-51161,string,EUSKADI,11,17,8.888657407407408,2026-06-13 21:54:21,2026-06-22 19:14:01,14,6,0.42857142857142855,0.21380509930400526,,False,47.7,False,EUR,0.039703204988771904,-0.01310413431103341,False,14,10,To score 2 or more goals (Star Substitute),0.17647058823529413,0.0,0.17647058823529413,False
MAH-01-00531,string,EUSKADI,14,21,13.914560185185184,2026-06-08 07:29:04,2026-06-22 05:26:02,14,6,0.42857142857142855,0.21380509930400526,,False,47.7,False,EUR,2.603672617615567e-05,0.0018089177362686048,False,14,6,1-X-2 / 2 goals Up,0.09523809523809523,0.0,0.09523809523809523,False
MAH-23-02305,string,PERU,12,19,7.967847222222222,2026-06-14 21:30:29,2026-06-22 20:44:11,11,5,0.45454545454545453,0.21270957543988048,,False,47.1,False,PEN,0.015619174595382927,0.025699714881874117,False,10,6,Match corners,0.15789473684210525,0.21052631578947367,0.3157894736842105,False
MAH-01-01507,string,EUSKADI,10,14,10.087094907407407,2026-06-11 13:59:46,2026-06-21 16:05:11,11,5,0.45454545454545453,0.21270957543988048,,False,47.1,False,EUR,0.017046583705983477,-0.010419020550572039,False,10,6,Team corners,0.07142857142857142,0.0,0.14285714285714285,False
MAH-01-00821,string,EUSKADI,11,15,7.949120370370371,2026-06-11 18:04:27,2026-06-19 16:51:11,11,5,0.45454545454545453,0.21270957543988048,,False,47.1,False,EUR,0.006600285629045753,0.029496957491101775,False,9,7,Shots on target outside the box (Star Substitute),0.3333333333333333,0.0,0.13333333333333333,False
1338003,numeric,ESTATAL,12,41,10.090173611111112,2026-06-10 20:21:28,2026-06-20 22:31:19,11,5,0.45454545454545453,0.21270957543988048,,False,47.1,False,EUR,0.0031070041060837945,0.007560539907345409,False,11,3,Team shots on target,0.4878048780487805,0.0,0.17073170731707318,False
2213912,numeric,ESTATAL,10,15,7.025405092592592,2026-06-15 19:08:18,2026-06-22 19:44:53,11,5,0.45454545454545453,0.21270957543988048,,False,47.1,False,EUR,0.019129813590360503,0.017447195147914898,False,7,4,To score or assist (Star Substitute),0.13333333333333333,0.13333333333333333,0.0,False
2624613,numeric,PERU,25,28,14.791527777777778,2026-06-06 04:18:08,2026-06-20 23:17:56,11,5,0.45454545454545453,0.21270957543988048,,False,47.1,False,PEN,0.03493403950242744,0.0338283596849695,False,10,4,To score or assist (Star Substitute),0.10714285714285714,0.14285714285714285,0.0,False
1800915,numeric,EUSKADI,16,35,12.979560185185186,2026-06-10 18:14:35,2026-06-23 17:45:09,11,5,0.45454545454545453,0.21270957543988048,,False,47.1,False,EUR,0.009426975218531648,0.011758132256936428,False,8,6,Anytime goalscorer (Star Substitute),0.37142857142857144,0.05714285714285714,0.42857142857142855,True
2458792,numeric,ESTATAL,16,17,11.912627314814815,2026-06-11 18:48:27,2026-06-23 16:42:38,11,5,0.45454545454545453,0.21270957543988048,,False,47.1,False,EUR,0.008056678971248095,0.009641697232673092,False,10,7,Match,0.8823529411764706,0.0,0.8235294117647058,False
MAH-03-27201,string,VALENCIA,10,14,11.102789351851852,2026-06-12 16:50:28,2026-06-23 19:18:29,11,5,0.45454545454545453,0.21270957543988048,,False,47.1,False,EUR,-0.02150820638683649,-0.02442331334176153,False,11,6,1-X-2 / 2 goals Up,0.21428571428571427,0.0,0.2857142857142857,False
2366862,numeric,PERU,24,25,9.888807870370371,2026-06-13 21:59:01,2026-06-23 19:18:54,11,5,0.45454545454545453,0.21270957543988048,,False,47.1,False,PEN,0.006097592051111048,0.005605549260942659,False,10,6,To score or assist (Star Substitute),0.4,0.52,0.6,False
MAH-01-08881,string,EUSKADI,15,19,11.944664351851852,2026-06-10 17:49:25,2026-06-22 16:29:44,11,5,0.45454545454545453,0.21270957543988048,,False,47.1,False,EUR,0.0044086644538634924,-0.0007148927045932532,False,7,7,To score 2 or more goals (Star Substitute),0.05263157894736842,0.0,0.05263157894736842,False
MAH-11-03005,string,CATALUNYA,12,15,12.030833333333334,2026-06-11 16:07:39,2026-06-23 16:52:03,11,5,0.45454545454545453,0.21270957543988048,,False,47.1,False,EUR,0.030187687066210417,0.021114521932705233,False,11,9,Team corners,0.4,0.0,0.2,False
TPV-23-01601,string,PERU,24,29,8.700578703703703,2026-06-15 00:15:05,2026-06-23 17:03:55,11,5,0.45454545454545453,0.21270957543988048,,False,47.1,False,PEN,-0.0015827712775571725,0.03866267210690745,False,8,4,To score or assist (Star Substitute),0.3448275862068966,0.27586206896551724,0.5172413793103449,False
MAH-04-07629,string,GALICIA,25,36,9.97480324074074,2026-06-11 18:58:06,2026-06-21 18:21:49,11,5,0.45454545454545453,0.21270957543988048,,False,47.1,False,EUR,0.000858435695864401,0.00702031300576389,False,8,5,goal scorer (Star Substitute),0.3055555555555556,0.19444444444444445,0.5,True
MAH-01-05465,string,EUSKADI,10,13,8.065833333333334,2026-06-14 16:07:06,2026-06-22 17:41:54,11,5,0.45454545454545453,0.21270957543988048,,False,47.1,False,EUR,0.017189442406387465,0.04638671712410605,False,10,6,Match corners,0.38461538461538464,0.0,0.38461538461538464,False
1959213,numeric,MADRID,19,21,12.954085648148148,2026-06-09 21:13:04,2026-06-22 20:06:57,11,5,0.45454545454545453,0.21270957543988048,,False,47.1,False,EUR,0.008477179863934793,0.011149013032377504,False,8,7,Shots on target (Star Substitute),0.23809523809523808,0.14285714285714285,0.0,False
MAH-06-00030,string,LA RIOJA,23,48,10.77025462962963,2026-06-10 17:56:48,2026-06-21 12:25:58,38,13,0.34210526315789475,0.21212220026458956,0.9245007888433837,False,46.7,False,EUR,-0.025627931551701028,-0.01405908657217054,False,30,12,Match,0.0,0.041666666666666664,0.0,False
MAH-05-15381,string,ARAGON,12,26,11.007592592592593,2026-06-11 14:49:19,2026-06-22 15:00:15,24,9,0.375,0.21159133433631455,0.8111326218814985,False,46.6,False,EUR,-0.017241449561128788,-0.02371202989938001,False,19,8,Home-side combo (bet builder),0.0,0.0,0.0,False
MAH-03-27991,string,VALENCIA,12,27,9.288101851851852,2026-06-14 11:38:18,2026-06-23 18:33:10,24,9,0.375,0.21159133433631455,0.8111326218814985,False,46.6,False,EUR,-0.058621222769327797,-0.019803153428063113,False,20,9,To score 2 or more goals (Star Substitute),0.14814814814814814,0.037037037037037035,0.037037037037037035,False
2166874,numeric,EUSKADI,29,88,9.056724537037036,2026-06-14 15:29:18,2026-06-23 16:50:59,53,17,0.32075471698113206,0.21092044589340303,0.9753819440358178,False,46.5,False,EUR,-0.020849193126684925,-0.012794154098342593,False,35,5,goal scorer (Star Substitute),0.022727272727272728,0.0,0.0,False
MAH-11-07007,string,CATALUNYA,40,90,47.002546296296295,2026-05-06 14:01:11,2026-06-22 14:04:51,31,11,0.3548387096774194,0.21116447741565816,0.8815122692100257,False,46.5,False,EUR,0.02135995420305299,0.005113470988269423,False,25,12,1-X-2 / 2 goals Up,0.12222222222222222,0.0,0.1111111111111111,True
MAH-02-02144,string,NAVARRA,101,120,12.262627314814814,2026-06-11 13:39:11,2026-06-23 19:57:22,57,18,0.3157894736842105,0.2100412363168152,0.9824878203824617,False,46.4,False,EUR,0.014267579147135955,0.006434617394019776,False,27,26,To score or assist (Star Substitute),0.3416666666666667,0.20833333333333334,0.6166666666666667,False
MAH-05-15311,string,ARAGON,29,69,13.015671296296297,2026-06-09 16:05:50,2026-06-22 16:28:24,35,12,0.34285714285714286,0.20831495282688925,0.9165085325212456,False,46.4,False,EUR,0.013648160155364571,-0.015130959889035922,False,34,11,1-X-2 / 2 goals Up,0.17391304347826086,0.0,0.057971014492753624,False
MAH-04-07370,string,GALICIA,14,14,9.320069444444444,2026-06-13 10:06:49,2026-06-22 17:47:43,3,2,0.6666666666666666,0.20765495512648788,,False,46.0,False,EUR,-0.03653578193173033,0.02833070244672453,False,3,3,To be carded (only players and in play)(Star Substitute),0.07142857142857142,0.0,0.9285714285714286,False
2235207,numeric,ESTATAL,11,11,10.06585648148148,2026-06-13 18:40:13,2026-06-23 20:15:03,3,2,0.6666666666666666,0.20765495512648788,,False,46.0,False,EUR,0.00876858497928971,0.00876858497928971,False,3,8,To score or assist (Star Substitute),0.18181818181818182,0.5454545454545454,1.0,False
2632166,numeric,ESTATAL,10,10,7.099085648148148,2026-06-16 19:14:17,2026-06-23 21:36:58,3,2,0.6666666666666666,0.20765495512648788,,False,46.0,False,EUR,0.012658227848101333,0.007117960007338109,False,2,8,Anytime goalscorer (Star Substitute),0.2,0.5,1.0,False
2149592,numeric,ESTATAL,13,14,7.121111111111111,2026-06-14 17:27:55,2026-06-21 20:22:19,3,2,0.6666666666666666,0.20765495512648788,,False,46.0,False,EUR,0.012656346038269626,0.0149194731504008,False,3,3,Team Shots,0.14285714285714285,0.7142857142857143,0.8571428571428571,False
1680829,numeric,ESTATAL,12,12,6.982569444444445,2026-06-16 22:15:13,2026-06-23 21:50:07,3,2,0.6666666666666666,0.20765495512648788,,False,46.0,False,EUR,0.02529734303262375,0.021817965638190422,False,3,4,Team corners,0.3333333333333333,0.5833333333333334,0.9166666666666666,True
432986,numeric,EUSKADI,16,16,4.2138078703703705,2026-06-14 15:33:52,2026-06-18 20:41:45,3,2,0.6666666666666666,0.20765495512648788,,False,46.0,False,EUR,0.016254186927466698,0.0192387375534272,False,3,5,Shots (Star Substitute),0.4375,0.0625,1.0,True
2624775,numeric,ESTATAL,10,10,11.00898148148148,2026-06-10 22:26:13,2026-06-21 22:39:09,3,2,0.6666666666666666,0.20765495512648788,,False,46.0,False,EUR,0.029542880002534966,0.041284446063986034,False,2,6,Anytime goalscorer (Star Substitute),0.1,0.5,1.0,False
2017597,numeric,PERU,10,12,5.249953703703704,2026-06-11 18:45:55,2026-06-17 00:45:51,3,2,0.6666666666666666,0.20765495512648788,,False,46.0,False,PEN,0.008089496707163505,0.007129360284428528,False,3,2,Team shots on target,0.4166666666666667,0.0,0.0,False
MAH-04-07263,string,GALICIA,10,11,5.691388888888889,2026-06-13 18:27:56,2026-06-19 11:03:32,3,2,0.6666666666666666,0.20765495512648788,,False,46.0,False,EUR,0.0077453204665767356,0.033204987165383226,False,3,2,Most Saves - vs (both starters),0.09090909090909091,0.0,0.8181818181818182,False
1702204,numeric,ESTATAL,44,44,9.057581018518519,2026-06-13 21:35:43,2026-06-22 22:58:38,3,2,0.6666666666666666,0.20765495512648788,,False,46.0,False,EUR,0.004732986465781366,0.004890194075587291,False,3,3,Tackles (Star Substitute),0.4772727272727273,0.0,1.0,True
2249248,numeric,NAVARRA,10,14,1.1833449074074074,2026-06-20 11:00:44,2026-06-21 15:24:45,3,2,0.6666666666666666,0.20765495512648788,,False,46.0,False,EUR,0.04845934092113242,0.04576880167877956,False,3,1,1-X-2 / 2 goals Up,0.0,0.0,0.0,False
1718067,numeric,ESTATAL,10,10,0.008842592592592593,2026-06-10 22:21:19,2026-06-10 22:34:03,3,2,0.6666666666666666,0.20765495512648788,,False,46.0,False,,,0.01809330236159516,False,1,3,To score or assist (Star Substitute),0.0,0.0,1.0,False
2142009,numeric,EUSKADI,22,22,7.040069444444445,2026-06-15 17:32:09,2026-06-22 18:29:51,3,2,0.6666666666666666,0.20765495512648788,,False,46.0,False,EUR,0.002686530301440464,0.007364232397281271,False,3,4,Anytime goalscorer (Star Substitute),0.2727272727272727,0.6818181818181818,0.9545454545454546,False
MAH-11-06001,string,CATALUNYA,13,25,13.006956018518519,2026-06-09 20:27:33,2026-06-22 20:37:34,21,8,0.38095238095238093,0.20750767797982508,0.7868732582086991,False,45.6,False,EUR,0.014061606568142204,-0.015397933815872643,False,15,6,Match corners,0.12,0.0,0.16,False
MAH-04-07702,string,GALICIA,24,29,10.09806712962963,2026-06-13 17:34:50,2026-06-23 19:56:03,21,8,0.38095238095238093,0.20750767797982508,0.7868732582086991,False,45.6,False,EUR,-0.0027173292740707527,0.006035466394804303,False,15,7,To score 2 or more goals (Star Substitute),0.1724137931034483,0.10344827586206896,0.2413793103448276,True
MAH-01-04946,string,EUSKADI,17,28,11.58113425925926,2026-06-10 17:33:06,2026-06-22 07:29:56,21,8,0.38095238095238093,0.20750767797982508,0.7868732582086991,False,45.6,False,EUR,-0.014850036666355636,-0.028941186152950788,False,19,7,Team corners,0.0,0.03571428571428571,0.10714285714285714,False
MAH-01-13191,string,EUSKADI,31,38,14.792638888888888,2026-06-08 19:12:43,2026-06-23 14:14:07,21,8,0.38095238095238093,0.20750767797982508,0.7868732582086991,False,45.6,False,EUR,-0.01784826729840407,-0.0428747039510424,False,15,5,Team to miss a penalty,0.18421052631578946,0.0,0.10526315789473684,False
MAH-08-41002,string,MURCIA,19,34,10.857800925925925,2026-06-12 20:13:45,2026-06-23 16:48:59,21,8,0.38095238095238093,0.20750767797982508,0.7868732582086991,False,45.6,False,EUR,0.008394215507672841,0.01877837621488243,False,12,6,Home-side combo (bet builder),0.058823529411764705,0.029411764705882353,0.0,False
MAH-19-12003,string,ANDALUCIA,21,37,9.067835648148149,2026-06-13 18:12:12,2026-06-22 19:49:53,21,8,0.38095238095238093,0.20750767797982508,0.7868732582086991,False,45.6,False,EUR,-0.000291481764426275,0.006895546308996745,False,16,19,Saves (Star Substitute),0.32432432432432434,0.0,0.10810810810810811,False
MAH-03-03054,string,VALENCIA,26,38,13.077222222222222,2026-06-10 13:45:50,2026-06-23 15:37:02,28,10,0.35714285714285715,0.20705611972458876,0.8679017304527593,False,45.4,False,EUR,0.01682980951922148,0.006968462529355084,False,22,8,To score 2 or more goals (Star Substitute),0.05263157894736842,0.0,0.0,False
MAH-16-12001,string,CANTABRIA,34,44,14.150821759259259,2026-06-08 16:24:33,2026-06-22 20:01:44,28,10,0.35714285714285715,0.20705611972458876,0.8679017304527593,False,45.4,False,EUR,-0.01435038706895813,-0.006065024348811006,False,15,14,To score from outside the box (Star Substitute),0.5681818181818182,0.06818181818181818,0.45454545454545453,True
MAH-01-05173,string,EUSKADI,49,83,10.998252314814815,2026-06-12 18:30:20,2026-06-23 18:27:49,28,10,0.35714285714285715,0.20705611972458876,0.8679017304527593,False,45.4,False,EUR,0.04649597496856097,0.025120168243436065,False,19,15,Player to score a penalty (No penalty shootout),0.1566265060240964,0.024096385542168676,0.14457831325301204,False
1805787,numeric,PERU,12,14,6.184074074074074,2026-06-15 17:07:16,2026-06-21 21:32:20,1,1,1.0,0.20654329147389294,,False,45.1,False,,,0.0234375,False,1,5,Team corners,0.14285714285714285,0.42857142857142855,0.5,False
MAH-03-27415,string,VALENCIA,17,17,5.14474537037037,2026-06-11 16:03:25,2026-06-16 19:31:51,1,1,1.0,0.20654329147389294,,False,45.1,False,EUR,0.02216312056737587,0.02216312056737587,False,1,2,Team corners,0.0,0.058823529411764705,0.058823529411764705,False
2238879,numeric,MADRID,12,12,9.12324074074074,2026-06-14 17:04:57,2026-06-23 20:02:25,1,1,1.0,0.20654329147389294,,False,45.1,False,EUR,0.18076923076923057,0.18076923076923057,False,1,7,Hat trick (three or more goals) (Star Substitute),0.16666666666666666,0.75,1.0,False
2050889,numeric,PERU,10,10,6.397708333333333,2026-06-16 19:02:25,2026-06-23 04:35:07,1,1,1.0,0.20654329147389294,,False,45.1,False,PEN,0.041474654377880116,0.041474654377880116,False,1,4,Match corners,0.2,0.8,1.0,False
2416988,numeric,ESTATAL,15,15,8.028969907407408,2026-06-15 17:09:55,2026-06-23 17:51:38,1,1,1.0,0.20654329147389294,,False,45.1,False,EUR,0.06571428571428561,0.06571428571428561,False,1,5,To score or assist (Star Substitute),0.06666666666666667,0.8,1.0,False
2556677,numeric,ESTATAL,12,24,41.89105324074074,2026-05-07 18:36:09,2026-06-18 15:59:16,1,1,1.0,0.20654329147389294,,False,45.1,False,EUR,0.03370786516853941,0.03370786516853941,False,1,1,1-X-2 / 2 goals Up,0.125,0.0,0.041666666666666664,False
2295260,numeric,PERU,12,13,2.297083333333333,2026-06-12 20:10:52,2026-06-15 03:18:40,1,1,1.0,0.20654329147389294,,False,45.1,False,PEN,0.026881720430107503,0.026881720430107503,False,1,7,Team corners,0.0,0.9230769230769231,0.46153846153846156,True
2316936,numeric,ESTATAL,12,12,10.65886574074074,2026-06-10 12:46:26,2026-06-21 04:35:12,1,1,1.0,0.20654329147389294,,False,45.1,False,EUR,0.09285714285714297,0.09285714285714297,False,1,7,Team goal kicks,0.25,0.6666666666666666,1.0,False
MAH-05-15014,string,ARAGON,33,71,25.9028125,2026-05-26 18:27:11,2026-06-21 16:07:14,43,14,0.32558139534883723,0.20493115181779817,0.9584892038800277,False,44.9,False,EUR,0.003929494902372561,-0.002862638534308928,False,22,13,Shots on target (Star Substitute),0.11267605633802817,0.028169014084507043,0.04225352112676056,False
MAH-04-07526,string,GALICIA,50,50,9.065358796296296,2026-06-11 15:21:34,2026-06-20 16:55:41,32,11,0.34375,0.2041023335432855,0.9075335705047042,False,44.8,False,EUR,0.05700704166213292,0.03064640582223145,False,8,6,Team shots on target,0.2,0.0,1.0,True
MAH-05-15243,string,ARAGON,29,55,11.817337962962963,2026-06-11 15:39:25,2026-06-23 11:16:23,32,11,0.34375,0.2041023335432855,0.9075335705047042,False,44.8,False,EUR,0.021332576356217423,0.0019835393001395585,False,21,13,Home-side combo (bet builder),0.09090909090909091,0.01818181818181818,0.14545454545454545,False
MAH-02-02263,string,NAVARRA,18,26,12.977858796296296,2026-06-10 15:28:05,2026-06-23 14:56:12,18,7,0.3888888888888889,0.2030499192693116,,False,44.6,False,EUR,0.022666216236803323,0.013432781287428018,False,16,1,Match corners,0.2692307692307692,0.0,0.0,False
MAH-03-03350,string,VALENCIA,13,26,11.136898148148148,2026-06-11 13:46:35,2026-06-22 17:03:43,18,7,0.3888888888888889,0.2030499192693116,,False,44.6,False,EUR,-0.02820045974329944,-0.0005491554246843604,False,16,14,Anytime goalscorer (Star Substitute),0.038461538461538464,0.0,0.15384615384615385,False
429358,numeric,EUSKADI,32,32,12.01894675925926,2026-06-11 18:58:39,2026-06-23 19:25:56,18,7,0.3888888888888889,0.2030499192693116,,False,44.6,False,EUR,0.002463238075520959,0.002829606177791408,False,6,8,Team throw-ins,0.53125,0.0,1.0,True
2083006,numeric,MADRID,39,43,11.860324074074073,2026-06-09 21:28:34,2026-06-21 18:07:26,18,7,0.3888888888888889,0.2030499192693116,,False,44.6,False,EUR,0.008689739086909398,0.01471197061056181,False,6,8,Shots on target (Star Substitute),0.3488372093023256,0.046511627906976744,0.8372093023255814,True
MAH-01-48532,string,EUSKADI,15,37,8.545347222222222,2026-06-14 08:57:38,2026-06-22 22:02:56,18,7,0.3888888888888889,0.2030499192693116,,False,44.6,False,EUR,-0.004230646159186274,-0.0008392913354439394,False,14,11,2nd half: Team Corners,0.10810810810810811,0.10810810810810811,0.16216216216216217,False
2587833,numeric,ESTATAL,49,49,11.200949074074074,2026-06-11 11:53:52,2026-06-22 16:43:14,18,7,0.3888888888888889,0.2030499192693116,,False,44.6,False,EUR,0.015023596185186495,0.02144764185824379,False,11,11,Shots (Star Substitute),0.4897959183673469,0.04081632653061224,1.0,False
2624370,numeric,PERU,43,49,8.902268518518518,2026-06-13 21:57:10,2026-06-22 19:36:26,18,7,0.3888888888888889,0.2030499192693116,,False,44.6,False,PEN,-0.021207026696469244,-0.026138408636311998,False,11,9,Team Shots,0.40816326530612246,0.22448979591836735,0.24489795918367346,False
MAH-03-27386,string,VALENCIA,16,24,10.388657407407408,2026-06-12 13:22:17,2026-06-22 22:41:57,18,7,0.3888888888888889,0.2030499192693116,,False,44.6,False,EUR,-0.02010060230837628,0.008382135522288484,False,14,7,To score 2 or more goals (Star Substitute),0.08333333333333333,0.041666666666666664,0.08333333333333333,False
MAH-01-05191,string,EUSKADI,84,105,12.119456018518518,2026-06-11 16:55:01,2026-06-23 19:47:02,55,17,0.3090909090909091,0.20282124520577244,0.9853620416940283,False,44.4,False,EUR,0.005182008324038323,-0.007038317023977107,False,27,20,Player anytime not to score,0.38095238095238093,0.009523809523809525,0.5619047619047619,True
2622145,numeric,ESTATAL,75,77,12.953402777777777,2026-06-10 20:32:51,2026-06-23 19:25:45,25,9,0.36,0.20247656431735636,0.8523065114588085,False,44.2,False,EUR,-0.006922908279049954,-0.0062540228051135485,False,15,16,Anytime goalscorer (Star Substitute),0.5324675324675324,0.35064935064935066,0.935064935064935,False
MAH-05-15012,string,ARAGON,23,43,12.022094907407407,2026-06-10 13:40:16,2026-06-22 14:12:05,25,9,0.36,0.20247656431735636,0.8523065114588085,False,44.2,False,EUR,-0.02929021168541964,-0.0012068380520347476,False,14,15,Match,0.0,0.0,0.023255813953488372,False
MAH-05-15353,string,ARAGON,23,44,46.30138888888889,2026-05-08 08:51:48,2026-06-23 16:05:48,25,9,0.36,0.20247656431735636,0.8523065114588085,False,44.2,False,EUR,-0.0008403430609909502,0.006519026150916518,False,20,10,1-X-2 / 2 goals Up,0.11363636363636363,0.0,0.09090909090909091,False
1422336,numeric,ESTATAL,66,82,10.043472222222222,2026-06-13 18:14:14,2026-06-23 19:16:50,25,9,0.36,0.20247656431735636,0.8523065114588085,False,44.2,False,EUR,0.004087114089913979,0.003182904242293354,False,10,19,To be carded (only players and in play)(Star Substitute),0.34146341463414637,0.1951219512195122,0.7195121951219512,True
MAH-10-30004,string,MADRID,33,48,13.209108796296297,2026-06-09 14:19:25,2026-06-22 19:20:32,40,13,0.325,0.20084316962661727,0.9545199056558371,False,44.1,False,EUR,-0.018039858410250787,-0.011203584850988883,False,26,18,Anytime goalscorer (Star Substitute),0.14583333333333334,0.020833333333333332,0.1875,False
MAH-03-28133,string,VALENCIA,38,85,11.663125,2026-06-11 22:04:27,2026-06-23 13:59:21,36,12,0.3333333333333333,0.20214424774586046,0.9351957845643938,False,44.1,False,EUR,-0.030523627643439275,-0.009096773236901516,False,20,17,goal scorer (Star Substitute),0.047058823529411764,0.023529411764705882,0.03529411764705882,False
MAH-03-27776,string,VALENCIA,45,90,14.411458333333334,2026-06-09 09:08:42,2026-06-23 19:01:12,44,14,0.3181818181818182,0.19999129931673565,0.9680369410321679,False,44.0,False,EUR,0.0031146898192930587,0.027459663160079195,False,28,9,Saves (Star Substitute),0.18888888888888888,0.0,0.2222222222222222,False
MAH-01-05203,string,EUSKADI,52,65,11.186076388888889,2026-06-12 14:46:59,2026-06-23 19:14:56,44,14,0.3181818181818182,0.19999129931673565,0.9680369410321679,False,44.0,False,EUR,0.00458058834792341,-0.006831563272624865,False,24,21,Team corners,0.36923076923076925,0.015384615384615385,0.4,True
2356359,numeric,MURCIA,45,63,11.081585648148149,2026-06-12 17:41:34,2026-06-23 19:39:03,44,14,0.3181818181818182,0.19999129931673565,0.9680369410321679,False,44.0,False,EUR,0.001566830914230875,-0.0008124053531207767,False,29,9,1-X-2 / 2 goals Up,0.2857142857142857,0.06349206349206349,0.19047619047619047,True
MAH-01-01410,string,EUSKADI,28,42,10.166944444444445,2026-06-11 11:53:59,2026-06-21 15:54:23,29,10,0.3448275862068966,0.19940508749190483,0.8974205853818392,False,43.8,False,EUR,-0.011754699251595686,0.004843057080607011,False,23,11,1-X-2 / 2 goals Up,0.21428571428571427,0.0,0.11904761904761904,True
MAH-01-13292,string,EUSKADI,30,45,13.008657407407407,2026-06-09 17:49:29,2026-06-22 18:01:57,29,10,0.3448275862068966,0.19940508749190483,0.8974205853818392,False,43.8,False,EUR,0.0033297119364448834,0.0019514036154028513,False,23,14,Team corners,0.15555555555555556,0.044444444444444446,0.2,True
MAH-16-16001,string,CANTABRIA,29,44,12.992106481481482,2026-06-10 18:19:08,2026-06-23 18:07:46,29,10,0.3448275862068966,0.19940508749190483,0.8974205853818392,False,43.8,False,EUR,0.004173680662163797,0.01651425987330683,False,20,12,Saves (Star Substitute),0.4090909090909091,0.045454545454545456,0.25,False
2565422,numeric,ESTATAL,55,56,8.915532407407408,2026-06-10 20:19:13,2026-06-19 18:17:35,29,10,0.3448275862068966,0.19940508749190483,0.8974205853818392,False,43.8,False,EUR,0.018080075591455316,0.023929478375338434,False,14,7,Hat trick (three or more goals) (Star Substitute),0.32142857142857145,0.0,0.9642857142857143,True
MAH-01-01004,string,EUSKADI,17,34,13.91851851851852,2026-06-09 18:55:22,2026-06-23 16:58:02,29,10,0.3448275862068966,0.19940508749190483,0.8974205853818392,False,43.8,False,EUR,-0.009945138470639549,-0.003694007751453573,False,22,13,Team corners,0.35294117647058826,0.0,0.11764705882352941,False
MAH-22-03002,string,MELILLA,119,258,14.042662037037037,2026-06-09 18:52:42,2026-06-23 19:54:08,140,37,0.2642857142857143,0.19824469577421086,0.9999961973695904,False,43.6,False,EUR,-0.0221669098092671,-0.01724002902674382,False,47,18,Anytime goalscorer (Star Substitute),0.2441860465116279,0.08914728682170543,0.16666666666666666,False
MAH-04-64046,string,GALICIA,28,76,17.703333333333333,2026-06-04 16:52:03,2026-06-22 09:44:51,15,6,0.4,0.19824228082594664,,False,43.3,False,EUR,0.015287798646381566,0.006422298587006751,False,12,14,Match,0.013157894736842105,0.0,0.17105263157894737,True
2569684,numeric,ESTATAL,12,18,5.979409722222222,2026-06-11 16:16:21,2026-06-17 15:46:42,15,6,0.4,0.19824228082594664,,False,43.3,False,EUR,0.006316460416766392,0.002050713749875266,False,13,5,Team shots on target,0.2777777777777778,0.0,0.2777777777777778,False
MAH-05-15274,string,ARAGON,13,21,11.965358796296297,2026-06-10 16:00:27,2026-06-22 15:10:34,15,6,0.4,0.19824228082594664,,False,43.3,False,EUR,0.007676791755154516,0.001819104406224851,False,14,9,To score or assist (Star Substitute),0.0,0.047619047619047616,0.19047619047619047,True
2137463,numeric,PERU,25,25,9.918530092592592,2026-06-13 21:13:49,2026-06-23 19:16:30,15,6,0.4,0.19824228082594664,,False,43.3,False,PEN,0.006570926333018333,0.01086201496302129,False,8,12,To score 2 or more goals (Star Substitute),0.52,0.2,1.0,True
2102484,numeric,ESTATAL,30,30,13.009398148148149,2026-06-09 16:46:25,2026-06-22 16:59:57,15,6,0.4,0.19824228082594664,,False,43.3,False,EUR,0.13774132103859912,0.07337747710601038,False,9,8,Saves (Star Substitute),0.43333333333333335,0.0,1.0,True
1880131,numeric,EUSKADI,13,20,12.891782407407407,2026-06-09 16:12:46,2026-06-22 13:36:56,15,6,0.4,0.19824228082594664,,False,43.3,False,EUR,-0.00017176403290771968,-0.002089862152969942,False,12,3,To score or assist (Star Substitute),0.1,0.0,0.1,False
2626789,numeric,ESTATAL,11,15,3.3584490740740742,2026-06-11 21:53:48,2026-06-15 06:29:58,15,6,0.4,0.19824228082594664,,False,43.3,False,EUR,-0.0034527025601371864,-0.005097245542006649,False,11,5,Shots on target (Star Substitute),0.13333333333333333,0.0,0.3333333333333333,False
MAH-16-16002,string,CANTABRIA,10,19,12.91013888888889,2026-06-09 19:05:50,2026-06-22 16:56:26,15,6,0.4,0.19824228082594664,,False,43.3,False,EUR,-0.0209836382000973,0.01188931433203954,False,15,8,To score or assist (Star Substitute),0.15789473684210525,0.10526315789473684,0.15789473684210525,False
MAH-01-13381,string,EUSKADI,12,19,11.057175925925925,2026-06-11 12:03:22,2026-06-22 13:25:42,15,6,0.4,0.19824228082594664,,False,43.3,False,EUR,-0.02265072249500517,-0.01633017901642843,False,12,6,Team corners,0.15789473684210525,0.0,0.05263157894736842,False
1622753,numeric,EUSKADI,22,27,7.990115740740741,2026-06-15 16:02:35,2026-06-23 15:48:21,15,6,0.4,0.19824228082594664,,False,43.3,False,EUR,0.09217462628705082,0.04321512974821905,False,13,14,Team corners,0.3333333333333333,0.18518518518518517,0.5925925925925926,False
1603374,numeric,EUSKADI,16,18,10.8671875,2026-06-10 18:48:39,2026-06-21 15:37:24,15,6,0.4,0.19824228082594664,,False,43.3,False,EUR,-0.0028371234447679083,0.005363462283376045,False,13,3,To score 2 or more goals (Star Substitute),0.6666666666666666,0.05555555555555555,0.8333333333333334,False
MAH-05-15224,string,ARAGON,13,24,6.924861111111111,2026-06-12 19:05:47,2026-06-19 17:17:35,15,6,0.4,0.19824228082594664,,False,43.3,False,EUR,0.00788118256787179,0.00823459638546012,False,11,11,1st half: Team corners,0.0,0.0,0.0,False
2134535,numeric,ESTATAL,48,108,1.8655671296296297,2026-06-14 15:05:58,2026-06-16 11:52:23,15,6,0.4,0.19824228082594664,,False,43.3,False,EUR,0.1002068645133366,0.11713014857441723,False,10,3,Player most passes (voiding in case of tie),0.25,0.0,0.3611111111111111,True
2569979,numeric,ESTATAL,41,41,11.080868055555555,2026-06-12 17:25:41,2026-06-23 19:22:08,33,11,0.3333333333333333,0.197500294678037,0.9285819398635614,False,42.9,False,EUR,0.0022353547391893583,0.0011989025627630752,False,21,6,To score 2 or more goals (Star Substitute),0.5609756097560976,0.0,1.0,False
MAH-23-04004,string,PERU,11,23,9.736261574074074,2026-06-12 23:19:43,2026-06-22 16:59:56,22,8,0.36363636363636365,0.19732972772607896,0.8342934730263211,False,42.9,False,PEN,-0.012963538125830724,-0.0023059214757913896,False,18,8,Team shots on target,0.13043478260869565,0.0,0.043478260869565216,False
MAH-03-03039,string,VALENCIA,36,43,16.165844907407408,2026-06-07 14:26:38,2026-06-23 18:25:27,33,11,0.3333333333333333,0.197500294678037,0.9285819398635614,False,42.9,False,EUR,-0.03277713327583559,-0.03003210263677314,False,26,5,Match corners,0.09302325581395349,0.0,0.023255813953488372,False
2427434,numeric,EUSKADI,46,46,3.185023148148148,2026-06-20 17:10:25,2026-06-23 21:36:51,22,8,0.36363636363636365,0.19732972772607896,0.8342934730263211,False,42.9,False,EUR,0.007223932535621993,0.008164132421715485,False,8,11,Shots on target (Star Substitute),0.6956521739130435,0.15217391304347827,0.9782608695652174,False
MAH-04-07276,string,GALICIA,16,37,11.024560185185186,2026-06-11 07:11:13,2026-06-22 07:46:35,26,9,0.34615384615384615,0.1941201497285213,0.8859789935127064,False,42.7,False,EUR,-0.03013934284048077,-0.0183382390098756,False,17,10,Home-side combo (bet builder),0.1891891891891892,0.0,0.02702702702702703,False
MAH-01-04965,string,EUSKADI,19,29,9.79,2026-06-11 18:55:33,2026-06-21 13:53:09,26,9,0.34615384615384615,0.1941201497285213,0.8859789935127064,False,42.7,False,EUR,-0.0022326161131272595,-0.0038082817015265024,False,19,10,Match corners,0.27586206896551724,0.0,0.13793103448275862,False
MAH-01-05182,string,EUSKADI,27,32,11.99738425925926,2026-06-11 16:47:26,2026-06-23 16:43:40,26,9,0.34615384615384615,0.1941201497285213,0.8859789935127064,False,42.7,False,EUR,-0.0016681610386105581,0.013636927971158444,False,19,13,Match corners,0.25,0.0625,0.28125,False
MAH-01-12181,string,EUSKADI,25,41,11.891261574074074,2026-06-11 22:16:42,2026-06-23 19:40:07,26,9,0.34615384615384615,0.1941201497285213,0.8859789935127064,False,42.7,False,EUR,-0.0010826839592969614,0.001017089824445453,False,15,14,Team corners,0.21951219512195122,0.12195121951219512,0.2682926829268293,False
2079918,numeric,EUSKADI,56,56,8.076215277777777,2026-06-14 18:21:47,2026-06-22 20:11:32,26,9,0.34615384615384615,0.1941201497285213,0.8859789935127064,False,42.7,False,EUR,-0.00663548510584466,-0.010096674305070911,False,11,9,To Score a Header (Star Substitute),0.375,0.21428571428571427,1.0,False
MAH-03-28001,string,VALENCIA,10,12,14.158946759259258,2026-06-09 11:55:19,2026-06-23 15:44:12,12,5,0.4166666666666667,0.19325746190524656,,False,42.1,False,EUR,-0.00461374571286449,-0.005875370487743605,False,11,6,Match corners,0.25,0.0,0.08333333333333333,False
2196373,numeric,EUSKADI,17,27,8.12207175925926,2026-06-15 11:56:46,2026-06-23 14:52:33,12,5,0.4166666666666667,0.19325746190524656,,False,42.1,False,EUR,0.007315301827968762,0.007328803787968611,False,7,1,Home-side combo (bet builder),0.0,0.0,0.037037037037037035,False
MAH-01-13001,string,EUSKADI,15,22,7.048541666666667,2026-06-14 16:57:57,2026-06-21 18:07:51,12,5,0.4166666666666667,0.19325746190524656,,False,42.1,False,EUR,0.006027305528837773,-0.0010517110666497982,False,11,7,1-X-2 / 2 goals Up,0.3181818181818182,0.09090909090909091,0.18181818181818182,True
854753,numeric,NAVARRA,10,23,5.874618055555556,2026-06-17 12:20:26,2026-06-23 09:19:53,12,5,0.4166666666666667,0.19325746190524656,,False,42.1,False,EUR,0.04716704887967892,0.0792607987852648,False,7,2,To score 2 or more goals (Star Substitute),0.0,0.0,0.0,False
MAH-05-15023,string,ARAGON,10,18,9.300960648148148,2026-06-14 09:39:46,2026-06-23 16:53:09,12,5,0.4166666666666667,0.19325746190524656,,False,42.1,False,EUR,0.19250362880794386,0.020081874267489225,False,10,9,To score or assist (Star Substitute),0.16666666666666666,0.0,0.16666666666666666,False
MAH-11-02005,string,CATALUNYA,12,23,12.023333333333333,2026-06-10 16:04:54,2026-06-22 16:38:30,12,5,0.4166666666666667,0.19325746190524656,,False,42.1,False,EUR,-0.00878677753860183,-0.006546665480526422,False,11,5,Home-side combo (bet builder),0.08695652173913043,0.0,0.08695652173913043,False
MAH-01-00413,string,EUSKADI,16,20,8.844097222222222,2026-06-12 19:38:21,2026-06-21 15:53:51,12,5,0.4166666666666667,0.19325746190524656,,False,42.1,False,EUR,0.007554165791924816,0.007751742839585259,False,7,10,Right foot shots on target (Star Substitute),0.3,0.05,0.5,False
1859215,numeric,EUSKADI,10,14,8.005034722222222,2026-06-15 15:34:00,2026-06-23 15:41:15,12,5,0.4166666666666667,0.19325746190524656,,False,42.1,False,EUR,0.015946984318536205,0.02487999968362763,False,10,3,To score 2 or more goals (Star Substitute),0.42857142857142855,0.0,0.2857142857142857,False
MAH-01-13422,string,EUSKADI,12,14,8.085868055555556,2026-06-14 17:45:33,2026-06-22 19:49:12,12,5,0.4166666666666667,0.19325746190524656,,False,42.1,False,EUR,-0.03873445375149855,0.04327768249284256,False,8,7,Match penalty missed,0.14285714285714285,0.0,0.7142857142857143,False
2627950,numeric,EUSKADI,12,18,7.984629629629629,2026-06-13 13:06:56,2026-06-21 12:44:48,12,5,0.4166666666666667,0.19325746190524656,,False,42.1,False,EUR,-0.01348929664143639,-0.01312761176405454,False,12,4,Home-side combo (bet builder),0.1111111111111111,0.0,0.0,False
2330185,numeric,PERU,12,12,1.0322916666666666,2026-06-21 15:11:28,2026-06-22 15:57:58,12,5,0.4166666666666667,0.19325746190524656,,False,42.1,False,PEN,0.010402425863760494,0.013358520268585703,False,2,4,Hat trick (three or more goals) (Star Substitute),0.6666666666666666,0.0,1.0,True
MAH-01-04909,string,EUSKADI,15,21,8.208310185185185,2026-06-15 12:58:54,2026-06-23 17:58:52,12,5,0.4166666666666667,0.19325746190524656,,False,42.1,False,EUR,0.025447497094891747,0.010921537101228904,False,8,7,Player to score in fisrt ten minutes (from 0:00 to 9:59),0.0,0.0,0.23809523809523808,False
1749195,numeric,ESTATAL,24,24,10.95616898148148,2026-06-11 20:25:28,2026-06-22 19:22:21,12,5,0.4166666666666667,0.19325746190524656,,False,42.1,False,EUR,0.016170026515210403,0.013118218770370449,False,9,7,Match penalty scored,0.7083333333333334,0.041666666666666664,1.0,False
MAH-03-24146,string,VALENCIA,10,15,11.1,2026-06-11 16:10:01,2026-06-22 18:34:01,12,5,0.4166666666666667,0.19325746190524656,,False,42.1,False,EUR,0.0032487482669839394,-0.009420414744373032,False,12,5,Team corners,0.13333333333333333,0.0,0.13333333333333333,False
2213704,numeric,ESTATAL,30,31,3.883773148148148,2026-06-19 21:55:38,2026-06-23 19:08:16,12,5,0.4166666666666667,0.19325746190524656,,False,42.1,False,EUR,0.004796923596789984,0.008392582945348587,False,8,7,Player to score in fisrt ten minutes (from 0:00 to 9:59),0.7419354838709677,0.12903225806451613,0.9354838709677419,False
MAH-01-05253,string,EUSKADI,24,27,10.923564814814815,2026-06-12 12:31:05,2026-06-23 10:41:01,12,5,0.4166666666666667,0.19325746190524656,,False,42.1,False,EUR,-0.0023891914775981088,0.008205906750945699,False,9,14,Home-side combo (bet builder),0.037037037037037035,0.07407407407407407,0.2962962962962963,False
2200895,numeric,GALICIA,10,23,10.799849537037037,2026-06-12 18:24:12,2026-06-23 13:35:59,12,5,0.4166666666666667,0.19325746190524656,,False,42.1,False,EUR,-0.00998360996252636,-0.012257116326068934,False,6,6,To score 2 or more goals (Star Substitute),0.043478260869565216,0.0,0.17391304347826086,True
MAH-05-15045,string,ARAGON,10,18,8.3671875,2026-06-12 10:53:24,2026-06-20 19:42:09,12,5,0.4166666666666667,0.19325746190524656,,False,42.1,False,EUR,0.005324740515542711,0.0016839022786571262,False,11,4,1-X-2 / 2 goals Up,0.16666666666666666,0.0,0.0,False
MAH-01-05006,string,EUSKADI,10,16,9.212962962962964,2026-06-10 12:03:34,2026-06-19 17:10:14,12,5,0.4166666666666667,0.19325746190524656,,False,42.1,False,EUR,0.016624214495633796,0.016959734083172934,False,12,4,1-X-2 / 2 goals Up,0.0625,0.0625,0.3125,False
2332354,numeric,ESTATAL,87,87,9.731828703703703,2026-06-12 00:58:27,2026-06-21 18:32:17,19,7,0.3684210526315789,0.1914927237627384,,False,41.5,False,EUR,0.008445594241938477,0.007973849711818266,False,8,17,Shots (Star Substitute),0.7011494252873564,0.13793103448275862,0.9885057471264368,True
2600284,numeric,ESTATAL,12,27,9.803738425925927,2026-06-11 17:28:03,2026-06-21 12:45:26,19,7,0.3684210526315789,0.1914927237627384,,False,41.5,False,EUR,0.006022677174489939,0.006822194445951516,False,19,6,Home-side combo (bet builder),0.07407407407407407,0.0,0.0,False
2076074,numeric,MURCIA,19,23,12.991296296296296,2026-06-10 13:30:47,2026-06-23 13:18:15,19,7,0.3684210526315789,0.1914927237627384,,False,41.5,False,EUR,0.0022746733233281113,0.004574735811566527,False,13,4,Shots on target (Star Substitute),0.30434782608695654,0.0,0.0,False
2392246,numeric,EUSKADI,16,23,8.9778125,2026-06-12 16:25:17,2026-06-21 15:53:20,19,7,0.3684210526315789,0.1914927237627384,,False,41.5,False,EUR,4.431199972716516e-05,0.0016026506883904303,False,14,4,Home-side combo (bet builder),0.21739130434782608,0.043478260869565216,0.043478260869565216,False
1885150,numeric,EUSKADI,41,43,12.1071875,2026-06-11 17:38:11,2026-06-23 20:12:32,19,7,0.3684210526315789,0.1914927237627384,,False,41.5,False,EUR,0.025113040507816382,0.035200659285896614,False,13,2,Player to score in fisrt ten minutes (from 0:00 to 9:59),0.2558139534883721,0.0,0.9069767441860465,True
2536886,numeric,PERU,26,32,11.031886574074074,2026-06-12 16:42:12,2026-06-23 17:28:07,19,7,0.3684210526315789,0.1914927237627384,,False,41.5,False,PEN,-0.02609617131009804,-0.04295916777062283,False,15,13,Team assists,0.3125,0.09375,0.40625,False
TPV-23-01301,string,PERU,14,21,7.9880555555555555,2026-06-14 17:11:42,2026-06-22 16:54:30,19,7,0.3684210526315789,0.1914927237627384,,False,41.5,False,PEN,-0.006468910504877895,0.00961194212769847,False,10,8,Team corners,0.19047619047619047,0.047619047619047616,0.47619047619047616,True
MAH-03-27834,string,VALENCIA,71,172,18.286145833333332,2026-06-04 10:11:22,2026-06-22 17:03:25,80,22,0.275,0.18917622847735993,0.9993715483124137,False,41.3,False,EUR,-0.021908251846708058,-0.03270558148067462,False,29,13,Home-side combo (bet builder),0.011627906976744186,0.0,0.011627906976744186,False
MAH-01-00162,string,EUSKADI,11,28,9.020810185185185,2026-06-13 20:13:37,2026-06-22 20:43:35,9,4,0.4444444444444444,0.188775429471914,,False,40.5,False,EUR,0.018150581598797302,0.0065222409931551956,False,8,5,To score or assist (Star Substitute),0.14285714285714285,0.03571428571428571,0.07142857142857142,True
1470172,numeric,ESTATAL,32,32,9.178171296296297,2026-06-10 18:06:13,2026-06-19 22:22:47,9,4,0.4444444444444444,0.188775429471914,,False,40.5,False,EUR,-0.0019759553031407327,0.04080593643300375,False,5,7,Team throw-ins,0.21875,0.65625,1.0,True
1966114,numeric,PERU,12,17,6.6965625,2026-06-16 12:11:00,2026-06-23 04:54:03,9,4,0.4444444444444444,0.188775429471914,,False,40.5,False,PEN,0.011318982418006314,0.01667898219902581,False,7,5,Team corners,0.23529411764705882,0.17647058823529413,0.23529411764705882,False
2562360,numeric,EUSKADI,14,14,6.959895833333333,2026-06-15 21:41:54,2026-06-22 20:44:09,9,4,0.4444444444444444,0.188775429471914,,False,40.5,False,EUR,0.01642628945344856,0.013826678477767319,False,7,6,To score or assist (Star Substitute),0.5,0.35714285714285715,0.8571428571428571,False
1482559,numeric,EUSKADI,18,22,11.95599537037037,2026-06-10 17:55:32,2026-06-22 16:52:10,9,4,0.4444444444444444,0.188775429471914,,False,40.5,False,EUR,0.005386378116885738,0.0037790947852871515,False,8,3,Match throw-ins,0.7272727272727273,0.0,0.045454545454545456,False
MAH-02-24003,string,NAVARRA,10,16,7.416192129629629,2026-06-14 08:17:04,2026-06-21 18:16:23,9,4,0.4444444444444444,0.188775429471914,,False,40.5,False,EUR,0.003875387608398434,0.008770343349331515,False,7,10,To score or assist (Star Substitute),0.25,0.0625,0.25,False
2600323,numeric,ANDALUCIA,15,15,9.176458333333333,2026-06-14 17:06:11,2026-06-23 21:20:17,9,4,0.4444444444444444,0.188775429471914,,False,40.5,False,EUR,0.003850780360370577,0.005928790529001872,False,5,7,Shots on target (Star Substitute),0.8,0.2,1.0,False
2244352,numeric,ESTATAL,27,40,6.944039351851852,2026-06-14 15:53:36,2026-06-21 14:33:01,9,4,0.4444444444444444,0.188775429471914,,False,40.5,False,EUR,0.09702233423703646,0.08444608366804461,False,6,7,Fouls (Star Substitute),0.0,0.075,0.375,True
2502424,numeric,EUSKADI,16,57,4.229710648148148,2026-06-15 16:37:08,2026-06-19 22:07:55,9,4,0.4444444444444444,0.188775429471914,,False,40.5,False,EUR,0.010759701186328687,0.006976428938235123,False,7,8,Home-side combo (bet builder),0.017543859649122806,0.0,0.14035087719298245,True
2633910,numeric,ESTATAL,12,12,4.0521875,2026-06-19 17:27:39,2026-06-23 18:42:48,9,4,0.4444444444444444,0.188775429471914,,False,40.5,False,EUR,-8.452316389614651e-05,0.0009457759307839937,False,8,9,Shots on target (Star Substitute),0.3333333333333333,0.16666666666666666,0.9166666666666666,False
2181512,numeric,ESTATAL,12,12,6.127997685185186,2026-06-11 13:12:53,2026-06-17 16:17:12,9,4,0.4444444444444444,0.188775429471914,,False,40.5,False,EUR,0.014451988954511,0.029396197227888984,False,5,6,Shots (Star Substitute),0.3333333333333333,0.08333333333333333,1.0,True
MAH-01-05134,string,EUSKADI,21,32,47.23241898148148,2026-05-06 15:32:33,2026-06-22 21:07:14,9,4,0.4444444444444444,0.188775429471914,,False,40.5,False,EUR,0.033971583194947086,0.008057234685474972,False,6,4,To score 2 or more goals (Star Substitute),0.0,0.21875,0.21875,True
2254995,numeric,ESTATAL,10,12,10.184340277777778,2026-06-13 13:38:07,2026-06-23 18:03:34,9,4,0.4444444444444444,0.188775429471914,,False,40.5,False,EUR,0.010613794302647434,0.018339291080483537,False,9,7,Anytime goalscorer (Star Substitute),0.3333333333333333,0.08333333333333333,0.4166666666666667,False
2214574,numeric,ESTATAL,274,283,14.019664351851851,2026-06-09 21:18:28,2026-06-23 21:46:47,9,4,0.4444444444444444,0.188775429471914,,False,40.5,False,EUR,0.08564379313312992,0.056486046892676,False,8,7,To be carded (only players and in play)(Star Substitute),0.0812720848056537,0.8445229681978799,0.9399293286219081,False
2628476,numeric,ESTATAL,14,14,8.770347222222222,2026-06-13 21:42:27,2026-06-22 16:11:45,9,4,0.4444444444444444,0.188775429471914,,False,40.5,False,EUR,0.008137241419054374,0.022974245157731697,False,7,4,Team exact bookings (only players and in play),0.7857142857142857,0.0,1.0,True
2630854,numeric,ESTATAL,19,19,6.564733796296296,2026-06-17 01:15:04,2026-06-23 14:48:17,9,4,0.4444444444444444,0.188775429471914,,False,40.5,False,EUR,0.03282292037415307,0.020390017684741454,False,7,8,Anytime goalscorer (Star Substitute),0.21052631578947367,0.2631578947368421,1.0,False
1588759,numeric,EUSKADI,13,14,10.043287037037038,2026-06-12 20:00:38,2026-06-22 21:02:58,9,4,0.4444444444444444,0.188775429471914,,False,40.5,False,EUR,0.011513254946257271,0.01446963448031532,False,8,4,Home-side combo (bet builder),0.35714285714285715,0.14285714285714285,0.0,False
2152897,numeric,MURCIA,11,14,9.132974537037038,2026-06-14 15:39:24,2026-06-23 18:50:53,9,4,0.4444444444444444,0.188775429471914,,False,40.5,False,EUR,0.01287492882276574,0.007851368853353975,False,8,6,To score 2 or more goals (Star Substitute),0.14285714285714285,0.21428571428571427,0.21428571428571427,False
1789864,numeric,ESTATAL,20,20,5.956435185185185,2026-06-15 23:37:52,2026-06-21 22:35:08,9,4,0.4444444444444444,0.188775429471914,,False,40.5,False,EUR,0.0022441310431209533,0.0024766003185615368,False,4,11,Team goal kicks,0.1,0.45,1.0,True
2082206,numeric,ESTATAL,11,12,2.05349537037037,2026-06-13 20:05:16,2026-06-15 21:22:18,9,4,0.4444444444444444,0.188775429471914,,False,40.5,False,EUR,0.02047045452588622,0.021468152608391817,False,4,6,Team corners,0.08333333333333333,0.08333333333333333,0.75,False
MAH-01-05174,string,EUSKADI,10,13,11.022476851851852,2026-06-10 15:27:22,2026-06-21 15:59:44,9,4,0.4444444444444444,0.188775429471914,,False,40.5,False,EUR,-0.008408534015628131,-0.0015215031881698421,False,8,5,To score 2 or more goals (Star Substitute),0.23076923076923078,0.0,0.5384615384615384,False
1945308,numeric,EUSKADI,10,12,8.954386574074075,2026-06-13 17:09:57,2026-06-22 16:04:16,9,4,0.4444444444444444,0.188775429471914,,False,40.5,False,EUR,0.017484701850990138,0.019193628692505862,False,8,2,Home-side combo (bet builder),0.25,0.0,0.0,False
2415696,numeric,PERU,10,14,9.996793981481481,2026-06-12 18:41:01,2026-06-22 18:36:24,9,4,0.4444444444444444,0.188775429471914,,False,40.5,False,PEN,-0.008909971417155965,-0.002684344610764734,False,9,6,Team corners,0.21428571428571427,0.35714285714285715,0.5714285714285714,False
1693841,numeric,EUSKADI,11,14,9.904699074074074,2026-06-13 21:42:30,2026-06-23 19:25:16,9,4,0.4444444444444444,0.188775429471914,,False,40.5,False,EUR,0.017940349192152323,0.027254492371988032,False,8,7,Anytime goalscorer (Star Substitute),0.5,0.0,0.42857142857142855,False
MAH-19-75002,string,ANDALUCIA,10,13,11.150787037037038,2026-06-12 13:15:13,2026-06-23 16:52:21,9,4,0.4444444444444444,0.188775429471914,,False,40.5,False,EUR,0.008640525322875557,-0.0017721868238873314,False,9,8,1-X-2 / 2 goals Up,0.3076923076923077,0.0,0.07692307692307693,False
MAH-01-05133,string,EUSKADI,13,18,9.683645833333333,2026-06-13 00:31:26,2026-06-22 16:55:53,9,4,0.4444444444444444,0.188775429471914,,False,40.5,False,EUR,0.09520370273062292,0.020897608472452797,False,7,6,Hat trick (three or more goals) (Star Substitute),0.3333333333333333,0.0,0.3333333333333333,False
MAH-02-11002,string,NAVARRA,18,21,9.600671296296296,2026-06-10 07:42:33,2026-06-19 22:07:31,9,4,0.4444444444444444,0.188775429471914,,False,40.5,False,EUR,0.042447930454059035,0.061659537483634695,False,6,7,Match,0.047619047619047616,0.0,0.38095238095238093,True
MAH-01-13493,string,EUSKADI,17,20,11.053344907407407,2026-06-11 18:01:06,2026-06-22 19:17:55,9,4,0.4444444444444444,0.188775429471914,,False,40.5,False,EUR,0.03443448343940904,0.021264792719509762,False,6,12,Home-side combo (bet builder),0.25,0.0,0.2,False
MAH-01-00388,string,EUSKADI,12,15,11.038368055555555,2026-06-09 16:03:44,2026-06-20 16:58:59,9,4,0.4444444444444444,0.188775429471914,,False,40.5,False,EUR,0.0816918205708827,0.017825367620087722,False,8,8,1-X-2 / 2 goals Up,0.0,0.06666666666666667,0.3333333333333333,False
MAH-01-01498,string,EUSKADI,11,15,15.342037037037038,2026-06-07 07:00:20,2026-06-22 15:12:52,9,4,0.4444444444444444,0.188775429471914,,False,40.5,False,EUR,-0.03489209592298495,-0.009057969343384011,False,6,8,Home-side combo (bet builder),0.26666666666666666,0.0,0.06666666666666667,False
2585334,numeric,CANARIAS,26,26,8.095474537037036,2026-06-13 16:28:50,2026-06-21 18:46:19,9,4,0.4444444444444444,0.188775429471914,,False,40.5,False,EUR,0.03162407452022723,0.05771609861420515,False,6,10,Team goal kicks,0.23076923076923078,0.0,0.8461538461538461,False
MAH-01-01236,string,EUSKADI,30,40,46.05128472222222,2026-05-07 16:42:25,2026-06-22 17:56:16,23,8,0.34782608695652173,0.18811054636982238,0.872970856482206,False,39.8,False,EUR,0.022990498610801408,0.022578602153823197,False,17,13,Anytime goalscorer (Star Substitute),0.375,0.125,0.45,False
2074171,numeric,ESTATAL,14,14,10.936006944444445,2026-06-11 21:28:48,2026-06-22 19:56:39,6,3,0.5,0.1876128068994087,,False,39.4,False,EUR,-0.0029832487149251126,0.013094447176727975,False,4,10,Home-side combo (bet builder),0.0,0.0,0.9285714285714286,False
1225587,numeric,EUSKADI,11,11,3.9065046296296297,2026-06-11 19:30:08,2026-06-15 17:15:30,6,3,0.5,0.1876128068994087,,False,39.4,False,EUR,0.00022331264944444208,1.0594615206638291e-05,False,4,7,Team shots on target,0.5454545454545454,0.2727272727272727,1.0,False
MAH-03-24052,string,VALENCIA,12,13,7.858645833333333,2026-06-14 13:28:36,2026-06-22 10:05:03,6,3,0.5,0.1876128068994087,,False,39.4,False,EUR,0.02038547329238658,0.003522187120337361,False,4,7,Home-side combo (bet builder),0.07692307692307693,0.0,0.7692307692307693,False
MAH-03-24952,string,VALENCIA,14,36,6.047696759259259,2026-06-15 11:35:02,2026-06-21 12:43:43,6,3,0.5,0.1876128068994087,,False,39.4,False,EUR,-0.052713483374646666,0.049276800072477756,False,6,3,1-X-2 / 2 goals Up,0.0,0.0,0.027777777777777776,False
2298839,numeric,PERU,16,31,2.7263078703703703,2026-06-14 00:53:57,2026-06-16 18:19:50,6,3,0.5,0.1876128068994087,,False,39.4,False,PEN,-0.009075891613499445,0.024062353492733186,False,5,1,Team corners,0.0,0.0,0.0,False
1638448,numeric,ESTATAL,10,12,7.266145833333334,2026-06-12 17:58:17,2026-06-20 00:21:32,6,3,0.5,0.1876128068994087,,False,39.4,False,EUR,0.009389014308803355,0.011571401690540557,False,6,1,1-X-2 / 2 goals Up,0.25,0.0,0.0,False
1626463,numeric,ESTATAL,13,13,8.241064814814814,2026-06-15 14:09:26,2026-06-23 19:56:34,6,3,0.5,0.1876128068994087,,False,39.4,False,EUR,0.0031969696969697168,0.0018787878787878871,False,2,6,Away-side combo (bet builder),0.23076923076923078,0.0,0.9230769230769231,True
MAH-15-01001,string,EXTREMADURA,10,10,6.955023148148148,2026-06-14 16:37:14,2026-06-21 15:32:28,6,3,0.5,0.1876128068994087,,False,39.4,False,EUR,0.002350912957106932,-0.00744857960110266,False,5,5,Hat trick (three or more goals) (Star Substitute),0.2,0.0,0.4,False
2043982,numeric,ANDALUCIA,15,15,14.002962962962963,2026-06-09 21:26:00,2026-06-23 21:30:16,6,3,0.5,0.1876128068994087,,False,39.4,False,EUR,0.05082602496373884,0.04999889973574188,False,4,5,To score or assist (Star Substitute),0.06666666666666667,0.6,1.0,False
2223782,numeric,LA RIOJA,11,11,5.936840277777778,2026-06-11 19:30:36,2026-06-17 17:59:39,6,3,0.5,0.1876128068994087,,False,39.4,False,EUR,0.007361795292829787,0.005211640211640223,False,4,3,To score or assist (Star Substitute),0.45454545454545453,0.36363636363636365,0.9090909090909091,False
1378537,numeric,ESTATAL,10,10,0.19015046296296295,2026-06-11 17:42:54,2026-06-11 22:16:43,6,3,0.5,0.1876128068994087,,False,39.4,False,,,0.06579421550835708,False,2,7,To be carded (only players and in play)(Star Substitute),0.0,0.0,1.0,False
2607733,numeric,ESTATAL,61,61,10.08894675925926,2026-06-12 18:42:19,2026-06-22 20:50:24,6,3,0.5,0.1876128068994087,,False,39.4,False,EUR,0.0031544656847963637,0.003852623473833435,False,4,7,To be carded (only players and in play)(Star Substitute),0.6885245901639344,0.3114754098360656,1.0,False
1468194,numeric,EUSKADI,13,13,8.96539351851852,2026-06-13 21:49:23,2026-06-22 20:59:33,6,3,0.5,0.1876128068994087,,False,39.4,False,EUR,-0.005931739198505973,-0.003539384144521355,False,6,1,Match corners,0.8461538461538461,0.15384615384615385,1.0,False
1292753,numeric,EUSKADI,11,11,0.9450115740740741,2026-06-17 22:36:56,2026-06-18 21:17:45,6,3,0.5,0.1876128068994087,,False,39.4,False,EUR,0.020856249912453533,0.014314138200670548,False,2,3,Shots on target (Star Substitute),1.0,0.0,1.0,True
MAH-08-19002,string,MURCIA,22,58,13.072696759259259,2026-06-10 16:47:15,2026-06-23 18:31:56,47,14,0.2978723404255319,0.18651084151016264,0.9860353412076158,False,39.0,False,EUR,-0.04535669888498174,-0.018187483196796507,False,24,8,Team corners,0.1896551724137931,0.034482758620689655,0.13793103448275862,False
MAH-05-15074,string,ARAGON,108,164,10.993831018518518,2026-06-11 10:34:13,2026-06-22 10:25:20,99,26,0.26262626262626265,0.18598028163201125,0.9999357060777098,False,39.0,False,EUR,-0.007038212218750474,-0.005273293403449102,False,38,27,Shots on target outside the box (Star Substitute),0.042682926829268296,0.0,0.23170731707317074,False
MAH-05-15101,string,ARAGON,27,49,22.159212962962965,2026-05-31 15:14:46,2026-06-22 19:04:02,35,11,0.3142857142857143,0.18550658059782457,0.9586075431229859,False,38.9,False,EUR,-0.025776239793368048,-0.034720727363050305,False,25,6,Team corners,0.10204081632653061,0.0,0.061224489795918366,True
MAH-02-01776,string,NAVARRA,38,48,11.09170138888889,2026-06-11 18:26:14,2026-06-22 20:38:17,31,10,0.3225806451612903,0.18569230747313034,0.9401335708624302,False,38.9,False,EUR,-0.04311268071975571,-0.055274022322263985,False,20,11,To score or assist (Star Substitute),0.2708333333333333,0.0625,0.375,False
MAH-01-48963,string,EUSKADI,19,31,9.836203703703704,2026-06-11 17:26:05,2026-06-21 13:30:13,16,6,0.375,0.18480982554752803,,False,38.6,False,EUR,-0.019836282313435122,-0.0012223029000847166,False,13,5,Home-side combo (bet builder),0.03225806451612903,0.03225806451612903,0.12903225806451613,False
MAH-19-33001,string,ANDALUCIA,24,34,12.634895833333333,2026-06-09 21:37:50,2026-06-22 12:52:05,16,6,0.375,0.18480982554752803,,False,38.6,False,EUR,-0.007127218569523365,-0.0028831157830000453,False,13,8,Home-side combo (bet builder),0.14705882352941177,0.0,0.14705882352941177,False
2630015,numeric,PERU,31,31,9.931909722222223,2026-06-13 22:15:05,2026-06-23 20:37:02,16,6,0.375,0.18480982554752803,,False,38.6,False,PEN,0.03561665834523088,0.02198828504355191,False,13,8,Team corners,0.3225806451612903,0.3870967741935484,1.0,False
MAH-01-01641,string,EUSKADI,20,24,9.734375,2026-06-12 19:29:15,2026-06-22 13:06:45,16,6,0.375,0.18480982554752803,,False,38.6,False,EUR,0.01185507548018425,0.0072020880266773155,False,13,13,1-X-2 / 2 goals Up,0.08333333333333333,0.041666666666666664,0.16666666666666666,False
MAH-05-15232,string,ARAGON,10,19,8.093391203703703,2026-06-15 15:41:33,2026-06-23 17:56:02,16,6,0.375,0.18480982554752803,,False,38.6,False,EUR,0.01563020301478256,0.0035895348210934694,False,10,7,1st half: Shots on target,0.05263157894736842,0.0,0.15789473684210525,False
1794222,numeric,PERU,38,45,12.846145833333333,2026-06-09 21:54:27,2026-06-22 18:12:54,16,6,0.375,0.18480982554752803,,False,38.6,False,PEN,0.016636605347601367,-0.010351587824357494,False,14,4,Match,0.4,0.044444444444444446,0.28888888888888886,False
MAH-01-13491,string,EUSKADI,11,20,7.38275462962963,2026-06-15 11:07:52,2026-06-22 20:19:02,16,6,0.375,0.18480982554752803,,False,38.6,False,EUR,0.09913629572520488,0.0005009906681742587,False,10,7,To score and Assist,0.25,0.0,0.05,False
MAH-01-05176,string,EUSKADI,19,23,10.045358796296297,2026-06-12 18:39:02,2026-06-22 19:44:21,16,6,0.375,0.18480982554752803,,False,38.6,False,EUR,0.013080666482547198,0.008936986744201826,False,11,11,Shots on target (Star Substitute),0.30434782608695654,0.0,0.391304347826087,True
MAH-01-01670,string,EUSKADI,23,50,13.061203703703704,2026-06-08 11:22:59,2026-06-21 12:51:07,16,6,0.375,0.18480982554752803,,False,38.6,False,EUR,0.004112900266962732,0.0033778160963515297,False,14,4,Home-side combo (bet builder),0.0,0.0,0.04,True
799263,numeric,EUSKADI,24,26,12.010358796296297,2026-06-11 18:51:00,2026-06-23 19:05:55,16,6,0.375,0.18480982554752803,,False,38.6,False,EUR,0.002682242366082585,0.0021082016450754276,False,12,3,Anytime goalscorer (Star Substitute),0.5769230769230769,0.19230769230769232,0.8461538461538461,False
MAH-10-30002,string,MADRID,49,76,12.981400462962963,2026-06-10 15:54:19,2026-06-23 15:27:32,56,16,0.2857142857142857,0.18418621391703333,0.9948769779952609,False,38.4,False,EUR,-0.018871949796042065,-0.02144790037029635,False,22,15,Match,0.0,0.039473684210526314,0.05263157894736842,False
MAH-01-05226,string,EUSKADI,42,82,12.467349537037038,2026-06-11 05:26:07,2026-06-23 16:39:06,52,15,0.28846153846153844,0.18329802341828694,0.9926904436663578,False,38.3,False,EUR,0.001640037255122785,-0.025293408571660965,False,27,19,Shots on target (Star Substitute),0.1951219512195122,0.012195121951219513,0.04878048780487805,False
MAH-03-03008,string,VALENCIA,95,158,13.817951388888888,2026-06-09 18:33:31,2026-06-23 14:11:22,61,17,0.2786885245901639,0.18188396512091543,0.9973265587568061,False,38.3,False,EUR,-0.005608129678370631,-0.02382931345423366,False,26,10,Home-side combo (bet builder),0.0949367088607595,0.0,0.23417721518987342,False
MAH-05-15332,string,ARAGON,10,33,11.942800925925926,2026-06-11 18:19:56,2026-06-23 16:57:34,20,7,0.35,0.1811895478679446,0.8580927227482845,False,38.0,False,EUR,-0.019012644783883835,-0.007181682966164777,False,15,16,1-X-2 / 2 goals Up,0.030303030303030304,0.030303030303030304,0.030303030303030304,False
MAH-05-15072,string,ARAGON,10,26,10.987002314814815,2026-06-11 19:35:21,2026-06-22 19:16:38,20,7,0.35,0.1811895478679446,0.8580927227482845,False,38.0,False,EUR,-0.018275570633661215,-0.011968877637779013,False,18,7,To score or assist (Star Substitute),0.038461538461538464,0.038461538461538464,0.038461538461538464,False
MAH-01-04963,string,EUSKADI,21,24,12.29076388888889,2026-06-11 12:17:44,2026-06-23 19:16:26,20,7,0.35,0.1811895478679446,0.8580927227482845,False,38.0,False,EUR,-0.00924891362264128,-0.01639082146091505,False,13,9,1st half: Team corners,0.375,0.0,0.4583333333333333,False
MAH-03-27056,string,VALENCIA,15,22,10.1415625,2026-06-12 17:26:49,2026-06-22 20:50:40,20,7,0.35,0.1811895478679446,0.8580927227482845,False,38.0,False,EUR,0.016664782547585223,-0.004264793957288437,False,12,10,Away-side combo (bet builder),0.045454545454545456,0.0,0.22727272727272727,False
2260221,numeric,PERU,40,43,7.022824074074074,2026-06-11 17:49:33,2026-06-18 18:22:25,20,7,0.35,0.1811895478679446,0.8580927227482845,False,38.0,False,PEN,-0.03225065003203678,-0.02537373428737849,False,13,8,Match shots,0.4883720930232558,0.3023255813953488,0.8837209302325582,False
MAH-01-00909,string,EUSKADI,13,24,6.9296643518518515,2026-06-11 16:47:46,2026-06-18 15:06:29,20,7,0.35,0.1811895478679446,0.8580927227482845,False,38.0,False,EUR,-0.009668547115247514,-0.004312200325590232,False,11,7,Match,0.125,0.0,0.041666666666666664,False
1957591,numeric,ESTATAL,124,125,10.861863425925925,2026-06-12 23:07:07,2026-06-23 19:48:12,20,7,0.35,0.1811895478679446,0.8580927227482845,False,38.0,False,EUR,0.010439039642999854,0.0003025237272208825,False,9,8,Shots on target (Star Substitute),0.528,0.12,0.984,True
MAH-03-24891,string,VALENCIA,17,30,11.036296296296296,2026-06-11 16:25:42,2026-06-22 17:17:58,20,7,0.35,0.1811895478679446,0.8580927227482845,False,38.0,False,EUR,0.008370780509936027,-0.024111973374733992,False,16,10,Match corners,0.1,0.1,0.13333333333333333,False
MAH-01-01209,string,EUSKADI,17,26,10.51875,2026-06-12 07:26:49,2026-06-22 19:53:49,20,7,0.35,0.1811895478679446,0.8580927227482845,False,38.0,False,EUR,0.04019502545135683,-0.007382041133568201,False,15,14,To score 2 or more goals (Star Substitute),0.07692307692307693,0.0,0.15384615384615385,False
1854417,numeric,ESTATAL,199,204,12.16287037037037,2026-06-11 18:59:22,2026-06-23 22:53:54,36,11,0.3055555555555556,0.18004270282805357,0.9689087168887653,False,37.8,False,EUR,0.002705983765145488,-0.0008742401263804647,False,17,18,Home-side combo (bet builder),0.8137254901960784,0.10294117647058823,0.9117647058823529,True
MAH-01-05535,string,EUSKADI,18,32,9.647951388888888,2026-06-13 19:00:33,2026-06-23 10:33:36,24,8,0.3333333333333333,0.17971978688379645,0.9038899737825528,False,37.6,False,EUR,0.0007614390048226886,-0.013815643562406313,False,18,10,Team corners,0.1875,0.03125,0.125,False
MAH-01-04861,string,EUSKADI,20,30,10.101724537037038,2026-06-13 13:11:17,2026-06-23 15:37:46,24,8,0.3333333333333333,0.17971978688379645,0.9038899737825528,False,37.6,False,EUR,-0.05864453887606216,-0.028451996508557134,False,15,15,1st half: Team corners,0.0,0.0,0.03333333333333333,False
MAH-02-01839,string,NAVARRA,16,33,10.193020833333334,2026-06-12 14:34:16,2026-06-22 19:12:13,24,8,0.3333333333333333,0.17971978688379645,0.9038899737825528,False,37.6,False,EUR,-0.008070682290215313,-0.01759275337182521,False,19,11,Match,0.0,0.0,0.0,False
MAH-05-15141,string,ARAGON,22,38,10.729467592592593,2026-06-10 20:24:45,2026-06-21 13:55:11,24,8,0.3333333333333333,0.17971978688379645,0.9038899737825528,False,37.6,False,EUR,-0.019942494738305,-0.042389335775866455,False,18,10,Anytime goalscorer (Star Substitute),0.13157894736842105,0.0,0.05263157894736842,False
MAH-03-27911,string,VALENCIA,14,27,9.056770833333333,2026-06-11 15:24:51,2026-06-20 16:46:36,24,8,0.3333333333333333,0.17971978688379645,0.9038899737825528,False,37.6,False,EUR,0.001165397677804524,-0.010343224149413091,False,15,9,Anytime goalscorer (Star Substitute),0.037037037037037035,0.0,0.07407407407407407,False
MAH-05-15183,string,ARAGON,33,54,13.20300925925926,2026-06-08 09:16:47,2026-06-21 14:09:07,24,8,0.3333333333333333,0.17971978688379645,0.9038899737825528,False,37.6,False,EUR,-0.0075565867223789905,-0.0020664390139380714,False,23,5,1-X-2 / 2 goals Up,0.037037037037037035,0.0,0.018518518518518517,False
MAH-12-16004,string,CANARIAS,44,47,12.967789351851852,2026-06-10 17:22:47,2026-06-23 16:36:24,32,10,0.3125,0.17952352116618736,0.9549517528432077,False,37.5,False,EUR,-0.011223697082024696,-0.01770164141595941,False,14,10,1st half: Team corners,0.19148936170212766,0.0,0.8297872340425532,False
MAH-04-07675,string,GALICIA,14,30,7.9339814814814815,2026-06-13 13:25:00,2026-06-21 11:49:56,28,9,0.32142857142857145,0.1793304754342074,0.9344023900329445,False,37.3,False,EUR,0.0037348082305057313,0.002122311884433899,False,19,7,To score 2 or more goals (Star Substitute),0.06666666666666667,0.0,0.0,False
MAH-11-14002,string,CATALUNYA,39,56,48.10104166666667,2026-05-05 15:31:54,2026-06-22 17:57:24,28,9,0.32142857142857145,0.1793304754342074,0.9344023900329445,False,37.3,False,EUR,-0.025985718871485288,-0.009537897440810766,False,19,11,Team exact bookings (only players and in play),0.19642857142857142,0.03571428571428571,0.39285714285714285,False
MAH-10-38001,string,MADRID,17,39,13.598009259259259,2026-06-09 20:10:32,2026-06-23 10:31:40,28,9,0.32142857142857145,0.1793304754342074,0.9344023900329445,False,37.3,False,EUR,0.0011545793986878219,-0.017059311609624917,False,22,6,1-X-2 / 2 goals Up,0.05128205128205128,0.0,0.0,False
2373316,numeric,ESTATAL,99,99,11.93261574074074,2026-06-11 17:49:02,2026-06-23 16:12:00,28,9,0.32142857142857145,0.1793304754342074,0.9344023900329445,False,37.3,False,EUR,-0.013293145136590823,-0.026644927990200813,False,18,6,1st Half: Team Cards (only players and in play),0.35353535353535354,0.10101010101010101,1.0,False
MAH-05-13001,string,ARAGON,148,293,10.990474537037038,2026-06-12 16:23:46,2026-06-23 16:10:03,28,9,0.32142857142857145,0.1793304754342074,0.9344023900329445,False,37.3,False,EUR,-0.001071512066236205,-0.00809023085439517,False,12,5,Home-side combo (bet builder),0.15358361774744028,0.0034129692832764505,0.0,False
MAH-03-24591,string,VALENCIA,49,88,13.134953703703705,2026-06-09 17:43:09,2026-06-22 20:57:29,49,14,0.2857142857142857,0.1784943493972417,0.9922259852803603,False,37.2,False,EUR,-0.04271154830889367,-0.02105530197002773,False,30,15,Home-side combo (bet builder),0.14772727272727273,0.011363636363636364,0.045454545454545456,False
2138429,numeric,PERU,346,412,12.146226851851852,2026-06-11 18:47:40,2026-06-23 22:18:14,85,22,0.25882352941176473,0.1775797328865609,0.9998633195381672,False,37.1,False,PEN,0.02364900539192995,0.010648465084843644,False,36,19,Match,0.6480582524271845,0.03640776699029126,0.6868932038834952,True
2301827,numeric,ESTATAL,14,19,15.16738425925926,2026-06-07 12:35:33,2026-06-22 16:36:35,13,5,0.38461538461538464,0.17709446581236818,,False,36.8,False,EUR,-0.003273904034026293,-0.007065863376345132,False,13,5,Match throw-ins,0.15789473684210525,0.0,0.0,False
MAH-07-06002,string,CATALUNYA,13,18,11.927974537037038,2026-06-10 18:45:45,2026-06-22 17:02:02,13,5,0.38461538461538464,0.17709446581236818,,False,36.8,False,EUR,-0.006016821324441096,0.015187717637715767,False,8,7,Match goal kicks,0.2777777777777778,0.0,0.3888888888888889,False
2141796,numeric,ESTATAL,19,67,5.0197569444444445,2026-06-11 18:06:39,2026-06-16 18:35:06,13,5,0.38461538461538464,0.17709446581236818,,False,36.8,False,EUR,0.0016910973846218016,-0.0037668587767083765,False,12,3,1-X-2 / 2 goals Up,0.029850746268656716,0.0,0.029850746268656716,False
2159610,numeric,PERU,17,18,8.482777777777779,2026-06-14 04:29:03,2026-06-22 16:04:15,13,5,0.38461538461538464,0.17709446581236818,,False,36.8,False,PEN,-0.011654132003021008,-0.00998574838561404,False,10,8,To score or assist (Star Substitute),0.2777777777777778,0.05555555555555555,0.3333333333333333,False
MAH-03-24951,string,VALENCIA,32,51,7.730324074074074,2026-06-14 18:50:49,2026-06-22 12:22:29,13,5,0.38461538461538464,0.17709446581236818,,False,36.8,False,EUR,0.08659684629627816,0.0009763302339100533,False,13,3,1-X-2 / 2 goals Up,0.17647058823529413,0.0,0.1568627450980392,False
MAH-05-15033,string,ARAGON,17,19,13.279409722222223,2026-06-09 14:16:09,2026-06-22 20:58:30,13,5,0.38461538461538464,0.17709446581236818,,False,36.8,False,EUR,-0.0009759990274992419,0.00765566777985678,False,8,8,Match penalty missed,0.42105263157894735,0.0,0.5263157894736842,False
MAH-01-05102,string,EUSKADI,13,17,12.99420138888889,2026-06-10 19:12:38,2026-06-23 19:04:17,13,5,0.38461538461538464,0.17709446581236818,,False,36.8,False,EUR,-0.0002497565189433473,0.0101974134568476,False,10,9,Team corners,0.11764705882352941,0.058823529411764705,0.17647058823529413,False
MAH-01-13482,string,EUSKADI,13,17,12.836909722222222,2026-06-09 16:54:14,2026-06-22 12:59:23,13,5,0.38461538461538464,0.17709446581236818,,False,36.8,False,EUR,0.0031006179605455216,0.008355564343893805,False,10,9,Team corners,0.11764705882352941,0.11764705882352941,0.11764705882352941,True
MAH-02-03004,string,NAVARRA,22,22,2.978761574074074,2026-06-13 19:01:35,2026-06-16 18:31:00,13,5,0.38461538461538464,0.17709446581236818,,False,36.8,False,EUR,0.02873303598818405,0.03409189090738454,False,6,3,1st half: Team corners,0.6818181818181818,0.0,1.0,False
MAH-04-07640,string,GALICIA,13,40,9.234791666666666,2026-06-11 16:30:31,2026-06-20 22:08:37,13,5,0.38461538461538464,0.17709446581236818,,False,36.8,False,EUR,0.04437816981420327,0.009502553475713884,False,12,4,Anytime goalscorer (Star Substitute),0.125,0.0,0.0,False
MAH-01-05474,string,EUSKADI,11,21,11.224074074074075,2026-06-10 15:55:46,2026-06-21 21:18:26,13,5,0.38461538461538464,0.17709446581236818,,False,36.8,False,EUR,0.02253907031930731,-0.006669206543541486,False,11,10,Home-side combo (bet builder),0.42857142857142855,0.0,0.0,False
MAH-03-27744,string,VALENCIA,20,48,11.01736111111111,2026-06-10 09:23:37,2026-06-21 09:48:37,41,12,0.2926829268292683,0.17609017633058882,0.9839597734787395,False,36.5,False,EUR,-0.020125805530729034,-0.017722389912309955,False,29,10,Match,0.020833333333333332,0.0,0.020833333333333332,False
MAH-01-04991,string,EUSKADI,27,54,11.130173611111111,2026-06-11 11:46:24,2026-06-22 14:53:51,33,10,0.30303030303030304,0.17375347814547226,0.9664168889213246,False,36.5,False,EUR,0.004102575107699408,0.003928768995614791,False,24,15,1-X-2 / 2 goals Up,0.09259259259259259,0.018518518518518517,0.1111111111111111,False
2134503,numeric,MURCIA,19,25,11.063726851851852,2026-06-11 14:18:44,2026-06-22 15:50:30,17,6,0.35294117647058826,0.17309486143904904,,False,36.3,False,EUR,0.011341676241580131,0.006478394949229527,False,16,2,Shots on target (Star Substitute),0.24,0.08,0.48,False
MAH-02-01695,string,NAVARRA,18,28,14.077314814814814,2026-06-08 16:03:42,2026-06-22 17:55:02,17,6,0.35294117647058826,0.17309486143904904,,False,36.3,False,EUR,-0.0002577014590829565,-0.008014632197191458,False,11,15,1-X-2 / 2 goals Up,0.0,0.0,0.0,False
MAH-05-15322,string,ARAGON,24,29,13.938506944444445,2026-06-09 21:15:11,2026-06-23 19:46:38,17,6,0.35294117647058826,0.17309486143904904,,False,36.3,False,EUR,-0.0030216960929752143,-0.007263634443924788,False,15,14,Home-side combo (bet builder),0.41379310344827586,0.034482758620689655,0.3448275862068966,False
MAH-06-15001,string,LA RIOJA,12,21,13.474305555555556,2026-06-06 07:10:51,2026-06-19 18:33:51,17,6,0.35294117647058826,0.17309486143904904,,False,36.3,False,EUR,0.0011580756076564349,-0.014129758320686388,False,13,10,1-X-2 / 2 goals Up,0.19047619047619047,0.0,0.09523809523809523,False
2319498,numeric,ESTATAL,52,52,10.539363425925925,2026-06-10 18:52:48,2026-06-21 07:49:29,17,6,0.35294117647058826,0.17309486143904904,,False,36.3,False,EUR,0.0109302148456111,-0.002299049919198349,False,12,6,To Score a Header (Star Substitute),0.5576923076923077,0.1346153846153846,0.9230769230769231,True
MAH-01-04920,string,EUSKADI,18,20,10.611215277777777,2026-06-12 07:35:41,2026-06-22 22:15:50,17,6,0.35294117647058826,0.17309486143904904,,False,36.3,False,EUR,-0.03791298911917961,-0.00861014066832971,False,13,11,To score or assist (Star Substitute),0.2,0.05,0.0,False
MAH-01-13004,string,EUSKADI,18,32,10.230162037037037,2026-06-12 12:01:27,2026-06-22 17:32:53,25,8,0.32,0.17204987516891146,0.928164544287844,False,36.1,False,EUR,-0.007085700617704006,0.0004810953130949969,False,20,16,Team corners,0.1875,0.0625,0.15625,False
MAH-10-30006,string,MADRID,27,35,11.935671296296297,2026-06-11 18:31:17,2026-06-23 16:58:39,25,8,0.32,0.17204987516891146,0.928164544287844,False,36.1,False,EUR,-0.004361005283042997,0.003787089052564645,False,17,10,Saves (Star Substitute),0.2857142857142857,0.0,0.34285714285714286,True
MAH-05-15343,string,ARAGON,22,34,11.115543981481482,2026-06-12 17:06:22,2026-06-23 19:52:45,25,8,0.32,0.17204987516891146,0.928164544287844,False,36.1,False,EUR,0.008905270953994305,-0.02091384270895991,False,15,15,Team exact bookings (only players and in play),0.23529411764705882,0.0,0.2647058823529412,False
MAH-01-55368,string,EUSKADI,39,77,13.053310185185186,2026-06-10 15:46:06,2026-06-23 17:02:52,21,7,0.3333333333333333,0.17194536432683688,0.8937024550180772,False,36.0,False,EUR,0.019202074903236842,0.010613129652610446,False,16,11,Match,0.1038961038961039,0.012987012987012988,0.15584415584415584,True
MAH-05-15103,string,ARAGON,20,32,23.330694444444443,2026-05-31 07:36:59,2026-06-23 15:33:11,21,7,0.3333333333333333,0.17194536432683688,0.8937024550180772,False,36.0,False,EUR,-0.0006897145932308231,-0.016273535546338855,False,15,11,1-X-2 / 2 goals Up,0.15625,0.03125,0.15625,True
MAH-05-15162,string,ARAGON,31,37,12.992962962962963,2026-06-09 17:04:26,2026-06-22 16:54:18,21,7,0.3333333333333333,0.17194536432683688,0.8937024550180772,False,36.0,False,EUR,-0.011977062984054015,0.0020345197704544774,False,16,6,Team corners,0.16216216216216217,0.0,0.05405405405405406,False
MAH-04-07667,string,GALICIA,10,13,9.740231481481482,2026-06-11 13:26:20,2026-06-21 07:12:16,10,4,0.4,0.16817758120350967,,False,35.6,False,EUR,0.008552600639027108,0.0450332271701422,False,7,4,To score or assist (Star Substitute),0.46153846153846156,0.0,0.46153846153846156,False
2271579,numeric,PERU,12,12,11.0428125,2026-06-11 20:43:28,2026-06-22 21:45:07,10,4,0.4,0.16817758120350967,,False,35.6,False,PEN,-0.004485145980339266,-0.005907245354693835,False,10,1,1-X-2 / 2 goals Up,0.25,0.0,0.9166666666666666,False
2497040,numeric,ESTATAL,12,12,3.1266435185185184,2026-06-20 16:03:41,2026-06-23 19:06:03,10,4,0.4,0.16817758120350967,,False,35.6,False,EUR,-0.0038324681677213597,0.0012145845301826052,False,9,5,To score or assist (Star Substitute),0.75,0.0,1.0,False
1702895,numeric,ESTATAL,11,11,9.888587962962964,2026-06-11 18:13:30,2026-06-21 15:33:04,10,4,0.4,0.16817758120350967,,False,35.6,False,EUR,0.010436579467461583,0.0067710719496988595,False,7,4,Match shots on target,0.7272727272727273,0.09090909090909091,0.9090909090909091,False
MAH-01-12171,string,EUSKADI,18,19,11.001875,2026-06-12 16:51:07,2026-06-23 16:53:49,10,4,0.4,0.16817758120350967,,False,35.6,False,EUR,0.00927502455826379,0.02022845799838534,False,9,11,To score or assist (Star Substitute),0.2631578947368421,0.10526315789473684,0.15789473684210525,False
1865568,numeric,ESTATAL,30,42,12.060046296296296,2026-06-10 19:28:38,2026-06-22 20:55:06,10,4,0.4,0.16817758120350967,,False,35.6,False,EUR,0.04616827549626501,0.0860023303015125,False,8,8,Player most passes (voiding in case of tie),0.42857142857142855,0.11904761904761904,0.5714285714285714,False
1954187,numeric,PERU,17,17,8.03230324074074,2026-06-14 18:24:36,2026-06-22 19:11:07,10,4,0.4,0.16817758120350967,,False,35.6,False,PEN,0.0017473812768974868,0.01077029144071957,False,7,6,To score or assist (Star Substitute),0.17647058823529413,0.23529411764705882,0.9411764705882353,False
MAH-01-05105,string,EUSKADI,10,17,7.441689814814815,2026-06-13 11:09:03,2026-06-20 21:45:05,10,4,0.4,0.16817758120350967,,False,35.6,False,EUR,0.007347438650746463,-0.004079814021032202,False,9,6,1-X-2 / 2 goals Up,0.17647058823529413,0.0,0.0,False
1706128,numeric,EUSKADI,14,15,5.370995370370371,2026-06-17 08:17:19,2026-06-22 17:11:33,10,4,0.4,0.16817758120350967,,False,35.6,False,EUR,0.002182788058746837,0.0024351370826037845,False,8,2,Anytime goalscorer (Star Substitute),0.26666666666666666,0.0,0.0,False
1956808,numeric,NAVARRA,16,24,8.948263888888889,2026-06-13 16:50:03,2026-06-22 15:35:33,10,4,0.4,0.16817758120350967,,False,35.6,False,EUR,0.0021061645750480207,-0.0005616496038485478,False,7,3,Anytime goalscorer (Star Substitute),0.20833333333333334,0.0,0.0,False
MAH-01-04848,string,EUSKADI,12,17,7.610729166666666,2026-06-13 18:40:33,2026-06-21 09:20:00,10,4,0.4,0.16817758120350967,,False,35.6,False,EUR,-0.012121781056155391,-0.01774814939482273,False,8,9,1st half: Team corners,0.0,0.0,0.29411764705882354,False
2291322,numeric,ANDALUCIA,13,13,5.812650462962963,2026-06-11 21:20:24,2026-06-17 16:50:37,10,4,0.4,0.16817758120350967,,False,35.6,False,EUR,0.00022574594701694285,0.004644589848685732,False,4,9,Team Fouls,0.46153846153846156,0.0,1.0,True
MAH-19-20002,string,ANDALUCIA,34,65,12.097303240740741,2026-06-10 14:38:03,2026-06-22 16:58:10,30,9,0.3,0.16664562643958936,0.963824514370563,False,35.3,False,EUR,-0.004255352716698177,0.012235008577679226,False,15,12,To score 2 or more goals (Star Substitute),0.46153846153846156,0.0,0.15384615384615385,True
MAH-03-27171,string,VALENCIA,24,38,10.9428125,2026-06-12 14:44:59,2026-06-23 13:22:38,30,9,0.3,0.16664562643958936,0.963824514370563,False,35.3,False,EUR,-0.015804864323843225,-0.024408950802949102,False,17,13,1st half: Team corners,0.05263157894736842,0.0,0.39473684210526316,False
MAH-05-15262,string,ARAGON,24,37,13.79193287037037,2026-06-09 17:35:11,2026-06-23 12:35:34,30,9,0.3,0.16664562643958936,0.963824514370563,False,35.3,False,EUR,0.005614893091014828,-0.007982389901597916,False,21,10,1-X-2 / 2 goals Up,0.05405405405405406,0.0,0.05405405405405406,False
MAH-19-20001,string,ANDALUCIA,180,297,13.894351851851852,2026-06-09 22:31:37,2026-06-23 19:59:29,91,22,0.24175824175824176,0.16541685277480106,0.9999804456214836,False,35.2,False,EUR,-0.004357743878858919,0.0050823727769964844,False,33,19,To score 2 or more goals (Star Substitute),0.5185185185185185,0.08417508417508418,0.2895622895622896,True
MAH-05-15124,string,ARAGON,27,36,12.240833333333333,2026-06-10 15:09:14,2026-06-22 20:56:02,26,8,0.3076923076923077,0.1650112093979267,0.9469136779656944,False,35.1,False,EUR,-0.006406984333753304,-0.0008629100494066783,False,21,13,Home-side combo (bet builder),0.3055555555555556,0.0,0.2777777777777778,True
MAH-03-28132,string,VALENCIA,14,28,12.12673611111111,2026-06-10 11:15:58,2026-06-22 14:18:28,26,8,0.3076923076923077,0.1650112093979267,0.9469136779656944,False,35.1,False,EUR,-0.014747125986561319,-0.008334779148553675,False,19,10,1st half: Team corners,0.21428571428571427,0.03571428571428571,0.2857142857142857,False
MAH-08-19001,string,MURCIA,16,29,10.005555555555556,2026-06-13 16:41:19,2026-06-23 16:49:19,22,7,0.3181818181818182,0.16360387354692477,0.9214266466142255,False,35.0,False,EUR,-0.0037545949383019465,0.010605863072524101,False,16,10,Team corners,0.2413793103448276,0.034482758620689655,0.2413793103448276,False
2257924,numeric,PERU,29,39,12.898761574074074,2026-06-09 21:57:57,2026-06-22 19:32:10,22,7,0.3181818181818182,0.16360387354692477,0.9214266466142255,False,35.0,False,PEN,-0.018529981896722513,-0.04760805701207258,False,16,2,Team exact bookings (only players and in play),0.10256410256410256,0.05128205128205128,0.05128205128205128,False
MAH-23-02504,string,PERU,10,25,10.998564814814815,2026-06-10 15:49:17,2026-06-21 15:47:13,22,7,0.3181818181818182,0.16360387354692477,0.9214266466142255,False,35.0,False,PEN,-0.01035448746924532,-0.002629226987321855,False,16,9,Team assists,0.16,0.0,0.16,False
MAH-05-15273,string,ARAGON,32,102,12.856851851851852,2026-06-09 18:26:39,2026-06-22 15:00:31,44,12,0.2727272727272727,0.16346223395491324,0.9936556470469992,False,34.9,False,EUR,-0.029107670511813434,-0.012444364538710102,False,27,12,To score or assist (Star Substitute),0.13725490196078433,0.0392156862745098,0.029411764705882353,False
MAH-03-28081,string,VALENCIA,23,44,9.431504629629629,2026-06-13 08:59:21,2026-06-22 19:20:43,14,5,0.35714285714285715,0.16344490737202735,,False,34.5,False,EUR,0.009828094853095234,0.0017359257556915325,False,12,3,1-X-2 / 2 goals Up,0.11363636363636363,0.0,0.022727272727272728,False
MAH-05-15073,string,ARAGON,12,18,11.25375,2026-06-11 14:29:27,2026-06-22 20:34:51,14,5,0.35714285714285715,0.16344490737202735,,False,34.5,False,EUR,-0.024829864173233292,-0.035721320689228835,False,11,8,To score 2 or more goals (Star Substitute),0.2777777777777778,0.0,0.16666666666666666,False
2541912,numeric,ESTATAL,35,35,10.792719907407408,2026-06-13 00:56:56,2026-06-23 19:58:27,14,5,0.35714285714285715,0.16344490737202735,,False,34.5,False,EUR,0.00292100429751759,0.005692719371586893,False,13,7,goal scorer (Star Substitute),0.6285714285714286,0.2,1.0,True
575608,numeric,EUSKADI,14,14,9.929953703703704,2026-06-11 16:54:20,2026-06-21 15:13:28,14,5,0.35714285714285715,0.16344490737202735,,False,34.5,False,EUR,-0.010099858878345951,-0.006807336333637234,False,4,6,goal scorer (Star Substitute),0.2857142857142857,0.0,1.0,True
MAH-01-16012,string,EUSKADI,16,32,8.303703703703704,2026-06-13 07:35:25,2026-06-21 14:52:45,14,5,0.35714285714285715,0.16344490737202735,,False,34.5,False,EUR,0.010460465477428862,0.009288165804628597,False,7,7,Anytime goalscorer (Star Substitute),0.0,0.03125,0.03125,False
480149,numeric,EUSKADI,11,19,5.39099537037037,2026-06-12 11:40:59,2026-06-17 21:04:01,14,5,0.35714285714285715,0.16344490737202735,,False,34.5,False,EUR,-0.0023908045975040947,-0.0006339572286307596,False,11,7,To score or assist (Star Substitute),0.10526315789473684,0.0,0.0,False
1870705,numeric,ESTATAL,13,17,9.966979166666667,2026-06-13 20:21:11,2026-06-23 19:33:38,14,5,0.35714285714285715,0.16344490737202735,,False,34.5,False,EUR,-0.005902041680030888,-0.02107566856690512,False,8,5,To score 2 or more goals (Star Substitute),0.23529411764705882,0.058823529411764705,0.5294117647058824,False
MAH-01-13242,string,EUSKADI,18,21,11.759768518518518,2026-06-10 13:51:07,2026-06-22 08:05:11,14,5,0.35714285714285715,0.16344490737202735,,False,34.5,False,EUR,-0.03229986974896647,-0.012794251247422585,False,11,10,To score or assist (Star Substitute),0.2857142857142857,0.0,0.2857142857142857,True
2425035,numeric,ESTATAL,23,25,11.035601851851851,2026-06-12 18:03:52,2026-06-23 18:55:08,14,5,0.35714285714285715,0.16344490737202735,,False,34.5,False,EUR,0.007679786556203831,0.0073947782303177955,False,11,2,Shots on target (Star Substitute),0.28,0.2,0.4,False
1116653,numeric,ESTATAL,31,47,10.897638888888888,2026-06-12 18:44:50,2026-06-23 16:17:26,14,5,0.35714285714285715,0.16344490737202735,,False,34.5,False,EUR,0.00795441151973562,0.0012773727954857237,False,14,4,Saves (Star Substitute),0.3617021276595745,0.06382978723404255,0.02127659574468085,False
1851902,numeric,ESTATAL,16,22,6.01556712962963,2026-06-09 22:29:10,2026-06-15 22:51:35,14,5,0.35714285714285715,0.16344490737202735,,False,34.5,False,EUR,0.007734263758266954,0.003305400901740478,False,11,6,Home-side combo (bet builder),0.045454545454545456,0.0,0.045454545454545456,False
MAH-03-27741,string,VALENCIA,12,18,8.903541666666667,2026-06-13 15:53:17,2026-06-22 13:34:23,14,5,0.35714285714285715,0.16344490737202735,,False,34.5,False,EUR,0.01828279821521498,0.0005632480651965707,False,13,3,Home-side combo (bet builder),0.05555555555555555,0.05555555555555555,0.4444444444444444,False
1266759,numeric,ESTATAL,12,19,11.782106481481481,2026-06-10 21:58:38,2026-06-22 16:44:52,14,5,0.35714285714285715,0.16344490737202735,,False,34.5,False,EUR,0.00781584618976519,-0.010286140324461021,False,12,6,Shots on target (Star Substitute),0.3684210526315789,0.0,0.2631578947368421,False
MAH-01-01558,string,EUSKADI,22,25,9.95056712962963,2026-06-13 16:56:24,2026-06-23 15:45:13,18,6,0.3333333333333333,0.16278554363662856,,False,34.1,False,EUR,0.0037819255075440344,0.002990920840570193,False,15,11,goal scorer (Star Substitute),0.12,0.0,0.28,False
MAH-05-15113,string,ARAGON,24,37,10.030092592592593,2026-06-13 18:14:09,2026-06-23 18:57:29,18,6,0.3333333333333333,0.16278554363662856,,False,34.1,False,EUR,0.0009882830352008608,0.00011060205166664604,False,14,5,Match corners,0.4594594594594595,0.08108108108108109,0.02702702702702703,False
1873668,numeric,EUSKADI,22,25,11.942106481481481,2026-06-10 17:50:07,2026-06-22 16:26:45,18,6,0.3333333333333333,0.16278554363662856,,False,34.1,False,EUR,-0.0027771642221270203,0.0020119618802261576,False,14,5,To score or assist (Star Substitute),0.12,0.08,0.08,False
2575500,numeric,ESTATAL,57,57,10.296469907407408,2026-06-11 17:34:43,2026-06-22 00:41:38,18,6,0.3333333333333333,0.16278554363662856,,False,34.1,False,EUR,0.044037825232401184,0.0495551345919345,False,7,10,Shots (Star Substitute),0.6140350877192983,0.0,1.0,True
2628532,numeric,MADRID,19,19,9.728784722222223,2026-06-12 22:31:00,2026-06-22 16:00:27,18,6,0.3333333333333333,0.16278554363662856,,False,34.1,False,EUR,-0.003701739899130289,-0.01208395462729087,False,12,4,Match penalty scored,0.5263157894736842,0.0,0.8947368421052632,False
MAH-01-05143,string,EUSKADI,24,34,12.994386574074074,2026-06-10 19:37:41,2026-06-23 19:29:36,18,6,0.3333333333333333,0.16278554363662856,,False,34.1,False,EUR,0.0015838236807718985,0.013646432610480918,False,14,15,Home-side combo (bet builder),0.35294117647058826,0.029411764705882353,0.20588235294117646,False
2280368,numeric,EUSKADI,19,32,4.867604166666666,2026-06-16 18:15:07,2026-06-21 15:04:28,18,6,0.3333333333333333,0.16278554363662856,,False,34.1,False,EUR,-0.01307864948777538,-0.0068367030867241335,False,10,19,Shots on target (Star Substitute),0.21875,0.0625,0.125,False
MAH-03-24282,string,VALENCIA,51,165,12.076805555555556,2026-06-10 16:53:27,2026-06-22 18:44:03,108,25,0.23148148148148148,0.1619925471777863,0.9999986800754781,False,33.9,False,EUR,-0.034320567364426055,-0.03719986792902196,False,40,8,To score 2 or more goals (Star Substitute),0.09696969696969697,0.0,0.0,False
MAH-01-13443,string,EUSKADI,95,101,13.934363425925927,2026-06-09 23:21:15,2026-06-23 21:46:44,40,11,0.275,0.1610785343314309,0.9908593755397072,False,33.8,False,EUR,-0.04323758490710543,-0.013992079964363127,False,19,19,Team exact bookings (only players and in play),0.2871287128712871,0.32673267326732675,0.5346534653465347,False
MAH-03-27591,string,VALENCIA,25,41,16.034351851851852,2026-06-07 13:14:54,2026-06-23 14:04:22,31,9,0.2903225806451613,0.16095620718432874,0.9735162639875111,False,33.8,False,EUR,-0.015016916380892966,-0.003985876084759994,False,23,9,1-X-2 / 2 goals Up,0.2682926829268293,0.024390243902439025,0.3170731707317073,False
MAH-03-27831,string,VALENCIA,22,46,19.42017361111111,2026-06-03 08:51:07,2026-06-22 18:56:10,27,8,0.2962962962962963,0.15852853317647564,0.9611816779407031,False,33.7,False,EUR,-0.012034271674210534,-0.022056135926467758,False,17,11,Home-side combo (bet builder),0.021739130434782608,0.0,0.08695652173913043,False
MAH-22-01001,string,MELILLA,44,55,13.803113425925925,2026-06-09 21:14:03,2026-06-23 16:30:32,27,8,0.2962962962962963,0.15852853317647564,0.9611816779407031,False,33.7,False,EUR,0.0077357038780866555,0.00022802068205881638,False,18,13,Home-side combo (bet builder),0.34545454545454546,0.0,0.07272727272727272,False
1769868,numeric,ESTATAL,14,14,6.8943055555555555,2026-06-13 18:48:06,2026-06-20 16:15:54,7,3,0.42857142857142855,0.1582169222626268,,False,33.2,False,EUR,0.0050400355126723724,0.004183447840164302,False,3,7,To be carded (only players and in play)(Star Substitute),0.7142857142857143,0.07142857142857142,1.0,False
MAH-01-00835,string,EUSKADI,13,13,46.113194444444446,2026-05-06 14:50:48,2026-06-21 17:33:48,7,3,0.42857142857142855,0.1582169222626268,,False,33.2,False,EUR,0.017086696985856957,0.012721190851897,False,4,7,goal scorer (Star Substitute),0.3076923076923077,0.23076923076923078,0.7692307692307693,True
2276042,numeric,ESTATAL,11,11,5.4623842592592595,2026-06-16 21:54:33,2026-06-22 09:00:23,7,3,0.42857142857142855,0.1582169222626268,,False,33.2,False,EUR,0.013243082707595395,0.009860010554391547,False,5,6,To score or assist (Star Substitute),0.9090909090909091,0.0,0.9090909090909091,False
2008261,numeric,PERU,48,48,13.917511574074075,2026-06-09 21:49:30,2026-06-23 19:50:43,7,3,0.42857142857142855,0.1582169222626268,,False,33.2,False,PEN,0.01040926720640946,0.004192445019943631,False,7,15,Away-side combo (bet builder),0.875,0.125,1.0,False
2543900,numeric,ESTATAL,11,17,11.205856481481481,2026-06-11 18:52:42,2026-06-22 23:49:08,7,3,0.42857142857142855,0.1582169222626268,,False,33.2,False,EUR,0.017509744684095118,0.009488394149722024,False,7,4,2nd half: Team Corners,0.35294117647058826,0.0,0.11764705882352941,False
2020887,numeric,ESTATAL,10,10,7.920393518518519,2026-06-14 18:24:00,2026-06-22 16:29:22,7,3,0.42857142857142855,0.1582169222626268,,False,33.2,False,EUR,0.0007441223664455728,0.0036320040187659075,False,4,4,Team corners,0.7,0.1,1.0,False
MAH-01-00433,string,EUSKADI,10,10,13.392569444444444,2026-06-09 09:37:41,2026-06-22 19:02:59,7,3,0.42857142857142855,0.1582169222626268,,False,33.2,False,EUR,0.043506085297328134,0.033438222697613394,False,7,7,Match corners,0.3,0.0,0.4,False
2431236,numeric,ESTATAL,12,13,11.02505787037037,2026-06-10 18:34:17,2026-06-21 19:10:22,7,3,0.42857142857142855,0.1582169222626268,,False,33.2,False,EUR,0.004295111094783806,0.017676003242040977,False,6,10,To score 2 or more goals (Star Substitute),0.46153846153846156,0.3076923076923077,0.6153846153846154,False
1935567,numeric,ESTATAL,12,12,6.717453703703704,2026-06-12 18:13:51,2026-06-19 11:26:59,7,3,0.42857142857142855,0.1582169222626268,,False,33.2,False,EUR,6.807792636765951e-07,0.0008129679990349002,False,5,8,Team completed passes,0.16666666666666666,0.08333333333333333,0.75,True
2240360,numeric,ESTATAL,10,10,5.95875,2026-06-17 00:44:39,2026-06-22 23:45:15,7,3,0.42857142857142855,0.1582169222626268,,False,33.2,False,EUR,0.007010697906118723,0.0008300532851605354,False,5,4,Anytime goalscorer (Star Substitute),0.8,0.0,1.0,False
2075075,numeric,EUSKADI,10,10,10.361018518518518,2026-06-13 10:51:44,2026-06-23 19:31:36,7,3,0.42857142857142855,0.1582169222626268,,False,33.2,False,EUR,0.03401742300153044,0.0151258865644527,False,5,6,Team Shots,0.2,0.1,1.0,False
2071878,numeric,EUSKADI,127,127,9.990555555555556,2026-06-13 22:08:23,2026-06-23 21:54:47,7,3,0.42857142857142855,0.1582169222626268,,False,33.2,False,EUR,0.010249994011350858,-0.005155733341207035,False,6,15,Assists (Star Substitute),0.07874015748031496,0.905511811023622,1.0,False
2375240,numeric,ESTATAL,24,24,12.910555555555556,2026-06-10 18:57:20,2026-06-23 16:48:32,7,3,0.42857142857142855,0.1582169222626268,,False,33.2,False,EUR,0.0016111822449850716,0.022104081981769146,False,6,11,Match goal kicks,0.9166666666666666,0.041666666666666664,1.0,False
MAH-04-08209,string,GALICIA,11,14,5.166261574074074,2026-06-18 15:34:32,2026-06-23 19:33:57,7,3,0.42857142857142855,0.1582169222626268,,False,33.2,False,EUR,-0.005093475081277547,0.0035090538947819597,False,6,3,Match,0.35714285714285715,0.0,0.0,False
1784237,numeric,ESTATAL,11,13,10.926296296296297,2026-06-12 16:01:00,2026-06-23 14:14:52,7,3,0.42857142857142855,0.1582169222626268,,False,33.2,False,EUR,-0.014567679891087065,-0.018457041904782923,False,6,7,Team exact bookings (only players and in play),0.0,0.0,0.0,False
MAH-03-24956,string,VALENCIA,13,20,5.786770833333334,2026-06-17 22:40:40,2026-06-23 17:33:37,7,3,0.42857142857142855,0.1582169222626268,,False,33.2,False,EUR,0.013244361933665006,0.005077313397796847,False,7,6,1-X-2 / 2 goals Up,0.35,0.1,0.25,False
MAH-11-03006,string,CATALUNYA,10,15,7.1761689814814815,2026-06-15 15:44:32,2026-06-22 19:58:13,7,3,0.42857142857142855,0.1582169222626268,,False,33.2,False,EUR,0.006420083630545119,0.002474520232031604,False,6,9,To score or assist (Star Substitute),0.13333333333333333,0.2,0.0,False
2473333,numeric,EUSKADI,19,20,9.030300925925927,2026-06-13 22:10:36,2026-06-22 22:54:14,7,3,0.42857142857142855,0.1582169222626268,,False,33.2,False,EUR,0.03270345583539069,0.03270345583539069,False,6,9,Player to win a penalty,0.05,0.3,0.85,True
2626147,numeric,ESTATAL,15,15,6.423287037037037,2026-06-13 14:11:48,2026-06-20 00:21:20,7,3,0.42857142857142855,0.1582169222626268,,False,33.2,False,EUR,0.0016348303996515804,-0.0003030950282214086,False,4,4,Shots outside the box,0.6666666666666666,0.0,0.9333333333333333,False
MAH-03-27743,string,VALENCIA,22,38,10.748981481481481,2026-06-10 18:59:50,2026-06-21 12:58:22,23,7,0.30434782608695654,0.15603828020972457,0.9426260547969934,False,32.6,False,EUR,-0.023781139547774985,-0.030270038729044952,False,20,13,Match,0.15789473684210525,0.07894736842105263,0.18421052631578946,True
MAH-01-05162,string,EUSKADI,25,29,12.509618055555556,2026-06-10 07:46:27,2026-06-22 20:00:18,23,7,0.30434782608695654,0.15603828020972457,0.9426260547969934,False,32.6,False,EUR,-0.007019848665449931,0.003884045253784928,False,14,16,Home-side combo (bet builder),0.4827586206896552,0.0,0.4482758620689655,True
2051451,numeric,PERU,46,58,13.622210648148148,2026-06-10 03:12:58,2026-06-23 18:08:57,23,7,0.30434782608695654,0.15603828020972457,0.9426260547969934,False,32.6,False,PEN,0.009253267733677548,0.011651079370511767,False,15,16,To be carded (only players and in play)(Star Substitute),0.3448275862068966,0.0,0.0,False
1637681,numeric,EUSKADI,93,93,12.06511574074074,2026-06-10 18:05:10,2026-06-22 19:38:56,23,7,0.30434782608695654,0.15603828020972457,0.9426260547969934,False,32.6,False,EUR,0.0026522162693208683,0.0012293311854047158,False,12,7,Shots (Star Substitute),0.4946236559139785,0.10752688172043011,1.0,True
MAH-01-13221,string,EUSKADI,24,35,11.02269675925926,2026-06-11 18:37:43,2026-06-22 19:10:24,23,7,0.30434782608695654,0.15603828020972457,0.9426260547969934,False,32.6,False,EUR,0.004533362162409528,0.002625064405381427,False,18,12,Home-side combo (bet builder),0.2857142857142857,0.0,0.14285714285714285,False
MAH-16-18003,string,CANTABRIA,20,30,10.16886574074074,2026-06-13 17:24:16,2026-06-23 21:27:26,23,7,0.30434782608695654,0.15603828020972457,0.9426260547969934,False,32.6,False,EUR,-0.0038128300078126343,-0.006170767454587638,False,16,10,1-X-2 / 2 goals Up,0.3,0.03333333333333333,0.3333333333333333,False
MAH-01-18003,string,EUSKADI,38,63,13.303680555555555,2026-06-10 09:09:56,2026-06-23 16:27:14,56,14,0.25,0.1551691522297384,0.999165333785371,False,32.4,False,EUR,-0.09150757277967132,-0.07281875445142762,False,26,11,Anytime goalscorer (Star Substitute),0.19047619047619047,0.0,0.3492063492063492,False
MAH-03-27778,string,VALENCIA,29,67,13.210787037037036,2026-06-10 11:26:30,2026-06-23 16:30:02,32,9,0.28125,0.15564406845647866,0.9807806379135356,False,32.4,False,EUR,-0.022061939043751196,-0.023569010008348778,False,20,11,Match corners,0.13432835820895522,0.0,0.07462686567164178,False
MAH-03-27821,string,VALENCIA,26,52,4.886759259259259,2026-06-12 22:16:02,2026-06-17 19:32:58,37,10,0.2702702702702703,0.15397298246990687,0.9904583564110958,False,32.3,False,EUR,0.0017312524670917238,-0.0072336070524000595,False,13,15,Team exact bookings (only players and in play),0.1346153846153846,0.0,0.057692307692307696,False
MAH-01-00577,string,EUSKADI,13,21,8.597083333333334,2026-06-13 17:15:36,2026-06-22 07:35:24,19,6,0.3157894736842105,0.15364171004428598,,False,32.2,False,EUR,-0.018106613419843293,-0.01501896405129293,False,14,7,To score 2 or more goals (Star Substitute),0.19047619047619047,0.0,0.047619047619047616,False
MAH-04-07542,string,GALICIA,21,69,11.095821759259259,2026-06-09 22:13:20,2026-06-21 00:31:19,19,6,0.3157894736842105,0.15364171004428598,,False,32.2,False,EUR,-0.0329076035578055,-0.07423447971175673,False,15,10,Home-side combo (bet builder),0.043478260869565216,0.0,0.08695652173913043,False
MAH-05-15292,string,ARAGON,13,24,9.00113425925926,2026-06-09 13:49:25,2026-06-18 13:51:03,19,6,0.3157894736842105,0.15364171004428598,,False,32.2,False,EUR,-0.02872865280545711,-0.010417845101420561,False,16,8,1-X-2 / 2 goals Up,0.08333333333333333,0.0,0.0,False
MAH-01-01482,string,EUSKADI,17,26,18.20769675925926,2026-06-04 11:22:28,2026-06-22 16:21:33,19,6,0.3157894736842105,0.15364171004428598,,False,32.2,False,EUR,-0.02691357811710096,-0.005390973706848998,False,14,8,To score or assist (Star Substitute),0.19230769230769232,0.0,0.038461538461538464,False
MAH-05-15315,string,ARAGON,17,25,9.764837962962963,2026-06-12 15:54:55,2026-06-22 10:16:17,19,6,0.3157894736842105,0.15364171004428598,,False,32.2,False,EUR,-0.02288599762718674,-0.020718712025314837,False,14,12,1-X-2 / 2 goals Up,0.08,0.0,0.16,False
MAH-18-01008,string,ASTURIAS,10,28,10.044386574074075,2026-06-12 12:16:49,2026-06-22 13:20:44,19,6,0.3157894736842105,0.15364171004428598,,False,32.2,False,EUR,-0.028076493974144596,-0.02559416856413681,False,17,3,1-X-2 / 2 goals Up,0.0,0.0,0.0,False
MAH-18-01007,string,ASTURIAS,29,85,10.724328703703703,2026-06-10 18:14:33,2026-06-21 11:37:35,42,11,0.2619047619047619,0.15302485372603591,0.9952499443085256,False,32.0,False,EUR,-0.022462063544368454,-0.017440997872553918,False,19,11,To score 2 or more goals (Star Substitute),0.08235294117647059,0.0,0.047058823529411764,False
MAH-01-00292,string,EUSKADI,24,36,12.993391203703704,2026-06-10 16:12:28,2026-06-23 16:02:57,28,8,0.2857142857142857,0.15253815848329966,0.9718933931037854,False,31.9,False,EUR,0.04336034560952194,-0.026802184185705197,False,21,10,Team to score a penalty,0.19444444444444445,0.027777777777777776,0.3333333333333333,True
MAH-06-00097,string,LA RIOJA,19,28,11.034976851851852,2026-06-12 17:56:49,2026-06-23 18:47:11,15,5,0.3333333333333333,0.15176100694691236,,False,31.6,False,EUR,0.05102319007091443,0.04714373255394917,False,11,9,Hat trick (three or more goals) (Star Substitute),0.21428571428571427,0.03571428571428571,0.14285714285714285,False
1122489,numeric,ESTATAL,31,31,6.901018518518518,2026-06-16 21:56:28,2026-06-23 19:33:56,15,5,0.3333333333333333,0.15176100694691236,,False,31.6,False,EUR,0.004735310111920985,0.005381600642910896,False,9,4,1st half: Corners,0.6451612903225806,0.22580645161290322,1.0,True
1515868,numeric,ESTATAL,31,31,13.036921296296295,2026-06-10 18:50:58,2026-06-23 19:44:08,15,5,0.3333333333333333,0.15176100694691236,,False,31.6,False,EUR,0.0001946973512051098,-0.0114757456260098,False,11,13,Shots on target (Star Substitute),0.7096774193548387,0.16129032258064516,1.0,True
MAH-03-24893,string,VALENCIA,11,16,12.509791666666667,2026-06-10 08:37:02,2026-06-22 20:51:08,15,5,0.3333333333333333,0.15176100694691236,,False,31.6,False,EUR,0.035646294891758745,-0.009396323962621985,False,14,7,Anytime goalscorer (Star Substitute),0.0,0.0,0.25,False
MAH-01-13161,string,EUSKADI,19,22,9.145555555555555,2026-06-13 17:18:28,2026-06-22 20:48:04,15,5,0.3333333333333333,0.15176100694691236,,False,31.6,False,EUR,-0.002519906595478301,-0.0026720613426841028,False,14,13,Home-side combo (bet builder),0.18181818181818182,0.09090909090909091,0.22727272727272727,True
2608098,numeric,CASTILLA LA MANCHA,38,41,9.874560185185185,2026-06-11 18:07:21,2026-06-21 15:06:43,15,5,0.3333333333333333,0.15176100694691236,,False,31.6,False,EUR,0.011950332864515698,0.012399110403824125,False,11,12,Shots on target (Star Substitute),0.8536585365853658,0.07317073170731707,0.7804878048780488,False
MAH-19-99001,string,ANDALUCIA,21,22,11.209282407407407,2026-06-12 11:17:09,2026-06-23 16:18:31,15,5,0.3333333333333333,0.15176100694691236,,False,31.6,False,EUR,-0.019725849094063264,-0.0017172096155482338,False,7,7,To score 2 or more goals (Star Substitute),0.2727272727272727,0.0,0.4090909090909091,False
2454417,numeric,ESTATAL,17,19,6.77755787037037,2026-06-16 21:29:07,2026-06-23 16:08:48,15,5,0.3333333333333333,0.15176100694691236,,False,31.6,False,EUR,0.0034494906328371593,-0.005763388457314567,False,9,10,goal scorer (Star Substitute),0.5789473684210527,0.05263157894736842,0.7368421052631579,False
MAH-01-51871,string,EUSKADI,11,21,5.1528125,2026-06-15 08:05:41,2026-06-20 11:45:44,15,5,0.3333333333333333,0.15176100694691236,,False,31.6,False,EUR,-0.01975875503920762,-0.009694093735968539,False,13,7,To score 2 or more goals (Star Substitute),0.0,0.0,0.0,False
1405102,numeric,ESTATAL,16,23,9.532685185185185,2026-06-10 21:58:28,2026-06-20 10:45:32,15,5,0.3333333333333333,0.15176100694691236,,False,31.6,False,EUR,0.004375077834928264,0.003929570651013451,False,13,6,Home-side combo (bet builder),0.08695652173913043,0.0,0.17391304347826086,False
2195695,numeric,EUSKADI,29,29,7.916805555555555,2026-06-15 19:22:49,2026-06-23 17:23:01,15,5,0.3333333333333333,0.15176100694691236,,False,31.6,False,EUR,-0.005061846750150429,-0.0018730832875919034,False,7,3,Anytime goalscorer (Star Substitute),0.10344827586206896,0.06896551724137931,0.41379310344827586,False
MAH-03-03835,string,VALENCIA,27,52,11.969247685185184,2026-06-09 08:32:00,2026-06-21 07:47:43,15,5,0.3333333333333333,0.15176100694691236,,False,31.6,False,EUR,-0.009277583393077266,-0.015483117000298521,False,13,7,1st half: Team corners,0.038461538461538464,0.0,0.0,False
2586146,numeric,ESTATAL,19,30,4.871932870370371,2026-06-16 18:20:36,2026-06-21 15:16:11,11,4,0.36363636363636365,0.15166223614131386,,False,30.7,False,EUR,0.0051622199735856435,-0.001863723599811674,False,7,5,Player to win a penalty,0.4,0.0,0.3333333333333333,False
2231148,numeric,ESTATAL,12,12,9.10912037037037,2026-06-13 18:27:01,2026-06-22 21:04:09,11,4,0.36363636363636365,0.15166223614131386,,False,30.7,False,EUR,-0.03810236808482006,-0.0432633650432191,False,7,6,Team Shots,0.75,0.08333333333333333,0.9166666666666666,False
MAH-01-05459,string,EUSKADI,24,51,40.34019675925926,2026-05-13 08:11:58,2026-06-22 16:21:51,11,4,0.36363636363636365,0.15166223614131386,,False,30.7,False,EUR,-0.011340789860906215,-0.0027168572693184734,False,10,7,Home-side combo (bet builder),0.0392156862745098,0.0,0.0196078431372549,False
2483737,numeric,ESTATAL,11,16,8.464733796296295,2026-06-14 11:05:56,2026-06-22 22:15:09,11,4,0.36363636363636365,0.15166223614131386,,False,30.7,False,EUR,0.035997452137118725,0.029068816577799885,False,9,6,Anytime goalscorer (Star Substitute),0.1875,0.125,0.125,False
MAH-03-27313,string,VALENCIA,19,26,9.099791666666667,2026-06-10 18:14:01,2026-06-19 20:37:43,11,4,0.36363636363636365,0.15166223614131386,,False,30.7,False,EUR,0.00852499838043548,-0.006420235184979644,False,10,4,Home-side combo (bet builder),0.07692307692307693,0.038461538461538464,0.07692307692307693,False
MAH-01-05178,string,EUSKADI,15,18,11.884189814814814,2026-06-11 17:21:51,2026-06-23 14:35:05,11,4,0.36363636363636365,0.15166223614131386,,False,30.7,False,EUR,-0.02275193956229127,-0.004670801354068105,False,9,7,Match corners,0.05555555555555555,0.1111111111111111,0.5,False
2580393,numeric,ESTATAL,17,18,11.067037037037037,2026-06-11 14:35:53,2026-06-22 16:12:25,11,4,0.36363636363636365,0.15166223614131386,,False,30.7,False,EUR,0.00209158561732944,-0.00024121663203496342,False,11,4,1st half: Corners,0.4444444444444444,0.16666666666666666,0.8333333333333334,False
1971108,numeric,ESTATAL,15,15,7.956736111111111,2026-06-13 16:37:29,2026-06-21 15:35:11,11,4,0.36363636363636365,0.15166223614131386,,False,30.7,False,EUR,0.024077442161594454,-0.0019157491843381932,False,5,7,To score from outside the box (Star Substitute),0.2,0.0,0.8666666666666667,False
MAH-16-17001,string,CANTABRIA,14,18,11.127777777777778,2026-06-12 12:54:05,2026-06-23 15:58:05,11,4,0.36363636363636365,0.15166223614131386,,False,30.7,False,EUR,0.019803443650837225,0.008604977983246715,False,9,7,To score 2 or more goals (Star Substitute),0.3333333333333333,0.05555555555555555,0.3888888888888889,False
MAH-03-24744,string,VALENCIA,13,29,7.37667824074074,2026-06-15 14:18:55,2026-06-22 23:21:20,11,4,0.36363636363636365,0.15166223614131386,,False,30.7,False,EUR,0.02032464196454885,0.021685985391852427,False,9,5,Anytime goalscorer (Star Substitute),0.06896551724137931,0.0,0.0,False
MAH-01-13451,string,EUSKADI,12,16,7.498541666666667,2026-06-14 09:21:06,2026-06-21 21:19:00,11,4,0.36363636363636365,0.15166223614131386,,False,30.7,False,EUR,0.0236008580292328,0.005754322709482224,False,6,7,Home-side combo (bet builder),0.4375,0.0,0.1875,False
1981464,numeric,ESTATAL,12,16,6.91369212962963,2026-06-16 18:45:42,2026-06-23 16:41:25,11,4,0.36363636363636365,0.15166223614131386,,False,30.7,False,EUR,0.0039907447313305856,-0.024043753607696113,False,7,4,Match penalty scored,0.75,0.0,0.5625,False
1607222,numeric,ESTATAL,36,36,4.730416666666667,2026-06-13 00:23:38,2026-06-17 17:55:26,11,4,0.36363636363636365,0.15166223614131386,,False,30.7,False,EUR,0.005933178555347523,-0.005865300794778236,False,4,11,Match fouls,0.5833333333333334,0.19444444444444445,1.0,True
1970987,numeric,ESTATAL,17,17,3.038078703703704,2026-06-15 15:04:02,2026-06-18 15:58:52,11,4,0.36363636363636365,0.15166223614131386,,False,30.7,False,EUR,0.004352165239351571,0.00432149611227197,False,4,2,Shots on target (Star Substitute),0.8823529411764706,0.0,1.0,False
MAH-05-15092,string,ARAGON,10,12,7.462696759259259,2026-06-10 10:29:54,2026-06-17 21:36:11,11,4,0.36363636363636365,0.15166223614131386,,False,30.7,False,EUR,0.047300327615149435,0.011084141438246743,False,9,8,Match corners,0.08333333333333333,0.0,0.08333333333333333,False
MAH-01-12153,string,EUSKADI,18,19,8.23369212962963,2026-06-15 14:08:31,2026-06-23 19:45:02,11,4,0.36363636363636365,0.15166223614131386,,False,30.7,False,EUR,-0.01371264977709249,-0.002532249998361819,False,10,6,To score or assist (Star Substitute),0.2631578947368421,0.21052631578947367,0.47368421052631576,False
MAH-01-49411,string,EUSKADI,17,24,9.200706018518519,2026-06-14 09:50:46,2026-06-23 14:39:47,11,4,0.36363636363636365,0.15166223614131386,,False,30.7,False,EUR,-0.04359008022006202,-0.035606011147561484,False,8,8,Player to score a penalty (No penalty shootout),0.041666666666666664,0.0,0.3333333333333333,True
MAH-01-05227,string,EUSKADI,11,14,7.153842592592593,2026-06-15 12:37:11,2026-06-22 16:18:43,11,4,0.36363636363636365,0.15166223614131386,,False,30.7,False,EUR,-0.03789512834438446,-0.01888601362600525,False,8,10,To score or assist (Star Substitute),0.2857142857142857,0.0,0.07142857142857142,False
MAH-01-49852,string,EUSKADI,13,29,10.598993055555555,2026-06-12 21:21:25,2026-06-23 11:43:58,11,4,0.36363636363636365,0.15166223614131386,,False,30.7,False,EUR,0.1379546970619342,0.027399666441687506,False,10,6,Match throw-ins,0.06896551724137931,0.0,0.10344827586206896,True
2044042,numeric,EUSKADI,19,27,7.015370370370371,2026-06-16 18:23:10,2026-06-23 18:45:18,11,4,0.36363636363636365,0.15166223614131386,,False,30.7,False,EUR,0.010080330092732792,0.02118892863278571,False,8,4,To score 2 or more goals (Star Substitute),0.25925925925925924,0.07407407407407407,0.037037037037037035,False
MAH-18-01004,string,ASTURIAS,12,17,7.144907407407407,2026-06-14 12:11:25,2026-06-21 15:40:05,11,4,0.36363636363636365,0.15166223614131386,,False,30.7,False,EUR,0.01821001990155627,-0.02468065759725739,False,10,9,Player headed shots on target (Star Substitute),0.23529411764705882,0.0,0.35294117647058826,True
MAH-04-64022,string,GALICIA,20,20,6.0881944444444445,2026-06-15 13:43:28,2026-06-21 15:50:28,11,4,0.36363636363636365,0.15166223614131386,,False,30.7,False,EUR,0.008159486259827787,0.027659575116725767,False,4,7,1st half: Team corners,0.35,0.05,1.0,True
MAH-03-27311,string,VALENCIA,13,16,27.911747685185187,2026-05-23 18:57:00,2026-06-20 16:49:55,11,4,0.36363636363636365,0.15166223614131386,,False,30.7,False,EUR,-0.023451159529952085,-0.007736080369782955,False,11,6,1-X-2 / 2 goals Up,0.25,0.0,0.0625,False
1796439,numeric,PERU,11,14,12.887048611111112,2026-06-10 20:45:52,2026-06-23 18:03:13,11,4,0.36363636363636365,0.15166223614131386,,False,30.7,False,PEN,-0.0023603151428575877,0.00299779022470152,False,7,7,To score 2 or more goals (Star Substitute),0.35714285714285715,0.21428571428571427,0.5714285714285714,False
MAH-11-02009,string,CATALUNYA,14,16,8.220069444444444,2026-06-14 13:25:56,2026-06-22 18:42:50,11,4,0.36363636363636365,0.15166223614131386,,False,30.7,False,EUR,0.006569186551502262,0.01893186909625917,False,7,3,1-X-2 / 2 goals Up,0.25,0.0,0.4375,False
MAH-03-27984,string,VALENCIA,28,43,12.698993055555556,2026-06-10 19:10:01,2026-06-23 11:56:34,33,9,0.2727272727272727,0.1506727265632281,0.9861670437856246,False,30.1,False,EUR,0.0016781926906832968,-0.022409746673985584,False,21,12,To score 2 or more goals (Star Substitute),0.20930232558139536,0.09302325581395349,0.13953488372093023,False
2458870,numeric,ESTATAL,10,11,6.2875,2026-06-14 16:08:09,2026-06-20 23:02:09,4,2,0.5,0.15003570882017145,,False,29.7,False,EUR,0.02656962685612571,0.011731473730574149,False,4,6,Home-side combo (bet builder),0.9090909090909091,0.0,0.8181818181818182,False
MAH-19-24003,string,ANDALUCIA,10,15,9.962893518518518,2026-06-12 16:42:22,2026-06-22 15:48:56,4,2,0.5,0.15003570882017145,,False,29.7,False,EUR,0.018689986801090613,0.012495797443205364,False,4,6,Match,0.6,0.0,0.06666666666666667,False
2051789,numeric,ESTATAL,10,10,10.093900462962964,2026-06-12 17:37:19,2026-06-22 19:52:32,4,2,0.5,0.15003570882017145,,False,29.7,False,EUR,0.17018577166027454,0.10306630922088936,False,4,8,Shots (Star Substitute),0.2,0.3,0.9,False
2054473,numeric,ANDALUCIA,14,14,4.953807870370371,2026-06-17 17:42:01,2026-06-22 16:35:30,4,2,0.5,0.15003570882017145,,False,29.7,False,EUR,0.0008153838672785201,0.0013373447998582533,False,3,2,Shots on target outside the box (Star Substitute),0.35714285714285715,0.07142857142857142,0.7142857142857143,False
2406705,numeric,CANARIAS,60,60,5.040173611111111,2026-06-18 18:58:02,2026-06-23 19:55:53,4,2,0.5,0.15003570882017145,,False,29.7,False,EUR,0.015077770108571318,0.008277082807418124,False,3,21,Shots on target (Star Substitute),0.45,0.55,1.0,True
2272258,numeric,EUSKADI,10,10,10.089803240740741,2026-06-12 18:21:05,2026-06-22 20:30:24,4,2,0.5,0.15003570882017145,,False,29.7,False,EUR,0.0010143119747898551,0.0013261554621848137,False,4,1,1st half: Shots on target,0.4,0.0,0.0,False
1615724,numeric,ESTATAL,16,16,6.885150462962963,2026-06-14 21:43:18,2026-06-21 18:57:55,4,2,0.5,0.15003570882017145,,False,29.7,False,EUR,0.008550420168067285,0.008550420168067285,False,3,5,Match shots,0.6875,0.0625,1.0,False
2359193,numeric,EUSKADI,11,11,2.0083101851851852,2026-06-13 21:11:05,2026-06-15 21:23:03,4,2,0.5,0.15003570882017145,,False,29.7,False,EUR,0.005550752053354699,0.0028207582935803055,False,4,8,Team goal kicks,0.7272727272727273,0.2727272727272727,0.9090909090909091,True
1852659,numeric,ESTATAL,14,15,1.4436921296296297,2026-06-14 11:19:07,2026-06-15 21:58:02,4,2,0.5,0.15003570882017145,,False,29.7,False,EUR,-0.012564146707782362,-0.014724024022687077,False,3,4,Team Shots,0.6666666666666666,0.0,0.6666666666666666,False
MAH-22-05001,string,MELILLA,12,12,7.699513888888889,2026-06-11 19:01:56,2026-06-19 11:49:14,4,2,0.5,0.15003570882017145,,False,29.7,False,EUR,0.00587808414357031,0.027039528586361328,False,3,8,Anytime goalscorer (Star Substitute),0.3333333333333333,0.4166666666666667,0.5833333333333334,False
1698547,numeric,ESTATAL,13,13,9.139826388888888,2026-06-14 16:19:30,2026-06-23 19:40:51,4,2,0.5,0.15003570882017145,,False,29.7,False,EUR,0.023782942056055627,0.013633540372670783,False,4,4,Total passes,1.0,0.0,1.0,False
2565777,numeric,PERU,11,11,7.219537037037037,2026-06-15 21:43:35,2026-06-23 02:59:43,4,2,0.5,0.15003570882017145,,False,29.7,False,PEN,0.020077308930209398,0.010031354261003794,False,4,5,Match fouls,0.45454545454545453,0.18181818181818182,0.5454545454545454,False
MAH-25-00006,string,CEUTA,10,11,12.114050925925927,2026-06-10 18:01:47,2026-06-22 20:46:01,4,2,0.5,0.15003570882017145,,False,29.7,False,EUR,-0.0015896918977118017,0.010746346817145647,False,2,2,Team shots on target,0.6363636363636364,0.18181818181818182,0.45454545454545453,False
1268702,numeric,ESTATAL,10,10,11.054155092592593,2026-06-10 20:38:02,2026-06-21 21:56:01,4,2,0.5,0.15003570882017145,,False,29.7,False,EUR,0.003139912513255569,0.0034775152439024404,False,4,6,Shots on target (Star Substitute),0.6,0.2,0.9,False
2408236,numeric,ESTATAL,10,10,4.921712962962963,2026-06-12 18:48:54,2026-06-17 16:56:10,4,2,0.5,0.15003570882017145,,False,29.7,False,EUR,0.002075311874326191,0.002281302941629426,False,1,3,Shots on target (Star Substitute),0.9,0.1,1.0,True
MAH-01-53452,string,EUSKADI,10,11,14.930868055555555,2026-06-07 18:35:25,2026-06-22 16:55:52,4,2,0.5,0.15003570882017145,,False,29.7,False,EUR,0.11087442780438517,0.05797653984557874,False,4,5,Match corners,0.18181818181818182,0.09090909090909091,0.0,False
MAH-03-27683,string,VALENCIA,59,71,12.936875,2026-06-10 18:03:22,2026-06-23 16:32:28,29,8,0.27586206896551724,0.1469858133850274,0.979835942047726,False,29.3,False,EUR,0.006977860112257283,-0.0035017026176308347,False,19,12,Match,0.5352112676056338,0.014084507042253521,0.6338028169014085,False
MAH-03-24546,string,VALENCIA,16,29,10.116087962962963,2026-06-12 17:51:16,2026-06-22 20:38:26,24,7,0.2916666666666667,0.14914460334164278,0.9585762058029326,False,29.3,False,EUR,-0.004322915769740017,-0.013668171356120385,False,18,10,Home-side combo (bet builder),0.2413793103448276,0.0,0.06896551724137931,False
MAH-06-00389,string,LA RIOJA,14,24,10.099398148148149,2026-06-11 15:52:26,2026-06-21 18:15:34,20,6,0.3,0.14547527396899385,0.9383150311374279,False,29.1,False,EUR,-0.02589693348519021,-0.024952123216686477,False,17,8,To score or assist (Star Substitute),0.16666666666666666,0.041666666666666664,0.041666666666666664,False
1794532,numeric,ESTATAL,57,65,13.103819444444444,2026-06-10 17:15:38,2026-06-23 19:45:08,20,6,0.3,0.14547527396899385,0.9383150311374279,False,29.1,False,EUR,-0.03572192316421519,-0.019650202284200995,False,16,7,Match shots,0.5846153846153846,0.12307692307692308,0.6461538461538462,False
MAH-05-15043,string,ARAGON,17,30,14.936898148148147,2026-06-07 13:37:01,2026-06-22 12:06:09,20,6,0.3,0.14547527396899385,0.9383150311374279,False,29.1,False,EUR,0.010597244347864318,-0.008991629475864779,False,17,5,1-X-2 / 2 goals Up,0.0,0.03333333333333333,0.03333333333333333,False
MAH-03-03151,string,VALENCIA,18,23,10.926180555555556,2026-06-12 16:23:17,2026-06-23 14:36:59,20,6,0.3,0.14547527396899385,0.9383150311374279,False,29.1,False,EUR,-0.04318116125998072,-0.03785169941473708,False,14,9,Team corners,0.08695652173913043,0.0,0.13043478260869565,False
2142376,numeric,ESTATAL,10,24,12.877407407407407,2026-06-09 18:48:12,2026-06-22 15:51:40,20,6,0.3,0.14547527396899385,0.9383150311374279,False,29.1,False,EUR,0.005163949482895835,-0.019642427952402047,False,19,3,Team corners,0.041666666666666664,0.0,0.0,False
2009923,numeric,ESTATAL,31,34,11.936134259259259,2026-06-11 13:29:20,2026-06-23 11:57:22,25,7,0.28,0.14283673837381572,0.9704029630588002,False,28.9,False,EUR,-0.026685485895914154,-0.05533513283802033,False,17,4,To score or assist (Star Substitute),0.20588235294117646,0.14705882352941177,0.6470588235294118,True
MAH-01-49721,string,EUSKADI,21,32,12.07193287037037,2026-06-10 18:10:02,2026-06-22 19:53:37,25,7,0.28,0.14283673837381572,0.9704029630588002,False,28.9,False,EUR,0.03403364501716466,0.002912486192306911,False,19,8,Match,0.125,0.0,0.03125,False
MAH-01-01578,string,EUSKADI,17,36,7.047361111111111,2026-06-14 14:13:31,2026-06-21 15:21:43,25,7,0.28,0.14283673837381572,0.9704029630588002,False,28.9,False,EUR,0.008088304495584184,0.004838228836015668,False,15,6,Match,0.08333333333333333,0.0,0.0,False
755568,numeric,EUSKADI,53,53,7.033043981481481,2026-06-16 18:24:10,2026-06-23 19:11:45,40,10,0.25,0.14186967895549518,0.9965586808130991,False,28.8,False,EUR,-0.01984084617799531,-0.021465853210093984,False,11,12,To score 2 or more goals (Star Substitute),0.32075471698113206,0.0,1.0,False
MAH-11-14001,string,CATALUNYA,32,37,22.979039351851853,2026-05-31 12:21:32,2026-06-23 11:51:21,16,5,0.3125,0.14164435051961052,,False,28.6,False,EUR,0.32235710950369484,0.020173901984439656,False,12,6,Team exact bookings (only players and in play),0.10810810810810811,0.0,0.4594594594594595,False
MAH-04-07970,string,GALICIA,12,17,12.96630787037037,2026-06-10 13:57:30,2026-06-23 13:08:59,16,5,0.3125,0.14164435051961052,,False,28.6,False,EUR,-0.02202972954090384,-0.016783666617912106,False,13,5,Anytime goalscorer (Star Substitute),0.0,0.0,0.0,False
1852829,numeric,PERU,42,52,4.680543981481481,2026-06-10 19:31:10,2026-06-15 11:51:09,16,5,0.3125,0.14164435051961052,,False,28.6,False,PEN,0.001506021628600677,8.796529719041699e-05,False,9,6,Team Shots,0.4807692307692308,0.0,0.6346153846153846,True
2011300,numeric,EUSKADI,16,28,10.602094907407407,2026-06-11 22:24:24,2026-06-22 12:51:25,16,5,0.3125,0.14164435051961052,,False,28.6,False,EUR,-0.020812251216583266,-0.006807685551497595,False,16,3,Anytime goalscorer (Star Substitute),0.17857142857142858,0.03571428571428571,0.0,False
1964862,numeric,EUSKADI,103,103,12.04212962962963,2026-06-11 18:58:10,2026-06-23 19:58:50,16,5,0.3125,0.14164435051961052,,False,28.6,False,EUR,0.003847969608272143,0.004566127262106055,False,12,9,Team Shots,0.6699029126213593,0.32038834951456313,1.0,False
2293144,numeric,PERU,24,31,7.978831018518519,2026-06-15 19:02:51,2026-06-23 18:32:22,16,5,0.3125,0.14164435051961052,,False,28.6,False,PEN,0.008603553959868112,0.00756634436177149,False,7,8,Anytime goalscorer (Star Substitute),0.3548387096774194,0.41935483870967744,0.5483870967741935,False
2563395,numeric,ESTATAL,44,48,13.029675925925925,2026-06-10 18:45:27,2026-06-23 19:28:11,16,5,0.3125,0.14164435051961052,,False,28.6,False,EUR,0.012927021331265054,0.015988301261898576,False,11,6,To score 2 or more goals (Star Substitute),0.75,0.20833333333333334,0.8125,True
2055421,numeric,ANDALUCIA,24,24,7.885868055555555,2026-06-13 21:10:16,2026-06-21 18:25:55,16,5,0.3125,0.14164435051961052,,False,28.6,False,EUR,0.0165321687971565,0.010496663273182348,False,8,8,Shots (Star Substitute),0.875,0.125,0.9583333333333334,True
MAH-19-31002,string,ANDALUCIA,17,22,12.085659722222223,2026-06-10 18:13:31,2026-06-22 20:16:52,16,5,0.3125,0.14164435051961052,,False,28.6,False,EUR,-0.007117769863724908,-0.013390253404973684,False,12,12,Match,0.2727272727272727,0.0,0.18181818181818182,False
MAH-03-27783,string,VALENCIA,60,129,14.02894675925926,2026-06-09 17:53:56,2026-06-23 18:35:37,73,16,0.2191780821917808,0.13966002654277956,0.999982185869345,False,28.3,False,EUR,-0.030774676971732143,-0.029060911627827007,False,31,18,Team Fouls,0.20930232558139536,0.0,0.03875968992248062,False
MAH-03-27314,string,VALENCIA,17,40,8.805300925925925,2026-06-13 21:50:51,2026-06-22 17:10:29,21,6,0.2857142857142857,0.138136757456282,0.9561600615851684,False,28.2,False,EUR,-0.016058430056756806,-0.019447912422917518,False,14,6,Home-side combo (bet builder),0.1,0.025,0.025,False
2563103,numeric,ESTATAL,28,28,10.2953125,2026-06-10 22:22:49,2026-06-21 05:28:04,21,6,0.2857142857142857,0.138136757456282,0.9561600615851684,False,28.2,False,EUR,-0.0002630253068854476,0.017460384402930167,False,7,6,Shots on target (Star Substitute),0.5357142857142857,0.03571428571428571,0.9642857142857143,True
MAH-03-02890,string,VALENCIA,22,33,14.177962962962964,2026-06-08 12:09:10,2026-06-22 16:25:26,21,6,0.2857142857142857,0.138136757456282,0.9561600615851684,False,28.2,False,EUR,-0.028580917963974623,-0.024915956203799345,False,19,6,1-X-2 / 2 goals Up,0.3939393939393939,0.0,0.3939393939393939,False
MAH-08-39001,string,MURCIA,47,54,12.981226851851853,2026-06-10 19:27:58,2026-06-23 19:00:56,21,6,0.2857142857142857,0.138136757456282,0.9561600615851684,False,28.2,False,EUR,-0.013635590127699824,-0.008025795362685542,False,13,9,1-X-2 / 2 goals Up,0.2962962962962963,0.018518518518518517,0.3148148148148148,True
MAH-05-15071,string,ARAGON,22,32,9.368680555555555,2026-06-13 13:14:30,2026-06-22 22:05:24,21,6,0.2857142857142857,0.138136757456282,0.9561600615851684,False,28.2,False,EUR,-0.02798143488945309,0.000753907620852891,False,10,16,Match,0.125,0.03125,0.21875,False
MAH-23-05009,string,PERU,11,17,4.653680555555556,2026-06-13 01:16:00,2026-06-17 16:57:18,12,4,0.3333333333333333,0.13811783989736134,,False,27.7,False,PEN,-0.0002607878556831916,0.005339108325300694,False,9,5,Match corners,0.29411764705882354,0.058823529411764705,0.11764705882352941,False
MAH-01-04855,string,EUSKADI,19,21,10.191099537037037,2026-06-13 16:20:18,2026-06-23 20:55:29,12,4,0.3333333333333333,0.13811783989736134,,False,27.7,False,EUR,-0.03081193669008637,-0.015289374090810354,False,10,13,Match corners,0.23809523809523808,0.19047619047619047,0.5714285714285714,False
1427434,numeric,ESTATAL,14,14,0.03048611111111111,2026-06-15 14:29:28,2026-06-15 15:13:22,12,4,0.3333333333333333,0.13811783989736134,,False,27.7,False,EUR,0.03735775532120232,0.03156573947732641,False,1,7,Team completed passes,0.5,0.0,1.0,True
2355229,numeric,EUSKADI,18,18,8.999328703703704,2026-06-13 17:20:04,2026-06-22 17:19:06,12,4,0.3333333333333333,0.13811783989736134,,False,27.7,False,EUR,0.007016889164293202,0.007130201877392032,False,11,1,Match corners,0.16666666666666666,0.0,0.0,False
2076818,numeric,ESTATAL,11,13,5.2484375,2026-06-10 15:51:07,2026-06-15 21:48:52,12,4,0.3333333333333333,0.13811783989736134,,False,27.7,False,EUR,0.04896917699176476,0.003033879006182072,False,5,3,Team shots on target,0.15384615384615385,0.0,0.5384615384615384,False
MAH-03-27091,string,VALENCIA,11,17,10.067152777777778,2026-06-12 16:23:56,2026-06-22 18:00:38,12,4,0.3333333333333333,0.13811783989736134,,False,27.7,False,EUR,-0.01125025324034897,-0.03175753101386206,False,9,6,Team corners,0.11764705882352941,0.058823529411764705,0.29411764705882354,True
MAH-03-24233,string,VALENCIA,14,16,7.926377314814815,2026-06-13 11:25:48,2026-06-21 09:39:47,12,4,0.3333333333333333,0.13811783989736134,,False,27.7,False,EUR,0.018497102849753037,-0.016135703718245974,False,7,9,Team corners,0.0625,0.0,0.0625,False
2335373,numeric,MADRID,19,19,12.075405092592593,2026-06-10 18:54:01,2026-06-22 20:42:36,12,4,0.3333333333333333,0.13811783989736134,,False,27.7,False,EUR,0.006939331678920198,0.005221023536098286,False,12,7,Shots on target (Star Substitute),0.8421052631578947,0.0,0.47368421052631576,False
1835333,numeric,PERU,21,22,11.297974537037037,2026-06-11 18:52:19,2026-06-23 02:01:24,12,4,0.3333333333333333,0.13811783989736134,,False,27.7,False,PEN,0.020453006820852944,0.024575755923339642,False,11,4,Match throw-ins,0.7272727272727273,0.0,0.6363636363636364,False
2627908,numeric,EUSKADI,37,40,12.03900462962963,2026-06-11 18:50:50,2026-06-23 19:47:00,12,4,0.3333333333333333,0.13811783989736134,,False,27.7,False,EUR,0.006989772116648522,0.0006455802209884565,False,9,8,goal scorer (Star Substitute),0.525,0.35,0.85,True
2630223,numeric,CANARIAS,22,23,5.0501504629629625,2026-06-18 13:10:08,2026-06-23 14:22:21,12,4,0.3333333333333333,0.13811783989736134,,False,27.7,False,EUR,0.0032350142533046702,0.005538226881551349,False,10,5,Player to score in fisrt ten minutes (from 0:00 to 9:59),0.13043478260869565,0.21739130434782608,0.8260869565217391,True
2562529,numeric,ESTATAL,11,12,8.990821759259259,2026-06-14 19:04:37,2026-06-23 18:51:24,12,4,0.3333333333333333,0.13811783989736134,,False,27.7,False,EUR,-0.0064451788652783015,-0.0011957150361629383,False,11,4,1-X-2 / 2 goals Up,0.6666666666666666,0.0,0.25,False
MAH-12-16007,string,CANARIAS,16,16,5.070219907407408,2026-06-17 16:10:03,2026-06-22 17:51:10,12,4,0.3333333333333333,0.13811783989736134,,False,27.7,False,EUR,-0.008854420257305255,-0.009181221760396513,False,8,6,1st half: Team corners,0.25,0.0,1.0,False
MAH-03-27132,string,VALENCIA,12,17,9.807673611111111,2026-06-13 19:48:18,2026-06-23 15:11:21,12,4,0.3333333333333333,0.13811783989736134,,False,27.7,False,EUR,-0.048328488544111876,-0.007043262551054419,False,7,7,Match shots on target,0.29411764705882354,0.11764705882352941,0.4117647058823529,False
MAH-01-00337,string,EUSKADI,14,16,10.090023148148148,2026-06-12 14:27:21,2026-06-22 16:36:59,12,4,0.3333333333333333,0.13811783989736134,,False,27.7,False,EUR,-0.0033077869271607037,0.006735728371675483,False,9,6,To score or assist (Star Substitute),0.375,0.0,0.375,False
MAH-03-02602,string,VALENCIA,66,182,12.094756944444445,2026-06-10 17:14:25,2026-06-22 19:30:52,52,12,0.23076923076923078,0.13724127341871611,0.9995873755381145,False,27.3,False,EUR,-0.008337186685185155,-0.01855648701382368,False,36,10,1-X-2 / 2 goals Up,0.06043956043956044,0.005494505494505495,0.01098901098901099,False
MAH-01-04929,string,EUSKADI,10,12,5.434525462962963,2026-06-17 08:50:45,2026-06-22 19:16:28,8,3,0.375,0.13684175946152105,,False,26.9,False,EUR,0.0014642725383570581,0.0016705669732821268,False,6,7,To score or assist (Star Substitute),0.0,0.0,0.0,False
2427987,numeric,ESTATAL,17,22,13.73320601851852,2026-06-10 00:56:21,2026-06-23 18:32:10,8,3,0.375,0.13684175946152105,,False,26.9,False,EUR,0.00327180539019914,0.0018939562731808413,False,7,10,Saves (Star Substitute),0.36363636363636365,0.09090909090909091,0.13636363636363635,False
MAH-01-05103,string,EUSKADI,12,13,7.0129166666666665,2026-06-16 17:11:23,2026-06-23 17:29:59,8,3,0.375,0.13684175946152105,,False,26.9,False,EUR,0.0018848588174779338,-0.0024409950694018745,False,6,10,Home-side combo (bet builder),0.46153846153846156,0.07692307692307693,0.46153846153846156,False
2058062,numeric,ESTATAL,11,11,7.210983796296296,2026-06-15 15:52:57,2026-06-22 20:56:46,8,3,0.375,0.13684175946152105,,False,26.9,False,EUR,0.0012559430236608582,-6.650281501467681e-05,False,8,2,goal scorer (Star Substitute),0.6363636363636364,0.09090909090909091,1.0,False
1531407,numeric,VALENCIA,14,30,10.91045138888889,2026-06-12 11:51:33,2026-06-23 09:42:36,8,3,0.375,0.13684175946152105,,False,26.9,False,EUR,0.014493280750489085,-0.006828362269159144,False,7,3,Home-side combo (bet builder),0.06666666666666667,0.0,0.3333333333333333,True
2212044,numeric,NAVARRA,12,12,1.9969675925925925,2026-06-19 21:11:49,2026-06-21 21:07:27,8,3,0.375,0.13684175946152105,,False,26.9,False,EUR,0.032067830543469934,0.03268360771163199,False,6,4,Saves (Star Substitute),0.6666666666666666,0.08333333333333333,1.0,False
2530797,numeric,ESTATAL,18,18,1.922974537037037,2026-06-10 18:27:39,2026-06-12 16:36:44,8,3,0.375,0.13684175946152105,,False,26.9,False,EUR,-0.026001060501967297,-0.016029994091215152,False,4,5,Shots on target (Star Substitute),0.16666666666666666,0.0,0.9444444444444444,True
2588267,numeric,ANDALUCIA,23,23,7.286550925925926,2026-06-16 12:32:59,2026-06-23 19:25:37,8,3,0.375,0.13684175946152105,,False,26.9,False,EUR,-0.008775186217711619,0.0034972167786255087,False,7,10,Player to score in fisrt ten minutes (from 0:00 to 9:59),0.391304347826087,0.30434782608695654,1.0,False
MAH-11-14003,string,CATALUNYA,15,15,38.396643518518516,2026-05-15 12:14:52,2026-06-22 21:46:02,8,3,0.375,0.13684175946152105,,False,26.9,False,EUR,0.010936382548663137,0.006485020948070491,False,4,4,Team exact bookings (only players and in play),0.0,0.06666666666666667,0.6666666666666666,False
2267693,numeric,PERU,10,11,6.0032754629629625,2026-06-16 19:57:16,2026-06-22 20:01:59,8,3,0.375,0.13684175946152105,,False,26.9,False,PEN,0.007111623103259329,0.005602868743417477,False,5,5,Away-side combo (bet builder),0.09090909090909091,0.0,0.0,False
TPV-23-04001,string,PERU,10,12,7.909618055555556,2026-06-15 15:43:01,2026-06-23 13:32:52,8,3,0.375,0.13684175946152105,,False,26.9,False,PEN,0.010842419773002213,0.009910243393680074,False,8,3,To score or assist (Star Substitute),0.4166666666666667,0.25,0.5833333333333334,False
429910,numeric,EUSKADI,18,19,7.165891203703704,2026-06-14 11:01:08,2026-06-21 15:00:01,8,3,0.375,0.13684175946152105,,False,26.9,False,EUR,0.0011964088098123595,0.00021416713353110406,False,5,12,Shots against woodwork,0.5263157894736842,0.05263157894736842,0.7894736842105263,True
2630654,numeric,PERU,11,11,5.0425,2026-06-15 21:23:12,2026-06-20 22:24:24,8,3,0.375,0.13684175946152105,,False,26.9,False,PEN,0.026233152157072722,0.012105351483953086,False,6,4,Match corners,0.36363636363636365,0.18181818181818182,1.0,False
MAH-11-10005,string,CATALUNYA,10,12,8.08287037037037,2026-06-13 15:05:28,2026-06-21 17:04:48,8,3,0.375,0.13684175946152105,,False,26.9,False,EUR,0.025314643409613837,0.017778195936297966,False,7,5,Match,0.08333333333333333,0.0,0.16666666666666666,False
MAH-03-03355,string,VALENCIA,19,34,6.812210648148148,2026-06-13 11:25:48,2026-06-20 06:55:23,8,3,0.375,0.13684175946152105,,False,26.9,False,EUR,-0.016698712540051317,-0.02254135868957638,False,7,6,To score or assist (Star Substitute),0.029411764705882353,0.0,0.0,False
1981372,numeric,LA RIOJA,11,15,8.086886574074073,2026-06-14 15:12:02,2026-06-22 17:17:09,8,3,0.375,0.13684175946152105,,False,26.9,False,EUR,0.013433375215398691,0.012865268904114137,False,6,5,Anytime goalscorer (Star Substitute),0.4,0.0,0.0,False
1199420,numeric,NAVARRA,10,12,8.016400462962963,2026-06-15 19:18:32,2026-06-23 19:42:09,8,3,0.375,0.13684175946152105,,False,26.9,False,EUR,0.005754789970095089,0.013520803694678188,False,8,8,To score or assist (Star Substitute),0.3333333333333333,0.16666666666666666,0.25,False
MAH-01-01468,string,EUSKADI,11,13,6.259560185185185,2026-06-15 09:36:39,2026-06-21 15:50:25,8,3,0.375,0.13684175946152105,,False,26.9,False,EUR,0.0036267000429986325,0.005101961507420427,False,3,4,Fouls Won (Star Substitute),0.6153846153846154,0.0,0.6923076923076923,False
1762767,numeric,LA RIOJA,12,12,9.750613425925925,2026-06-13 18:28:31,2026-06-23 12:29:24,8,3,0.375,0.13684175946152105,,False,26.9,False,EUR,0.0013482337981922717,0.0002355596187579162,False,5,7,Player to score in fisrt ten minutes (from 0:00 to 9:59),0.4166666666666667,0.08333333333333333,0.6666666666666666,False
MAH-03-24543,string,VALENCIA,37,100,35.300439814814816,2026-05-18 09:13:33,2026-06-22 16:26:11,47,11,0.23404255319148937,0.13603136423924592,0.9991667329756068,False,26.4,False,EUR,0.0076416029427767125,-0.018337295006099253,False,30,13,Saves (Star Substitute),0.07,0.01,0.02,False
MAH-03-24545,string,VALENCIA,28,38,12.860162037037037,2026-06-10 13:20:38,2026-06-23 09:59:16,17,5,0.29411764705882354,0.13279793865556405,,False,26.2,False,EUR,-0.02938403238708963,-0.0005807663383513443,False,12,12,Saves (Star Substitute),0.02631578947368421,0.05263157894736842,0.47368421052631576,False
MAH-19-11001,string,ANDALUCIA,13,22,11.161111111111111,2026-06-11 14:37:18,2026-06-22 18:29:18,17,5,0.29411764705882354,0.13279793865556405,,False,26.2,False,EUR,0.006450022761223926,-0.0012730338723056936,False,12,7,Team corners,0.09090909090909091,0.09090909090909091,0.0,False
2628085,numeric,ESTATAL,29,29,9.764293981481481,2026-06-12 02:30:10,2026-06-21 20:50:45,17,5,0.29411764705882354,0.13279793865556405,,False,26.2,False,EUR,-0.0029883902684377114,0.0007575624775287053,False,12,11,Team corners,0.27586206896551724,0.27586206896551724,0.9310344827586207,False
1280259,numeric,GALICIA,34,34,8.151226851851852,2026-06-15 15:47:22,2026-06-23 19:25:08,17,5,0.29411764705882354,0.13279793865556405,,False,26.2,False,EUR,0.017862752598251125,0.03246782805862944,False,11,5,To score from outside the box (Star Substitute),0.5294117647058824,0.0,1.0,True
MAH-06-18003,string,LA RIOJA,17,23,11.07636574074074,2026-06-11 14:18:21,2026-06-22 16:08:19,17,5,0.29411764705882354,0.13279793865556405,,False,26.2,False,EUR,-0.007408248281376374,-0.009082360938224043,False,11,11,Match,0.17391304347826086,0.0,0.043478260869565216,False
MAH-05-15182,string,ARAGON,189,325,11.208171296296296,2026-06-11 18:34:18,2026-06-22 23:34:04,27,7,0.25925925925925924,0.13170208422866778,0.98531324148856,False,26.1,False,EUR,-0.007610471368836443,-0.007530112849296798,False,21,5,1-X-2 / 2 goals Up,0.046153846153846156,0.0,0.006153846153846154,False
MAH-03-27221,string,VALENCIA,32,48,15.223969907407408,2026-06-08 11:26:46,2026-06-23 16:49:17,27,7,0.25925925925925924,0.13170208422866778,0.98531324148856,False,26.1,False,EUR,-0.03879347273606437,-0.0060396083183808695,False,18,11,To score 2 or more goals (Star Substitute),0.25,0.0,0.0625,False
MAH-03-24236,string,VALENCIA,37,48,10.170405092592592,2026-06-13 11:46:47,2026-06-23 15:52:10,22,6,0.2727272727272727,0.13150582015814438,0.9691850921992674,False,26.0,False,EUR,0.20442890071305345,-0.0029184402183471537,False,12,9,Anytime goalscorer (Star Substitute),0.08333333333333333,0.0,0.020833333333333332,False
2449660,numeric,ESTATAL,29,36,10.939039351851852,2026-06-12 18:25:15,2026-06-23 16:57:28,22,6,0.2727272727272727,0.13150582015814438,0.9691850921992674,False,26.0,False,EUR,-0.007857310458675652,-0.0025808381796697736,False,12,5,Match,0.5833333333333334,0.0,0.3888888888888889,False
2208140,numeric,ESTATAL,152,201,13.959594907407407,2026-06-09 21:06:12,2026-06-23 20:08:01,114,22,0.19298245614035087,0.13103797364220363,0.999999995368355,False,25.9,False,EUR,-0.014245678361745248,-0.021411871499265673,False,50,2,To score 2 or more goals (Star Substitute),0.34328358208955223,0.03482587064676617,0.7164179104477612,True
MAH-03-24901,string,VALENCIA,24,54,12.742685185185184,2026-06-08 17:01:46,2026-06-21 10:51:14,13,4,0.3076923076923077,0.1268049716161809,,False,25.5,False,EUR,-0.015697848903556542,-0.021548926149731543,False,12,5,Home-side combo (bet builder),0.16666666666666666,0.0,0.3888888888888889,True
MAH-03-27691,string,VALENCIA,13,20,11.93287037037037,2026-06-11 18:26:12,2026-06-23 16:49:32,13,4,0.3076923076923077,0.1268049716161809,,False,25.5,False,EUR,0.0052499705767414945,-0.019276301578114014,False,12,10,Anytime goalscorer (Star Substitute),0.3,0.0,0.2,False
2392030,numeric,EUSKADI,26,26,10.899201388888889,2026-06-12 01:04:36,2026-06-22 22:39:27,13,4,0.3076923076923077,0.1268049716161809,,False,25.5,False,EUR,-8.859789127678155e-05,-0.0008959284744888445,False,11,5,Match throw-ins,0.6153846153846154,0.0,1.0,True
MAH-03-24111,string,VALENCIA,14,18,12.00306712962963,2026-06-11 19:01:51,2026-06-23 19:06:16,13,4,0.3076923076923077,0.1268049716161809,,False,25.5,False,EUR,-0.028148076503370017,-0.05865804007793355,False,11,7,Team corners,0.2222222222222222,0.05555555555555555,0.3888888888888889,False
MAH-06-00130,string,LA RIOJA,14,16,9.193935185185186,2026-06-12 17:49:12,2026-06-21 22:28:28,13,4,0.3076923076923077,0.1268049716161809,,False,25.5,False,EUR,-0.019995272587401906,-0.005321061878712055,False,10,9,To score or assist (Star Substitute),0.1875,0.0,0.375,False
2025582,numeric,MURCIA,14,17,4.5854282407407405,2026-06-16 18:05:05,2026-06-21 08:08:06,13,4,0.3076923076923077,0.1268049716161809,,False,25.5,False,EUR,0.0074003304849782755,0.005324386288366734,False,7,7,To score 2 or more goals (Star Substitute),0.5294117647058824,0.11764705882352941,0.5882352941176471,False
MAH-04-08204,string,GALICIA,82,86,11.012222222222222,2026-06-10 18:55:36,2026-06-21 19:13:12,13,4,0.3076923076923077,0.1268049716161809,,False,25.5,False,EUR,0.00660001877460029,-0.005734005517193975,False,12,5,Match fouls,0.45348837209302323,0.16279069767441862,0.0,False
MAH-06-00056,string,LA RIOJA,14,22,14.212650462962962,2026-06-08 12:54:04,2026-06-22 18:00:17,13,4,0.3076923076923077,0.1268049716161809,,False,25.5,False,EUR,-0.03514353269977623,-0.04702132936565847,False,11,8,To score or assist (Star Substitute),0.0,0.0,0.045454545454545456,False
MAH-03-24093,string,VALENCIA,15,24,9.84755787037037,2026-06-13 20:33:38,2026-06-23 16:54:07,13,4,0.3076923076923077,0.1268049716161809,,False,25.5,False,EUR,-0.018938271988346328,-0.010297783645725124,False,9,8,Home-side combo (bet builder),0.375,0.0,0.125,False
1468841,numeric,MADRID,24,25,12.057916666666667,2026-06-11 18:35:23,2026-06-23 19:58:47,13,4,0.3076923076923077,0.1268049716161809,,False,25.5,False,EUR,-0.026046016627347405,-0.0229742307267933,False,11,6,Match,0.76,0.08,0.88,False
1971267,numeric,EUSKADI,10,15,7.9909375,2026-06-15 09:23:40,2026-06-23 09:10:37,13,4,0.3076923076923077,0.1268049716161809,,False,25.5,False,EUR,0.023584444555802397,0.037094340876903616,False,9,3,Hat trick (three or more goals) (Star Substitute),0.0,0.0,0.4,True
2245651,numeric,PERU,18,18,13.26181712962963,2026-06-10 13:00:10,2026-06-23 19:17:11,13,4,0.3076923076923077,0.1268049716161809,,False,25.5,False,PEN,-0.0007398449738376424,-0.01941713381466785,False,7,2,Hat trick (three or more goals) (Star Substitute),0.2777777777777778,0.05555555555555555,1.0,False
MAH-01-49782,string,EUSKADI,17,19,13.061990740740741,2026-06-10 17:57:48,2026-06-23 19:27:04,13,4,0.3076923076923077,0.1268049716161809,,False,25.5,False,EUR,-0.011893137659488304,0.015439665051625905,False,11,15,Team exact bookings (only players and in play),0.15789473684210525,0.10526315789473684,0.3684210526315789,False
MAH-05-15303,string,ARAGON,12,16,13.009502314814815,2026-06-09 19:15:35,2026-06-22 19:29:16,13,4,0.3076923076923077,0.1268049716161809,,False,25.5,False,EUR,-0.04862719152780916,-0.029556208013894632,False,10,7,Match penalty scored,0.0625,0.0,0.0625,False
2212465,numeric,PERU,32,34,9.954097222222222,2026-06-13 19:34:22,2026-06-23 18:28:16,13,4,0.3076923076923077,0.1268049716161809,,False,25.5,False,PEN,0.010263986739300561,0.0051816512147739085,False,8,12,To score or assist (Star Substitute),0.38235294117647056,0.3235294117647059,0.17647058823529413,False
MAH-01-13472,string,EUSKADI,12,16,11.346435185185186,2026-06-11 08:36:19,2026-06-22 16:55:11,13,4,0.3076923076923077,0.1268049716161809,,False,25.5,False,EUR,-0.003184296045291964,-0.011155974516461348,False,11,8,Shots on target (Star Substitute),0.375,0.0,0.3125,False
MAH-03-24592,string,VALENCIA,29,59,13.992569444444445,2026-06-09 18:07:07,2026-06-23 17:56:25,28,7,0.25,0.12676334942200781,0.9897865242834643,False,25.1,False,EUR,-0.027188474277816028,-0.02574362263222694,False,20,11,Home-side combo (bet builder),0.13559322033898305,0.06779661016949153,0.11864406779661017,False
MAH-03-24091,string,VALENCIA,13,26,5.888587962962963,2026-06-17 19:50:57,2026-06-23 17:10:31,18,5,0.2777777777777778,0.12499569146355476,,False,25.0,False,EUR,-0.024990690175759053,0.00063243308006889,False,14,8,Team corners,0.19230769230769232,0.0,0.23076923076923078,False
MAH-05-15363,string,ARAGON,14,24,10.663553240740741,2026-06-11 19:59:41,2026-06-22 11:55:12,23,6,0.2608695652173913,0.1254844588924897,0.9785588701059614,False,25.0,False,EUR,-0.010511106324704129,-0.0119866614670188,False,16,9,1-X-2 / 2 goals Up,0.08333333333333333,0.0,0.041666666666666664,False
MAH-03-27854,string,VALENCIA,16,39,10.622210648148148,2026-06-12 22:33:26,2026-06-23 13:29:25,18,5,0.2777777777777778,0.12499569146355476,,False,25.0,False,EUR,-0.006740029553344156,-0.011571553878422285,False,14,7,Team shots on target,0.23076923076923078,0.0,0.05128205128205128,False
MAH-05-15121,string,ARAGON,33,63,10.937002314814816,2026-06-11 16:58:19,2026-06-22 15:27:36,51,11,0.21568627450980393,0.12493811244188556,0.9998109907770897,False,24.9,False,EUR,-0.037278165057301894,-0.06326175519783546,False,33,13,Match penalty scored,0.23809523809523808,0.0,0.15873015873015872,True
MAH-03-27843,string,VALENCIA,20,31,8.979328703703704,2026-06-14 18:23:31,2026-06-23 17:53:45,29,7,0.2413793103448276,0.12218268185062132,0.9929526186311998,False,24.8,False,EUR,-0.018830311755877186,-0.021735935879902975,False,18,12,To score or assist (Star Substitute),0.12903225806451613,0.03225806451612903,0.03225806451612903,False
MAH-01-04905,string,EUSKADI,41,49,14.091793981481482,2026-06-09 15:50:13,2026-06-23 18:02:24,29,7,0.2413793103448276,0.12218268185062132,0.9929526186311998,False,24.8,False,EUR,-0.003077664881953686,-0.035810109076159564,False,14,21,Team corners,0.3877551020408163,0.10204081632653061,0.5510204081632653,True
MAH-07-01009,string,CATALUNYA,18,20,12.028854166666667,2026-06-11 18:23:48,2026-06-23 19:05:21,9,3,0.3333333333333333,0.12058159868274292,,False,24.4,False,EUR,-0.021623005592012585,-0.011552616085116572,False,5,7,Home-side combo (bet builder),0.4,0.25,0.7,True
MAH-04-64056,string,GALICIA,13,17,9.207662037037037,2026-06-13 11:57:03,2026-06-22 16:56:05,9,3,0.3333333333333333,0.12058159868274292,,False,24.4,False,EUR,0.0936417789497936,0.09386237252348832,False,7,5,Shots on target (Star Substitute),0.058823529411764705,0.0,0.5882352941176471,False
2350613,numeric,EUSKADI,10,10,3.050196759259259,2026-06-11 14:41:04,2026-06-14 15:53:21,9,3,0.3333333333333333,0.12058159868274292,,False,24.4,False,EUR,-0.02114377282983721,-0.02290653740802599,False,5,2,Match corners,0.0,0.0,1.0,True
1467627,numeric,ESTATAL,14,21,8.713356481481481,2026-06-13 21:49:22,2026-06-22 14:56:36,9,3,0.3333333333333333,0.12058159868274292,,False,24.4,False,EUR,-0.06841162932974929,-0.03854278769081868,False,7,2,Home-side combo (bet builder),0.14285714285714285,0.0,0.047619047619047616,False
2621722,numeric,PERU,13,13,4.382650462962963,2026-06-16 18:37:58,2026-06-21 03:48:59,9,3,0.3333333333333333,0.12058159868274292,,False,24.4,False,PEN,-0.0010295209372040571,0.004583497170449208,False,6,5,Anytime goalscorer (Star Substitute),0.8461538461538461,0.15384615384615385,1.0,False
2451816,numeric,EUSKADI,14,15,13.042060185185186,2026-06-10 18:57:40,2026-06-23 19:58:14,9,3,0.3333333333333333,0.12058159868274292,,False,24.4,False,EUR,0.00716287897102214,0.019251853561252634,False,9,7,Match corners,0.7333333333333333,0.0,0.8666666666666667,False
2487476,numeric,EUSKADI,14,24,5.905486111111111,2026-06-16 20:06:43,2026-06-22 17:50:37,9,3,0.3333333333333333,0.12058159868274292,,False,24.4,False,EUR,-0.021200213853656145,-0.03557709508725024,False,8,4,Anytime goalscorer (Star Substitute),0.2916666666666667,0.0,0.375,False
2576532,numeric,ESTATAL,16,16,10.039421296296297,2026-06-12 19:58:23,2026-06-22 20:55:09,9,3,0.3333333333333333,0.12058159868274292,,False,24.4,False,EUR,0.003944013198097346,0.0013201577649420858,False,6,4,Match corners,0.4375,0.375,0.9375,False
MAH-11-02002,string,CATALUNYA,13,18,10.151782407407408,2026-06-13 12:52:51,2026-06-23 16:31:25,9,3,0.3333333333333333,0.12058159868274292,,False,24.4,False,EUR,0.001559665272704026,0.0013429146398081422,False,8,6,Team corners,0.1111111111111111,0.0,0.1111111111111111,False
2632988,numeric,ESTATAL,21,21,4.934421296296296,2026-06-18 23:12:15,2026-06-23 21:37:49,9,3,0.3333333333333333,0.12058159868274292,,False,24.4,False,EUR,0.0016948376363120077,0.001883152929235564,False,5,10,To score or assist (Star Substitute),0.5714285714285714,0.19047619047619047,1.0,False
MAH-19-56001,string,ANDALUCIA,21,35,6.35375,2026-06-15 10:07:36,2026-06-21 18:37:00,9,3,0.3333333333333333,0.12058159868274292,,False,24.4,False,EUR,-0.019207112043943878,-0.006273293829057873,False,8,3,Team corners,0.22857142857142856,0.0,0.0,False
MAH-16-16003,string,CANTABRIA,23,25,11.025266203703703,2026-06-08 17:43:15,2026-06-19 18:19:38,9,3,0.3333333333333333,0.12058159868274292,,False,24.4,False,EUR,-0.005504344774365008,0.05626250869793999,False,9,7,1st half: Corners,0.68,0.0,0.72,False
2627889,numeric,ESTATAL,11,13,5.5684606481481485,2026-06-14 11:48:19,2026-06-20 01:26:54,9,3,0.3333333333333333,0.12058159868274292,,False,24.4,False,EUR,0.004136264936901207,0.0074503977309896795,False,7,6,Shots on target (Star Substitute),0.23076923076923078,0.23076923076923078,0.3076923076923077,False
MAH-22-04003,string,MELILLA,10,12,10.528657407407408,2026-06-12 09:09:44,2026-06-22 21:51:00,9,3,0.3333333333333333,0.12058159868274292,,False,24.4,False,EUR,-0.051286210921374295,-0.017570639607950626,False,5,7,1-X-2 / 2 goals Up,0.0,0.08333333333333333,0.25,False
2436951,numeric,PERU,28,28,9.213622685185186,2026-06-13 21:39:48,2026-06-23 02:47:25,9,3,0.3333333333333333,0.12058159868274292,,False,24.4,False,PEN,-0.010006158882108903,-0.013607965131154155,False,5,8,Team corners,0.8928571428571429,0.07142857142857142,1.0,True
2531176,numeric,PERU,131,131,12.301828703703704,2026-06-10 19:40:57,2026-06-23 02:55:35,24,6,0.25,0.11999203479342334,0.9852197582069644,False,24.0,False,PEN,-0.020510151620919386,-0.02008842349981548,False,18,11,Team Shots,0.5877862595419847,0.3511450381679389,1.0,False
1545436,numeric,EUSKADI,36,41,11.038287037037037,2026-06-10 16:15:44,2026-06-21 17:10:52,19,5,0.2631578947368421,0.11806238339540162,,False,23.8,False,EUR,-0.028435238521828114,-0.025298191155739846,False,17,3,Match penalty missed,0.24390243902439024,0.0,0.7560975609756098,False
MAH-06-00035,string,LA RIOJA,14,22,4.067488425925926,2026-06-15 04:30:43,2026-06-19 06:07:54,19,5,0.2631578947368421,0.11806238339540162,,False,23.8,False,EUR,-0.041606174402668214,-0.0526205303762432,False,11,6,Anytime goalscorer (Star Substitute),0.0,0.0,0.0,False
2563797,numeric,ESTATAL,30,32,10.008668981481481,2026-06-11 17:39:31,2026-06-21 17:52:00,19,5,0.2631578947368421,0.11806238339540162,,False,23.8,False,EUR,-0.009141855671921554,-0.005162964431545736,False,16,12,To score 2 or more goals (Star Substitute),0.375,0.03125,0.46875,False
MAH-05-15084,string,ARAGON,21,29,9.088182870370371,2026-06-13 14:37:39,2026-06-22 16:44:38,19,5,0.2631578947368421,0.11806238339540162,,False,23.8,False,EUR,-0.019378974562823788,-0.013707312666931459,False,14,9,Home-side combo (bet builder),0.06896551724137931,0.034482758620689655,0.10344827586206896,False
MAH-01-04923,string,EUSKADI,33,59,9.368842592592593,2026-06-13 11:15:28,2026-06-22 20:06:36,19,5,0.2631578947368421,0.11806238339540162,,False,23.8,False,EUR,-0.00229062526267703,0.004037519750251754,False,12,9,Home-side combo (bet builder),0.11864406779661017,0.0,0.2033898305084746,True
MAH-01-01559,string,EUSKADI,17,25,13.081875,2026-06-09 18:33:31,2026-06-22 20:31:25,19,5,0.2631578947368421,0.11806238339540162,,False,23.8,False,EUR,0.014942535417696558,-0.03420721270270116,False,14,11,Team exact bookings (only players and in play),0.32,0.04,0.4,False
1073327,numeric,ESTATAL,53,53,4.254236111111111,2026-06-18 14:32:42,2026-06-22 20:38:48,19,5,0.2631578947368421,0.11806238339540162,,False,23.8,False,EUR,-0.0019464043582357153,-0.004634862385248999,False,6,12,Team exact bookings (only players and in play),0.6981132075471698,0.03773584905660377,1.0,True
MAH-08-39002,string,MURCIA,10,10,8.846377314814815,2026-06-14 19:52:36,2026-06-23 16:11:23,5,2,0.4,0.11761823115925325,,False,23.2,False,EUR,-0.005171403081761255,0.023145045027223365,False,3,4,To be carded (only players and in play)(Star Substitute),0.8,0.0,1.0,True
1772238,numeric,ESTATAL,13,13,5.723414351851852,2026-06-11 18:12:20,2026-06-17 11:34:03,5,2,0.4,0.11761823115925325,,False,23.2,False,EUR,0.08983215425162992,0.10177777777777779,False,5,3,Shots on target outside the box (Star Substitute),0.8461538461538461,0.0,1.0,False
2023239,numeric,ESTATAL,10,10,4.178425925925926,2026-06-16 15:51:46,2026-06-20 20:08:42,5,2,0.4,0.11761823115925325,,False,23.2,False,EUR,-0.02711741460509928,0.01706631299734749,False,5,1,Team corners,0.6,0.2,0.7,False
2291791,numeric,ESTATAL,10,10,8.171712962962962,2026-06-14 16:18:47,2026-06-22 20:26:03,5,2,0.4,0.11761823115925325,,False,23.2,False,EUR,0.027334916598401794,0.021557966648097837,False,4,3,Match,0.8,0.0,1.0,False
2353654,numeric,EUSKADI,12,12,3.969571759259259,2026-06-19 22:20:07,2026-06-23 21:36:18,5,2,0.4,0.11761823115925325,,False,23.2,False,EUR,0.014652309949473682,0.01664696717927272,False,5,7,To score 2 or more goals (Star Substitute),0.3333333333333333,0.5,1.0,False
2554427,numeric,EUSKADI,12,12,3.857997685185185,2026-06-13 21:21:28,2026-06-17 17:56:59,5,2,0.4,0.11761823115925325,,False,23.2,False,EUR,-0.00437661338088274,0.005636265542717988,False,4,6,To score or assist (Star Substitute),0.75,0.25,1.0,False
1268809,numeric,LA RIOJA,12,12,8.06787037037037,2026-06-15 15:55:05,2026-06-23 17:32:49,5,2,0.4,0.11761823115925325,,False,23.2,False,EUR,0.013169345354436104,0.023361028902975665,False,3,10,Home-side combo (bet builder),0.5833333333333334,0.25,1.0,False
1987646,numeric,ESTATAL,12,12,12.130983796296297,2026-06-10 18:56:55,2026-06-22 22:05:32,5,2,0.4,0.11761823115925325,,False,23.2,False,EUR,0.01249826636691345,0.001140472854980823,False,4,6,Match,0.5,0.08333333333333333,0.5,False
1569191,numeric,ESTATAL,11,12,8.32554398148148,2026-06-11 18:51:37,2026-06-20 02:40:24,5,2,0.4,0.11761823115925325,,False,23.2,False,EUR,0.011132930875601618,0.005269153660702996,False,5,2,Away-side combo (bet builder),0.16666666666666666,0.0,0.0,False
788425,numeric,EUSKADI,13,13,2.168912037037037,2026-06-14 20:48:26,2026-06-17 00:51:40,5,2,0.4,0.11761823115925325,,False,23.2,False,EUR,0.009808307666000932,0.01817898392233608,False,2,4,Saves (Star Substitute),0.6923076923076923,0.3076923076923077,1.0,False
TPV-23-02301,string,PERU,15,15,13.869189814814815,2026-06-09 20:51:00,2026-06-23 17:42:38,5,2,0.4,0.11761823115925325,,False,23.2,False,PEN,-0.001711056775473743,0.0016214423387798326,False,4,7,To score or assist (Star Substitute),0.26666666666666666,0.2,0.5333333333333333,True
2627214,numeric,ESTATAL,11,11,6.877800925925926,2026-06-11 18:11:47,2026-06-18 15:15:49,5,2,0.4,0.11761823115925325,,False,23.2,False,EUR,0.008542576600652795,0.00666320974850918,False,3,6,Right foot shots on target (Star Substitute),0.9090909090909091,0.0,0.9090909090909091,False
2586989,numeric,ESTATAL,10,11,10.586342592592592,2026-06-11 04:44:23,2026-06-21 18:48:43,5,2,0.4,0.11761823115925325,,False,23.2,False,EUR,-0.009428613202198143,0.0017595917595917498,False,5,6,1st half: Shots on target,0.18181818181818182,0.0,0.0,False
2540880,numeric,PERU,14,14,5.026597222222223,2026-06-18 19:04:12,2026-06-23 19:42:30,5,2,0.4,0.11761823115925325,,False,23.2,False,PEN,0.01041483748944901,0.016383355526562338,False,4,4,To score or assist (Star Substitute),0.14285714285714285,0.6428571428571429,0.9285714285714286,False
2308315,numeric,PERU,10,10,8.62193287037037,2026-06-12 04:04:09,2026-06-20 18:59:44,5,2,0.4,0.11761823115925325,,False,23.2,False,PEN,0.019733819160920513,0.02397556656794104,False,4,3,1st half: Corners,0.2,0.4,0.9,False
2011536,numeric,ESTATAL,37,37,8.066076388888888,2026-06-14 16:55:33,2026-06-22 18:30:42,5,2,0.4,0.11761823115925325,,False,23.2,False,EUR,0.012748026883011186,-0.016860781062908736,False,4,5,Player to win a penalty,0.7837837837837838,0.05405405405405406,1.0,False
MAH-19-00804,string,ANDALUCIA,10,11,9.345891203703705,2026-06-14 11:11:38,2026-06-23 19:29:43,5,2,0.4,0.11761823115925325,,False,23.2,False,EUR,0.02915277367754843,0.010885430842063549,False,5,6,Player headed shots on target (Star Substitute),0.5454545454545454,0.0,0.6363636363636364,True
1516828,numeric,EUSKADI,10,12,10.0434375,2026-06-11 15:54:20,2026-06-21 16:56:53,5,2,0.4,0.11761823115925325,,False,23.2,False,EUR,0.014167820055237,0.018113882448114293,False,5,4,Match,0.16666666666666666,0.0,0.0,False
574369,numeric,EUSKADI,11,12,6.140428240740741,2026-06-17 15:43:25,2026-06-23 19:05:38,5,2,0.4,0.11761823115925325,,False,23.2,False,EUR,0.020318036035128353,0.012806844896397118,False,3,7,To be carded (only players and in play)(Star Substitute),0.5833333333333334,0.25,0.8333333333333334,False
MAH-19-45003,string,ANDALUCIA,24,35,8.194166666666666,2026-06-13 18:51:29,2026-06-21 23:31:05,5,2,0.4,0.11761823115925325,,False,23.2,False,EUR,0.05267410549679071,0.006328650256669349,False,5,3,1-X-2 / 2 goals Up,0.02857142857142857,0.05714285714285714,0.02857142857142857,False
MAH-01-05183,string,EUSKADI,20,32,9.375324074074074,2026-06-11 11:58:00,2026-06-20 20:58:28,14,4,0.2857142857142857,0.11721187910109102,,False,22.5,False,EUR,0.001643122859650225,-0.015133987215031477,False,11,7,Home-side combo (bet builder),0.0,0.0,0.0,False
MAH-03-03828,string,VALENCIA,10,18,8.01068287037037,2026-06-11 13:01:36,2026-06-19 13:16:59,14,4,0.2857142857142857,0.11721187910109102,,False,22.5,False,EUR,0.10080792642003732,-0.0010790725561074918,False,10,7,Match throw-ins,0.05555555555555555,0.0,0.1111111111111111,False
MAH-03-27172,string,VALENCIA,16,21,9.501956018518518,2026-06-13 11:37:14,2026-06-22 23:40:03,14,4,0.2857142857142857,0.11721187910109102,,False,22.5,False,EUR,-0.019035179295510404,-0.007998904856298204,False,13,10,1-X-2 / 2 goals Up,0.2857142857142857,0.0,0.42857142857142855,True
MAH-03-02578,string,VALENCIA,10,18,11.947696759259259,2026-06-08 14:27:30,2026-06-20 13:12:11,14,4,0.2857142857142857,0.11721187910109102,,False,22.5,False,EUR,-0.029098595460533026,-0.015291124522628905,False,10,6,Home-side combo (bet builder),0.2777777777777778,0.0,0.16666666666666666,False
MAH-02-14003,string,NAVARRA,11,20,10.79787037037037,2026-06-10 20:13:18,2026-06-21 15:22:14,14,4,0.2857142857142857,0.11721187910109102,,False,22.5,False,EUR,0.0062578645145664625,-0.0007188396542389992,False,10,7,To score or assist (Star Substitute),0.2,0.1,0.15,False
2045987,numeric,PERU,15,15,6.02619212962963,2026-06-17 16:07:02,2026-06-23 16:44:45,14,4,0.2857142857142857,0.11721187910109102,,False,22.5,False,PEN,0.017958594231690224,0.013297201707897246,False,6,3,Hat trick (three or more goals) (Star Substitute),0.8666666666666667,0.0,1.0,True
MAH-01-00733,string,EUSKADI,14,15,8.073449074074073,2026-06-14 15:03:37,2026-06-22 16:49:23,14,4,0.2857142857142857,0.11721187910109102,,False,22.5,False,EUR,-0.020985435936962,-0.00908603110451616,False,10,5,To score 2 or more goals (Star Substitute),0.3333333333333333,0.0,0.7333333333333333,False
MAH-05-15373,string,ARAGON,43,71,10.147326388888889,2026-06-11 12:14:05,2026-06-21 15:46:14,14,4,0.2857142857142857,0.11721187910109102,,False,22.5,False,EUR,-0.01352981563897613,-0.012238926442135407,False,13,6,1-X-2 / 2 goals Up,0.04225352112676056,0.014084507042253521,0.028169014084507043,False
MAH-03-27871,string,VALENCIA,14,24,5.057256944444444,2026-06-16 13:46:47,2026-06-21 15:09:14,14,4,0.2857142857142857,0.11721187910109102,,False,22.5,False,EUR,-0.02980605430093391,-0.02804164749689628,False,13,6,Match,0.375,0.0,0.2916666666666667,False
MAH-03-27986,string,VALENCIA,28,56,11.976400462962962,2026-06-10 17:54:55,2026-06-22 17:20:56,42,9,0.21428571428571427,0.11705668531051239,0.9994711275652144,False,22.3,False,EUR,-0.03405518585756849,-0.03579343710345751,False,24,12,Anytime goalscorer (Star Substitute),0.17857142857142858,0.07142857142857142,0.10714285714285714,True
MAH-03-24283,string,VALENCIA,40,101,11.037025462962964,2026-06-12 15:13:37,2026-06-23 16:06:56,67,13,0.19402985074626866,0.11705063857457097,0.9999954327488475,False,22.2,False,EUR,-0.023048267750858584,-0.038506648859789855,False,28,10,To score 2 or more goals (Star Substitute),0.13861386138613863,0.0,0.019801980198019802,False
2046912,numeric,ESTATAL,88,88,13.02414351851852,2026-06-10 18:47:37,2026-06-23 19:22:23,25,6,0.24,0.11496157730326727,0.9898987461484896,False,22.1,False,EUR,-0.008448420604068543,-0.00453481366587225,False,6,12,Fouls (Star Substitute),0.7272727272727273,0.125,1.0,False
MAH-03-27841,string,VALENCIA,18,30,11.281724537037038,2026-06-12 10:10:08,2026-06-23 16:55:49,25,6,0.24,0.11496157730326727,0.9898987461484896,False,22.1,False,EUR,-0.02729137777873691,-0.027566136519513753,False,18,14,Match corners,0.16666666666666666,0.03333333333333333,0.1,False
2105310,numeric,ESTATAL,10,29,10.798287037037037,2026-06-11 17:56:36,2026-06-22 13:06:08,25,6,0.24,0.11496157730326727,0.9898987461484896,False,22.1,False,EUR,-0.020956604178739006,-0.01415593824546569,False,20,3,To score 2 or more goals (Star Substitute),0.06896551724137931,0.0,0.0,False
MAH-03-02851,string,VALENCIA,92,175,11.954907407407408,2026-06-11 17:58:39,2026-06-23 16:53:43,109,19,0.1743119266055046,0.11452781593206733,0.9999999993658272,False,22.0,False,EUR,-0.04210046356691844,-0.06059493300814647,False,31,12,To score 2 or more goals (Star Substitute),0.22857142857142856,0.0,0.26857142857142857,True
MAH-03-27573,string,VALENCIA,39,47,13.777094907407408,2026-06-09 21:55:09,2026-06-23 16:34:10,31,7,0.22580645161290322,0.113949915944988,0.9967158566255073,False,21.9,False,EUR,-0.015097805692810884,-0.012099174099906566,False,17,14,To score 2 or more goals (Star Substitute),0.425531914893617,0.14893617021276595,0.574468085106383,True
MAH-03-27862,string,VALENCIA,64,81,11.087662037037036,2026-06-12 12:51:14,2026-06-23 14:57:28,31,7,0.22580645161290322,0.113949915944988,0.9967158566255073,False,21.9,False,EUR,-0.014189965198164522,-0.012703170526046869,False,13,10,To score 2 or more goals (Star Substitute),0.06172839506172839,0.012345679012345678,0.14814814814814814,False
MAH-01-12161,string,EUSKADI,23,31,11.082662037037037,2026-06-11 18:35:21,2026-06-22 20:34:23,20,5,0.25,0.11186005278940306,0.97851666828949,False,21.8,False,EUR,0.005167930167541749,0.00010016188905118684,False,15,12,To score or assist (Star Substitute),0.41935483870967744,0.06451612903225806,0.3870967741935484,False
1922055,numeric,GALICIA,12,22,6.897638888888889,2026-06-14 13:01:41,2026-06-21 10:34:17,20,5,0.25,0.11186005278940306,0.97851666828949,False,21.8,False,EUR,-0.0534560956666831,-0.060195892057984625,False,15,6,Match penalty scored,0.3181818181818182,0.0,0.22727272727272727,False
MAH-03-02979,string,VALENCIA,14,22,9.849270833333334,2026-06-11 18:24:19,2026-06-21 14:47:16,20,5,0.25,0.11186005278940306,0.97851666828949,False,21.8,False,EUR,-0.04195158294397702,-0.017656365255224505,False,16,5,Team corners,0.22727272727272727,0.0,0.09090909090909091,False
MAH-05-14002,string,ARAGON,12,25,8.953738425925925,2026-06-13 17:59:34,2026-06-22 16:52:57,20,5,0.25,0.11186005278940306,0.97851666828949,False,21.8,False,EUR,0.025426899214997255,-0.004712077467016257,False,14,7,Team corners,0.2,0.04,0.12,False
MAH-22-03001,string,MELILLA,59,83,15.513587962962964,2026-06-08 07:07:52,2026-06-23 19:27:26,44,9,0.20454545454545456,0.11153127823467596,0.9997589401451195,False,21.7,False,EUR,-0.010061566947643723,-0.021518060699158868,False,28,14,To score 2 or more goals (Star Substitute),0.2891566265060241,0.1927710843373494,0.37349397590361444,False
MAH-03-03451,string,VALENCIA,30,55,10.061041666666666,2026-06-12 11:21:39,2026-06-22 12:49:33,38,8,0.21052631578947367,0.11074660352095932,0.9992717461065946,False,21.6,False,EUR,-0.023773314087598457,-0.025265916252276345,False,23,9,Shots on target (Star Substitute),0.03636363636363636,0.0,0.12727272727272726,False
MAH-03-27731,string,VALENCIA,20,33,9.890219907407408,2026-06-12 18:34:37,2026-06-22 15:56:32,26,6,0.23076923076923078,0.11033699683676688,0.9931512969335344,False,21.6,False,EUR,-0.037677321862065676,-0.024608902148288845,False,16,12,Team shots outside the box,0.15151515151515152,0.0,0.18181818181818182,False
MAH-01-00474,string,EUSKADI,26,30,13.26201388888889,2026-06-10 11:33:31,2026-06-23 17:50:49,26,6,0.23076923076923078,0.11033699683676688,0.9931512969335344,False,21.6,False,EUR,-0.007964753434543472,-0.02582052672131405,False,17,12,Match corners,0.2,0.0,0.3333333333333333,False
MAH-03-28023,string,VALENCIA,10,15,10.252372685185184,2026-06-09 10:13:34,2026-06-19 16:16:59,15,4,0.26666666666666666,0.10897276103182811,,False,21.3,False,EUR,-0.03110677140372239,-0.008943509786152356,False,13,3,Match corners,0.0,0.0,0.06666666666666667,False
MAH-03-24153,string,VALENCIA,11,23,6.996759259259259,2026-06-14 18:59:36,2026-06-21 18:54:56,15,4,0.26666666666666666,0.10897276103182811,,False,21.3,False,EUR,-0.03332491678847989,-0.01655896774718898,False,13,8,To score 2 or more goals (Star Substitute),0.2608695652173913,0.0,0.21739130434782608,False
MAH-01-49791,string,EUSKADI,18,18,8.862430555555555,2026-06-13 20:17:58,2026-06-22 16:59:52,15,4,0.26666666666666666,0.10897276103182811,,False,21.3,False,EUR,-0.0038950695784303094,-0.019343160213255366,False,7,10,Anytime goalscorer (Star Substitute),0.3888888888888889,0.0,0.7777777777777778,False
MAH-05-15031,string,ARAGON,11,18,12.008726851851852,2026-06-09 19:05:05,2026-06-21 19:17:39,15,4,0.26666666666666666,0.10897276103182811,,False,21.3,False,EUR,-0.0013979952618813584,-0.06994908280297789,False,14,5,Match penalty missed,0.16666666666666666,0.0,0.2222222222222222,True
MAH-01-49783,string,EUSKADI,15,21,10.761851851851851,2026-06-11 17:46:28,2026-06-22 12:03:32,15,4,0.26666666666666666,0.10897276103182811,,False,21.3,False,EUR,-0.004312461318182048,-0.024085788641777194,False,7,8,Anytime goalscorer (Star Substitute),0.2857142857142857,0.0,0.38095238095238093,True
MAH-01-04988,string,EUSKADI,11,16,9.091030092592593,2026-06-13 14:06:19,2026-06-22 16:17:24,15,4,0.26666666666666666,0.10897276103182811,,False,21.3,False,EUR,-0.006398458056925902,-0.013567716483810055,False,10,5,Team corners,0.0625,0.0,0.0,False
2223107,numeric,ESTATAL,37,39,9.038831018518518,2026-06-13 18:44:21,2026-06-22 19:40:16,15,4,0.26666666666666666,0.10897276103182811,,False,21.3,False,EUR,-0.002889918434463192,-0.00017926491042347486,False,9,6,Player to score in fisrt ten minutes (from 0:00 to 9:59),0.5128205128205128,0.0,0.8974358974358975,False
MAH-23-01407,string,PERU,24,27,12.18732638888889,2026-06-10 18:06:57,2026-06-22 22:36:42,15,4,0.26666666666666666,0.10897276103182811,,False,21.3,False,PEN,-0.005082095704750287,-0.0070486487452088445,False,12,14,Match penalty missed,0.3333333333333333,0.07407407407407407,0.2222222222222222,True
1252364,numeric,GALICIA,22,22,10.20394675925926,2026-06-12 14:22:06,2026-06-22 19:15:47,15,4,0.26666666666666666,0.10897276103182811,,False,21.3,False,EUR,-0.027146988289269165,-0.021082171676363608,False,9,2,To score 2 or more goals (Star Substitute),0.0,0.0,1.0,False
2503187,numeric,EUSKADI,14,18,8.980428240740741,2026-06-13 08:50:59,2026-06-22 08:22:48,15,4,0.26666666666666666,0.10897276103182811,,False,21.3,False,EUR,0.00423582668659244,0.00824617448176207,False,12,4,Team corners,0.0,0.0,0.0,False
1729960,numeric,EUSKADI,20,50,12.042581018518518,2026-06-10 18:17:17,2026-06-22 19:18:36,39,8,0.20512820512820512,0.10779590197911117,0.9995112337793591,False,21.0,False,EUR,-0.09490042818847214,-0.10580237533755699,False,31,8,Match penalty scored,0.08,0.06,0.02,False
MAH-23-01401,string,PERU,77,84,12.006747685185186,2026-06-11 16:47:40,2026-06-23 16:57:23,45,9,0.2,0.10896004402509006,0.9998383442518788,False,21.0,False,PEN,-0.012954433511963341,-0.007589015822398497,False,21,15,Match penalty missed,0.4880952380952381,0.07142857142857142,0.5476190476190477,True
MAH-03-27723,string,VALENCIA,10,15,9.704270833333334,2026-06-13 20:47:00,2026-06-23 13:41:09,10,3,0.3,0.10778928748621182,,False,20.6,False,EUR,-0.022893473979907153,0.010481983062045785,False,8,8,Home-side combo (bet builder),0.26666666666666666,0.06666666666666667,0.26666666666666666,True
2227091,numeric,EUSKADI,17,27,1.0686921296296297,2026-06-14 13:47:56,2026-06-15 15:26:51,10,3,0.3,0.10778928748621182,,False,20.6,False,EUR,-0.06302929364959708,-0.053582514646066025,False,5,4,Match corners,0.3333333333333333,0.0,0.25925925925925924,True
MAH-02-02201,string,NAVARRA,17,18,11.088414351851851,2026-06-11 15:06:38,2026-06-22 17:13:57,10,3,0.3,0.10778928748621182,,False,20.6,False,EUR,-0.001513408352994454,0.001210115620157226,False,8,11,Away-side combo (bet builder),0.16666666666666666,0.05555555555555555,0.6111111111111112,False
MAH-11-09016,string,CATALUNYA,14,19,10.995983796296295,2026-06-10 19:22:20,2026-06-21 19:16:33,10,3,0.3,0.10778928748621182,,False,20.6,False,EUR,0.04406843823420645,0.00508703200763243,False,10,7,1-X-2 / 2 goals Up,0.15789473684210525,0.0,0.2631578947368421,False
MAH-01-01438,string,EUSKADI,14,15,8.502789351851852,2026-06-13 21:30:18,2026-06-22 09:34:19,10,3,0.3,0.10778928748621182,,False,20.6,False,EUR,0.010513971161321353,0.01582243356238734,False,10,8,To score or assist (Star Substitute),0.13333333333333333,0.26666666666666666,0.4666666666666667,False
2245519,numeric,PERU,11,22,9.201273148148148,2026-06-13 18:38:15,2026-06-22 23:28:05,10,3,0.3,0.10778928748621182,,False,20.6,False,PEN,0.012922183464899697,0.0036443924178647946,False,9,8,Fouls Won (Star Substitute),0.2727272727272727,0.045454545454545456,0.22727272727272727,False
MAH-01-04995,string,EUSKADI,10,13,12.186064814814815,2026-06-11 12:59:59,2026-06-23 17:27:55,10,3,0.3,0.10778928748621182,,False,20.6,False,EUR,-0.0058620719754272944,0.005073553790576213,False,8,7,Player to score in fisrt ten minutes (from 0:00 to 9:59),0.0,0.07692307692307693,0.38461538461538464,True
1634813,numeric,ARAGON,10,33,4.878263888888889,2026-06-15 14:44:53,2026-06-20 11:49:35,10,3,0.3,0.10778928748621182,,False,20.6,False,EUR,-0.010356890477262532,-0.013882191466881844,False,6,6,Assists (Star Substitute),0.0,0.0,0.15151515151515152,False
MAH-22-05002,string,MELILLA,23,27,7.99375,2026-06-14 17:03:26,2026-06-22 16:54:26,10,3,0.3,0.10778928748621182,,False,20.6,False,EUR,0.005712050515667084,-0.006638249451027023,False,10,5,Anytime goalscorer (Star Substitute),0.25925925925925924,0.25925925925925924,0.6666666666666666,False
MAH-16-17002,string,CANTABRIA,12,13,12.076215277777777,2026-06-11 16:15:45,2026-06-23 18:05:30,10,3,0.3,0.10778928748621182,,False,20.6,False,EUR,-0.00960648762760544,-0.004968126895203051,False,8,6,Player to score in fisrt ten minutes (from 0:00 to 9:59),0.38461538461538464,0.15384615384615385,0.5384615384615384,False
MAH-05-15013,string,ARAGON,11,17,11.688958333333334,2026-06-10 20:12:57,2026-06-22 12:45:03,10,3,0.3,0.10778928748621182,,False,20.6,False,EUR,-0.0037533562201912582,-0.00895573745708313,False,10,8,Home-side combo (bet builder),0.11764705882352941,0.11764705882352941,0.11764705882352941,False
MAH-05-15391,string,ARAGON,16,18,10.951122685185185,2026-06-11 18:18:35,2026-06-22 17:08:12,10,3,0.3,0.10778928748621182,,False,20.6,False,EUR,-0.019933523219971775,-0.015331562249301345,False,9,7,Home-side combo (bet builder),0.3888888888888889,0.0,0.3333333333333333,True
2600140,numeric,ESTATAL,14,14,12.007048611111111,2026-06-10 20:36:33,2026-06-22 20:46:42,10,3,0.3,0.10778928748621182,,False,20.6,False,EUR,-0.0001581056320200001,-0.0005808800920414803,False,6,5,To score or assist (Star Substitute),0.5714285714285714,0.0,1.0,False
2340028,numeric,EUSKADI,14,14,8.085277777777778,2026-06-15 14:49:07,2026-06-23 16:51:55,10,3,0.3,0.10778928748621182,,False,20.6,False,EUR,-0.006457015865266657,0.0003807032317882264,False,8,4,Home-side combo (bet builder),0.6428571428571429,0.0,1.0,False
MAH-03-27682,string,VALENCIA,21,24,10.998506944444445,2026-06-11 11:52:31,2026-06-22 11:50:22,10,3,0.3,0.10778928748621182,,False,20.6,False,EUR,-0.03569254378300778,-0.0234808352230896,False,9,13,Team Shots,0.25,0.0,0.4166666666666667,False
MAH-01-05328,string,EUSKADI,32,43,12.508726851851852,2026-06-11 06:51:08,2026-06-23 19:03:42,33,7,0.21212121212121213,0.10675886566436177,0.9985083975520163,False,20.2,False,EUR,-0.007472126168946494,-0.04190763143594304,False,22,17,Home-side combo (bet builder),0.2558139534883721,0.046511627906976744,0.32558139534883723,False
MAH-10-33002,string,MADRID,20,33,10.852152777777778,2026-06-11 17:34:01,2026-06-22 14:01:07,21,5,0.23809523809523808,0.10627856389112264,0.9855031078845905,False,20.0,False,EUR,-0.01634360262831452,-0.01975592612999898,False,14,9,1-X-2 / 2 goals Up,0.24242424242424243,0.0,0.24242424242424243,False
MAH-06-15003,string,LA RIOJA,33,48,13.798263888888888,2026-06-09 21:39:12,2026-06-23 16:48:42,21,5,0.23809523809523808,0.10627856389112264,0.9855031078845905,False,20.0,False,EUR,0.02400866242611754,-0.010825434080613226,False,13,6,Anytime goalscorer (Star Substitute),0.041666666666666664,0.020833333333333332,0.22916666666666666,False
MAH-03-27842,string,VALENCIA,16,24,9.072557870370371,2026-06-13 17:50:52,2026-06-22 19:35:21,21,5,0.23809523809523808,0.10627856389112264,0.9855031078845905,False,20.0,False,EUR,-0.03249856029437302,-0.037859247744893854,False,16,12,Team corners,0.08333333333333333,0.0,0.08333333333333333,False
MAH-03-24972,string,VALENCIA,14,32,9.972650462962964,2026-06-13 20:52:14,2026-06-23 20:12:51,21,5,0.23809523809523808,0.10627856389112264,0.9855031078845905,False,20.0,False,EUR,-0.049422872757208997,-0.05056223805579798,False,14,8,To score 2 or more goals (Star Substitute),0.03125,0.0625,0.09375,False
1627857,numeric,ESTATAL,54,54,9.961203703703704,2026-06-11 19:01:59,2026-06-21 18:06:07,21,5,0.23809523809523808,0.10627856389112264,0.9855031078845905,False,20.0,False,EUR,-0.010088337957821315,-0.012287535052240223,False,7,10,To score 2 or more goals (Star Substitute),0.6296296296296297,0.3333333333333333,1.0,False
MAH-08-19003,string,MURCIA,15,30,8.994050925925926,2026-06-13 18:30:40,2026-06-22 18:22:06,21,5,0.23809523809523808,0.10627856389112264,0.9855031078845905,False,20.0,False,EUR,0.0027274348062944135,-0.011953654031281003,False,10,12,Team corners,0.2,0.03333333333333333,0.26666666666666666,False
1810137,numeric,GALICIA,73,74,8.88582175925926,2026-06-14 16:48:53,2026-06-23 14:04:28,41,8,0.1951219512195122,0.1023431574920593,0.9997829620607195,False,19.9,False,EUR,-0.026014955093053477,-0.026691716962286265,False,7,6,Team corners,0.6081081081081081,0.1891891891891892,0.9459459459459459,True
MAH-01-13232,string,EUSKADI,36,40,11.950706018518519,2026-06-10 14:37:49,2026-06-22 13:26:50,16,4,0.25,0.10181901984237347,,False,19.7,False,EUR,0.01409838105591757,0.007513012839534539,False,8,13,Shots on target (Star Substitute),0.4,0.0,0.7,True
MAH-03-27333,string,VALENCIA,13,21,12.236400462962964,2026-06-11 10:27:05,2026-06-23 16:07:30,16,4,0.25,0.10181901984237347,,False,19.7,False,EUR,0.035563852512044664,-0.014424192428824471,False,10,6,To score 2 or more goals (Star Substitute),0.38095238095238093,0.047619047619047616,0.19047619047619047,False
2624420,numeric,ESTATAL,22,23,10.71917824074074,2026-06-11 17:38:02,2026-06-22 10:53:39,16,4,0.25,0.10181901984237347,,False,19.7,False,EUR,-0.0008796154543697814,0.008240407833717586,False,16,6,Team corners,0.391304347826087,0.13043478260869565,0.782608695652174,False
1691864,numeric,LA RIOJA,22,22,10.99829861111111,2026-06-11 20:32:56,2026-06-22 20:30:29,16,4,0.25,0.10181901984237347,,False,19.7,False,EUR,-0.005730148840207461,-0.005799860643431083,False,10,6,To score 2 or more goals (Star Substitute),0.8181818181818182,0.18181818181818182,1.0,False
1467070,numeric,EUSKADI,17,29,10.986296296296297,2026-06-10 18:08:05,2026-06-21 17:48:21,22,5,0.22727272727272727,0.10122890794820355,0.9903025242626221,False,19.6,False,EUR,0.0028335900534862245,-0.007817016243264772,False,13,2,Anytime goalscorer (Star Substitute),0.5517241379310345,0.0,0.2413793103448276,False
MAH-04-64055,string,GALICIA,52,102,4.8344907407407405,2026-06-14 16:01:28,2026-06-19 12:03:08,22,5,0.22727272727272727,0.10122890794820355,0.9903025242626221,False,19.6,False,EUR,0.06768295608064777,0.014988055817753133,False,12,5,Shots on target (Star Substitute),0.058823529411764705,0.0,0.35294117647058826,False
1071370,numeric,EUSKADI,19,19,13.074537037037038,2026-06-10 18:02:20,2026-06-23 19:49:40,11,3,0.2727272727272727,0.09745880573921469,,False,19.3,False,EUR,0.005314163606514184,0.005053849848518441,False,7,7,To score 2 or more goals (Star Substitute),0.8947368421052632,0.10526315789473684,1.0,False
2632562,numeric,ESTATAL,19,19,2.208923611111111,2026-06-17 16:25:54,2026-06-19 21:26:45,11,3,0.2727272727272727,0.09745880573921469,,False,19.3,False,EUR,0.00024625234709268237,0.04616201962436873,False,6,8,Player headed shots on target (Star Substitute),1.0,0.0,1.0,True
1858699,numeric,PERU,18,18,9.88542824074074,2026-06-13 21:49:07,2026-06-23 19:04:08,11,3,0.2727272727272727,0.09745880573921469,,False,19.3,False,PEN,0.013998091110743889,0.01413916011875868,False,4,6,To score 2 or more goals (Star Substitute),0.5555555555555556,0.3333333333333333,0.8888888888888888,True
1859280,numeric,ESTATAL,23,23,9.89931712962963,2026-06-13 22:05:17,2026-06-23 19:40:18,11,3,0.2727272727272727,0.09745880573921469,,False,19.3,False,EUR,-0.0006039344519354438,0.0013858642009428072,False,9,12,Anytime goalscorer (Star Substitute),0.782608695652174,0.08695652173913043,0.8695652173913043,False
MAH-10-40004,string,MADRID,15,21,8.144085648148149,2026-06-15 09:03:09,2026-06-23 12:30:38,11,3,0.2727272727272727,0.09745880573921469,,False,19.3,False,EUR,-0.014069944260111569,-0.009287630787425394,False,9,2,Hat trick (three or more goals) (Star Substitute),0.09523809523809523,0.0,0.42857142857142855,False
2414249,numeric,PERU,13,13,5.7422106481481485,2026-06-18 01:25:23,2026-06-23 19:14:10,11,3,0.2727272727272727,0.09745880573921469,,False,19.3,False,PEN,0.005585395903149978,0.009304838840841807,False,7,6,Shots on target (Star Substitute),0.9230769230769231,0.07692307692307693,1.0,False
MAH-03-27811,string,VALENCIA,11,14,10.659189814814814,2026-06-11 18:02:19,2026-06-22 09:51:33,11,3,0.2727272727272727,0.09745880573921469,,False,19.3,False,EUR,-0.02701708736127691,-0.011667679313236342,False,10,5,Anytime goalscorer (Star Substitute),0.14285714285714285,0.0,0.2857142857142857,False
528700,numeric,EUSKADI,15,16,7.154675925925926,2026-06-12 17:51:36,2026-06-19 21:34:20,11,3,0.2727272727272727,0.09745880573921469,,False,19.3,False,EUR,0.002113344312449546,0.0023875450113009056,False,6,10,Saves (Star Substitute),0.5625,0.0,0.6875,False
MAH-01-00692,string,EUSKADI,11,12,8.125393518518518,2026-06-14 16:51:22,2026-06-22 19:51:56,11,3,0.2727272727272727,0.09745880573921469,,False,19.3,False,EUR,-0.0016272078897888436,-0.00015615192678098864,False,7,7,Home-side combo (bet builder),0.0,0.0,0.08333333333333333,False
MAH-07-01004,string,CATALUNYA,25,28,11.989479166666667,2026-06-11 19:23:52,2026-06-23 19:08:43,11,3,0.2727272727272727,0.09745880573921469,,False,19.3,False,EUR,0.025468213432275302,-0.015195643921854534,False,10,6,Match corners,0.4642857142857143,0.2857142857142857,0.4642857142857143,False
1539165,numeric,MURCIA,35,36,11.944305555555555,2026-06-11 20:44:58,2026-06-23 19:24:46,6,2,0.3333333333333333,0.09676933255921684,,False,18.6,False,EUR,0.006552617788802673,0.02282721666353521,False,3,14,Right foot shots on target (Star Substitute),0.7777777777777778,0.1388888888888889,0.9444444444444444,False
2245365,numeric,ESTATAL,12,12,1.6492013888888888,2026-06-13 18:01:50,2026-06-15 09:36:41,6,2,0.3333333333333333,0.09676933255921684,,False,18.6,False,EUR,0.01718833437029998,0.01901200758373711,False,2,7,Anytime goalscorer (Star Substitute),0.4166666666666667,0.0,1.0,False
1936220,numeric,ESTATAL,12,12,9.99931712962963,2026-06-11 18:59:58,2026-06-21 18:58:59,6,2,0.3333333333333333,0.09676933255921684,,False,18.6,False,EUR,0.004305197769640599,0.005128444216513595,False,6,7,Fouls (Star Substitute),0.6666666666666666,0.08333333333333333,1.0,False
2020940,numeric,ESTATAL,15,17,12.954155092592593,2026-06-10 22:41:59,2026-06-23 21:35:58,6,2,0.3333333333333333,0.09676933255921684,,False,18.6,False,EUR,0.030501908962871818,0.021726324357903337,False,6,6,Match,0.7058823529411765,0.11764705882352941,0.5882352941176471,False
MAH-05-15374,string,ARAGON,12,12,9.154328703703703,2026-06-13 13:15:12,2026-06-22 16:57:26,6,2,0.3333333333333333,0.09676933255921684,,False,18.6,False,EUR,-0.0028168596029082464,-0.007355822187806634,False,6,6,To score or assist (Star Substitute),0.3333333333333333,0.16666666666666666,0.5,False
2080919,numeric,ESTATAL,11,13,9.596643518518519,2026-06-11 18:45:16,2026-06-21 09:04:26,6,2,0.3333333333333333,0.09676933255921684,,False,18.6,False,EUR,0.002004624163715062,0.00511814574314573,False,4,7,Assists (Star Substitute),0.23076923076923078,0.07692307692307693,0.6923076923076923,False
2536109,numeric,ESTATAL,13,14,1.0505787037037038,2026-06-20 17:18:31,2026-06-21 18:31:21,6,2,0.3333333333333333,0.09676933255921684,,False,18.6,False,EUR,0.0034245651802108385,0.0028292597017781085,False,4,5,Player to Score Free-Kick,0.21428571428571427,0.07142857142857142,0.8571428571428571,False
MAH-11-11004,string,CATALUNYA,10,12,8.01318287037037,2026-06-14 12:33:00,2026-06-22 12:51:59,6,2,0.3333333333333333,0.09676933255921684,,False,18.6,False,EUR,0.027874744996106787,-0.07537042299703389,False,6,8,Match penalty scored,0.08333333333333333,0.3333333333333333,0.5833333333333334,False
427257,numeric,EUSKADI,12,12,11.414085648148149,2026-06-11 09:47:07,2026-06-22 19:43:24,6,2,0.3333333333333333,0.09676933255921684,,False,18.6,False,EUR,0.022631437877071225,0.03988286897115297,False,5,3,Team corners,0.0,0.0,0.25,False
MAH-01-01386,string,EUSKADI,15,18,9.948738425925926,2026-06-12 18:32:42,2026-06-22 17:18:53,6,2,0.3333333333333333,0.09676933255921684,,False,18.6,False,EUR,0.006374421181866031,0.004301697213784854,False,6,11,To be carded (only players and in play)(Star Substitute),0.3333333333333333,0.3333333333333333,0.6111111111111112,False
MAH-23-02001,string,PERU,10,14,9.212974537037036,2026-06-11 17:48:16,2026-06-20 22:54:57,6,2,0.3333333333333333,0.09676933255921684,,False,18.6,False,PEN,-0.006043855447994402,-0.012809590530809878,False,6,5,Team shots on target,0.21428571428571427,0.0,0.0,False
2566325,numeric,ANDALUCIA,20,20,7.534247685185186,2026-06-13 23:13:24,2026-06-21 12:02:43,6,2,0.3333333333333333,0.09676933255921684,,False,18.6,False,EUR,-0.0013388930977715897,-0.0036582209691703262,False,4,8,Team corners,0.2,0.4,1.0,False
MAH-19-46003,string,ANDALUCIA,13,32,6.019629629629629,2026-06-10 10:44:00,2026-06-16 11:12:16,6,2,0.3333333333333333,0.09676933255921684,,False,18.6,False,EUR,0.0578591949666275,0.03281850877330622,False,5,4,1-X-2 / 2 goals Up,0.3125,0.0,0.09375,False
MAH-03-03360,string,VALENCIA,11,13,8.928298611111112,2026-06-13 18:58:33,2026-06-22 17:15:18,6,2,0.3333333333333333,0.09676933255921684,,False,18.6,False,EUR,0.015188154490703319,0.01278229829621913,False,4,5,Hat trick (three or more goals) (Star Substitute),0.23076923076923078,0.07692307692307693,0.6153846153846154,True
MAH-01-05104,string,EUSKADI,11,19,12.9809375,2026-06-08 16:25:13,2026-06-21 15:57:46,6,2,0.3333333333333333,0.09676933255921684,,False,18.6,False,EUR,0.005357608227809168,0.0018577676695428942,False,6,7,Home-side combo (bet builder),0.21052631578947367,0.15789473684210525,0.15789473684210525,False
2375608,numeric,ESTATAL,10,10,6.1482986111111115,2026-06-14 19:09:54,2026-06-20 22:43:27,6,2,0.3333333333333333,0.09676933255921684,,False,18.6,False,EUR,-0.026574157683815235,-0.035258081627743666,False,6,5,Match,0.4,0.0,0.6,False
MAH-03-24941,string,VALENCIA,26,26,9.019282407407408,2026-06-13 18:55:22,2026-06-22 19:23:08,6,2,0.3333333333333333,0.09676933255921684,,False,18.6,False,EUR,-0.002984213761798661,-0.01761174825008484,False,5,6,Match shots,0.7692307692307693,0.038461538461538464,0.15384615384615385,False
788308,numeric,EUSKADI,13,13,7.00275462962963,2026-06-16 18:58:59,2026-06-23 19:02:57,6,2,0.3333333333333333,0.09676933255921684,,False,18.6,False,EUR,0.0011731320291359594,-0.0010043924809286509,False,5,7,To score or assist (Star Substitute),0.7692307692307693,0.15384615384615385,1.0,True
1642930,numeric,EUSKADI,17,46,5.971574074074074,2026-06-15 15:21:40,2026-06-21 14:40:44,6,2,0.3333333333333333,0.09676933255921684,,False,18.6,False,EUR,-0.016632367492636874,0.00984209374835445,False,6,9,Player to score a penalty (No penalty shootout),0.06521739130434782,0.0,0.0,False
2630624,numeric,PERU,10,10,2.1960185185185184,2026-06-14 19:25:28,2026-06-17 00:07:44,6,2,0.3333333333333333,0.09676933255921684,,False,18.6,False,PEN,0.006775228135078489,0.006775228135078489,False,5,5,Match shots on target,0.6,0.2,1.0,True
MAH-05-15291,string,ARAGON,19,27,12.941018518518518,2026-06-09 18:21:04,2026-06-22 16:56:08,23,5,0.21739130434782608,0.09663835601719065,0.993564650417259,False,18.0,False,EUR,-0.05570174490242317,-0.05242893019587787,False,17,8,1-X-2 / 2 goals Up,0.14814814814814814,0.037037037037037035,0.037037037037037035,False
MAH-03-27881,string,VALENCIA,19,61,14.268842592592593,2026-06-09 10:53:55,2026-06-23 17:21:03,23,5,0.21739130434782608,0.09663835601719065,0.993564650417259,False,18.0,False,EUR,-0.03474899836983211,-0.04460311126797883,False,18,7,1-X-2 / 2 goals Up,0.08196721311475409,0.04918032786885246,0.13114754098360656,False
2259640,numeric,MURCIA,53,67,12.947418981481482,2026-06-10 18:41:37,2026-06-23 17:25:54,23,5,0.21739130434782608,0.09663835601719065,0.993564650417259,False,18.0,False,EUR,0.0034455500836237164,-0.005149706323761882,False,17,8,Fouls (Star Substitute),0.3582089552238806,0.2835820895522388,0.34328358208955223,True
MAH-16-10002,string,CANTABRIA,25,34,12.131354166666666,2026-06-11 17:14:21,2026-06-23 20:23:30,23,5,0.21739130434782608,0.09663835601719065,0.993564650417259,False,18.0,False,EUR,-0.015750215056324512,-0.004785826927278686,False,17,11,Home-side combo (bet builder),0.2647058823529412,0.029411764705882353,0.2647058823529412,False
2446212,numeric,EUSKADI,22,27,4.923657407407408,2026-06-18 21:08:24,2026-06-23 19:18:28,17,4,0.23529411764705882,0.09554889071675943,,False,17.8,False,EUR,-0.03977404467618764,-0.021784439448375464,False,9,8,Team to miss a penalty,0.2962962962962963,0.037037037037037035,0.5925925925925926,False
MAH-05-15093,string,ARAGON,15,24,8.78824074074074,2026-06-13 21:56:09,2026-06-22 16:51:13,17,4,0.23529411764705882,0.09554889071675943,,False,17.8,False,EUR,-0.017365246576890227,-0.012929319044015019,False,9,13,To score 2 or more goals (Star Substitute),0.25,0.041666666666666664,0.16666666666666666,False
MAH-21-15001,string,BALEARES,15,20,12.188854166666667,2026-06-10 16:14:28,2026-06-22 20:46:25,17,4,0.23529411764705882,0.09554889071675943,,False,17.8,False,EUR,-0.02364367870213419,-0.013904685366052286,False,8,9,1-X-2 / 2 goals Up,0.05,0.05,0.45,True
MAH-01-01671,string,EUSKADI,39,48,11.98337962962963,2026-06-11 18:52:36,2026-06-23 18:28:40,30,6,0.2,0.09504978102401236,0.998649235262725,False,17.7,False,EUR,0.010113766038979958,-0.01472277882001467,False,17,14,Shots on target (Star Substitute),0.375,0.0625,0.4791666666666667,True
787392,numeric,EUSKADI,12,12,11.964583333333334,2026-06-10 20:55:53,2026-06-22 20:04:53,2,1,0.5,0.09452865480086611,,False,17.5,False,EUR,0.016131113692089354,0.01666666666666672,False,2,5,To score or assist (Star Substitute),0.5833333333333334,0.3333333333333333,0.0,False
2627471,numeric,ESTATAL,12,12,1.9932175925925926,2026-06-10 18:38:59,2026-06-12 18:29:13,2,1,0.5,0.09452865480086611,,False,17.5,False,EUR,0.007881994261119185,0.007881994261119185,False,1,9,Team Shots,1.0,0.0,0.9166666666666666,False
1771608,numeric,EUSKADI,10,10,9.008715277777778,2026-06-07 18:34:08,2026-06-16 18:46:41,2,1,0.5,0.09452865480086611,,False,17.5,False,EUR,-0.0024131857132289013,0.009016229212582605,False,2,3,Anytime goalscorer (Star Substitute),1.0,0.0,0.3,False
2250120,numeric,PERU,12,15,12.032650462962962,2026-06-11 20:22:52,2026-06-23 21:09:53,2,1,0.5,0.09452865480086611,,False,17.5,False,PEN,0.01824350275252856,0.017123287671232945,False,2,8,Team corners,0.0,0.5333333333333333,0.4,False
756243,numeric,EUSKADI,10,10,8.188564814814814,2026-06-13 14:17:28,2026-06-21 18:49:00,2,1,0.5,0.09452865480086611,,False,17.5,False,EUR,0.0024368066921257813,0.0021276595744680327,False,2,2,Match,0.6,0.0,0.0,False
1225788,numeric,LA RIOJA,10,12,7.021469907407408,2026-06-13 12:54:59,2026-06-20 13:25:54,2,1,0.5,0.09452865480086611,,False,17.5,False,EUR,0.03500761035007619,0.026255707762557146,False,2,2,Match,0.9166666666666666,0.0,0.16666666666666666,False
1854842,numeric,EUSKADI,15,16,9.871226851851851,2026-06-14 00:58:24,2026-06-23 21:52:58,2,1,0.5,0.09452865480086611,,False,17.5,False,EUR,0.0003879607995369037,-0.058257625071934716,False,2,8,Shots on target (Star Substitute),0.375,0.5625,0.875,False
MAH-01-00906,string,EUSKADI,17,28,10.154178240740741,2026-06-13 15:33:28,2026-06-23 19:15:29,2,1,0.5,0.09452865480086611,,False,17.5,False,EUR,0.006139607759731893,-0.004547168033173232,False,2,2,1st half: Team corners,0.5714285714285714,0.0,0.17857142857142858,False
2059253,numeric,ANDALUCIA,23,23,7.796909722222222,2026-06-14 22:46:21,2026-06-22 17:53:54,2,1,0.5,0.09452865480086611,,False,17.5,False,EUR,0.06974358974358985,0.05017094017094026,False,2,13,Left foot shots on target (Star Substitute),0.7391304347826086,0.21739130434782608,1.0,False
2487569,numeric,EUSKADI,13,13,5.9269791666666665,2026-06-16 18:58:43,2026-06-22 17:13:34,2,1,0.5,0.09452865480086611,,False,17.5,False,EUR,0.0057971014492753286,0.004347826086956497,False,2,7,Saves (Star Substitute),0.15384615384615385,0.6153846153846154,0.9230769230769231,False
MAH-03-02744,string,VALENCIA,25,48,11.372430555555555,2026-06-12 09:41:04,2026-06-23 18:37:22,31,6,0.1935483870967742,0.09186883586347631,0.9991132461356432,False,17.1,False,EUR,0.03740301905477612,-0.017325795967323063,False,19,12,Team corners,0.041666666666666664,0.0625,0.0625,False
MAH-03-27873,string,VALENCIA,40,69,10.966377314814816,2026-06-11 17:25:08,2026-06-22 16:36:43,31,6,0.1935483870967742,0.09186883586347631,0.9991132461356432,False,17.1,False,EUR,-0.02872109659351522,-0.016150836836114634,False,22,9,1-X-2 / 2 goals Up,0.36231884057971014,0.0,0.2463768115942029,False
1287767,numeric,ESTATAL,118,121,12.343912037037038,2026-06-11 10:06:17,2026-06-23 18:21:31,31,6,0.1935483870967742,0.09186883586347631,0.9991132461356432,False,17.1,False,EUR,0.005656592872846567,0.008100849811392986,False,13,17,Player most passes (voiding in case of tie),0.38016528925619836,0.39669421487603307,0.9421487603305785,True
MAH-06-00164,string,LA RIOJA,27,39,10.051585648148148,2026-06-13 18:32:38,2026-06-23 19:46:55,31,6,0.1935483870967742,0.09186883586347631,0.9991132461356432,False,17.1,False,EUR,-0.029505123335169595,-0.026990905421958526,False,15,15,To score or assist (Star Substitute),0.1794871794871795,0.05128205128205128,0.1794871794871795,False
MAH-03-02569,string,VALENCIA,30,34,15.845902777777777,2026-06-07 18:35:35,2026-06-23 14:53:41,18,4,0.2222222222222222,0.09000781913382,,False,17.0,False,EUR,-0.08609233926083486,-0.031080463269365484,False,16,11,Shots on target (Star Substitute),0.029411764705882353,0.0,0.029411764705882353,False
MAH-07-03003,string,CATALUNYA,30,39,8.735150462962963,2026-06-14 08:45:38,2026-06-23 02:24:15,18,4,0.2222222222222222,0.09000781913382,,False,17.0,False,EUR,0.006652199594224257,-0.015744731283121465,False,11,15,Home-side combo (bet builder),0.46153846153846156,0.07692307692307693,0.41025641025641024,False
MAH-03-27681,string,VALENCIA,16,26,10.114618055555555,2026-06-12 17:48:40,2026-06-22 20:33:43,18,4,0.2222222222222222,0.09000781913382,,False,17.0,False,EUR,-0.029512999377122692,-0.025257326400277065,False,16,5,Match,0.23076923076923078,0.0,0.15384615384615385,True
MAH-05-15394,string,ARAGON,44,46,12.105150462962962,2026-06-10 14:55:02,2026-06-22 17:26:27,39,7,0.1794871794871795,0.08977151811469994,0.9998769012990204,False,16.9,False,EUR,-0.006570858644919113,-0.047639703565696356,False,14,11,Team to miss a penalty,0.1956521739130435,0.0,0.021739130434782608,False
MAH-10-30007,string,MADRID,11,14,10.898449074074074,2026-06-10 18:07:38,2026-06-21 15:41:24,12,3,0.25,0.08894003962896137,,False,16.6,False,EUR,-0.10704106603398109,-0.01695651066684777,False,8,8,Team exact bookings (only players and in play),0.35714285714285715,0.0,0.21428571428571427,False
575656,numeric,EUSKADI,14,17,5.881805555555555,2026-06-17 19:55:44,2026-06-23 17:05:32,12,3,0.25,0.08894003962896137,,False,16.6,False,EUR,0.008767195212649749,0.008259992411585768,False,4,4,To score 2 or more goals (Star Substitute),0.35294117647058826,0.23529411764705882,0.4117647058823529,False
2623772,numeric,ESTATAL,27,28,12.043530092592592,2026-06-11 18:52:45,2026-06-23 19:55:26,12,3,0.25,0.08894003962896137,,False,16.6,False,EUR,-0.013919730871852625,-0.02716539584653431,False,10,7,1st half: Team corners,0.4642857142857143,0.0,0.6071428571428571,False
1989327,numeric,ESTATAL,39,39,12.018645833333334,2026-06-11 18:21:03,2026-06-23 18:47:54,12,3,0.25,0.08894003962896137,,False,16.6,False,EUR,-0.006615384459209982,0.004410243756149994,False,11,4,To be carded (only players and in play)(Star Substitute),0.6923076923076923,0.20512820512820512,1.0,False
2624120,numeric,ESTATAL,17,19,9.930150462962963,2026-06-13 21:38:37,2026-06-23 19:58:02,12,3,0.25,0.08894003962896137,,False,16.6,False,EUR,0.0038895201415263593,-0.003090542867332772,False,11,4,Anytime goalscorer (Star Substitute),0.5789473684210527,0.10526315789473684,0.8421052631578947,False
2332908,numeric,PERU,49,55,11.762777777777778,2026-06-12 01:38:28,2026-06-23 19:56:52,12,3,0.25,0.08894003962896137,,False,16.6,False,PEN,0.0029564756940932708,-0.004246856156497984,False,8,10,1st Half: Cards(only players and in play),0.6,0.09090909090909091,0.5636363636363636,False
2549761,numeric,EUSKADI,29,44,8.775844907407407,2026-06-12 21:12:53,2026-06-21 15:50:06,12,3,0.25,0.08894003962896137,,False,16.6,False,EUR,0.004672188680852148,-0.0009656045553390521,False,4,8,Match shots,0.38636363636363635,0.0,0.3181818181818182,True
MAH-19-62001,string,ANDALUCIA,14,15,8.237581018518519,2026-06-12 13:37:00,2026-06-20 19:19:07,12,3,0.25,0.08894003962896137,,False,16.6,False,EUR,0.002907583386637757,0.005463611354232734,False,9,7,To score or assist (Star Substitute),0.3333333333333333,0.13333333333333333,0.7333333333333333,False
2632987,numeric,ESTATAL,16,16,4.967592592592593,2026-06-18 20:36:02,2026-06-23 19:49:22,12,3,0.25,0.08894003962896137,,False,16.6,False,EUR,0.0023491757903942438,0.0035738279106602247,False,9,7,To score or assist (Star Substitute),0.75,0.0,1.0,False
MAH-03-24544,string,VALENCIA,41,52,10.983854166666667,2026-06-12 18:27:07,2026-06-23 18:03:52,32,6,0.1875,0.08889423936162782,0.9994209115301081,False,16.4,False,EUR,-0.03673347932648235,-0.01363351455076793,False,17,12,Shots on target (Star Substitute),0.34615384615384615,0.0,0.28846153846153844,False
MAH-03-24554,string,VALENCIA,19,31,11.25548611111111,2026-06-12 09:33:22,2026-06-23 15:41:16,25,5,0.2,0.08860454100652486,0.997226156816777,False,16.3,False,EUR,-0.0002575667264871597,-0.07967163218277197,False,17,10,To score 2 or more goals (Star Substitute),0.0967741935483871,0.03225806451612903,0.12903225806451613,False
MAH-03-27652,string,VALENCIA,24,45,9.994039351851852,2026-06-13 20:06:41,2026-06-23 19:58:06,25,5,0.2,0.08860454100652486,0.997226156816777,False,16.3,False,EUR,-0.02378141624987175,-0.009557817158221033,False,17,15,To score 2 or more goals (Star Substitute),0.2,0.022222222222222223,0.2,True
MAH-03-24743,string,VALENCIA,26,37,7.999502314814815,2026-06-15 16:55:26,2026-06-23 16:54:43,25,5,0.2,0.08860454100652486,0.997226156816777,False,16.3,False,EUR,-0.02816829921159637,-0.021644780745902432,False,17,14,To score or assist (Star Substitute),0.1891891891891892,0.02702702702702703,0.13513513513513514,False
MAH-03-03813,string,VALENCIA,50,134,13.475520833333333,2026-06-09 20:13:34,2026-06-23 07:38:19,33,6,0.18181818181818182,0.08610651225698264,0.9996236924141372,False,16.2,False,EUR,-0.04255606023950462,-0.05423563943161736,False,25,7,1st half: Team corners,0.0,0.0,0.17164179104477612,True
1684812,numeric,EUSKADI,40,40,11.096689814814814,2026-06-11 18:39:36,2026-06-22 20:58:50,19,4,0.21052631578947367,0.08507538491591575,,False,16.1,False,EUR,0.0004307805549732975,-0.0029692574241420664,False,8,9,Hat trick (three or more goals) (Star Substitute),0.75,0.175,1.0,True
MAH-05-15231,string,ARAGON,12,24,22.152175925925928,2026-05-31 10:22:59,2026-06-22 14:02:07,19,4,0.21052631578947367,0.08507538491591575,,False,16.1,False,EUR,-0.021770452772006767,-0.02217960802299667,False,16,8,1st half: Shots on target,0.041666666666666664,0.125,0.16666666666666666,False
MAH-01-01245,string,EUSKADI,23,34,11.933935185185184,2026-06-10 18:46:09,2026-06-22 17:11:01,19,4,0.21052631578947367,0.08507538491591575,,False,16.1,False,EUR,-0.014741421458323224,-0.0032752731879450874,False,12,10,Home-side combo (bet builder),0.029411764705882353,0.08823529411764706,0.17647058823529413,False
MAH-01-01517,string,EUSKADI,39,42,2.9322685185185184,2026-06-18 15:51:29,2026-06-21 14:13:57,26,5,0.19230769230769232,0.08506935771788268,0.9981963615508929,False,16.0,False,EUR,-0.0021984884101123184,-0.0028867742189655657,False,11,7,Shots on target (Star Substitute),0.6428571428571429,0.0,0.9047619047619048,False
MAH-01-13192,string,EUSKADI,35,44,10.946724537037037,2026-06-09 16:26:06,2026-06-20 15:09:23,26,5,0.19230769230769232,0.08506935771788268,0.9981963615508929,False,16.0,False,EUR,-0.009200525134862664,-0.05678511725876118,False,20,6,Team to miss a penalty,0.06818181818181818,0.0,0.06818181818181818,False
MAH-02-18003,string,NAVARRA,13,13,10.751006944444445,2026-06-11 15:51:32,2026-06-22 09:52:59,7,2,0.2857142857142857,0.08221716570901548,,False,15.5,False,EUR,0.0040119584761415935,0.003411198163821861,False,6,7,Shots on target (Star Substitute),0.15384615384615385,0.0,0.0,False
MAH-03-03563,string,VALENCIA,10,13,9.16400462962963,2026-06-14 16:02:52,2026-06-23 19:59:02,7,2,0.2857142857142857,0.08221716570901548,,False,15.5,False,EUR,-0.10679280542538992,-0.04947757838878664,False,7,6,Match corners,0.23076923076923078,0.15384615384615385,0.15384615384615385,False
2416447,numeric,ANDALUCIA,17,17,3.514988425925926,2026-06-13 12:03:05,2026-06-17 00:24:40,7,2,0.2857142857142857,0.08221716570901548,,False,15.5,False,EUR,-0.002641620796035432,-0.0006602236672795961,False,4,4,Shots (Star Substitute),0.9411764705882353,0.0,1.0,False
MAH-01-49613,string,EUSKADI,17,23,9.861620370370371,2026-06-11 20:21:13,2026-06-21 17:01:57,7,2,0.2857142857142857,0.08221716570901548,,False,15.5,False,EUR,0.006080898736305943,-0.0018498223879270328,False,6,5,1-X-2 / 2 goals Up,0.34782608695652173,0.17391304347826086,0.2608695652173913,False
2493045,numeric,ESTATAL,11,11,11.446956018518518,2026-06-11 05:25:53,2026-06-22 16:09:30,7,2,0.2857142857142857,0.08221716570901548,,False,15.5,False,EUR,-0.00010480374422139338,0.0017566420142008457,False,4,7,Shots on target (Star Substitute),0.7272727272727273,0.0,1.0,False
2240869,numeric,ESTATAL,10,10,9.493645833333334,2026-06-11 18:17:21,2026-06-21 06:08:12,7,2,0.2857142857142857,0.08221716570901548,,False,15.5,False,EUR,-0.012131626592476194,-0.006113473523213501,False,5,6,To score or assist (Star Substitute),0.5,0.0,0.9,False
1686523,numeric,NAVARRA,15,20,6.121539351851852,2026-06-13 18:54:31,2026-06-19 21:49:32,7,2,0.2857142857142857,0.08221716570901548,,False,15.5,False,EUR,0.0032770918392444385,-0.0026600985221674834,False,5,6,Team goals,0.4,0.0,0.15,False
MAH-04-07801,string,GALICIA,13,13,10.344050925925925,2026-06-13 11:27:43,2026-06-23 19:43:09,7,2,0.2857142857142857,0.08221716570901548,,False,15.5,False,EUR,-0.041116679786094214,-0.047722714867661935,False,4,3,2nd half: Team Corners,0.23076923076923078,0.0,0.9230769230769231,False
2210424,numeric,ESTATAL,11,14,7.1503703703703705,2026-06-15 15:35:23,2026-06-22 19:11:55,7,2,0.2857142857142857,0.08221716570901548,,False,15.5,False,EUR,-0.01573390195821861,-0.02425898802945944,False,5,3,To score or assist (Star Substitute),0.0,0.07142857142857142,0.0,False
1638652,numeric,EUSKADI,10,10,9.890648148148149,2026-06-13 21:18:09,2026-06-23 18:40:41,7,2,0.2857142857142857,0.08221716570901548,,False,15.5,False,EUR,-0.004383691285817047,-0.006128686699799284,False,7,2,To score or assist (Star Substitute),0.6,0.2,1.0,False
2532861,numeric,ESTATAL,12,13,7.2032638888888885,2026-06-15 14:36:04,2026-06-22 19:28:46,7,2,0.2857142857142857,0.08221716570901548,,False,15.5,False,EUR,0.003911345560121869,0.004875283446712032,False,6,6,Saves (Star Substitute),0.3076923076923077,0.23076923076923078,0.46153846153846156,False
2421244,numeric,PERU,26,26,10.769351851851852,2026-06-10 01:11:19,2026-06-20 19:39:11,7,2,0.2857142857142857,0.08221716570901548,,False,15.5,False,PEN,0.0006877466392215571,-0.0029355469310623655,False,6,12,Team throw-ins,0.5384615384615384,0.4230769230769231,1.0,False
2631195,numeric,ESTATAL,13,13,7.494722222222222,2026-06-15 11:33:47,2026-06-22 23:26:11,7,2,0.2857142857142857,0.08221716570901548,,False,15.5,False,EUR,0.12771215325188,0.05166221349311587,False,5,10,To score from outside the box (Star Substitute),0.5384615384615384,0.07692307692307693,1.0,False
MAH-08-17002,string,MURCIA,14,16,5.456006944444445,2026-06-14 09:37:36,2026-06-19 20:34:15,7,2,0.2857142857142857,0.08221716570901548,,False,15.5,False,EUR,-0.01723242109495579,-0.0034636061949756282,False,4,5,To score or assist (Star Substitute),0.0625,0.0,0.0625,False
2573808,numeric,ESTATAL,10,10,8.641782407407407,2026-06-11 15:32:45,2026-06-20 06:56:55,7,2,0.2857142857142857,0.08221716570901548,,False,15.5,False,EUR,-0.0046375818477303625,-0.010412527935601055,False,7,6,Anytime goalscorer (Star Substitute),0.0,0.0,0.0,False
2232060,numeric,GALICIA,18,20,0.896238425925926,2026-06-15 18:09:46,2026-06-16 15:40:21,7,2,0.2857142857142857,0.08221716570901548,,False,15.5,False,EUR,-0.0007721066691095686,0.0038334393071771506,False,3,8,Most fouls commited (voiding in case of tie),0.45,0.0,0.8,False
2470403,numeric,ESTATAL,13,13,12.625196759259259,2026-06-10 05:58:01,2026-06-22 20:58:18,7,2,0.2857142857142857,0.08221716570901548,,False,15.5,False,EUR,0.0038973792845418014,0.01443149004284115,False,4,10,Fouls (Star Substitute),0.23076923076923078,0.07692307692307693,1.0,False
2361327,numeric,ESTATAL,14,14,4.9196990740740745,2026-06-13 18:57:52,2026-06-18 17:02:14,13,3,0.23076923076923078,0.08179379092465712,,False,15.1,False,EUR,0.00274840261739362,0.006789229454202094,False,4,5,Team corners,0.14285714285714285,0.0,1.0,True
MAH-03-27572,string,VALENCIA,23,28,11.520150462962963,2026-06-10 21:24:09,2026-06-22 09:53:10,13,3,0.23076923076923078,0.08179379092465712,,False,15.1,False,EUR,-0.022197226581018765,-0.016067894039523432,False,9,11,To score 2 or more goals (Star Substitute),0.14285714285714285,0.17857142857142858,0.5714285714285714,True
2628251,numeric,PERU,31,31,4.0395717592592595,2026-06-15 16:16:28,2026-06-19 17:13:27,13,3,0.23076923076923078,0.08179379092465712,,False,15.1,False,PEN,-0.0047871487280687205,-0.0009969591446514258,False,8,8,Saves (Star Substitute),0.7419354838709677,0.1935483870967742,1.0,False
MAH-22-01003,string,MELILLA,10,23,5.085925925925926,2026-06-13 15:51:03,2026-06-18 17:54:47,20,4,0.2,0.08065635327119998,0.9942558574385113,False,14.9,False,EUR,-0.02255558109738171,-0.01907076020256749,False,17,8,1-X-2 / 2 goals Up,0.17391304347826086,0.0,0.0,False
MAH-03-27791,string,VALENCIA,41,177,9.314004629629629,2026-06-13 08:38:40,2026-06-22 16:10:50,20,4,0.2,0.08065635327119998,0.9942558574385113,False,14.9,False,EUR,-0.007677235617075408,-0.013693012296996803,False,18,8,Home-side combo (bet builder),0.0903954802259887,0.0,0.15254237288135594,True
1389265,numeric,EUSKADI,23,31,12.93042824074074,2026-06-10 18:29:53,2026-06-23 16:49:42,20,4,0.2,0.08065635327119998,0.9942558574385113,False,14.9,False,EUR,-0.019724224513211267,-0.015874143913052884,False,20,5,To score 2 or more goals (Star Substitute),0.4838709677419355,0.06451612903225806,0.5483870967741935,False
MAH-01-04936,string,EUSKADI,16,29,7.084988425925926,2026-06-15 12:49:30,2026-06-22 14:51:53,21,4,0.19047619047619047,0.07667440615177303,0.9963153279217868,False,14.8,False,EUR,-0.03630874578309647,-0.04689944559225909,False,12,8,To score 2 or more goals (Star Substitute),0.0,0.0,0.034482758620689655,False
MAH-03-27416,string,VALENCIA,36,59,11.960324074074075,2026-06-11 14:36:33,2026-06-23 13:39:25,46,7,0.15217391304347827,0.07572186234017478,0.9999944282115477,False,14.8,False,EUR,-0.04894401120825326,-0.04255808034028486,False,22,5,Anytime goalscorer (Star Substitute),0.0,0.0,0.11864406779661017,False
MAH-01-12162,string,EUSKADI,18,22,8.952222222222222,2026-06-13 21:42:05,2026-06-22 20:33:17,14,3,0.21428571428571427,0.07571248336916371,,False,14.7,False,EUR,-0.020647878080626805,-0.014186161332665688,False,10,10,To score 2 or more goals (Star Substitute),0.22727272727272727,0.09090909090909091,0.3181818181818182,False
MAH-03-27123,string,VALENCIA,12,17,9.82693287037037,2026-06-13 18:21:25,2026-06-23 14:12:12,14,3,0.21428571428571427,0.07571248336916371,,False,14.7,False,EUR,-0.021580464956866777,-0.027898371073863875,False,14,9,To score or assist (Star Substitute),0.29411764705882354,0.0,0.35294117647058826,True
2234822,numeric,ESTATAL,22,22,11.124953703703703,2026-06-11 17:54:48,2026-06-22 20:54:44,14,3,0.21428571428571427,0.07571248336916371,,False,14.7,False,EUR,0.01434046057002922,0.022955406693049202,False,3,7,To be carded (only players and in play)(Star Substitute),0.6363636363636364,0.0,0.9545454545454546,False
MAH-06-00144,string,LA RIOJA,35,50,10.486921296296297,2026-06-12 09:13:13,2026-06-22 20:54:23,38,6,0.15789473684210525,0.07443762223722684,0.9999591271567388,False,14.6,False,EUR,-0.030267512799981217,-0.03212444956737919,False,26,12,Home-side combo (bet builder),0.22,0.0,0.3,False
MAH-03-27792,string,VALENCIA,13,28,7.261712962962963,2026-06-15 15:43:34,2026-06-22 22:00:26,22,4,0.18181818181818182,0.0730676602410512,0.997651506512708,False,14.5,False,EUR,-0.019781840142672872,-0.014186165078219853,False,12,9,To score 2 or more goals (Star Substitute),0.10714285714285714,0.07142857142857142,0.0,False
MAH-03-27985,string,VALENCIA,35,76,9.115243055555556,2026-06-14 14:40:27,2026-06-23 17:26:24,57,8,0.14035087719298245,0.07287189227128286,0.9999998048101871,False,14.5,False,EUR,-0.031511683915405465,-0.05770352278972661,False,28,12,To score 2 or more goals (Star Substitute),0.17105263157894737,0.039473684210526314,0.13157894736842105,False
2585932,numeric,ESTATAL,54,54,12.172800925925927,2026-06-10 18:22:52,2026-06-22 22:31:42,8,2,0.25,0.07147768885802765,,False,14.0,False,EUR,0.0014039402816132397,0.0033616026596445525,False,5,8,Tackles (Star Substitute),0.8888888888888888,0.0,1.0,True
2379021,numeric,EUSKADI,19,19,9.028101851851853,2026-06-14 19:56:36,2026-06-23 20:37:04,8,2,0.25,0.07147768885802765,,False,14.0,False,EUR,-8.99800445310004e-05,0.0036420427108415226,False,5,8,Home-side combo (bet builder),0.7368421052631579,0.15789473684210525,0.7368421052631579,False
1878896,numeric,EUSKADI,18,23,13.05462962962963,2026-06-09 18:12:23,2026-06-22 19:31:03,8,2,0.25,0.07147768885802765,,False,14.0,False,EUR,-0.00147649073311641,-0.0063215726128076355,False,7,2,Home-side combo (bet builder),0.30434782608695654,0.0,0.0,False
2424687,numeric,PERU,16,18,8.714502314814816,2026-06-10 19:52:02,2026-06-19 13:00:55,8,2,0.25,0.07147768885802765,,False,14.0,False,PEN,-0.001293330486217096,0.003271891134663904,False,8,2,Team shots on target,0.05555555555555555,0.4444444444444444,0.3888888888888889,False
2398881,numeric,GALICIA,19,22,4.3261921296296295,2026-06-15 15:29:58,2026-06-19 23:19:41,8,2,0.25,0.07147768885802765,,False,14.0,False,EUR,0.0024076978867808956,0.00896316711126946,False,5,3,Anytime goalscorer (Star Substitute),0.18181818181818182,0.0,0.0,False
1013664,numeric,NAVARRA,16,16,7.900729166666666,2026-06-13 17:54:03,2026-06-21 15:31:06,8,2,0.25,0.07147768885802765,,False,14.0,False,EUR,-0.005939756929801726,-0.012840665207326504,False,5,9,Home-side combo (bet builder),0.6875,0.25,0.9375,True
2262720,numeric,ESTATAL,16,16,4.991446759259259,2026-06-16 21:33:40,2026-06-21 21:21:21,8,2,0.25,0.07147768885802765,,False,14.0,False,EUR,0.0014738029133538313,0.0016678425992893292,False,5,8,Shots on target (Star Substitute),0.625,0.0625,1.0,False
MAH-05-15132,string,ARAGON,12,13,10.889212962962963,2026-06-11 18:10:48,2026-06-22 15:31:16,8,2,0.25,0.07147768885802765,,False,14.0,False,EUR,-0.028226469834615645,-0.015065659017503091,False,8,7,Match corners,0.15384615384615385,0.15384615384615385,0.3076923076923077,False
469581,numeric,EUSKADI,14,15,11.97773148148148,2026-06-10 17:30:52,2026-06-22 16:58:48,8,2,0.25,0.07147768885802765,,False,14.0,False,EUR,0.01091557728947942,0.011467236467236464,False,8,4,Team corners,0.3333333333333333,0.13333333333333333,0.2,True
MAH-03-27161,string,VALENCIA,15,15,10.641261574074074,2026-06-13 00:38:45,2026-06-23 16:02:10,8,2,0.25,0.07147768885802765,,False,14.0,False,EUR,-0.022534912769011685,-0.010657459195734922,False,5,5,Home-side combo (bet builder),0.6,0.0,0.6666666666666666,True
2379937,numeric,PERU,15,16,11.224282407407408,2026-06-11 18:50:29,2026-06-23 00:13:27,8,2,0.25,0.07147768885802765,,False,14.0,False,PEN,-0.00850329999745743,-0.003767800504207164,False,6,12,To score 2 or more goals (Star Substitute),0.375,0.25,0.875,False
2474819,numeric,PERU,11,11,9.180949074074075,2026-06-10 18:59:52,2026-06-19 23:20:26,8,2,0.25,0.07147768885802765,,False,14.0,False,PEN,-0.0012268406214800394,-0.008525985625305668,False,4,4,To score 2 or more goals (Star Substitute),0.8181818181818182,0.0,1.0,False
2300358,numeric,ESTATAL,12,12,3.5716550925925925,2026-06-15 16:57:35,2026-06-19 06:40:46,8,2,0.25,0.07147768885802765,,False,14.0,False,EUR,0.0050218259840189294,0.0050218259840189294,False,5,4,Shots on target outside the box (Star Substitute),0.5,0.0,1.0,False
2397186,numeric,GALICIA,13,13,4.049155092592593,2026-06-13 15:49:26,2026-06-17 17:00:13,8,2,0.25,0.07147768885802765,,False,14.0,False,EUR,0.010531488825275137,0.0016701081580306788,False,6,4,To score 2 or more goals (Star Substitute),0.46153846153846156,0.0,1.0,False
MAH-19-12002,string,ANDALUCIA,13,18,12.753958333333333,2026-06-09 20:46:06,2026-06-22 14:51:48,8,2,0.25,0.07147768885802765,,False,14.0,False,EUR,-0.0048439246348228725,0.00870935536979417,False,8,13,Home-side combo (bet builder),0.1111111111111111,0.05555555555555555,0.16666666666666666,True
MAH-06-24003,string,LA RIOJA,10,12,7.874143518518519,2026-06-12 18:55:41,2026-06-20 15:54:27,8,2,0.25,0.07147768885802765,,False,14.0,False,EUR,-0.005762317896375466,-0.012432311477594854,False,8,7,Team corners,0.08333333333333333,0.0,0.16666666666666666,False
2272749,numeric,EUSKADI,12,14,10.998333333333333,2026-06-11 20:37:27,2026-06-22 20:35:03,8,2,0.25,0.07147768885802765,,False,14.0,False,EUR,0.0010365088017143813,-0.0008208486332756948,False,8,8,To score or assist (Star Substitute),0.42857142857142855,0.21428571428571427,0.7142857142857143,False
MAH-11-02008,string,CATALUNYA,12,18,13.235555555555555,2026-06-09 17:44:45,2026-06-22 23:23:57,8,2,0.25,0.07147768885802765,,False,14.0,False,EUR,-0.0134816844354863,-0.008881923420065448,False,7,6,1-X-2 / 2 goals Up,0.2222222222222222,0.16666666666666666,0.16666666666666666,False
1869714,numeric,PERU,56,58,11.442708333333334,2026-06-11 17:17:33,2026-06-23 03:55:03,15,3,0.2,0.07047420643610412,,False,13.5,False,PEN,-0.023359406081321497,-0.024459506858643332,False,12,7,Team Fouls,0.4827586206896552,0.25862068965517243,0.7758620689655172,False
2633870,numeric,PORTUGAL,14,23,3.7546643518518517,2026-06-19 13:56:15,2026-06-23 08:02:58,15,3,0.2,0.07047420643610412,,False,13.5,False,EUR,-0.030795244857586477,-0.02112848389054361,False,10,5,1-X-2 / 2 goals Up,0.043478260869565216,0.043478260869565216,0.30434782608695654,False
MAH-01-05172,string,EUSKADI,10,18,7.478194444444444,2026-06-12 10:27:33,2026-06-19 21:56:09,15,3,0.2,0.07047420643610412,,False,13.5,False,EUR,-0.03167468970403607,-0.06401472638107526,False,14,6,Team corners,0.16666666666666666,0.0,0.2222222222222222,False
1551668,numeric,EUSKADI,15,19,12.675335648148149,2026-06-10 20:04:03,2026-06-23 12:16:32,15,3,0.2,0.07047420643610412,,False,13.5,False,EUR,0.012478346031063516,0.009279160545497874,False,13,5,Match corners,0.2631578947368421,0.15789473684210525,0.0,False
MAH-08-45002,string,MURCIA,15,20,8.423206018518519,2026-06-14 10:36:30,2026-06-22 20:45:55,15,3,0.2,0.07047420643610412,,False,13.5,False,EUR,-0.015001715813429291,-0.01965317013984087,False,9,5,Player to score in fisrt ten minutes (from 0:00 to 9:59),0.4,0.0,0.4,False
MAH-22-01002,string,MELILLA,16,20,12.005856481481482,2026-06-09 21:18:00,2026-06-21 21:26:26,15,3,0.2,0.07047420643610412,,False,13.5,False,EUR,-0.01304985880385551,-0.013175157857456361,False,12,6,Anytime goalscorer (Star Substitute),0.25,0.1,0.3,False
MAH-05-15383,string,ARAGON,15,25,14.069826388888888,2026-06-07 08:00:01,2026-06-21 09:40:34,16,3,0.1875,0.06591478773586763,,False,13.2,False,EUR,-0.032469690622362685,-0.013727438179915182,False,15,9,Match,0.16,0.0,0.08,False
2312272,numeric,NAVARRA,16,16,7.032974537037037,2026-06-16 15:09:47,2026-06-23 15:57:16,16,3,0.1875,0.06591478773586763,,False,13.2,False,EUR,-0.06172226055863142,-0.061592309954391855,False,14,2,Match penalty scored,0.25,0.0,1.0,False
MAH-03-27981,string,VALENCIA,15,21,11.2803125,2026-06-12 08:06:53,2026-06-23 14:50:32,16,3,0.1875,0.06591478773586763,,False,13.2,False,EUR,-0.037696532231516436,-0.03549103300849457,False,15,6,Home-side combo (bet builder),0.19047619047619047,0.14285714285714285,0.09523809523809523,False
MAH-03-03670,string,VALENCIA,11,19,9.002233796296297,2026-06-12 11:29:18,2026-06-21 11:32:31,9,2,0.2222222222222222,0.0632237623122272,,False,12.7,False,EUR,-0.009146194363590982,-0.027701085578374373,False,9,3,Home-side combo (bet builder),0.0,0.0,0.0,False
2194923,numeric,EUSKADI,18,18,11.48744212962963,2026-06-12 07:15:16,2026-06-23 18:57:11,9,2,0.2222222222222222,0.0632237623122272,,False,12.7,False,EUR,0.02410180987100895,0.019060935098418344,False,8,6,Shots on target (Star Substitute),0.5555555555555556,0.16666666666666666,0.9444444444444444,False
2557090,numeric,ESTATAL,21,21,8.76994212962963,2026-06-13 21:54:07,2026-06-22 16:22:50,9,2,0.2222222222222222,0.0632237623122272,,False,12.7,False,EUR,0.003437863844804021,0.002557995495869683,False,7,1,Assists (Star Substitute),0.7619047619047619,0.0,0.9523809523809523,False
2628457,numeric,ESTATAL,15,15,3.096979166666667,2026-06-13 16:37:56,2026-06-16 18:57:35,9,2,0.2222222222222222,0.0632237623122272,,False,12.7,False,EUR,-0.012150935835159983,-0.005376258087831203,False,6,5,Match,0.6,0.0,1.0,False
MAH-03-27633,string,VALENCIA,11,12,12.118043981481481,2026-06-10 16:29:45,2026-06-22 19:19:44,9,2,0.2222222222222222,0.0632237623122272,,False,12.7,False,EUR,0.09739096130561328,-0.0032425173484716963,False,9,6,Match corners,0.16666666666666666,0.08333333333333333,0.08333333333333333,False
MAH-03-24907,string,VALENCIA,10,14,9.774930555555555,2026-06-12 22:07:27,2026-06-22 16:43:21,9,2,0.2222222222222222,0.0632237623122272,,False,12.7,False,EUR,-0.03206009538501058,-0.026608266213400154,False,8,6,Player to score in 1st half,0.07142857142857142,0.07142857142857142,0.0,False
2479203,numeric,PERU,14,14,12.302013888888888,2026-06-11 12:46:42,2026-06-23 20:01:36,9,2,0.2222222222222222,0.0632237623122272,,False,12.7,False,PEN,-0.003925493139020513,-0.003925493139020513,False,9,2,Match corners,0.6428571428571429,0.21428571428571427,1.0,False
MAH-03-28014,string,VALENCIA,11,13,9.790972222222223,2026-06-13 21:53:07,2026-06-23 16:52:07,9,2,0.2222222222222222,0.0632237623122272,,False,12.7,False,EUR,0.0003247858960614986,-0.008637268892020593,False,8,7,Team shots on target,0.46153846153846156,0.07692307692307693,0.07692307692307693,False
2359241,numeric,ESTATAL,17,18,11.987581018518519,2026-06-10 16:48:08,2026-06-22 16:30:15,9,2,0.2222222222222222,0.0632237623122272,,False,12.7,False,EUR,-0.05615372783009304,-0.0382773242358716,False,9,9,Match shots,0.5,0.0,0.8333333333333334,False
MAH-07-04006,string,CATALUNYA,16,19,8.162199074074074,2026-06-15 15:41:28,2026-06-23 19:35:02,9,2,0.2222222222222222,0.0632237623122272,,False,12.7,False,EUR,0.011460824857033628,0.009872083853850126,False,7,7,Player sent off (only players and in play)(Star Substitute),0.3157894736842105,0.10526315789473684,0.5789473684210527,True
MAH-03-24271,string,VALENCIA,11,13,6.221724537037037,2026-06-14 14:26:33,2026-06-20 19:45:50,9,2,0.2222222222222222,0.0632237623122272,,False,12.7,False,EUR,-0.03287924485017015,-0.004759257010966935,False,9,6,1-X-2 / 2 goals Up,0.23076923076923078,0.07692307692307693,0.15384615384615385,False
2266744,numeric,ANDALUCIA,14,16,11.877986111111111,2026-06-11 18:58:44,2026-06-23 16:03:02,9,2,0.2222222222222222,0.0632237623122272,,False,12.7,False,EUR,0.005727471092154475,0.005294493160333234,False,9,11,Anytime goalscorer (Star Substitute),0.3125,0.3125,0.6875,False
MAH-03-25024,string,VALENCIA,10,14,13.823611111111111,2026-06-09 23:55:55,2026-06-23 19:41:55,9,2,0.2222222222222222,0.0632237623122272,,False,12.7,False,EUR,0.0020707860117638306,-0.0317457106776187,False,8,8,Match corners,0.14285714285714285,0.0,0.14285714285714285,False
MAH-23-02304,string,PERU,11,11,6.228564814814815,2026-06-10 19:25:51,2026-06-17 00:54:59,9,2,0.2222222222222222,0.0632237623122272,,False,12.7,False,PEN,-0.012395630303294056,0.007131292758630287,False,3,7,Team corners,0.7272727272727273,0.0,0.7272727272727273,False
2296912,numeric,CASTILLA LA MANCHA,19,19,13.113611111111112,2026-06-10 18:41:19,2026-06-23 21:24:55,9,2,0.2222222222222222,0.0632237623122272,,False,12.7,False,EUR,-0.008860411096518868,-0.009102489416750095,False,8,8,To score 2 or more goals (Star Substitute),0.5789473684210527,0.21052631578947367,0.8421052631578947,False
MAH-11-14004,string,CATALUNYA,11,11,10.97349537037037,2026-06-12 10:59:20,2026-06-23 10:21:10,9,2,0.2222222222222222,0.0632237623122272,,False,12.7,False,EUR,-0.011060847505904702,-0.14522577983481277,False,5,5,Team exact bookings (only players and in play),0.18181818181818182,0.0,0.5454545454545454,False
MAH-01-13282,string,EUSKADI,11,15,11.832268518518518,2026-06-09 21:22:51,2026-06-21 17:21:19,9,2,0.2222222222222222,0.0632237623122272,,False,12.7,False,EUR,-5.829745664525904e-05,-0.007621004073792046,False,8,5,Match,0.3333333333333333,0.0,0.0,False
1683097,numeric,PERU,16,16,9.80761574074074,2026-06-14 00:13:58,2026-06-23 19:36:56,9,2,0.2222222222222222,0.0632237623122272,,False,12.7,False,PEN,0.0025457033589209492,0.0051624092255731936,False,9,9,Team corners,0.8125,0.125,0.75,False
1588945,numeric,EUSKADI,14,14,12.056805555555556,2026-06-11 18:33:52,2026-06-23 19:55:40,9,2,0.2222222222222222,0.0632237623122272,,False,12.7,False,EUR,-0.007720970634055514,-0.007032956699729167,False,6,9,Fouls (Star Substitute),0.6428571428571429,0.14285714285714285,0.7857142857142857,True
1730777,numeric,ESTATAL,22,22,5.061631944444445,2026-06-13 00:29:52,2026-06-18 01:58:37,9,2,0.2222222222222222,0.0632237623122272,,False,12.7,False,EUR,-0.0016171475979362816,-0.010281184194227681,False,5,5,To score 2 or more goals (Star Substitute),0.9090909090909091,0.0,1.0,False
MAH-23-01406,string,PERU,22,24,7.749560185185185,2026-06-11 22:31:44,2026-06-19 16:31:06,17,3,0.17647058823529413,0.06191013712548989,,False,12.1,False,PEN,-0.00527041263428008,-0.007754594804534371,False,10,5,Match penalty missed,0.25,0.0,0.6666666666666666,True
MAH-04-06942,string,GALICIA,13,23,14.232094907407408,2026-06-08 15:04:47,2026-06-22 20:39:00,17,3,0.17647058823529413,0.06191013712548989,,False,12.1,False,EUR,-0.013756851531116589,-0.040691268466978736,False,14,8,To score or assist (Star Substitute),0.08695652173913043,0.0,0.13043478260869565,False
MAH-01-01632,string,EUSKADI,19,22,12.205081018518518,2026-06-10 15:59:58,2026-06-22 20:55:17,17,3,0.17647058823529413,0.06191013712548989,,False,12.1,False,EUR,-0.01900455906455016,-0.003006133308464769,False,13,10,Team corners,0.36363636363636365,0.045454545454545456,0.18181818181818182,False
MAH-18-03010,string,ASTURIAS,11,25,11.951273148148148,2026-06-10 16:05:01,2026-06-22 14:54:51,17,3,0.17647058823529413,0.06191013712548989,,False,12.1,False,EUR,-0.034201476440013576,-0.04250056647938872,False,12,6,Shots on target (Star Substitute),0.0,0.0,0.0,False
2107012,numeric,VALENCIA,36,87,10.798252314814814,2026-06-10 18:51:19,2026-06-21 14:00:48,17,3,0.17647058823529413,0.06191013712548989,,False,12.1,False,EUR,-0.2149720142800072,-0.16262168148905234,False,12,5,1st half: Team corners,0.04597701149425287,0.0,0.1839080459770115,True
MAH-03-24131,string,VALENCIA,28,30,13.251064814814814,2026-06-10 09:56:53,2026-06-23 15:58:25,17,3,0.17647058823529413,0.06191013712548989,,False,12.1,False,EUR,-0.034916751881088344,-0.03934902475640888,False,14,10,To score from outside the box (Star Substitute),0.4666666666666667,0.0,0.7666666666666667,False
MAH-03-24992,string,VALENCIA,26,44,15.056226851851852,2026-06-07 09:42:03,2026-06-22 11:03:01,26,4,0.15384615384615385,0.061499339989294764,0.9996328516932999,False,11.9,False,EUR,-0.013532085932291589,-0.0292114436068015,False,15,14,Match,0.06818181818181818,0.0,0.09090909090909091,False
MAH-22-05003,string,MELILLA,52,59,11.992662037037038,2026-06-11 19:12:51,2026-06-23 19:02:17,26,4,0.15384615384615385,0.061499339989294764,0.9996328516932999,False,11.9,False,EUR,-0.007970929356837277,-0.020043919828325506,False,17,18,1st Half: Team Cards (only players and in play),0.4406779661016949,0.1016949152542373,0.4067796610169492,False
2628492,numeric,ESTATAL,18,18,8.102835648148147,2026-06-11 14:47:39,2026-06-19 17:15:44,3,1,0.3333333333333333,0.061490315276160515,,False,11.4,False,EUR,0.01622718052738337,0.03921568627450981,False,3,4,Match,0.8333333333333334,0.0,0.8888888888888888,False
2203959,numeric,ESTATAL,11,11,1.9470717592592592,2026-06-20 19:27:06,2026-06-22 18:10:53,3,1,0.3333333333333333,0.061490315276160515,,False,11.4,False,EUR,0.004518450260524853,-0.0035538898940295307,False,3,4,To be carded (only players and in play)(Star Substitute),0.09090909090909091,0.6363636363636364,0.9090909090909091,False
2104617,numeric,GALICIA,11,21,1.0524189814814815,2026-06-17 11:46:09,2026-06-18 13:01:38,3,1,0.3333333333333333,0.061490315276160515,,False,11.4,False,EUR,0.022346684252143992,0.014496315496489517,False,3,2,Player to score in both halves (Star Substitute),0.0,0.0,0.0,False
1784044,numeric,PERU,13,13,11.73556712962963,2026-06-12 01:57:17,2026-06-23 19:36:30,3,1,0.3333333333333333,0.061490315276160515,,False,11.4,False,PEN,0.008750227396761864,0.008750227396761864,False,3,5,Match,0.9230769230769231,0.07692307692307693,1.0,True
2378249,numeric,NAVARRA,10,13,11.086307870370371,2026-06-11 18:41:45,2026-06-22 20:46:02,3,1,0.3333333333333333,0.061490315276160515,,False,11.4,False,EUR,0.0155440414507772,0.059585492227979264,False,3,5,Home-side combo (bet builder),0.6153846153846154,0.07692307692307693,0.46153846153846156,False
2266058,numeric,ESTATAL,27,27,8.136481481481482,2026-06-13 21:42:52,2026-06-22 00:59:24,3,1,0.3333333333333333,0.061490315276160515,,False,11.4,False,EUR,0.006233670206287384,0.0027548209366391094,False,2,7,Tackles (Star Substitute),0.37037037037037035,0.3333333333333333,0.7777777777777778,False
2350467,numeric,EUSKADI,12,12,1.0209027777777777,2026-06-12 17:01:35,2026-06-13 17:31:41,3,1,0.3333333333333333,0.061490315276160515,,False,11.4,False,EUR,0.02608656906674297,0.008845230403535242,False,2,2,1-X-2 / 2 goals Up,0.0,0.0,0.08333333333333333,False
428167,numeric,EUSKADI,19,19,9.660625,2026-06-14 05:38:17,2026-06-23 21:29:35,3,1,0.3333333333333333,0.061490315276160515,,False,11.4,False,EUR,0.00356387015634157,-0.010805848891587274,False,3,10,Team goal kicks,0.21052631578947367,0.6842105263157895,0.7894736842105263,False
2057272,numeric,ESTATAL,11,13,11.618298611111111,2026-06-11 13:38:04,2026-06-23 04:28:25,3,1,0.3333333333333333,0.061490315276160515,,False,11.4,False,EUR,0.0,0.004566210045662118,False,3,7,Saves (Star Substitute),0.07692307692307693,0.6153846153846154,0.46153846153846156,False
2631332,numeric,ESTATAL,13,13,4.191354166666667,2026-06-17 17:27:07,2026-06-21 22:02:40,3,1,0.3333333333333333,0.061490315276160515,,False,11.4,False,EUR,-0.0056371251590374705,-0.010786690069558569,False,3,11,To be carded (only players and in play)(Star Substitute),0.15384615384615385,0.5384615384615384,0.9230769230769231,False
MAH-02-02152,string,NAVARRA,12,12,2.6140046296296298,2026-06-19 15:52:55,2026-06-22 06:37:05,3,1,0.3333333333333333,0.061490315276160515,,False,11.4,False,EUR,0.06562209058545664,0.03124842913296838,False,2,3,To score 2 or more goals (Star Substitute),0.0,0.0,0.0,False
MAH-01-05181,string,EUSKADI,10,10,8.774050925925925,2026-06-13 18:40:20,2026-06-22 13:14:58,3,1,0.3333333333333333,0.061490315276160515,,False,11.4,False,EUR,-0.007865041808499592,0.0030364317330609327,False,2,5,To score 2 or more goals (Star Substitute),0.3,0.1,0.7,False
2634629,numeric,PERU,16,16,0.10291666666666667,2026-06-20 16:54:14,2026-06-20 19:22:26,3,1,0.3333333333333333,0.061490315276160515,,False,11.4,False,PEN,-0.0064352423587528546,0.0009090597235084837,False,2,2,goal scorer (Star Substitute),1.0,0.0,1.0,False
1815856,numeric,EUSKADI,15,15,5.284236111111111,2026-06-18 13:19:57,2026-06-23 20:09:15,3,1,0.3333333333333333,0.061490315276160515,,False,11.4,False,EUR,0.012382899705814854,0.02043474027554648,False,2,5,Shots on target (Star Substitute),0.3333333333333333,0.4666666666666667,1.0,False
1715756,numeric,EUSKADI,10,10,2.1788541666666665,2026-06-15 14:38:47,2026-06-17 18:56:20,3,1,0.3333333333333333,0.061490315276160515,,False,11.4,False,EUR,0.01752411020012189,0.0012394154732207803,False,2,3,Match corners,0.1,0.0,0.0,False
2634167,numeric,MADRID,12,12,1.8898958333333333,2026-06-20 00:29:22,2026-06-21 21:50:49,3,1,0.3333333333333333,0.061490315276160515,,False,11.4,False,EUR,-0.00039989336177018256,0.00430505256858682,False,2,10,Home-side combo (bet builder),0.9166666666666666,0.0,1.0,False
MAH-03-24254,string,VALENCIA,14,22,12.183599537037036,2026-06-11 14:56:15,2026-06-23 19:20:38,18,3,0.16666666666666666,0.058364704004657555,,False,11.0,False,EUR,-0.0008301799478916201,-0.05072561281049307,False,15,6,To score or assist (Star Substitute),0.36363636363636365,0.045454545454545456,0.22727272727272727,False
MAH-03-24061,string,VALENCIA,12,27,11.051701388888889,2026-06-11 15:50:02,2026-06-22 17:04:29,18,3,0.16666666666666666,0.058364704004657555,,False,11.0,False,EUR,-0.02381240645192451,-0.03489923438261379,False,16,8,To score 2 or more goals (Star Substitute),0.0,0.07407407407407407,0.14814814814814814,False
MAH-03-03660,string,VALENCIA,556,858,11.888206018518519,2026-06-11 14:53:51,2026-06-23 12:12:52,18,3,0.16666666666666666,0.058364704004657555,,False,11.0,False,EUR,-0.008780543993186741,-0.013545177648084158,False,15,5,Team corners,0.0641025641025641,0.0,0.0,False
MAH-03-27721,string,VALENCIA,12,15,8.852905092592593,2026-06-13 20:00:03,2026-06-22 16:28:14,10,2,0.2,0.05668094798069332,,False,10.6,False,EUR,-0.020705996865524073,-0.028071402180559667,False,10,7,Match,0.2,0.13333333333333333,0.06666666666666667,False
1822027,numeric,CATALUNYA,22,23,11.99148148148148,2026-06-11 18:03:51,2026-06-23 17:51:35,10,2,0.2,0.05668094798069332,,False,10.6,False,EUR,-0.024371352276764166,-0.02955961440861784,False,8,4,Team corners,0.34782608695652173,0.30434782608695654,0.043478260869565216,False
MAH-03-27903,string,VALENCIA,11,15,11.932071759259259,2026-06-11 18:09:05,2026-06-23 16:31:16,10,2,0.2,0.05668094798069332,,False,10.6,False,EUR,-0.048728135256936575,-0.04408285138616256,False,9,9,Home-side combo (bet builder),0.26666666666666666,0.0,0.26666666666666666,False
MAH-03-28044,string,VALENCIA,16,20,11.513136574074075,2026-06-10 09:08:15,2026-06-21 21:27:10,10,2,0.2,0.05668094798069332,,False,10.6,False,EUR,-0.021730749316384294,-0.019449613731832183,False,10,7,1-X-2 / 2 goals Up,0.2,0.0,0.45,False
1853016,numeric,PERU,18,19,13.41525462962963,2026-06-10 07:07:54,2026-06-23 17:05:52,10,2,0.2,0.05668094798069332,,False,10.6,False,PEN,0.00982359261779945,-0.0016762585346197568,False,8,6,To score or assist (Star Substitute),0.2631578947368421,0.05263157894736842,0.10526315789473684,False
2576194,numeric,PERU,18,18,10.225104166666666,2026-06-11 18:22:45,2026-06-21 23:46:54,10,2,0.2,0.05668094798069332,,False,10.6,False,PEN,-0.010837654037753544,-0.010378702583622534,False,10,2,Team corners,0.5555555555555556,0.2777777777777778,1.0,False
MAH-03-27742,string,VALENCIA,13,17,10.987789351851852,2026-06-10 18:59:52,2026-06-21 18:42:17,10,2,0.2,0.05668094798069332,,False,10.6,False,EUR,-0.02572739327706754,-0.013686210508481367,False,8,5,1st half: Shots on target,0.47058823529411764,0.058823529411764705,0.47058823529411764,False
MAH-15-02004,string,EXTREMADURA,14,17,9.136111111111111,2026-06-12 19:40:20,2026-06-21 22:56:20,10,2,0.2,0.05668094798069332,,False,10.6,False,EUR,-0.010383907915861934,0.005634643085399582,False,9,11,Saves (Star Substitute),0.17647058823529413,0.29411764705882354,0.47058823529411764,False
2575019,numeric,MADRID,14,16,12.10113425925926,2026-06-11 18:40:15,2026-06-23 21:05:53,10,2,0.2,0.05668094798069332,,False,10.6,False,EUR,-0.004223670015322243,-0.0142188261771375,False,10,3,Match penalty scored,0.625,0.0625,0.75,False
MAH-03-27252,string,VALENCIA,10,19,7.052569444444444,2026-06-15 18:30:10,2026-06-22 19:45:52,10,2,0.2,0.05668094798069332,,False,10.6,False,EUR,-0.026267914981834582,-0.02655956483602112,False,9,3,Home-side combo (bet builder),0.15789473684210525,0.0,0.0,False
MAH-03-02914,string,VALENCIA,10,14,12.773055555555555,2026-06-10 17:26:45,2026-06-23 11:59:57,10,2,0.2,0.05668094798069332,,False,10.6,False,EUR,0.034163630595542546,0.018158187806373415,False,10,8,To score 2 or more goals (Star Substitute),0.14285714285714285,0.14285714285714285,0.21428571428571427,False
MAH-03-24114,string,VALENCIA,20,29,11.066840277777779,2026-06-12 17:22:55,2026-06-23 18:59:10,19,3,0.15789473684210525,0.05520371039927826,,False,10.4,False,EUR,-0.016036204095842138,-0.028933996464670163,False,14,8,Saves (Star Substitute),0.2413793103448276,0.0,0.2413793103448276,False
MAH-05-15283,string,ARAGON,129,305,7.815069444444444,2026-06-12 16:28:52,2026-06-20 12:02:34,41,5,0.12195121951219512,0.05323257997340823,0.9999983229978672,False,10.3,False,EUR,-0.2834683970791714,-0.2344367341966821,False,24,5,Team to score a penalty,0.0,0.0,0.0,False
2010686,numeric,ESTATAL,46,50,12.040578703703703,2026-06-11 16:24:43,2026-06-23 17:23:09,20,3,0.15,0.05236779195949582,0.9988954732316301,False,10.2,False,EUR,0.0018469010988005129,0.001953832746381068,False,11,11,Player most passes (voiding in case of tie),0.56,0.02,0.8,False
MAH-06-00368,string,LA RIOJA,17,24,6.9955439814814815,2026-06-13 08:50:01,2026-06-20 08:43:36,20,3,0.15,0.05236779195949582,0.9988954732316301,False,10.2,False,EUR,-0.05365587575376828,-0.030829224188036502,False,14,5,To score or assist (Star Substitute),0.041666666666666664,0.0,0.041666666666666664,False
MAH-03-27093,string,VALENCIA,18,24,9.97849537037037,2026-06-12 22:56:40,2026-06-22 22:25:42,20,3,0.15,0.05236779195949582,0.9988954732316301,False,10.2,False,EUR,0.028965576028138925,-0.028095153482744762,False,15,6,Home-side combo (bet builder),0.16666666666666666,0.0,0.20833333333333334,True
MAH-07-01003,string,CATALUNYA,15,20,10.599456018518518,2026-06-12 02:10:20,2026-06-22 16:33:33,11,2,0.18181818181818182,0.05136660067100062,,False,9.9,False,EUR,-0.03391861335621744,-0.025548323917409424,False,9,6,Match corners,0.05,0.1,0.2,False
2338797,numeric,PERU,17,17,6.761145833333333,2026-06-17 00:59:54,2026-06-23 19:15:57,11,2,0.18181818181818182,0.05136660067100062,,False,9.9,False,PEN,-0.0008367572511464893,-0.00130307127359183,False,8,3,To score or assist (Star Substitute),0.7647058823529411,0.23529411764705882,1.0,False
MAH-01-08005,string,EUSKADI,14,18,9.805231481481481,2026-06-10 16:05:05,2026-06-20 11:24:37,11,2,0.18181818181818182,0.05136660067100062,,False,9.9,False,EUR,-0.008175076231198418,-0.016146993358499916,False,11,6,Team corners,0.1111111111111111,0.0,0.0,False
MAH-03-25033,string,VALENCIA,11,14,11.065798611111111,2026-06-11 15:55:56,2026-06-22 17:30:41,11,2,0.18181818181818182,0.05136660067100062,,False,9.9,False,EUR,-0.004679701656251329,-0.028889695086582467,False,9,8,Team goals,0.14285714285714285,0.0,0.2857142857142857,False
MAH-03-25021,string,VALENCIA,13,14,11.226527777777777,2026-06-10 16:09:31,2026-06-21 21:35:43,11,2,0.18181818181818182,0.05136660067100062,,False,9.9,False,EUR,-0.016598217785430427,-0.01253362943721915,False,7,9,Team exact bookings (only players and in play),0.5,0.0,0.5714285714285714,False
MAH-21-11004,string,BALEARES,21,25,9.231597222222222,2026-06-13 21:56:56,2026-06-23 03:30:26,11,2,0.18181818181818182,0.05136660067100062,,False,9.9,False,EUR,-0.009077194029649027,-0.00485183464107927,False,10,5,Anytime goalscorer (Star Substitute),0.56,0.12,0.68,False
1868077,numeric,EUSKADI,24,24,10.769328703703703,2026-06-13 00:56:59,2026-06-23 19:24:49,11,2,0.18181818181818182,0.05136660067100062,,False,9.9,False,EUR,-0.014263394367622308,-0.014948819400852657,False,3,8,Anytime goalscorer (Star Substitute),0.875,0.125,1.0,True
MAH-03-24985,string,VALENCIA,14,17,9.99113425925926,2026-06-13 22:13:20,2026-06-23 22:00:34,11,2,0.18181818181818182,0.05136660067100062,,False,9.9,False,EUR,-0.01092903871162362,-0.016723229347741963,False,9,8,To score or assist (Star Substitute),0.23529411764705882,0.17647058823529413,0.35294117647058826,True
MAH-07-01008,string,CATALUNYA,12,15,11.52326388888889,2026-06-11 13:17:51,2026-06-23 01:51:21,11,2,0.18181818181818182,0.05136660067100062,,False,9.9,False,EUR,-0.02500593215580279,-0.024686203755223315,False,8,7,Home-side combo (bet builder),0.3333333333333333,0.13333333333333333,0.5333333333333333,False
MAH-05-15263,string,ARAGON,12,14,10.965023148148148,2026-06-11 18:17:32,2026-06-22 17:27:10,11,2,0.18181818181818182,0.05136660067100062,,False,9.9,False,EUR,-0.0017491225557451412,-0.019530093381532755,False,11,8,Match,0.21428571428571427,0.07142857142857142,0.07142857142857142,False
MAH-01-01486,string,EUSKADI,10,12,9.663263888888888,2026-06-13 20:40:51,2026-06-23 12:35:57,11,2,0.18181818181818182,0.05136660067100062,,False,9.9,False,EUR,0.0022834182435242517,-0.0022571192565349037,False,8,5,Anytime goalscorer (Star Substitute),0.3333333333333333,0.0,0.4166666666666667,False
MAH-03-03679,string,VALENCIA,68,89,10.189965277777778,2026-06-11 11:20:31,2026-06-21 15:54:04,21,3,0.14285714285714285,0.049809217982134925,0.9993254974499374,False,9.6,False,EUR,-0.01295664276983003,-0.01102360047377065,False,15,8,1-X-2 / 2 goals Up,0.2808988764044944,0.056179775280898875,0.24719101123595505,True
MAH-03-03871,string,VALENCIA,32,40,11.233344907407407,2026-06-12 14:03:43,2026-06-23 19:39:44,21,3,0.14285714285714285,0.049809217982134925,0.9993254974499374,False,9.6,False,EUR,-0.019995491168350227,-0.019390694574151702,False,19,8,Match,0.2,0.0,0.1,False
MAH-03-27777,string,VALENCIA,32,50,11.02349537037037,2026-06-12 16:22:53,2026-06-23 16:56:43,22,3,0.13636363636363635,0.04748917264236267,0.9995898118084431,False,9.5,False,EUR,-0.021086446780199882,-0.019547654838255747,False,14,16,Saves (Star Substitute),0.14,0.02,0.3,False
MAH-03-02716,string,VALENCIA,22,32,12.01199074074074,2026-06-11 14:36:20,2026-06-23 14:53:36,22,3,0.13636363636363635,0.04748917264236267,0.9995898118084431,False,9.5,False,EUR,-0.010291392022654292,-0.02912058113286113,False,17,4,Anytime goalscorer (Star Substitute),0.03125,0.0,0.03125,False
2406132,numeric,PERU,23,23,11.973009259259259,2026-06-11 17:03:08,2026-06-23 16:24:16,12,2,0.16666666666666666,0.046964147614822246,,False,9.3,False,PEN,-0.017932108172202258,-0.018272457141678616,False,3,7,Player to score in fisrt ten minutes (from 0:00 to 9:59),0.08695652173913043,0.0,0.9565217391304348,False
MAH-05-15001,string,ARAGON,13,23,9.491458333333334,2026-06-14 08:11:17,2026-06-23 19:58:59,12,2,0.16666666666666666,0.046964147614822246,,False,9.3,False,EUR,-0.02990887770166321,-0.04059461350115572,False,12,5,Match,0.08695652173913043,0.0,0.043478260869565216,False
MAH-01-04854,string,EUSKADI,10,15,9.221979166666667,2026-06-13 14:22:51,2026-06-22 19:42:30,12,2,0.16666666666666666,0.046964147614822246,,False,9.3,False,EUR,-0.04888112203992375,-0.03479745129351728,False,10,10,1-X-2 / 2 goals Up,0.06666666666666667,0.13333333333333333,0.06666666666666667,False
1785187,numeric,ESTATAL,37,37,5.256481481481481,2026-06-11 20:00:14,2026-06-17 02:09:34,12,2,0.16666666666666666,0.046964147614822246,,False,9.3,False,EUR,9.921831042520767e-05,0.00014621094901267248,False,6,8,Saves (Star Substitute),0.4864864864864865,0.4594594594594595,1.0,True
MAH-08-23003,string,MURCIA,19,21,14.979791666666667,2026-06-07 21:18:53,2026-06-22 20:49:47,12,2,0.16666666666666666,0.046964147614822246,,False,9.3,False,EUR,-0.05683515391809563,-0.04614947299350053,False,10,4,Home-side combo (bet builder),0.09523809523809523,0.0,0.0,False
2609322,numeric,CASTILLA LA MANCHA,12,13,6.002025462962963,2026-06-17 16:37:15,2026-06-23 16:40:10,12,2,0.16666666666666666,0.046964147614822246,,False,9.3,False,EUR,-0.002097035642649445,0.000626246206029126,False,5,7,Shots on target outside the box (Star Substitute),0.7692307692307693,0.0,0.8461538461538461,True
1931931,numeric,CANARIAS,25,26,9.898935185185184,2026-06-11 18:08:55,2026-06-21 15:43:23,12,2,0.16666666666666666,0.046964147614822246,,False,9.3,False,EUR,-0.005769075925247089,-0.004936674153584536,False,11,7,Shots (Star Substitute),0.7692307692307693,0.038461538461538464,0.5,False
1761574,numeric,GALICIA,12,12,5.9589236111111115,2026-06-16 19:19:51,2026-06-22 18:20:42,4,1,0.25,0.045586062644636216,,False,8.7,False,EUR,-0.0015692643466365523,-0.0016168080344287628,False,3,4,To score or assist (Star Substitute),0.0,0.5,1.0,True
1551750,numeric,ESTATAL,12,12,0.24003472222222222,2026-06-16 18:12:33,2026-06-16 23:58:12,4,1,0.25,0.045586062644636216,,False,8.7,False,EUR,0.0012829965015758048,-0.0005000975800155683,False,3,5,Team exact bookings (only players and in play),0.9166666666666666,0.0,1.0,True
2629105,numeric,EUSKADI,10,10,3.7369791666666665,2026-06-13 21:55:23,2026-06-17 15:36:38,4,1,0.25,0.045586062644636216,,False,8.7,False,EUR,0.0014589922489802569,0.005605471911931337,False,3,7,Shots on target (Star Substitute),0.8,0.0,1.0,True
MAH-04-07044,string,GALICIA,30,30,2.7983796296296295,2026-06-14 16:54:35,2026-06-17 12:04:15,4,1,0.25,0.045586062644636216,,False,8.7,False,EUR,0.005838247143566224,0.025318490551840794,False,3,3,Saves (Star Substitute),0.0,0.0,0.7,False
1325482,numeric,EUSKADI,12,12,3.0244097222222224,2026-06-17 16:22:46,2026-06-20 16:57:55,4,1,0.25,0.045586062644636216,,False,8.7,False,EUR,0.0020020020020019816,0.0022522522522522292,False,4,4,Shots on target (Star Substitute),1.0,0.0,1.0,False
2422416,numeric,PERU,12,12,6.428391203703704,2026-06-13 13:57:36,2026-06-20 00:14:29,4,1,0.25,0.045586062644636216,,False,8.7,False,PEN,0.005591454515937111,0.0005511717537033944,False,3,8,Anytime goalscorer (Star Substitute),0.6666666666666666,0.16666666666666666,0.8333333333333334,False
2190815,numeric,EUSKADI,48,52,8.76633101851852,2026-06-14 22:26:38,2026-06-23 16:50:09,4,1,0.25,0.045586062644636216,,False,8.7,False,EUR,0.00915750915750919,0.00801282051282054,False,4,8,Team corners,0.25,0.6538461538461539,0.6538461538461539,False
MAH-04-08210,string,GALICIA,15,19,3.0771875,2026-06-19 09:21:41,2026-06-22 11:12:50,4,1,0.25,0.045586062644636216,,False,8.7,False,EUR,-0.0035738700268922205,0.005584525969677373,False,3,4,Team corners,0.0,0.0,0.0,False
2234239,numeric,ESTATAL,16,16,5.047488425925926,2026-06-17 19:41:33,2026-06-22 20:49:56,4,1,0.25,0.045586062644636216,,False,8.7,False,EUR,0.001563907516765083,0.0012886597938144284,False,2,4,Match,0.5625,0.125,0.9375,False
2556331,numeric,ESTATAL,10,10,10.77866898148148,2026-06-13 00:54:37,2026-06-23 19:35:54,4,1,0.25,0.045586062644636216,,False,8.7,False,EUR,0.016071428571428556,0.012857142857142845,False,4,2,Home-side combo (bet builder),1.0,0.0,1.0,False
MAH-03-24092,string,VALENCIA,10,10,4.991134259259259,2026-06-17 19:50:03,2026-06-22 19:37:17,4,1,0.25,0.045586062644636216,,False,8.7,False,EUR,-0.006367344846107677,-0.011102563378642766,False,1,1,Home-side combo (bet builder),0.4,0.0,0.6,True
MAH-06-00163,string,LA RIOJA,10,14,7.875844907407408,2026-06-14 18:45:45,2026-06-22 15:46:58,4,1,0.25,0.045586062644636216,,False,8.7,False,EUR,-0.029106445027953242,-0.022638677708160665,False,4,6,Team exact bookings (only players and in play),0.0,0.5,0.07142857142857142,False
MAH-03-03745,string,VALENCIA,11,19,2.947824074074074,2026-06-13 15:56:44,2026-06-16 14:41:36,4,1,0.25,0.045586062644636216,,False,8.7,False,EUR,-0.0037492341352444577,-0.009000050413389776,False,4,3,Saves (Star Substitute),0.0,0.0,0.0,False
2322315,numeric,PERU,57,57,8.209097222222223,2026-06-10 18:55:49,2026-06-18 23:56:55,4,1,0.25,0.045586062644636216,,False,8.7,False,PEN,-0.010641027443482233,-0.010542279411764777,False,4,2,Match shots on target,1.0,0.0,1.0,False
2070352,numeric,ANDALUCIA,20,20,13.024699074074075,2026-06-10 19:05:35,2026-06-23 19:41:09,4,1,0.25,0.045586062644636216,,False,8.7,False,EUR,0.0019825673252738406,0.0018181818181818299,False,3,9,To be carded (only players and in play)(Star Substitute),0.15,0.8,1.0,False
2632322,numeric,ANDALUCIA,12,12,1.0744907407407407,2026-06-17 16:21:37,2026-06-18 18:08:53,4,1,0.25,0.045586062644636216,,False,8.7,False,EUR,0.0010025062656641634,0.0017543859649122862,False,4,6,To be carded (only players and in play)(Star Substitute),1.0,0.0,1.0,False
MAH-04-08151,string,GALICIA,13,13,4.436678240740741,2026-06-10 09:05:42,2026-06-14 19:34:31,4,1,0.25,0.045586062644636216,,False,8.7,False,EUR,-0.05452124234995444,-0.02529334170854272,False,2,3,Team corners,0.38461538461538464,0.46153846153846156,0.8461538461538461,False
980902,numeric,MURCIA,112,112,4.709884259259259,2026-06-10 22:52:36,2026-06-15 15:54:50,35,4,0.11428571428571428,0.0453510585448975,0.9999955007632868,False,8.2,False,EUR,-0.008510249112083208,-0.008984611572530986,False,9,5,Team corners,0.8392857142857143,0.16071428571428573,1.0,True
MAH-03-24152,string,VALENCIA,33,45,11.973368055555556,2026-06-11 18:49:54,2026-06-23 18:11:33,23,3,0.13043478260869565,0.04537576514344702,0.9997514989892697,False,8.2,False,EUR,-0.015663847320218055,-0.0359619082437692,False,17,14,Match,0.4,0.044444444444444446,0.17777777777777778,False
MAH-03-24594,string,VALENCIA,19,30,10.00738425925926,2026-06-12 16:40:43,2026-06-22 16:51:21,23,3,0.13043478260869565,0.04537576514344702,0.9997514989892697,False,8.2,False,EUR,-0.021323539836578267,-0.02384546525971539,False,19,11,Match corners,0.23333333333333334,0.0,0.1,False
MAH-03-24551,string,VALENCIA,37,45,10.813391203703704,2026-06-11 18:41:59,2026-06-22 14:13:16,24,3,0.125,0.043442550393155845,0.9998499785895949,False,8.1,False,EUR,-0.1113185070668392,-0.07620369012394594,False,17,14,Anytime goalscorer (Star Substitute),0.08888888888888889,0.0,0.37777777777777777,False
1917899,numeric,GALICIA,15,17,4.787800925925926,2026-06-18 16:34:12,2026-06-23 11:28:38,13,2,0.15384615384615385,0.04325726318273798,,False,8.0,False,EUR,0.010874262654835458,0.011039886039886029,False,13,1,Match,0.0,0.0,0.7647058823529411,False
MAH-03-24118,string,VALENCIA,16,16,10.755208333333334,2026-06-11 23:30:32,2026-06-22 17:38:02,13,2,0.15384615384615385,0.04325726318273798,,False,8.0,False,EUR,-0.03623245467537379,-0.03626288512811796,False,9,6,Saves (Star Substitute),0.4375,0.0,0.75,True
1865995,numeric,ESTATAL,17,17,9.521319444444444,2026-06-11 23:19:39,2026-06-21 11:50:21,13,2,0.15384615384615385,0.04325726318273798,,False,8.0,False,EUR,-0.006650892864604117,-0.006801483700946986,False,5,3,Saves (Star Substitute),0.5882352941176471,0.0,1.0,True
MAH-03-24182,string,VALENCIA,12,14,8.033726851851851,2026-06-13 17:21:42,2026-06-21 18:10:16,13,2,0.15384615384615385,0.04325726318273798,,False,8.0,False,EUR,-0.021152590938625076,-0.019709649853265013,False,12,4,Team exact bookings (only players and in play),0.21428571428571427,0.0,0.07142857142857142,False
MAH-06-00067,string,LA RIOJA,11,19,8.65193287037037,2026-06-13 21:26:55,2026-06-22 13:05:42,13,2,0.15384615384615385,0.04325726318273798,,False,8.0,False,EUR,-0.02634305587966276,-0.021095168893263152,False,12,8,To score 2 or more goals (Star Substitute),0.05263157894736842,0.0,0.05263157894736842,True
1695554,numeric,PERU,21,28,12.99201388888889,2026-06-09 20:27:02,2026-06-22 20:15:32,14,2,0.14285714285714285,0.04009307373792117,,False,7.8,False,PEN,-0.028780269610587036,-0.03526386150249979,False,13,6,Match shots,0.17857142857142858,0.07142857142857142,0.03571428571428571,False
MAH-01-49752,string,EUSKADI,11,16,9.872708333333334,2026-06-13 19:02:59,2026-06-23 15:59:41,14,2,0.14285714285714285,0.04009307373792117,,False,7.8,False,EUR,-0.044737720933418566,-0.03486418748677929,False,13,8,Anytime goalscorer (Star Substitute),0.25,0.0,0.1875,False
MAH-04-07443,string,GALICIA,16,20,10.971122685185184,2026-06-11 17:34:58,2026-06-22 16:53:23,14,2,0.14285714285714285,0.04009307373792117,,False,7.8,False,EUR,-0.014758485799864675,-0.0177944199694482,False,11,14,Match,0.15,0.0,0.35,True
MAH-03-27883,string,VALENCIA,14,24,7.990069444444444,2026-06-14 17:10:46,2026-06-22 16:56:28,15,2,0.13333333333333333,0.037360469891359285,,False,7.6,False,EUR,-0.02507816517384922,-0.03488258095058998,False,10,9,Anytime goalscorer (Star Substitute),0.3333333333333333,0.041666666666666664,0.2916666666666667,False
MAH-03-24542,string,VALENCIA,15,20,8.815104166666666,2026-06-11 22:05:47,2026-06-20 17:39:32,15,2,0.13333333333333333,0.037360469891359285,,False,7.6,False,EUR,-0.031909724856057246,-0.024903658423287203,False,12,8,Shots on target (Star Substitute),0.4,0.0,0.25,True
2575830,numeric,ANDALUCIA,42,42,10.041087962962964,2026-06-13 21:52:08,2026-06-23 22:51:18,15,2,0.13333333333333333,0.037360469891359285,,False,7.6,False,EUR,-0.0047457305639149305,-0.0027723893620939855,False,9,4,1st half: Corners,0.9047619047619048,0.09523809523809523,1.0,False
MAH-03-03664,string,VALENCIA,12,41,2.048414351851852,2026-06-14 11:31:11,2026-06-16 12:40:54,15,2,0.13333333333333333,0.037360469891359285,,False,7.6,False,EUR,-0.05111188419524432,-0.0821677635467252,False,10,2,Anytime goalscorer (Star Substitute),0.0,0.0,0.0,False
MAH-03-27692,string,VALENCIA,11,23,10.375069444444444,2026-06-12 14:15:55,2026-06-22 23:16:01,15,2,0.13333333333333333,0.037360469891359285,,False,7.6,False,EUR,0.002417249597616689,-0.05003230739456396,False,14,4,Match,0.08695652173913043,0.0,0.0,False
2633474,numeric,ESTATAL,21,21,0.11349537037037037,2026-06-18 21:43:16,2026-06-19 00:26:42,5,1,0.2,0.036223160969787456,,False,7.2,False,EUR,0.01317175974710235,0.003424657534246611,False,2,4,Shots on target (Star Substitute),1.0,0.0,1.0,False
2632021,numeric,ESTATAL,26,26,6.084398148148148,2026-06-16 19:01:15,2026-06-22 21:02:47,5,1,0.2,0.036223160969787456,,False,7.2,False,EUR,0.011316484345529948,0.004149377593360981,False,2,10,To score or assist (Star Substitute),0.3076923076923077,0.6923076923076923,1.0,False
2583434,numeric,ESTATAL,30,30,10.038449074074075,2026-06-11 19:18:16,2026-06-21 20:13:38,5,1,0.2,0.036223160969787456,,False,7.2,False,EUR,-0.007818181818181827,-0.014363636363636379,False,2,11,To score from outside the box (Star Substitute),0.26666666666666666,0.7,1.0,False
430769,numeric,EUSKADI,185,185,11.9709375,2026-06-10 22:33:47,2026-06-22 21:51:56,5,1,0.2,0.036223160969787456,,False,7.2,False,EUR,0.00146520146520146,0.001758241758241752,False,2,13,Team goal kicks,0.043243243243243246,0.9567567567567568,0.972972972972973,True
1310533,numeric,EUSKADI,13,13,9.977048611111112,2026-06-13 22:11:08,2026-06-23 21:38:05,5,1,0.2,0.036223160969787456,,False,7.2,False,EUR,-0.031051495778829513,-0.03018803327915238,False,4,6,To score or assist (Star Substitute),0.23076923076923078,0.5384615384615384,1.0,False
2634032,numeric,ESTATAL,22,22,0.7436689814814815,2026-06-21 03:34:23,2026-06-21 21:25:16,5,1,0.2,0.036223160969787456,,False,7.2,False,EUR,0.0,0.0016597510373443924,False,2,4,Shots on target (Star Substitute),0.7727272727272727,0.0,1.0,False
MAH-03-24955,string,VALENCIA,25,35,3.1622453703703703,2026-06-13 14:42:15,2026-06-16 18:35:53,5,1,0.2,0.036223160969787456,,False,7.2,False,EUR,0.03174855340135244,-0.019784457311833127,False,5,1,1-X-2 / 2 goals Up,0.2,0.0,0.22857142857142856,False
2083472,numeric,ESTATAL,22,22,3.0781828703703704,2026-06-19 17:48:28,2026-06-22 19:41:03,5,1,0.2,0.036223160969787456,,False,7.2,False,EUR,-0.0014073612579069918,-0.003403915537942907,False,5,3,To score 2 or more goals (Star Substitute),0.36363636363636365,0.0,1.0,False
1907431,numeric,VALENCIA,15,36,11.056851851851851,2026-06-10 13:04:23,2026-06-21 14:26:15,5,1,0.2,0.036223160969787456,,False,7.2,False,EUR,0.03282691590058015,0.00905011801472122,False,5,2,Team exact bookings (only players and in play),0.0,0.0,0.25,True
2626668,numeric,PERU,10,10,9.095474537037036,2026-06-14 12:05:56,2026-06-23 14:23:25,5,1,0.2,0.036223160969787456,,False,7.2,False,PEN,-0.04900059359991363,-0.06479197021207703,False,5,3,Team to miss a penalty,0.4,0.0,1.0,False
1770964,numeric,ESTATAL,15,15,2.1274189814814815,2026-06-12 15:39:03,2026-06-14 18:42:32,5,1,0.2,0.036223160969787456,,False,7.2,False,EUR,-0.011544844371410356,-0.01975714627594345,False,2,2,Fouls (Star Substitute),0.0,0.6,0.9333333333333333,True
MAH-02-14004,string,NAVARRA,10,10,7.824479166666666,2026-06-13 19:35:44,2026-06-21 15:22:59,5,1,0.2,0.036223160969787456,,False,7.2,False,EUR,0.018677066044125876,-0.011856969633904346,False,4,5,To be booked (only players and in play)(Star Substitute),0.3,0.0,0.5,False
1123613,numeric,NAVARRA,15,33,8.00568287037037,2026-06-14 21:59:55,2026-06-22 22:08:06,16,2,0.125,0.034976749337057134,,False,6.7,False,EUR,-0.05820284128904007,-0.06089096835550649,False,10,4,Match penalty missed,0.3333333333333333,0.0,0.0,False
2635038,numeric,PORTUGAL,27,29,1.4070833333333332,2026-06-21 15:48:44,2026-06-23 01:34:56,16,2,0.125,0.034976749337057134,,False,6.7,False,EUR,-0.026617999745824558,-0.033108074878263435,False,4,8,Anytime goalscorer (Star Substitute),0.20689655172413793,0.13793103448275862,0.6206896551724138,False
MAH-03-27057,string,VALENCIA,15,20,6.057511574074074,2026-06-11 18:34:23,2026-06-17 19:57:12,16,2,0.125,0.034976749337057134,,False,6.7,False,EUR,-0.03055593841348772,-0.022949351220582594,False,9,4,Match corners,0.65,0.0,0.65,True
MAH-05-15342,string,ARAGON,11,18,8.34369212962963,2026-06-12 14:37:58,2026-06-20 22:52:53,16,2,0.125,0.034976749337057134,,False,6.7,False,EUR,-0.03927740168495444,-0.03623689605453548,False,13,10,Away-side combo (bet builder),0.2222222222222222,0.0,0.05555555555555555,False
1472537,numeric,EUSKADI,40,40,13.038344907407408,2026-06-10 18:04:26,2026-06-23 18:59:39,16,2,0.125,0.034976749337057134,,False,6.7,False,EUR,-0.00858901659940663,-0.00810475896604624,False,8,12,To Score a Header (Star Substitute),0.775,0.075,1.0,False
MAH-03-27592,string,VALENCIA,16,19,10.016261574074074,2026-06-12 18:55:37,2026-06-22 19:19:02,16,2,0.125,0.034976749337057134,,False,6.7,False,EUR,-0.027628575446178874,-0.022797418643789577,False,14,7,1-X-2 / 2 goals Up,0.10526315789473684,0.0,0.5263157894736842,False
MAH-03-03232,string,VALENCIA,52,86,9.361909722222222,2026-06-13 08:47:06,2026-06-22 17:28:15,47,4,0.0851063829787234,0.03359357946971309,0.9999999905468155,False,6.6,False,EUR,-0.03399546484249789,-0.04258162810659402,False,24,14,To score 2 or more goals (Star Substitute),0.29069767441860467,0.011627906976744186,0.03488372093023256,False
2137209,numeric,PERU,36,36,9.793611111111112,2026-06-13 21:46:32,2026-06-23 16:49:20,17,2,0.11764705882352941,0.03287908001292091,,False,6.5,False,PEN,-0.002158398464641314,0.001375735976778993,False,9,9,Match shots on target,0.9444444444444444,0.027777777777777776,1.0,False
MAH-03-24163,string,VALENCIA,11,22,8.019861111111112,2026-06-15 14:02:16,2026-06-23 14:30:52,17,2,0.11764705882352941,0.03287908001292091,,False,6.5,False,EUR,0.00768133055346106,-0.02099278689603635,False,13,9,Team corners,0.13636363636363635,0.045454545454545456,0.045454545454545456,False
MAH-03-27651,string,VALENCIA,47,95,8.054884259259259,2026-06-15 15:48:11,2026-06-23 17:07:13,33,3,0.09090909090909091,0.03140337104926306,0.9999985837389497,False,6.4,False,EUR,-0.02400222431868457,-0.052886314097915166,False,15,15,Hat trick (three or more goals) (Star Substitute),0.15789473684210525,0.0,0.3263157894736842,True
MAH-01-13262,string,EUSKADI,10,12,9.7646875,2026-06-10 22:32:14,2026-06-20 16:53:23,6,1,0.16666666666666666,0.030052585871730285,,False,6.1,False,EUR,-0.06565171087228852,-0.05021091973471196,False,4,8,To score or assist (Star Substitute),0.3333333333333333,0.08333333333333333,0.0,False
TPV-10-38001,string,MADRID,27,27,9.924594907407407,2026-06-13 18:30:57,2026-06-23 16:42:22,6,1,0.16666666666666666,0.030052585871730285,,False,6.1,False,EUR,-0.018438504085483247,-0.025618553529658528,False,5,7,To score 2 or more goals (Star Substitute),0.7037037037037037,0.07407407407407407,1.0,False
2153696,numeric,LA RIOJA,14,14,8.016412037037037,2026-06-11 17:43:34,2026-06-19 18:07:12,6,1,0.16666666666666666,0.030052585871730285,,False,6.1,False,EUR,-0.0008341732696468976,-0.0007615710207541185,False,5,4,1st half: Corners,0.42857142857142855,0.14285714285714285,1.0,False
1704484,numeric,EUSKADI,22,22,9.88,2026-06-13 21:07:46,2026-06-23 18:14:58,6,1,0.16666666666666666,0.030052585871730285,,False,6.1,False,EUR,0.0023448381409934245,-0.0031462845561028648,False,4,7,To score 2 or more goals (Star Substitute),0.45454545454545453,0.4090909090909091,0.09090909090909091,True
2404635,numeric,PERU,13,14,8.0709375,2026-06-12 21:19:58,2026-06-20 23:02:07,6,1,0.16666666666666666,0.030052585871730285,,False,6.1,False,PEN,-0.005894905634498475,-0.0077804125607021475,False,5,4,goal scorer (Star Substitute),0.5714285714285714,0.0,0.7142857142857143,False
MAH-11-02010,string,CATALUNYA,10,10,12.050567129629629,2026-06-11 18:00:09,2026-06-23 19:12:58,6,1,0.16666666666666666,0.030052585871730285,,False,6.1,False,EUR,-0.03160566154458029,-0.04497917628427767,False,4,7,Home-side combo (bet builder),0.1,0.1,0.5,False
2040562,numeric,ESTATAL,12,12,10.02318287037037,2026-06-12 20:10:46,2026-06-22 20:44:09,6,1,0.16666666666666666,0.030052585871730285,,False,6.1,False,EUR,0.01450020511662392,-0.02929091711300676,False,2,8,To score or assist (Star Substitute),0.08333333333333333,0.3333333333333333,0.9166666666666666,False
2301895,numeric,PERU,11,11,9.349027777777778,2026-06-13 18:31:42,2026-06-23 02:54:18,6,1,0.16666666666666666,0.030052585871730285,,False,6.1,False,PEN,0.013091502598679972,0.005217032018866623,False,3,4,To score or assist (Star Substitute),0.9090909090909091,0.09090909090909091,1.0,False
2366603,numeric,ESTATAL,16,40,0.0033333333333333335,2026-06-11 13:47:36,2026-06-11 13:52:24,6,1,0.16666666666666666,0.030052585871730285,,False,6.1,False,EUR,-0.2525985378499948,-0.23164587255657562,False,3,1,Team to score a penalty,0.0,0.0,0.0,False
432106,numeric,EUSKADI,13,14,12.035972222222222,2026-06-11 19:01:58,2026-06-23 19:53:46,6,1,0.16666666666666666,0.030052585871730285,,False,6.1,False,EUR,-0.002636497129889198,-0.005272994259778396,False,3,3,goal scorer (Star Substitute),0.8571428571428571,0.0,0.42857142857142855,True
MAH-04-07206,string,GALICIA,20,24,6.4240625,2026-06-14 09:36:22,2026-06-20 19:47:01,6,1,0.16666666666666666,0.030052585871730285,,False,6.1,False,EUR,-0.03444523966609535,-0.03619160898530047,False,6,9,Anytime goalscorer (Star Substitute),0.5833333333333334,0.0,0.5833333333333334,False
2476906,numeric,PERU,10,10,9.093877314814815,2026-06-11 17:52:40,2026-06-20 20:07:51,6,1,0.16666666666666666,0.030052585871730285,,False,6.1,False,USD,-0.004013245327201002,-0.004431090204483096,False,5,2,Shots on target (Star Substitute),0.3,0.2,0.2,False
MAH-03-24215,string,VALENCIA,25,27,8.026863425925926,2026-06-14 16:20:07,2026-06-22 16:58:48,19,2,0.10526315789473684,0.029357941395096582,,False,5.8,False,EUR,-0.03391080531308316,-0.03435795332045719,False,8,8,To score 2 or more goals (Star Substitute),0.48148148148148145,0.0,0.6666666666666666,True
MAH-05-15393,string,ARAGON,13,19,6.5459375,2026-06-13 21:19:57,2026-06-20 10:26:06,19,2,0.10526315789473684,0.029357941395096582,,False,5.8,False,EUR,-0.03583258043486998,-0.06159141314056629,False,7,8,Team corners,0.05263157894736842,0.0,0.0,False
MAH-03-27983,string,VALENCIA,19,27,10.347418981481482,2026-06-13 09:05:15,2026-06-23 17:25:32,19,2,0.10526315789473684,0.029357941395096582,,False,5.8,False,EUR,-0.02419357199534817,-0.05083976528089224,False,15,10,To score 2 or more goals (Star Substitute),0.07407407407407407,0.1111111111111111,0.14814814814814814,False
MAH-06-00051,string,LA RIOJA,16,26,7.962777777777778,2026-06-14 19:32:18,2026-06-22 18:38:42,20,2,0.1,0.027865893984153196,0.9998642402865036,False,5.7,False,EUR,-0.019280475033333428,-0.019258016129600992,False,15,13,Shots on target (Star Substitute),0.15384615384615385,0.038461538461538464,0.07692307692307693,False
MAH-03-24062,string,VALENCIA,22,35,10.00261574074074,2026-06-13 16:16:30,2026-06-23 16:20:16,21,2,0.09523809523809523,0.026518208796947225,0.9999209500587739,False,5.6,False,EUR,-0.02509155280378992,-0.04019033388584709,False,14,8,To score 2 or more goals (Star Substitute),0.37142857142857144,0.11428571428571428,0.22857142857142856,False
2297005,numeric,ESTATAL,14,14,7.984178240740741,2026-06-13 21:56:23,2026-06-21 21:33:36,7,1,0.14285714285714285,0.02567895594897479,,False,5.4,False,EUR,-0.0026349633127126576,-0.001602264837558939,False,4,3,Anytime goalscorer (Star Substitute),0.9285714285714286,0.07142857142857142,0.7857142857142857,True
MAH-08-41001,string,MURCIA,12,24,11.032569444444444,2026-06-12 19:08:04,2026-06-23 19:54:58,7,1,0.14285714285714285,0.02567895594897479,,False,5.4,False,EUR,-0.03377439869296763,-0.03361961827736114,False,6,5,Home-side combo (bet builder),0.625,0.08333333333333333,0.125,False
2586017,numeric,CANARIAS,14,14,11.926122685185184,2026-06-10 17:51:44,2026-06-22 16:05:21,7,1,0.14285714285714285,0.02567895594897479,,False,5.4,False,EUR,0.01581937237380108,0.01474213649809689,False,4,6,Shots outside the box,0.42857142857142855,0.0,1.0,True
MAH-02-02266,string,NAVARRA,10,10,6.139907407407407,2026-06-17 16:02:38,2026-06-23 19:24:06,7,1,0.14285714285714285,0.02567895594897479,,False,5.4,False,EUR,-0.003124417456140297,-0.010183653747030548,False,6,2,Home-side combo (bet builder),0.6,0.0,1.0,False
MAH-03-24113,string,VALENCIA,10,12,10.955046296296297,2026-06-11 19:24:04,2026-06-22 18:19:20,7,1,0.14285714285714285,0.02567895594897479,,False,5.4,False,EUR,-0.03733304486310085,-0.02834974138486143,False,7,6,Team corners,0.25,0.16666666666666666,0.3333333333333333,False
1353677,numeric,ESTATAL,10,10,8.99744212962963,2026-06-14 19:52:31,2026-06-23 19:48:50,7,1,0.14285714285714285,0.02567895594897479,,False,5.4,False,EUR,0.0018207282913165201,0.00136054421768707,False,3,4,Team corners,1.0,0.0,1.0,False
MAH-03-24132,string,VALENCIA,13,27,8.91855324074074,2026-06-13 17:48:15,2026-06-22 15:50:58,22,2,0.09090909090909091,0.025294896282837778,0.999954063883803,False,5.3,False,EUR,-0.03163387811049864,-0.0372726032174056,False,14,6,To score or assist (Star Substitute),0.07407407407407407,0.037037037037037035,0.037037037037037035,False
2083318,numeric,PERU,59,59,9.886655092592592,2026-06-12 00:32:51,2026-06-21 21:49:38,24,2,0.08333333333333333,0.023158327842973492,0.9999845718866074,False,5.2,False,PEN,-0.0012082726440387037,9.021511318009027e-06,False,17,5,Match shots on target,0.8813559322033898,0.0847457627118644,1.0,True
MAH-03-27812,string,VALENCIA,18,36,11.949826388888889,2026-06-11 11:27:53,2026-06-23 10:15:38,24,2,0.08333333333333333,0.023158327842973492,0.9999845718866074,False,5.2,False,EUR,-0.04101864020138904,-0.0297824480499019,False,15,9,Shots on target (Star Substitute),0.027777777777777776,0.0,0.2777777777777778,False
2470172,numeric,PERU,12,12,9.254849537037037,2026-06-11 12:20:30,2026-06-20 18:27:29,8,1,0.125,0.02241690886329618,,False,4.9,False,PEN,-0.006741386507528003,-0.011470379239004139,False,6,2,Match shots on target,0.5,0.16666666666666666,1.0,False
MAH-19-33002,string,ANDALUCIA,12,12,8.738078703703703,2026-06-09 21:31:04,2026-06-18 15:13:54,8,1,0.125,0.02241690886329618,,False,4.9,False,EUR,-0.009567227577607532,-0.001213539035511288,False,6,5,Home-side combo (bet builder),0.0,0.08333333333333333,0.5833333333333334,False
427845,numeric,EUSKADI,10,10,9.138993055555556,2026-06-14 16:29:16,2026-06-23 19:49:25,8,1,0.125,0.02241690886329618,,False,4.9,False,EUR,0.010673877463886707,0.016304347826086946,False,4,5,To score from outside the box (Star Substitute),0.9,0.0,1.0,True
2583856,numeric,ESTATAL,11,11,4.6125694444444445,2026-06-11 11:46:22,2026-06-16 02:28:28,8,1,0.125,0.02241690886329618,,False,4.9,False,EUR,-0.008345139191775462,-0.0034754527902914473,False,7,6,To score or assist (Star Substitute),0.45454545454545453,0.09090909090909091,0.8181818181818182,False
1958999,numeric,NAVARRA,29,30,10.729861111111111,2026-06-13 01:26:01,2026-06-23 18:57:01,8,1,0.125,0.02241690886329618,,False,4.9,False,EUR,-0.007700044062350704,-0.005308318184690158,False,7,13,Shots on target outside the box (Star Substitute),0.43333333333333335,0.4666666666666667,0.9333333333333333,False
MAH-05-15003,string,ARAGON,11,26,11.96988425925926,2026-06-11 16:59:32,2026-06-23 16:16:10,8,1,0.125,0.02241690886329618,,False,4.9,False,EUR,-0.015820403712465896,-0.017180045926916576,False,7,7,goal scorer (Star Substitute),0.07692307692307693,0.07692307692307693,0.19230769230769232,False
MAH-03-26015,string,VALENCIA,10,12,10.723171296296297,2026-06-11 23:00:11,2026-06-22 16:21:33,8,1,0.125,0.02241690886329618,,False,4.9,False,EUR,-0.024778203118724963,-0.023781421946014,False,5,6,Shots on target (Star Substitute),0.3333333333333333,0.08333333333333333,0.75,True
1936245,numeric,PERU,14,14,11.903993055555556,2026-06-11 19:42:31,2026-06-23 17:24:16,8,1,0.125,0.02241690886329618,,False,4.9,False,PEN,-0.002399172358838644,-0.0023356915364700775,False,6,1,Team corners,0.21428571428571427,0.35714285714285715,1.0,False
MAH-05-15061,string,ARAGON,10,11,4.0462847222222225,2026-06-17 14:23:13,2026-06-21 15:29:52,8,1,0.125,0.02241690886329618,,False,4.9,False,EUR,-0.018950446840884892,-0.015767545168714536,False,6,6,Shots on target (Star Substitute),0.2727272727272727,0.0,0.5454545454545454,True
MAH-01-01261,string,EUSKADI,12,13,10.992997685185186,2026-06-11 20:46:02,2026-06-22 20:35:57,8,1,0.125,0.02241690886329618,,False,4.9,False,EUR,-0.016188656950281103,-0.016368430048229243,False,6,8,To score or assist (Star Substitute),0.3076923076923077,0.15384615384615385,0.5384615384615384,False
MAH-03-27582,string,VALENCIA,12,13,8.720729166666667,2026-06-13 16:08:20,2026-06-22 09:26:11,9,1,0.1111111111111111,0.019890371327130518,,False,4.6,False,EUR,-0.08824428597366553,-0.06675669881739073,False,4,8,Hat trick (three or more goals) (Star Substitute),0.15384615384615385,0.0,0.38461538461538464,False
434749,numeric,EUSKADI,10,10,10.041863425925927,2026-06-13 12:47:52,2026-06-23 13:48:09,9,1,0.1111111111111111,0.019890371327130518,,False,4.6,False,EUR,-0.007361221159550067,-0.00513170935922543,False,7,3,Anytime goalscorer (Star Substitute),0.0,0.0,0.9,True
MAH-03-27176,string,VALENCIA,11,11,9.031122685185185,2026-06-11 15:38:29,2026-06-20 16:23:18,9,1,0.1111111111111111,0.019890371327130518,,False,4.6,False,EUR,-0.022947822617693674,-0.036236276843019936,False,7,8,1st half: Corners,0.36363636363636365,0.0,1.0,False
MAH-03-24981,string,VALENCIA,13,13,8.872002314814814,2026-06-14 22:20:32,2026-06-23 19:16:13,9,1,0.1111111111111111,0.019890371327130518,,False,4.6,False,EUR,-0.01885046160807033,-0.04677398252234272,False,6,8,Match,0.3076923076923077,0.0,1.0,True
MAH-23-06002,string,PERU,17,18,7.264641203703704,2026-06-12 18:08:01,2026-06-20 00:29:06,10,1,0.1,0.01787574951572113,,False,4.4,False,PEN,-0.0035415284923605234,-0.018499301483295306,False,9,8,To score or assist (Star Substitute),0.5,0.1111111111111111,0.5555555555555556,False
MAH-10-33001,string,MADRID,11,15,9.359305555555556,2026-06-13 12:10:03,2026-06-22 20:47:27,10,1,0.1,0.01787574951572113,,False,4.4,False,EUR,-0.015219407996456711,-0.017150089116339064,False,10,8,Match,0.3333333333333333,0.06666666666666667,0.13333333333333333,False
MAH-05-15333,string,ARAGON,10,12,8.251180555555555,2026-06-10 15:52:09,2026-06-18 21:53:51,10,1,0.1,0.01787574951572113,,False,4.4,False,EUR,-0.06957819153767303,-0.06586908904100586,False,9,9,Match shots,0.3333333333333333,0.08333333333333333,0.16666666666666666,False
MAH-11-15006,string,CATALUNYA,10,13,12.973888888888888,2026-06-10 16:21:40,2026-06-23 15:44:04,10,1,0.1,0.01787574951572113,,False,4.4,False,EUR,-0.09041674885676156,-0.0064204375674887905,False,8,8,Team corners,0.07692307692307693,0.0,0.0,False
MAH-03-07338,string,VALENCIA,14,26,6.952835648148148,2026-06-16 15:08:50,2026-06-23 14:00:55,10,1,0.1,0.01787574951572113,,False,4.4,False,EUR,-0.028738292410786237,-0.025075738265896062,False,10,9,Match throw-ins,0.0,0.0,0.07692307692307693,False
1852897,numeric,ESTATAL,19,19,8.179398148148149,2026-06-11 17:41:04,2026-06-19 21:59:24,11,1,0.09090909090909091,0.016231752262825964,,False,4.2,False,EUR,0.0024999999999999857,0.0007905138339920903,False,6,5,Player most passes (voiding in case of tie),0.3684210526315789,0.10526315789473684,1.0,True
MAH-03-03651,string,VALENCIA,11,17,3.2727199074074074,2026-06-16 13:06:00,2026-06-19 19:38:43,11,1,0.09090909090909091,0.016231752262825964,,False,4.2,False,EUR,-0.09501148605444262,-0.06732267215783722,False,7,4,Player to win a penalty,0.0,0.0,0.0,False
MAH-03-26084,string,VALENCIA,12,15,6.4553009259259255,2026-06-16 10:50:52,2026-06-22 21:46:30,11,1,0.09090909090909091,0.016231752262825964,,False,4.2,False,EUR,-0.007265671239341857,-0.0270987501419398,False,10,7,1-X-2 / 2 goals Up,0.4,0.0,0.26666666666666666,False
MAH-01-01188,string,EUSKADI,15,19,9.9828125,2026-06-12 17:18:53,2026-06-22 16:54:08,12,1,0.08333333333333333,0.014864709450773488,,False,4.0,False,EUR,-0.016941071668153646,-0.019142285746978266,False,10,12,Team goals,0.3157894736842105,0.05263157894736842,0.3684210526315789,False
MAH-03-26083,string,VALENCIA,12,18,12.72949074074074,2026-06-09 20:02:06,2026-06-22 13:32:34,12,1,0.08333333333333333,0.014864709450773488,,False,4.0,False,EUR,-0.07025704600955744,-0.02990211332287414,False,11,8,1-X-2 / 2 goals Up,0.2222222222222222,0.05555555555555555,0.2222222222222222,False
MAH-04-07299,string,GALICIA,15,22,6.075162037037037,2026-06-13 14:54:27,2026-06-19 16:42:41,12,1,0.08333333333333333,0.014864709450773488,,False,4.0,False,EUR,-0.030929672609955886,-0.032067413797435766,False,10,8,Match,0.22727272727272727,0.045454545454545456,0.18181818181818182,False
MAH-03-27122,string,VALENCIA,12,15,8.331238425925926,2026-06-14 13:12:20,2026-06-22 21:09:19,13,1,0.07692307692307693,0.013710066379696325,,False,3.8,False,EUR,0.0018459380791907506,-0.061031837156711025,False,11,8,Match penalty scored,0.2,0.06666666666666667,0.13333333333333333,False
MAH-03-24115,string,VALENCIA,11,14,12.01491898148148,2026-06-11 18:46:24,2026-06-23 19:07:53,13,1,0.07692307692307693,0.013710066379696325,,False,3.8,False,EUR,-0.03541062688966747,-0.08095850722323454,False,10,9,Team corners,0.35714285714285715,0.0,0.2857142857142857,False
MAH-03-27493,string,VALENCIA,25,25,9.06726851851852,2026-06-14 09:18:24,2026-06-23 10:55:16,13,1,0.07692307692307693,0.013710066379696325,,False,3.8,False,EUR,-0.17892308810331603,-0.04010374643916803,False,10,10,Shots (Star Substitute),0.2,0.0,0.64,False
MAH-05-15142,string,ARAGON,14,25,12.29349537037037,2026-06-11 09:25:24,2026-06-23 16:28:02,13,1,0.07692307692307693,0.013710066379696325,,False,3.8,False,EUR,-0.02355837728469874,-0.051392190661063715,False,12,11,Match penalty scored,0.08,0.08,0.04,False
MAH-05-15181,string,ARAGON,32,38,12.951620370370371,2026-06-10 17:57:32,2026-06-23 16:47:52,13,1,0.07692307692307693,0.013710066379696325,,False,3.8,False,EUR,-0.01808489147335148,-0.02030422752595177,False,13,7,1-X-2 / 2 goals Up,0.13157894736842105,0.0,0.07894736842105263,False
MAH-03-27574,string,VALENCIA,12,21,7.081585648148148,2026-06-16 17:27:34,2026-06-23 19:25:03,14,1,0.07142857142857142,0.012721886112291648,,False,3.7,False,EUR,-0.03028538319994664,-0.0272915654694241,False,9,7,Away-side combo (bet builder),0.23809523809523808,0.0,0.2857142857142857,True
MAH-16-10005,string,CANTABRIA,16,20,11.0215625,2026-06-12 18:30:28,2026-06-23 19:01:31,16,1,0.0625,0.011119057308331216,,False,3.6,False,EUR,-0.007944156050737705,-0.011973640177687338,False,10,12,Team exact bookings (only players and in play),0.2,0.05,0.45,False
MAH-03-24552,string,VALENCIA,13,18,9.573483796296296,2026-06-13 21:54:37,2026-06-23 11:40:26,16,1,0.0625,0.011119057308331216,,False,3.6,False,EUR,-0.05143090969808882,-0.05808960281831315,False,12,8,Home-side combo (bet builder),0.3888888888888889,0.0,0.16666666666666666,False
MAH-06-00021,string,LA RIOJA,28,41,9.042291666666667,2026-06-12 15:12:07,2026-06-21 16:13:01,28,1,0.03571428571428571,0.006332356497541882,0.9999999267950955,False,3.5,False,EUR,-0.06298492380276413,-0.047596384306762114,False,19,17,Shots on target (Star Substitute),0.1951219512195122,0.0,0.1951219512195122,False
MAH-03-27882,string,VALENCIA,39,45,8.240671296296297,2026-06-15 15:57:03,2026-06-23 21:43:37,21,1,0.047619047619047616,0.008455769471923294,0.9999955495380283,False,3.5,False,EUR,-0.030904122329687186,-0.033176081076906845,False,13,15,To score 2 or more goals (Star Substitute),0.4444444444444444,0.2,0.7555555555555555,False
MAH-03-24984,string,VALENCIA,33,53,12.952534722222222,2026-06-10 14:32:50,2026-06-23 13:24:29,24,1,0.041666666666666664,0.0073932653548051215,0.9999992345945743,False,3.5,False,EUR,-0.03638822087530493,-0.03975449288258182,False,18,9,goal scorer (Star Substitute),0.11320754716981132,0.03773584905660377,0.3018867924528302,True
MAH-04-07776,string,GALICIA,21,26,10.177997685185185,2026-06-12 16:25:32,2026-06-22 20:41:51,11,0,0.0,2.057132194452876e-17,,False,3.4,False,EUR,-0.002069406867286134,-0.002066266845327352,False,8,7,Saves (Star Substitute),0.15384615384615385,0.0,0.038461538461538464,False
MAH-03-24253,string,VALENCIA,12,12,8.911099537037037,2026-06-13 21:21:15,2026-06-22 19:13:14,11,0,0.0,2.057132194452876e-17,,False,3.4,False,EUR,-0.03419670437817223,-0.03306456853765694,False,7,8,Team corners,0.75,0.0,0.8333333333333334,False
MAH-06-00353,string,LA RIOJA,11,25,7.090532407407407,2026-06-10 14:41:08,2026-06-17 16:51:30,11,0,0.0,2.057132194452876e-17,,False,3.4,False,EUR,-0.022270712497468554,-0.026650397929279753,False,4,3,Fouls (Star Substitute),0.08,0.0,0.16,False
MAH-07-01017,string,CATALUNYA,19,21,5.078449074074074,2026-06-11 17:27:06,2026-06-16 19:20:04,6,0,0.0,0.0,,False,1.7,False,EUR,-0.03816115534640449,-0.04343848510913321,False,6,6,To score or assist (Star Substitute),0.7142857142857143,0.047619047619047616,0.7619047619047619,True
MAH-03-24541,string,VALENCIA,10,18,11.132118055555555,2026-06-12 14:14:04,2026-06-23 17:24:19,12,0,0.0,0.0,,False,1.7,False,EUR,-0.030487117449463426,-0.030260001300581985,False,12,7,1-X-2 / 2 goals Up,0.2777777777777778,0.05555555555555555,0.16666666666666666,False
427687,numeric,EUSKADI,10,10,7.863206018518518,2026-06-12 19:43:06,2026-06-20 16:26:07,3,0,0.0,0.0,,False,1.7,False,EUR,0.0,0.0,False,3,2,1st half: Corners,0.8,0.2,1.0,True
MAH-03-24993,string,VALENCIA,11,13,11.653125,2026-06-09 17:29:56,2026-06-21 09:10:26,5,0,0.0,0.0,,False,1.7,False,EUR,-0.055249153573297856,-0.049976560015154235,False,4,4,To score or assist (Star Substitute),0.0,0.0,0.0,False
MAH-11-11002,string,CATALUNYA,12,12,7.0149537037037035,2026-06-12 18:53:46,2026-06-19 19:15:18,2,0,0.0,0.0,,False,1.7,False,EUR,-0.047846889952153054,-0.02631578947368418,False,2,3,1st half: Team corners,0.08333333333333333,0.0,0.08333333333333333,False
1120488,numeric,EUSKADI,84,84,8.17380787037037,2026-06-15 15:49:37,2026-06-23 19:59:54,7,0,0.0,0.0,,False,1.7,False,EUR,0.0,0.0,False,3,6,Offsides,0.9642857142857143,0.011904761904761904,0.9761904761904762,False
MAH-08-45001,string,MURCIA,12,14,12.898460648148149,2026-06-10 17:23:35,2026-06-23 14:57:22,5,0,0.0,0.0,,False,1.7,False,EUR,-0.017536386850746218,-0.019502889167362848,False,5,3,Shots on target (Star Substitute),0.7142857142857143,0.0,0.7142857142857143,False
1243925,numeric,MURCIA,29,29,6.017384259259259,2026-06-15 18:32:02,2026-06-21 18:57:04,3,0,0.0,0.0,,False,1.7,False,EUR,-0.00702294081175181,-0.00702294081175181,False,2,6,Match throw-ins,0.8620689655172413,0.13793103448275862,1.0,True
1787951,numeric,EUSKADI,11,11,4.3249305555555555,2026-06-15 13:44:52,2026-06-19 21:32:46,2,0,0.0,0.0,,False,1.7,False,EUR,-0.008881183408262938,-0.008774581785724545,False,2,3,Team corners,0.18181818181818182,0.7272727272727273,1.0,False
2497418,numeric,ESTATAL,29,29,1.9124305555555556,2026-06-21 21:57:32,2026-06-23 19:51:26,7,0,0.0,0.0,,False,1.7,False,EUR,0.0,0.0,False,5,12,Match corners,0.5862068965517241,0.41379310344827586,1.0,False
1686817,numeric,CASTILLA LA MANCHA,12,12,10.007997685185185,2026-06-11 18:15:19,2026-06-21 18:26:50,4,0,0.0,0.0,,False,1.7,False,EUR,-0.00868766675912076,-0.008983529640857246,False,4,8,To be carded (only players and in play)(Star Substitute),0.5833333333333334,0.4166666666666667,1.0,False
2104470,numeric,GALICIA,15,15,0.19828703703703704,2026-06-12 17:56:11,2026-06-12 22:41:43,1,0,0.0,0.0,,False,1.7,False,EUR,0.0,0.0,False,1,1,Match fouls,0.4,0.0,0.0,False
2577466,numeric,PERU,39,39,9.065798611111111,2026-06-12 20:00:40,2026-06-21 21:35:25,5,0,0.0,0.0,,False,1.7,False,PEN,-0.02013706487938897,-0.017607100806086427,False,4,9,Match throw-ins,0.7692307692307693,0.20512820512820512,1.0,True
2349912,numeric,EUSKADI,10,10,0.00400462962962963,2026-06-16 17:38:08,2026-06-16 17:43:54,1,0,0.0,0.0,,False,1.7,False,EUR,-0.009009009009009028,-0.009009009009009028,False,1,1,Saves (Star Substitute),0.0,0.0,0.0,False
MAH-25-02003,string,CEUTA,24,34,8.150092592592593,2026-06-14 16:38:19,2026-06-22 20:14:27,7,0,0.0,0.0,,False,1.7,False,EUR,-0.024059263412970527,-0.01803909215242019,False,6,8,Saves (Star Substitute),0.6764705882352942,0.0,0.0,False
2020818,numeric,EUSKADI,20,20,7.145196759259259,2026-06-14 21:30:54,2026-06-22 00:59:59,1,0,0.0,0.0,,False,1.7,False,EUR,0.0,0.0,False,1,12,Shots on target outside the box (Star Substitute),0.1,0.15,1.0,True
1468146,numeric,NAVARRA,24,24,5.108877314814815,2026-06-04 13:15:17,2026-06-09 15:52:04,1,0,0.0,0.0,,False,1.7,False,EUR,0.0,0.0,False,1,2,Saves handicap - vs (both starters),0.0,0.0,0.0,False
MAH-03-03580,string,VALENCIA,12,26,5.997395833333333,2026-06-12 13:28:14,2026-06-18 13:24:29,3,0,0.0,0.0,,False,1.7,False,EUR,-0.04383195316262164,-0.04690017223640371,False,3,3,Match,0.0,0.0,0.3076923076923077,True
2632503,numeric,PERU,16,16,2.548090277777778,2026-06-17 05:43:35,2026-06-19 18:52:50,3,0,0.0,0.0,,False,1.7,False,PEN,-0.0002737050540821124,-0.0007107320540156911,False,2,5,Match shots on target,0.6875,0.3125,1.0,True
2634109,numeric,PERU,10,10,0.9497453703703703,2026-06-22 21:19:33,2026-06-23 20:07:11,1,0,0.0,0.0,,False,1.7,False,PEN,-0.0033003300330032292,-0.0033003300330032292,False,1,5,To score or assist (Star Substitute),0.2,0.8,1.0,False
2180245,numeric,NAVARRA,20,20,12.157106481481481,2026-06-11 16:39:17,2026-06-23 20:25:31,7,0,0.0,0.0,,False,1.7,False,EUR,-0.01975044941788264,-0.02381957603743074,False,6,10,Saves (Star Substitute),0.45,0.05,0.0,False
MAH-03-27332,string,VALENCIA,12,20,7.696886574074074,2026-06-09 22:14:59,2026-06-17 14:58:30,15,0,0.0,0.0,,False,1.7,False,EUR,-0.04282522714597567,-0.1292525383521549,False,13,9,Shots on target (Star Substitute),0.15,0.0,0.15,False
2432966,numeric,PERU,10,10,1.1669907407407407,2026-06-21 16:31:37,2026-06-22 20:32:05,2,0,0.0,0.0,,False,1.7,False,PEN,-0.03178807947019866,-0.019867549668874163,False,1,1,Hat trick (three or more goals) (Star Substitute),0.3,0.7,1.0,False
MAH-03-03093,string,VALENCIA,12,13,32.94336805555555,2026-05-15 16:11:38,2026-06-17 14:50:05,7,0,0.0,0.0,,False,1.7,False,EUR,-0.07770584856777898,-0.08122584265178952,False,4,9,Team corners,0.07692307692307693,0.0,0.15384615384615385,False
MAH-11-15008,string,CATALUNYA,10,10,9.912685185185186,2026-06-12 19:16:39,2026-06-22 17:10:55,2,0,0.0,0.0,,False,1.7,False,EUR,-5.8930274052576246e-05,-0.024456521739130432,False,2,5,To score or assist (Star Substitute),0.4,0.4,0.9,False
2184411,numeric,ESTATAL,18,18,3.1340625,2026-06-11 18:47:08,2026-06-14 22:00:11,2,0,0.0,0.0,,False,1.7,False,EUR,-0.003795556162844515,-0.005446623093681879,False,1,2,Tackles (Star Substitute),0.2777777777777778,0.05555555555555555,1.0,True
2020025,numeric,ESTATAL,17,28,10.830810185185186,2026-06-10 19:41:48,2026-06-21 15:38:10,4,0,0.0,0.0,,False,1.7,False,EUR,0.0,0.0,False,3,4,Fouls (Star Substitute),0.2857142857142857,0.0,0.2857142857142857,False
MAH-05-15032,string,ARAGON,10,14,7.780798611111111,2026-06-12 23:44:53,2026-06-20 18:29:14,13,0,0.0,0.0,,False,1.7,False,EUR,-0.05421230138277177,-0.06474937027055351,False,11,6,Match penalty missed,0.0,0.0,0.42857142857142855,True
MAH-03-24943,string,VALENCIA,15,15,7.173240740740741,2026-06-15 15:07:14,2026-06-22 19:16:42,7,0,0.0,0.0,,False,1.7,False,EUR,-0.03368872092211159,-0.030237726150141673,False,7,7,1-X-2 / 2 goals Up,0.26666666666666666,0.06666666666666667,0.06666666666666667,False
2634478,numeric,PORTUGAL,12,14,1.6064236111111112,2026-06-21 17:29:13,2026-06-23 08:02:28,7,0,0.0,0.0,,False,1.7,False,EUR,-0.03779611922436102,-0.03248459391738739,False,6,4,Anytime goalscorer (Star Substitute),0.21428571428571427,0.14285714285714285,0.5,False
2186169,numeric,ESTATAL,12,20,7.8541087962962965,2026-06-09 16:13:10,2026-06-17 12:43:05,1,0,0.0,0.0,,False,1.7,False,,,-0.011111111111111183,False,1,4,Fouls (Star Substitute),0.0,0.0,0.15,False
MAH-03-03392,string,VALENCIA,13,28,2.962152777777778,2026-06-13 18:31:31,2026-06-16 17:37:01,6,0,0.0,0.0,,False,1.7,False,EUR,-0.04473775983708496,-0.046015120998359325,False,6,1,1-X-2 / 2 goals Up,0.03571428571428571,0.0,0.0,False
MAH-23-04002,string,PERU,16,17,10.653414351851852,2026-06-10 22:38:05,2026-06-21 14:19:00,8,0,0.0,0.0,,False,1.7,False,PEN,-0.017217311104305813,-0.010458218324631008,False,6,9,Team corners,0.35294117647058826,0.4117647058823529,0.5294117647058824,False
2254177,numeric,ESTATAL,11,11,9.860497685185186,2026-06-14 00:49:01,2026-06-23 21:28:08,3,0,0.0,0.0,,False,1.7,False,EUR,-0.03003003003003002,-0.03003003003003002,False,2,8,Match penalty missed,0.7272727272727273,0.2727272727272727,1.0,False
1422581,numeric,ESTATAL,11,11,4.0145486111111115,2026-06-13 21:26:15,2026-06-17 21:47:12,2,0,0.0,0.0,,False,1.7,False,EUR,-0.0004948045522018808,-0.023809523809523836,False,2,6,Team Shots,0.18181818181818182,0.45454545454545453,1.0,True
MAH-03-24285,string,VALENCIA,18,19,5.921956018518519,2026-06-11 18:52:17,2026-06-17 16:59:54,12,0,0.0,0.0,,False,1.7,False,EUR,-0.022675151219862275,-0.02074951596214969,False,10,5,To score or assist (Star Substitute),0.42105263157894735,0.10526315789473684,0.7368421052631579,False
1583094,numeric,ESTATAL,25,25,5.289456018518519,2026-06-11 17:40:41,2026-06-17 00:37:30,10,0,0.0,0.0,,False,1.7,False,EUR,0.0,0.0,False,3,4,Player headed shots on target (Star Substitute),0.56,0.0,1.0,True
1512745,numeric,ESTATAL,10,10,9.938912037037037,2026-06-13 21:15:28,2026-06-23 19:47:30,4,0,0.0,0.0,,False,1.7,False,EUR,-0.0038101225430662872,-0.002793296089385472,False,4,4,Shots on target (Star Substitute),0.7,0.3,1.0,False
MAH-03-24144,string,VALENCIA,32,34,10.966111111111111,2026-06-11 20:35:47,2026-06-22 19:46:59,13,0,0.0,0.0,,False,1.7,False,EUR,-0.017690197012819587,-0.01796449388508942,False,13,3,2nd half: Corners,0.17647058823529413,0.029411764705882353,0.8823529411764706,False
MAH-19-10001,string,ANDALUCIA,10,10,12.8059375,2026-06-09 21:03:56,2026-06-22 16:24:29,4,0,0.0,0.0,,False,1.7,False,EUR,-0.006850939358369806,-0.01844952597892166,False,4,4,Home-side combo (bet builder),0.3,0.1,0.0,False
MAH-03-27055,string,VALENCIA,11,16,10.170775462962963,2026-06-12 08:46:20,2026-06-22 12:52:15,12,0,0.0,0.0,,False,1.7,False,EUR,-0.030620574085714534,-0.03641192411229144,False,8,5,Home-side combo (bet builder),0.3125,0.0,0.4375,False
2328416,numeric,PERU,11,11,9.104212962962963,2026-06-11 18:39:20,2026-06-20 21:09:24,1,0,0.0,0.0,,False,1.7,False,PEN,0.0,0.0,False,1,4,Match throw-ins,0.09090909090909091,0.8181818181818182,0.45454545454545453,False
MAH-04-64071,string,GALICIA,11,11,5.922662037037037,2026-06-16 18:44:33,2026-06-22 16:53:11,6,0,0.0,0.0,,False,1.7,False,EUR,-0.005998752002068542,-0.009053759910461498,False,5,10,Saves (Star Substitute),0.7272727272727273,0.09090909090909091,0.7272727272727273,False
1870068,numeric,PERU,15,15,10.978310185185185,2026-06-10 20:44:52,2026-06-21 20:13:38,2,0,0.0,0.0,,False,1.7,False,PEN,-0.0038078219896402,-0.003285310103491923,False,1,5,Team exact bookings (only players and in play),0.26666666666666666,0.7333333333333333,1.0,True
2632296,numeric,ESTATAL,18,18,2.8625810185185183,2026-06-16 21:52:42,2026-06-19 18:34:49,1,0,0.0,0.0,,False,1.7,False,,,-0.0042918454935623185,False,1,7,Shots (Star Substitute),0.5555555555555556,0.3888888888888889,1.0,True
MAH-07-02001,string,CATALUNYA,18,22,13.119363425925926,2026-06-10 14:43:42,2026-06-23 17:35:35,10,0,0.0,0.0,,False,1.7,False,EUR,-0.028493452858445196,-0.029820280669727063,False,8,4,Shots on target (Star Substitute),0.4090909090909091,0.13636363636363635,0.0,False
1958430,numeric,ESTATAL,15,15,9.949641203703704,2026-06-13 21:09:28,2026-06-23 19:56:57,3,0,0.0,0.0,,False,1.7,False,EUR,0.0,0.0,False,3,7,Player to score in fisrt ten minutes (from 0:00 to 9:59),0.6666666666666666,0.06666666666666667,1.0,False
800153,numeric,EUSKADI,14,14,5.54925925925926,2026-06-16 10:08:59,2026-06-21 23:19:55,3,0,0.0,0.0,,False,1.7,False,EUR,-0.03628117913832204,-0.01814058956916102,False,2,5,Team corners,0.42857142857142855,0.5,1.0,True
2047817,numeric,ESTATAL,21,21,7.1189583333333335,2026-06-14 15:21:07,2026-06-21 18:12:25,2,0,0.0,0.0,,False,1.7,False,EUR,0.0,0.0,False,2,2,Completed passes,0.38095238095238093,0.0,1.0,True
1124515,numeric,ESTATAL,17,17,1.3156712962962962,2026-06-18 16:54:54,2026-06-20 00:29:28,7,0,0.0,0.0,,False,1.7,False,EUR,-0.006582837872394833,-0.005717236789230481,False,1,9,Shots on target (Star Substitute),0.8235294117647058,0.17647058823529413,1.0,True
2251176,numeric,ESTATAL,12,12,3.3106597222222223,2026-06-16 17:33:00,2026-06-20 01:00:21,2,0,0.0,0.0,,False,1.7,False,EUR,0.0,0.0,False,2,6,To be carded (only players and in play)(Star Substitute),0.6666666666666666,0.25,1.0,False
2018801,numeric,EUSKADI,13,13,6.084027777777778,2026-06-15 16:52:49,2026-06-21 18:53:49,3,0,0.0,0.0,,False,1.7,False,EUR,-0.00783098038130912,-0.009881613941808939,False,2,4,Team completed passes,0.3076923076923077,0.5384615384615384,1.0,False
2600816,numeric,ESTATAL,10,10,7.20962962962963,2026-06-15 15:57:23,2026-06-22 20:59:15,2,0,0.0,0.0,,False,1.7,False,EUR,-0.004076640847941207,-0.002242152466367664,False,2,6,Team exact bookings (only players and in play),0.8,0.1,0.9,True
719323,numeric,LA RIOJA,15,15,9.923877314814815,2026-06-13 21:59:22,2026-06-23 20:09:45,1,0,0.0,0.0,,False,1.7,False,EUR,-0.004889975550122161,-0.004889975550122161,False,1,7,To score 2 or more goals (Star Substitute),0.13333333333333333,0.8666666666666667,1.0,True
2631553,numeric,PERU,11,11,2.530462962962963,2026-06-17 14:09:22,2026-06-20 02:53:14,4,0,0.0,0.0,,False,1.7,False,PEN,0.0,0.0,False,3,7,To score or assist (Star Substitute),0.45454545454545453,0.2727272727272727,1.0,False
MAH-03-27733,string,VALENCIA,10,14,45.32643518518518,2026-05-08 11:57:28,2026-06-22 19:47:32,8,0,0.0,0.0,,False,1.7,False,EUR,-0.043664020940977266,-0.07644392024859495,False,6,8,Match shots,0.14285714285714285,0.07142857142857142,0.07142857142857142,False
1900013,numeric,VALENCIA,16,19,8.042569444444444,2026-06-15 13:23:34,2026-06-23 14:24:52,8,0,0.0,0.0,,False,1.7,False,EUR,-0.0510822554763945,-0.03843954115948304,False,4,3,Player to score in fisrt ten minutes (from 0:00 to 9:59),0.0,0.0,0.7368421052631579,False
2319695,numeric,MURCIA,13,13,3.864259259259259,2026-06-15 13:14:02,2026-06-19 09:58:34,8,0,0.0,0.0,,False,1.7,False,EUR,-0.020892449276003457,-0.02768108072228788,False,4,8,Team completed passes,0.5384615384615384,0.23076923076923078,1.0,False
MAH-04-07213,string,GALICIA,15,15,9.556956018518518,2026-06-09 21:55:30,2026-06-19 11:17:31,1,0,0.0,0.0,,False,1.7,False,EUR,0.0,0.0,False,1,2,1-X-2 / 2 goals Up,0.8666666666666667,0.06666666666666667,0.06666666666666667,False
2058870,numeric,ESTATAL,12,12,0.0046875,2026-06-08 21:41:55,2026-06-08 21:48:40,1,0,0.0,0.0,,False,1.7,False,EUR,0.0,0.0,False,1,1,Home-side combo (bet builder),0.0,0.0,0.0,False
2282538,numeric,EUSKADI,43,43,13.784525462962963,2026-06-09 21:55:54,2026-06-23 16:45:37,4,0,0.0,0.0,,False,1.7,False,EUR,-0.002325340563542045,-0.0016666666666666635,False,4,8,Match goal kicks,0.6511627906976745,0.32558139534883723,1.0,False
MAH-03-27734,string,VALENCIA,20,39,12.929965277777777,2026-06-10 18:38:09,2026-06-23 16:57:18,12,0,0.0,0.0,,False,1.7,False,EUR,-0.05065073918572732,-0.04419336189977666,False,12,9,1st Half: Team Cards (only players and in play),0.3076923076923077,0.0,0.07692307692307693,True
1036874,numeric,ESTATAL,23,23,13.019837962962963,2026-06-10 18:42:24,2026-06-23 19:10:58,3,0,0.0,0.0,,False,1.7,False,EUR,-0.03585657370517925,-0.01839341506758792,False,3,6,Total passes,0.6086956521739131,0.0,1.0,True
2530569,numeric,ESTATAL,27,27,12.145833333333334,2026-06-10 20:43:16,2026-06-23 00:13:16,1,0,0.0,0.0,,False,1.7,False,EUR,0.0,0.0,False,1,10,Team Shots,0.14814814814814814,0.8518518518518519,1.0,False
2589714,numeric,ANDALUCIA,14,14,5.981423611111111,2026-06-12 18:13:50,2026-06-18 17:47:05,3,0,0.0,0.0,,False,1.7,False,EUR,0.0,0.0,False,1,3,To be carded (only players and in play)(Star Substitute),0.21428571428571427,0.5714285714285714,0.9285714285714286,False
2568064,numeric,PERU,13,15,7.261238425925926,2026-06-12 17:50:51,2026-06-20 00:07:02,8,0,0.0,0.0,,False,1.7,False,PEN,-0.008368934834644027,-0.008026077194149245,False,7,4,Shots on target (Star Substitute),0.6666666666666666,0.13333333333333333,0.6666666666666666,False
1853376,numeric,ESTATAL,32,32,12.107511574074074,2026-06-11 13:21:41,2026-06-23 15:56:30,25,0,0.0,0.0,1.0,False,1.7,False,EUR,-0.0005347345280939237,-0.0005732354141166862,False,10,4,Player most passes (voiding in case of tie),0.78125,0.0,1.0,False
2633880,numeric,PORTUGAL,13,13,3.6163425925925927,2026-06-19 14:24:01,2026-06-23 05:11:33,6,0,0.0,0.0,,False,1.7,False,EUR,-0.04464675615396328,-0.04581258870022537,False,5,5,1-X-2 / 2 goals Up,0.0,0.23076923076923078,0.6923076923076923,False
